Unnamed: 0,customerID,gender,SeniorCitizen,Partner,Dependents,tenure,PhoneService,MultipleLines,InternetService,OnlineSecurity,OnlineBackup,DeviceProtection,TechSupport,StreamingTV,StreamingMovies,Contract,PaperlessBilling,PaymentMethod,MonthlyCharges,TotalCharges,Churn
0,7590-VHVEG,Female,FALSE,TRUE,FALSE,1,FALSE,,DSL,FALSE,TRUE,FALSE,FALSE,FALSE,FALSE,Month-to-month,TRUE,Electronic check,29.85000038,29.85000038,FALSE
1,5575-GNVDE,Male,FALSE,FALSE,FALSE,34,TRUE,FALSE,DSL,TRUE,FALSE,TRUE,FALSE,FALSE,FALSE,One year,FALSE,Mailed check,56.95000076,1889.5,FALSE
2,3668-QPYBK,Male,FALSE,FALSE,FALSE,2,TRUE,FALSE,DSL,TRUE,TRUE,FALSE,FALSE,FALSE,FALSE,Month-to-month,TRUE,Mailed check,53.84999847,108.1500015,TRUE
3,7795-CFOCW,Male,FALSE,FALSE,FALSE,45,FALSE,,DSL,TRUE,FALSE,TRUE,TRUE,FALSE,FALSE,One year,FALSE,Bank transfer (automatic),42.29999924,1840.75,FALSE
4,9237-HQITU,Female,FALSE,FALSE,FALSE,2,TRUE,FALSE,Fiber optic,FALSE,FALSE,FALSE,FALSE,FALSE,FALSE,Month-to-month,TRUE,Electronic check,70.69999695,151.6499939,TRUE
5,9305-CDSKC,Female,FALSE,FALSE,FALSE,8,TRUE,TRUE,Fiber optic,FALSE,FALSE,TRUE,FALSE,TRUE,TRUE,Month-to-month,TRUE,Electronic check,99.65000153,820.5,TRUE
6,1452-KIOVK,Male,FALSE,FALSE,TRUE,22,TRUE,TRUE,Fiber optic,FALSE,TRUE,FALSE,FALSE,TRUE,FALSE,Month-to-month,TRUE,Credit card (automatic),89.09999847,1949.400024,FALSE
7,6713-OKOMC,Female,FALSE,FALSE,FALSE,10,FALSE,,DSL,TRUE,FALSE,FALSE,FALSE,FALSE,FALSE,Month-to-month,FALSE,Mailed check,29.75,301.8999939,FALSE
8,7892-POOKP,Female,FALSE,TRUE,FALSE,28,TRUE,TRUE,Fiber optic,FALSE,FALSE,TRUE,TRUE,TRUE,TRUE,Month-to-month,TRUE,Electronic check,104.8000031,3046.050049,TRUE
9,6388-TABGU,Male,FALSE,FALSE,TRUE,62,TRUE,FALSE,DSL,TRUE,TRUE,FALSE,FALSE,FALSE,FALSE,One year,FALSE,Bank transfer (automatic),56.15000153,3487.949951,FALSE
10,9763-GRSKD,Male,FALSE,TRUE,TRUE,13,TRUE,FALSE,DSL,TRUE,FALSE,FALSE,FALSE,FALSE,FALSE,Month-to-month,TRUE,Mailed check,49.95000076,587.4500122,FALSE
11,7469-LKBCI,Male,FALSE,FALSE,FALSE,16,TRUE,FALSE,No,,,,,,,Two year,FALSE,Credit card (automatic),18.95000076,326.7999878,FALSE
12,8091-TTVAX,Male,FALSE,TRUE,FALSE,58,TRUE,TRUE,Fiber optic,FALSE,FALSE,TRUE,FALSE,TRUE,TRUE,One year,FALSE,Credit card (automatic),100.3499985,5681.100098,FALSE
13,0280-XJGEX,Male,FALSE,FALSE,FALSE,49,TRUE,TRUE,Fiber optic,FALSE,TRUE,TRUE,FALSE,TRUE,TRUE,Month-to-month,TRUE,Bank transfer (automatic),103.6999969,5036.299805,TRUE
14,5129-JLPIS,Male,FALSE,FALSE,FALSE,25,TRUE,FALSE,Fiber optic,TRUE,FALSE,TRUE,TRUE,TRUE,TRUE,Month-to-month,TRUE,Electronic check,105.5,2686.050049,FALSE
15,3655-SNQYZ,Female,FALSE,TRUE,TRUE,69,TRUE,TRUE,Fiber optic,TRUE,TRUE,TRUE,TRUE,TRUE,TRUE,Two year,FALSE,Credit card (automatic),113.25,7895.149902,FALSE
16,8191-XWSZG,Female,FALSE,FALSE,FALSE,52,TRUE,FALSE,No,,,,,,,One year,FALSE,Mailed check,20.64999962,1022.950012,FALSE
17,9959-WOFKT,Male,FALSE,FALSE,TRUE,71,TRUE,TRUE,Fiber optic,TRUE,FALSE,TRUE,FALSE,TRUE,TRUE,Two year,FALSE,Bank transfer (automatic),106.6999969,7382.25,FALSE
18,4190-MFLUW,Female,FALSE,TRUE,TRUE,10,TRUE,FALSE,DSL,FALSE,FALSE,TRUE,TRUE,FALSE,FALSE,Month-to-month,FALSE,Credit card (automatic),55.20000076,528.3499756,TRUE
19,4183-MYFRB,Female,FALSE,FALSE,FALSE,21,TRUE,FALSE,Fiber optic,FALSE,TRUE,TRUE,FALSE,FALSE,TRUE,Month-to-month,TRUE,Electronic check,90.05000305,1862.900024,FALSE
20,8779-QRDMV,Male,TRUE,FALSE,FALSE,1,FALSE,,DSL,FALSE,FALSE,TRUE,FALSE,FALSE,TRUE,Month-to-month,TRUE,Electronic check,39.65000153,39.65000153,TRUE
21,1680-VDCWW,Male,FALSE,TRUE,FALSE,12,TRUE,FALSE,No,,,,,,,One year,FALSE,Bank transfer (automatic),19.79999924,202.25,FALSE
22,1066-JKSGK,Male,FALSE,FALSE,FALSE,1,TRUE,FALSE,No,,,,,,,Month-to-month,FALSE,Mailed check,20.14999962,20.14999962,TRUE
23,3638-WEABW,Female,FALSE,TRUE,FALSE,58,TRUE,TRUE,DSL,FALSE,TRUE,FALSE,TRUE,FALSE,FALSE,Two year,TRUE,Credit card (automatic),59.90000153,3505.100098,FALSE
24,6322-HRPFA,Male,FALSE,TRUE,TRUE,49,TRUE,FALSE,DSL,TRUE,TRUE,FALSE,TRUE,FALSE,FALSE,Month-to-month,FALSE,Credit card (automatic),59.59999847,2970.300049,FALSE
25,6865-JZNKO,Female,FALSE,FALSE,FALSE,30,TRUE,FALSE,DSL,TRUE,TRUE,FALSE,FALSE,FALSE,FALSE,Month-to-month,TRUE,Bank transfer (automatic),55.29999924,1530.599976,FALSE
26,6467-CHFZW,Male,FALSE,TRUE,TRUE,47,TRUE,TRUE,Fiber optic,FALSE,TRUE,FALSE,FALSE,TRUE,TRUE,Month-to-month,TRUE,Electronic check,99.34999847,4749.149902,TRUE
27,8665-UTDHZ,Male,FALSE,TRUE,TRUE,1,FALSE,,DSL,FALSE,TRUE,FALSE,FALSE,FALSE,FALSE,Month-to-month,FALSE,Electronic check,30.20000076,30.20000076,TRUE
28,5248-YGIJN,Male,FALSE,TRUE,FALSE,72,TRUE,TRUE,DSL,TRUE,TRUE,TRUE,TRUE,TRUE,TRUE,Two year,TRUE,Credit card (automatic),90.25,6369.450195,FALSE
29,8773-HHUOZ,Female,FALSE,FALSE,TRUE,17,TRUE,FALSE,DSL,FALSE,FALSE,FALSE,FALSE,TRUE,TRUE,Month-to-month,TRUE,Mailed check,64.69999695,1093.099976,TRUE
30,3841-NFECX,Female,TRUE,TRUE,FALSE,71,TRUE,TRUE,Fiber optic,TRUE,TRUE,TRUE,TRUE,FALSE,FALSE,Two year,TRUE,Credit card (automatic),96.34999847,6766.950195,FALSE
31,4929-XIHVW,Male,TRUE,TRUE,FALSE,2,TRUE,FALSE,Fiber optic,FALSE,FALSE,TRUE,FALSE,TRUE,TRUE,Month-to-month,TRUE,Credit card (automatic),95.5,181.6499939,FALSE
32,6827-IEAUQ,Female,FALSE,TRUE,TRUE,27,TRUE,FALSE,DSL,TRUE,TRUE,TRUE,TRUE,FALSE,FALSE,One year,FALSE,Mailed check,66.15000153,1874.449951,FALSE
33,7310-EGVHZ,Male,FALSE,FALSE,FALSE,1,TRUE,FALSE,No,,,,,,,Month-to-month,FALSE,Bank transfer (automatic),20.20000076,20.20000076,FALSE
34,3413-BMNZE,Male,TRUE,FALSE,FALSE,1,TRUE,FALSE,DSL,FALSE,FALSE,FALSE,FALSE,FALSE,FALSE,Month-to-month,FALSE,Bank transfer (automatic),45.25,45.25,FALSE
35,6234-RAAPL,Female,FALSE,TRUE,TRUE,72,TRUE,TRUE,Fiber optic,TRUE,TRUE,FALSE,TRUE,TRUE,FALSE,Two year,FALSE,Bank transfer (automatic),99.90000153,7251.700195,FALSE
36,6047-YHPVI,Male,FALSE,FALSE,FALSE,5,TRUE,FALSE,Fiber optic,FALSE,FALSE,FALSE,FALSE,FALSE,FALSE,Month-to-month,TRUE,Electronic check,69.69999695,316.8999939,TRUE
37,6572-ADKRS,Female,FALSE,FALSE,FALSE,46,TRUE,FALSE,Fiber optic,FALSE,FALSE,TRUE,FALSE,FALSE,FALSE,Month-to-month,TRUE,Credit card (automatic),74.80000305,3548.300049,FALSE
38,5380-WJKOV,Male,FALSE,FALSE,FALSE,34,TRUE,TRUE,Fiber optic,FALSE,TRUE,TRUE,FALSE,TRUE,TRUE,Month-to-month,TRUE,Electronic check,106.3499985,3549.25,TRUE
39,8168-UQWWF,Female,FALSE,FALSE,FALSE,11,TRUE,TRUE,Fiber optic,FALSE,FALSE,TRUE,FALSE,TRUE,TRUE,Month-to-month,TRUE,Bank transfer (automatic),97.84999847,1105.400024,TRUE
40,8865-TNMNX,Male,FALSE,TRUE,TRUE,10,TRUE,FALSE,DSL,FALSE,TRUE,FALSE,FALSE,FALSE,FALSE,One year,FALSE,Mailed check,49.54999924,475.7000122,FALSE
41,9489-DEDVP,Female,FALSE,TRUE,TRUE,70,TRUE,TRUE,DSL,TRUE,TRUE,FALSE,FALSE,TRUE,FALSE,Two year,TRUE,Credit card (automatic),69.19999695,4872.350098,FALSE
42,9867-JCZSP,Female,FALSE,TRUE,TRUE,17,TRUE,FALSE,No,,,,,,,One year,FALSE,Mailed check,20.75,418.25,FALSE
43,4671-VJLCL,Female,FALSE,FALSE,FALSE,63,TRUE,TRUE,DSL,TRUE,TRUE,TRUE,TRUE,TRUE,FALSE,Two year,TRUE,Credit card (automatic),79.84999847,4861.450195,FALSE
44,4080-IIARD,Female,FALSE,TRUE,FALSE,13,TRUE,TRUE,DSL,TRUE,TRUE,FALSE,TRUE,TRUE,FALSE,Month-to-month,TRUE,Electronic check,76.19999695,981.4500122,FALSE
45,3714-NTNFO,Female,FALSE,FALSE,FALSE,49,TRUE,TRUE,Fiber optic,FALSE,FALSE,FALSE,FALSE,FALSE,TRUE,Month-to-month,TRUE,Electronic check,84.5,3906.699951,FALSE
46,5948-UJZLF,Male,FALSE,FALSE,FALSE,2,TRUE,FALSE,DSL,FALSE,TRUE,FALSE,,FALSE,FALSE,Month-to-month,FALSE,Mailed check,49.25,97,FALSE
47,7760-OYPDY,Female,FALSE,FALSE,FALSE,2,TRUE,FALSE,Fiber optic,FALSE,FALSE,FALSE,FALSE,TRUE,FALSE,Month-to-month,TRUE,Electronic check,80.65000153,144.1499939,TRUE
48,7639-LIAYI,Male,FALSE,FALSE,FALSE,52,TRUE,TRUE,DSL,TRUE,FALSE,FALSE,TRUE,TRUE,TRUE,Two year,TRUE,Credit card (automatic),79.75,4217.799805,FALSE
49,2954-PIBKO,Female,FALSE,TRUE,TRUE,69,TRUE,TRUE,DSL,TRUE,FALSE,TRUE,TRUE,FALSE,FALSE,Two year,TRUE,Credit card (automatic),64.15000153,4254.100098,FALSE
50,8012-SOUDQ,Female,TRUE,FALSE,FALSE,43,TRUE,TRUE,Fiber optic,FALSE,TRUE,FALSE,FALSE,TRUE,FALSE,Month-to-month,TRUE,Electronic check,90.25,3838.75,FALSE
51,9420-LOJKX,Female,FALSE,FALSE,FALSE,15,TRUE,FALSE,Fiber optic,TRUE,TRUE,FALSE,FALSE,TRUE,TRUE,Month-to-month,TRUE,Credit card (automatic),99.09999847,1426.400024,TRUE
52,6575-SUVOI,Female,TRUE,TRUE,FALSE,25,TRUE,TRUE,DSL,TRUE,FALSE,FALSE,TRUE,TRUE,FALSE,Month-to-month,TRUE,Credit card (automatic),69.5,1752.650024,FALSE
53,7495-OOKFY,Female,TRUE,TRUE,FALSE,8,TRUE,TRUE,Fiber optic,FALSE,TRUE,FALSE,FALSE,FALSE,FALSE,Month-to-month,TRUE,Credit card (automatic),80.65000153,633.2999878,TRUE
54,4667-QONEA,Female,TRUE,TRUE,TRUE,60,TRUE,FALSE,DSL,TRUE,TRUE,TRUE,TRUE,FALSE,TRUE,One year,TRUE,Credit card (automatic),74.84999847,4456.350098,FALSE
55,1658-BYGOY,Male,TRUE,FALSE,FALSE,18,TRUE,TRUE,Fiber optic,FALSE,FALSE,FALSE,FALSE,TRUE,TRUE,Month-to-month,TRUE,Electronic check,95.44999695,1752.550049,TRUE
56,8769-KKTPH,Female,FALSE,TRUE,TRUE,63,TRUE,TRUE,Fiber optic,TRUE,FALSE,FALSE,FALSE,TRUE,TRUE,One year,TRUE,Credit card (automatic),99.65000153,6311.200195,FALSE
57,5067-XJQFU,Male,TRUE,TRUE,TRUE,66,TRUE,TRUE,Fiber optic,FALSE,TRUE,TRUE,TRUE,TRUE,TRUE,One year,TRUE,Electronic check,108.4499969,7076.350098,FALSE
58,3957-SQXML,Female,FALSE,TRUE,TRUE,34,TRUE,TRUE,No,,,,,,,Two year,FALSE,Credit card (automatic),24.95000076,894.2999878,FALSE
59,5954-BDFSG,Female,FALSE,FALSE,FALSE,72,TRUE,TRUE,Fiber optic,FALSE,FALSE,TRUE,TRUE,TRUE,TRUE,Two year,TRUE,Credit card (automatic),107.5,7853.700195,FALSE
60,0434-CSFON,Female,FALSE,TRUE,FALSE,47,TRUE,TRUE,Fiber optic,FALSE,FALSE,TRUE,FALSE,TRUE,TRUE,Month-to-month,TRUE,Electronic check,100.5,4707.100098,FALSE
61,1215-FIGMP,Male,FALSE,FALSE,FALSE,60,TRUE,TRUE,Fiber optic,FALSE,TRUE,FALSE,FALSE,TRUE,FALSE,Month-to-month,TRUE,Bank transfer (automatic),89.90000153,5450.700195,FALSE
62,0526-SXDJP,Male,FALSE,TRUE,FALSE,72,FALSE,,DSL,TRUE,TRUE,TRUE,FALSE,FALSE,FALSE,Two year,FALSE,Bank transfer (automatic),42.09999847,2962,FALSE
63,0557-ASKVU,Female,FALSE,TRUE,TRUE,18,TRUE,FALSE,DSL,FALSE,FALSE,TRUE,TRUE,FALSE,FALSE,One year,TRUE,Credit card (automatic),54.40000153,957.0999756,FALSE
64,5698-BQJOH,Female,FALSE,FALSE,,9,TRUE,TRUE,Fiber optic,FALSE,FALSE,FALSE,FALSE,TRUE,TRUE,Month-to-month,FALSE,Electronic check,94.40000153,857.25,TRUE
65,5122-CYFXA,Female,FALSE,FALSE,FALSE,3,TRUE,FALSE,DSL,FALSE,TRUE,FALSE,TRUE,TRUE,TRUE,Month-to-month,TRUE,Electronic check,75.30000305,244.1000061,FALSE
66,8627-ZYGSZ,Male,FALSE,TRUE,FALSE,47,TRUE,TRUE,Fiber optic,FALSE,TRUE,FALSE,FALSE,FALSE,FALSE,One year,TRUE,Electronic check,78.90000153,3650.350098,FALSE
67,3410-YOQBQ,Female,FALSE,FALSE,FALSE,31,TRUE,FALSE,DSL,FALSE,TRUE,TRUE,TRUE,TRUE,TRUE,Two year,FALSE,Mailed check,79.19999695,2497.199951,FALSE
68,3170-NMYVV,Female,FALSE,TRUE,TRUE,50,TRUE,FALSE,No,,,,,,,Two year,FALSE,Bank transfer (automatic),20.14999962,930.9000244,FALSE
69,7410-OIEDU,Male,FALSE,FALSE,FALSE,10,TRUE,FALSE,Fiber optic,TRUE,FALSE,TRUE,FALSE,FALSE,FALSE,Month-to-month,TRUE,Mailed check,79.84999847,887.3499756,FALSE
70,2273-QCKXA,Male,FALSE,FALSE,FALSE,1,TRUE,FALSE,DSL,FALSE,FALSE,FALSE,TRUE,FALSE,FALSE,Month-to-month,FALSE,Mailed check,49.04999924,49.04999924,FALSE
71,0731-EBJQB,Female,FALSE,TRUE,TRUE,52,TRUE,FALSE,No,,,,,,,One year,TRUE,Electronic check,20.39999962,1090.650024,FALSE
72,1891-QRQSA,Male,TRUE,TRUE,TRUE,64,TRUE,TRUE,Fiber optic,TRUE,FALSE,TRUE,TRUE,TRUE,TRUE,Two year,TRUE,Bank transfer (automatic),111.5999985,7099,FALSE
73,8028-PNXHQ,Male,FALSE,TRUE,TRUE,62,TRUE,TRUE,No,,,,,,,Two year,TRUE,Bank transfer (automatic),24.25,1424.599976,FALSE
74,5630-AHZIL,Female,FALSE,FALSE,TRUE,3,TRUE,FALSE,DSL,TRUE,FALSE,FALSE,TRUE,FALSE,TRUE,Month-to-month,TRUE,Bank transfer (automatic),64.5,177.3999939,FALSE
75,2673-CXQEU,Female,TRUE,FALSE,FALSE,56,TRUE,TRUE,Fiber optic,TRUE,TRUE,TRUE,FALSE,TRUE,TRUE,One year,FALSE,Electronic check,110.5,6139.5,FALSE
76,6416-JNVRK,Female,FALSE,FALSE,FALSE,46,TRUE,FALSE,DSL,FALSE,FALSE,FALSE,FALSE,FALSE,TRUE,One year,FALSE,Credit card (automatic),55.65000153,2688.850098,FALSE
77,5590-ZSKRV,Female,FALSE,TRUE,TRUE,8,TRUE,FALSE,DSL,TRUE,TRUE,FALSE,FALSE,FALSE,FALSE,Month-to-month,FALSE,Mailed check,54.65000153,482.25,FALSE
78,0191-ZHSKZ,Male,TRUE,FALSE,FALSE,30,TRUE,FALSE,DSL,TRUE,TRUE,FALSE,FALSE,TRUE,TRUE,Month-to-month,TRUE,Electronic check,74.75,2111.300049,FALSE
79,3887-PBQAO,Female,FALSE,TRUE,TRUE,45,TRUE,TRUE,No,,,,,,,One year,TRUE,Credit card (automatic),25.89999962,1216.599976,FALSE
80,5919-TMRGD,Female,FALSE,FALSE,TRUE,1,TRUE,FALSE,Fiber optic,FALSE,FALSE,FALSE,FALSE,TRUE,FALSE,Month-to-month,TRUE,Electronic check,79.34999847,79.34999847,TRUE
81,8108-UXRQN,Female,FALSE,TRUE,TRUE,11,FALSE,,DSL,TRUE,FALSE,FALSE,FALSE,TRUE,TRUE,Month-to-month,FALSE,Electronic check,50.54999924,565.3499756,FALSE
82,9191-MYQKX,Female,FALSE,TRUE,FALSE,7,TRUE,FALSE,Fiber optic,FALSE,FALSE,TRUE,FALSE,FALSE,FALSE,Month-to-month,TRUE,Bank transfer (automatic),75.15000153,496.8999939,TRUE
83,9919-YLNNG,Female,FALSE,FALSE,FALSE,42,TRUE,FALSE,Fiber optic,FALSE,TRUE,TRUE,TRUE,TRUE,TRUE,Month-to-month,TRUE,Bank transfer (automatic),103.8000031,4327.5,FALSE
84,0318-ZOPWS,Female,FALSE,TRUE,FALSE,49,TRUE,FALSE,No,,,,,,,Two year,TRUE,Bank transfer (automatic),20.14999962,973.3499756,FALSE
85,4445-ZJNMU,Male,FALSE,FALSE,FALSE,9,TRUE,TRUE,Fiber optic,FALSE,TRUE,FALSE,FALSE,TRUE,TRUE,Month-to-month,TRUE,Credit card (automatic),99.30000305,918.75,FALSE
86,4808-YNLEU,Female,FALSE,TRUE,FALSE,35,TRUE,FALSE,DSL,TRUE,FALSE,FALSE,FALSE,TRUE,FALSE,One year,TRUE,Bank transfer (automatic),62.15000153,2215.449951,FALSE
87,1862-QRWPE,Female,FALSE,TRUE,TRUE,48,TRUE,FALSE,No,,,,,,,Two year,FALSE,Bank transfer (automatic),20.64999962,1057,FALSE
88,2796-NNUFI,Female,FALSE,TRUE,TRUE,46,TRUE,FALSE,No,,,,,,,Two year,TRUE,Mailed check,19.95000076,927.0999756,FALSE
89,3016-KSVCP,Male,FALSE,TRUE,FALSE,29,FALSE,,DSL,FALSE,FALSE,FALSE,FALSE,TRUE,FALSE,Month-to-month,FALSE,Mailed check,33.75,1009.25,FALSE
90,4767-HZZHQ,Male,FALSE,TRUE,TRUE,30,TRUE,FALSE,Fiber optic,FALSE,TRUE,TRUE,FALSE,FALSE,FALSE,Month-to-month,FALSE,Bank transfer (automatic),82.05000305,2570.199951,FALSE
91,2424-WVHPL,Male,TRUE,FALSE,FALSE,1,TRUE,FALSE,Fiber optic,FALSE,FALSE,FALSE,TRUE,FALSE,FALSE,Month-to-month,FALSE,Electronic check,74.69999695,74.69999695,FALSE
92,7233-PAHHL,Male,FALSE,TRUE,TRUE,66,TRUE,TRUE,DSL,TRUE,FALSE,TRUE,TRUE,TRUE,TRUE,Two year,TRUE,Mailed check,84,5714.25,FALSE
93,6067-NGCEU,Female,FALSE,FALSE,FALSE,65,TRUE,TRUE,Fiber optic,TRUE,TRUE,TRUE,FALSE,TRUE,TRUE,Month-to-month,TRUE,Credit card (automatic),111.0500031,7107,FALSE
94,9848-JQJTX,Male,FALSE,FALSE,FALSE,72,TRUE,TRUE,Fiber optic,FALSE,TRUE,TRUE,FALSE,TRUE,TRUE,Two year,TRUE,Bank transfer (automatic),100.9000015,7459.049805,FALSE
95,8637-XJIVR,Female,FALSE,FALSE,FALSE,12,TRUE,TRUE,Fiber optic,TRUE,FALSE,FALSE,FALSE,FALSE,FALSE,Month-to-month,TRUE,Electronic check,78.94999695,927.3499756,TRUE
96,9803-FTJCG,Male,FALSE,TRUE,TRUE,71,TRUE,TRUE,DSL,TRUE,TRUE,FALSE,TRUE,FALSE,FALSE,One year,TRUE,Credit card (automatic),66.84999847,4748.700195,FALSE
97,0278-YXOOG,Male,FALSE,FALSE,FALSE,5,TRUE,FALSE,No,,,,,,,Month-to-month,FALSE,Mailed check,21.04999924,113.8499985,TRUE
98,3212-KXOCR,Male,FALSE,FALSE,FALSE,52,TRUE,FALSE,No,,,,,,,Two year,FALSE,Bank transfer (automatic),21,1107.199951,FALSE
99,4598-XLKNJ,Female,TRUE,TRUE,FALSE,25,TRUE,FALSE,Fiber optic,FALSE,TRUE,TRUE,FALSE,TRUE,TRUE,Month-to-month,TRUE,Electronic check,98.5,2514.5,TRUE
100,6380-ARCEH,Male,FALSE,FALSE,FALSE,1,TRUE,FALSE,No,,,,,,,Month-to-month,FALSE,Mailed check,20.20000076,20.20000076,FALSE
101,3679-XASPY,Female,FALSE,TRUE,TRUE,1,TRUE,FALSE,No,,,,,,,Month-to-month,FALSE,Electronic check,19.45000076,19.45000076,FALSE
102,7123-WQUHX,Male,FALSE,FALSE,FALSE,38,TRUE,TRUE,Fiber optic,FALSE,FALSE,TRUE,TRUE,TRUE,FALSE,One year,FALSE,Bank transfer (automatic),95,3605.600098,FALSE
103,5386-THSLQ,Female,TRUE,TRUE,FALSE,66,FALSE,,DSL,FALSE,TRUE,TRUE,FALSE,TRUE,FALSE,One year,FALSE,Bank transfer (automatic),45.54999924,3027.25,FALSE
104,3192-NQECA,Male,FALSE,TRUE,FALSE,68,TRUE,TRUE,Fiber optic,FALSE,TRUE,TRUE,TRUE,TRUE,TRUE,Two year,TRUE,Bank transfer (automatic),110,7611.850098,TRUE
105,6180-YBIQI,Male,FALSE,FALSE,FALSE,5,FALSE,,DSL,FALSE,FALSE,FALSE,FALSE,FALSE,FALSE,Month-to-month,FALSE,Mailed check,24.29999924,100.1999969,FALSE
106,6728-DKUCO,Female,FALSE,TRUE,TRUE,72,TRUE,TRUE,Fiber optic,TRUE,TRUE,FALSE,FALSE,TRUE,TRUE,One year,TRUE,Electronic check,104.1500015,7303.049805,FALSE
107,9750-BOOHV,Female,FALSE,FALSE,FALSE,32,FALSE,,DSL,TRUE,FALSE,FALSE,FALSE,FALSE,FALSE,One year,FALSE,Mailed check,30.14999962,927.6500244,FALSE
108,8597-CWYHH,Male,FALSE,FALSE,FALSE,43,TRUE,TRUE,Fiber optic,FALSE,FALSE,FALSE,FALSE,TRUE,TRUE,One year,FALSE,Mailed check,94.34999847,3921.300049,FALSE
109,2848-YXSMW,Male,FALSE,TRUE,TRUE,72,TRUE,FALSE,No,,,,,,,Two year,FALSE,Credit card (automatic),19.39999962,1363.25,FALSE
110,0486-HECZI,Male,FALSE,TRUE,FALSE,55,TRUE,TRUE,Fiber optic,TRUE,TRUE,FALSE,FALSE,TRUE,FALSE,Month-to-month,TRUE,Electronic check,96.75,5238.899902,TRUE
111,4549-ZDQYY,Female,FALSE,FALSE,FALSE,52,TRUE,FALSE,DSL,TRUE,FALSE,TRUE,TRUE,FALSE,FALSE,One year,FALSE,Credit card (automatic),57.95000076,3042.25,FALSE
112,5712-AHQNN,Female,FALSE,FALSE,FALSE,43,TRUE,FALSE,Fiber optic,FALSE,TRUE,TRUE,FALSE,TRUE,FALSE,Month-to-month,TRUE,Electronic check,91.65000153,3954.100098,FALSE
113,4846-WHAFZ,Female,TRUE,TRUE,FALSE,37,TRUE,TRUE,Fiber optic,FALSE,FALSE,FALSE,FALSE,FALSE,FALSE,Month-to-month,TRUE,Electronic check,76.5,2868.149902,TRUE
114,5256-SKJGO,Female,FALSE,TRUE,TRUE,64,FALSE,,DSL,FALSE,TRUE,FALSE,TRUE,TRUE,TRUE,Two year,TRUE,Electronic check,54.59999847,3423.5,FALSE
115,3071-VBYPO,Male,FALSE,TRUE,TRUE,3,TRUE,FALSE,Fiber optic,TRUE,TRUE,FALSE,FALSE,TRUE,FALSE,Month-to-month,FALSE,Electronic check,89.84999847,248.3999939,FALSE
116,9560-BBZXK,Female,FALSE,FALSE,FALSE,36,FALSE,,DSL,TRUE,FALSE,FALSE,FALSE,FALSE,FALSE,Two year,FALSE,Bank transfer (automatic),31.04999924,1126.349976,FALSE
117,5299-RULOA,Female,FALSE,TRUE,TRUE,10,TRUE,TRUE,Fiber optic,TRUE,FALSE,FALSE,FALSE,TRUE,TRUE,Month-to-month,TRUE,Electronic check,100.25,1064.650024,TRUE
118,8402-OOOHJ,Female,FALSE,FALSE,FALSE,41,TRUE,FALSE,No,,,,,,,Two year,FALSE,Mailed check,20.64999962,835.1500244,FALSE
119,9445-ZUEQE,Male,FALSE,TRUE,TRUE,27,TRUE,TRUE,Fiber optic,FALSE,TRUE,FALSE,TRUE,FALSE,FALSE,Month-to-month,TRUE,Credit card (automatic),85.19999695,2151.600098,FALSE
120,1091-SOZGA,Female,FALSE,TRUE,TRUE,56,TRUE,TRUE,Fiber optic,FALSE,FALSE,TRUE,FALSE,TRUE,TRUE,One year,TRUE,Credit card (automatic),99.80000305,5515.450195,FALSE
121,2928-HLDBA,Female,FALSE,FALSE,FALSE,6,TRUE,FALSE,No,,,,,,,Month-to-month,FALSE,Mailed check,20.70000076,112.75,FALSE
122,0404-SWRVG,Male,FALSE,FALSE,FALSE,3,TRUE,TRUE,Fiber optic,FALSE,FALSE,FALSE,FALSE,FALSE,FALSE,Month-to-month,TRUE,Electronic check,74.40000153,229.5500031,TRUE
123,6497-TILVL,Female,FALSE,TRUE,TRUE,7,TRUE,FALSE,DSL,TRUE,FALSE,FALSE,FALSE,FALSE,FALSE,Month-to-month,FALSE,Mailed check,50.70000076,350.3500061,FALSE
124,7219-TLZHO,Female,FALSE,TRUE,TRUE,4,TRUE,FALSE,No,,,,,,,Month-to-month,FALSE,Mailed check,20.85000038,62.90000153,FALSE
125,4622-YNKIJ,Male,FALSE,FALSE,FALSE,33,TRUE,FALSE,Fiber optic,TRUE,FALSE,FALSE,TRUE,TRUE,FALSE,Two year,TRUE,Electronic check,88.94999695,3027.649902,FALSE
126,4412-YLTKF,Female,TRUE,FALSE,FALSE,27,TRUE,TRUE,Fiber optic,FALSE,FALSE,TRUE,FALSE,FALSE,FALSE,Month-to-month,TRUE,Electronic check,78.05000305,2135.5,TRUE
127,6734-PSBAW,Male,FALSE,TRUE,FALSE,72,TRUE,TRUE,No,,,,,,,Two year,TRUE,Bank transfer (automatic),23.54999924,1723.949951,FALSE
128,3930-ZGWVE,Male,FALSE,FALSE,FALSE,1,TRUE,FALSE,No,,,,,,,Month-to-month,FALSE,Mailed check,19.75,19.75,FALSE
129,2639-UGMAZ,Male,TRUE,FALSE,FALSE,71,FALSE,,DSL,TRUE,TRUE,FALSE,FALSE,TRUE,TRUE,One year,TRUE,Electronic check,56.45000076,3985.350098,FALSE
130,2876-GZYZC,Female,FALSE,FALSE,FALSE,13,TRUE,TRUE,Fiber optic,FALSE,FALSE,FALSE,FALSE,FALSE,TRUE,Month-to-month,TRUE,Electronic check,85.94999695,1215.650024,FALSE
131,6207-WIOLX,Female,FALSE,TRUE,TRUE,25,FALSE,,DSL,TRUE,TRUE,TRUE,FALSE,TRUE,TRUE,Month-to-month,TRUE,Credit card (automatic),58.59999847,1502.650024,TRUE
132,8587-XYZSF,Male,FALSE,FALSE,FALSE,67,TRUE,FALSE,DSL,FALSE,FALSE,FALSE,TRUE,FALSE,FALSE,Two year,FALSE,Bank transfer (automatic),50.54999924,3260.100098,FALSE
133,3091-FYHKI,Male,FALSE,FALSE,FALSE,1,FALSE,,DSL,FALSE,FALSE,FALSE,FALSE,FALSE,TRUE,Month-to-month,TRUE,Electronic check,35.45000076,35.45000076,TRUE
134,2372-HWUHI,Male,FALSE,FALSE,FALSE,2,TRUE,FALSE,DSL,FALSE,FALSE,FALSE,FALSE,FALSE,FALSE,Month-to-month,FALSE,Electronic check,44.34999847,81.25,TRUE
135,7799-LGRDP,Female,FALSE,FALSE,FALSE,43,TRUE,TRUE,No,,,,,,,Two year,TRUE,Credit card (automatic),25.70000076,1188.199951,FALSE
136,7850-VWJUU,Female,FALSE,FALSE,FALSE,23,TRUE,FALSE,Fiber optic,TRUE,FALSE,FALSE,FALSE,FALSE,FALSE,Month-to-month,TRUE,Bank transfer (automatic),75,1778.5,FALSE
137,3774-VBNXY,Female,FALSE,TRUE,TRUE,64,TRUE,FALSE,No,,,,,,,Two year,FALSE,Mailed check,20.20000076,1277.75,FALSE
138,6217-KDYWC,Male,FALSE,FALSE,TRUE,57,TRUE,FALSE,No,,,,,,,Two year,TRUE,Mailed check,19.60000038,1170.550049,FALSE
139,0390-DCFDQ,Female,TRUE,TRUE,FALSE,1,TRUE,FALSE,Fiber optic,FALSE,FALSE,FALSE,FALSE,FALSE,FALSE,Month-to-month,TRUE,Mailed check,70.44999695,70.44999695,TRUE
140,3146-MSEGF,Female,TRUE,TRUE,TRUE,72,TRUE,TRUE,DSL,TRUE,TRUE,TRUE,TRUE,TRUE,TRUE,Two year,TRUE,Credit card (automatic),88.05000305,6425.649902,FALSE
141,4080-OGPJL,Female,FALSE,FALSE,FALSE,8,TRUE,TRUE,DSL,TRUE,FALSE,FALSE,TRUE,FALSE,TRUE,Month-to-month,FALSE,Electronic check,71.15000153,563.6500244,TRUE
142,1095-WGNGG,Female,FALSE,TRUE,FALSE,61,TRUE,TRUE,Fiber optic,FALSE,TRUE,FALSE,FALSE,TRUE,TRUE,Two year,TRUE,Bank transfer (automatic),101.0500031,5971.25,FALSE
143,2636-SJDOU,Male,FALSE,FALSE,FALSE,64,TRUE,TRUE,Fiber optic,TRUE,TRUE,FALSE,FALSE,FALSE,FALSE,One year,TRUE,Credit card (automatic),84.30000305,5289.049805,FALSE
144,1131-QQZEB,Male,TRUE,TRUE,FALSE,71,TRUE,TRUE,No,,,,,,,Two year,FALSE,Bank transfer (automatic),23.95000076,1756.199951,FALSE
145,5716-EZXZN,Female,FALSE,TRUE,TRUE,65,TRUE,TRUE,Fiber optic,TRUE,TRUE,FALSE,TRUE,TRUE,FALSE,Two year,TRUE,Credit card (automatic),99.05000305,6416.700195,FALSE
146,6837-BJYDQ,Male,FALSE,FALSE,FALSE,3,TRUE,FALSE,No,,,,,,,One year,FALSE,Mailed check,19.60000038,61.34999847,FALSE
147,2135-RXIHG,Male,FALSE,FALSE,FALSE,1,,FALSE,DSL,FALSE,FALSE,FALSE,FALSE,FALSE,FALSE,Month-to-month,TRUE,Electronic check,45.65000153,45.65000153,TRUE
148,6440-DKQGE,Male,FALSE,FALSE,TRUE,30,TRUE,FALSE,DSL,FALSE,TRUE,TRUE,FALSE,TRUE,FALSE,One year,FALSE,Credit card (automatic),64.5,1929.949951,FALSE
149,3466-BYAVD,Male,FALSE,TRUE,TRUE,15,TRUE,FALSE,DSL,FALSE,TRUE,TRUE,TRUE,FALSE,TRUE,Month-to-month,TRUE,Mailed check,69.5,1071.400024,FALSE
150,3780-YVMFA,Female,FALSE,TRUE,TRUE,8,TRUE,FALSE,DSL,FALSE,FALSE,FALSE,TRUE,TRUE,TRUE,Month-to-month,TRUE,Electronic check,68.55000305,564.3499756,FALSE
151,3874-EQOEP,Male,FALSE,FALSE,FALSE,7,TRUE,TRUE,Fiber optic,FALSE,FALSE,FALSE,FALSE,TRUE,TRUE,Month-to-month,FALSE,Mailed check,95,655.5,TRUE
152,1679-JRFBR,Female,FALSE,TRUE,TRUE,70,TRUE,TRUE,Fiber optic,TRUE,TRUE,TRUE,FALSE,TRUE,TRUE,One year,TRUE,Credit card (automatic),108.1500015,7930.549805,FALSE
153,9073-ZZIAY,Male,FALSE,TRUE,TRUE,62,TRUE,FALSE,DSL,TRUE,TRUE,TRUE,TRUE,TRUE,TRUE,Two year,FALSE,Electronic check,86.09999847,5215.25,FALSE
154,3077-RSNTJ,Female,FALSE,TRUE,TRUE,6,TRUE,FALSE,No,,,,,,,Month-to-month,FALSE,Mailed check,19.70000076,113.5,FALSE
155,6551-GNYDG,Female,FALSE,TRUE,TRUE,14,TRUE,FALSE,Fiber optic,FALSE,FALSE,FALSE,FALSE,FALSE,TRUE,Month-to-month,TRUE,Bank transfer (automatic),80.90000153,1152.800049,FALSE
156,9167-APMXZ,Female,FALSE,FALSE,FALSE,22,TRUE,TRUE,Fiber optic,FALSE,FALSE,FALSE,FALSE,TRUE,FALSE,Month-to-month,TRUE,Bank transfer (automatic),84.15000153,1821.949951,FALSE
157,2749-CTKAJ,Male,FALSE,TRUE,TRUE,22,TRUE,FALSE,No,,,,,,,One year,FALSE,Mailed check,20.14999962,419.8999939,FALSE
158,6371-NZYEG,Male,FALSE,TRUE,TRUE,16,TRUE,FALSE,DSL,TRUE,FALSE,TRUE,FALSE,TRUE,FALSE,Two year,FALSE,Mailed check,64.25,1024,FALSE
159,7554-NEWDD,Male,FALSE,FALSE,FALSE,10,TRUE,TRUE,No,,,,,,,Two year,FALSE,Bank transfer (automatic),25.70000076,251.6000061,FALSE
160,8992-VONJD,Female,FALSE,FALSE,TRUE,13,TRUE,FALSE,DSL,TRUE,TRUE,FALSE,FALSE,FALSE,FALSE,Month-to-month,TRUE,Electronic check,56,764.5499878,FALSE
161,0867-MKZVY,Female,FALSE,TRUE,FALSE,20,TRUE,TRUE,Fiber optic,TRUE,FALSE,FALSE,FALSE,FALSE,FALSE,Month-to-month,FALSE,Electronic check,82.40000153,1592.349976,TRUE
162,4482-EWFMI,Female,FALSE,FALSE,FALSE,2,TRUE,FALSE,Fiber optic,FALSE,FALSE,FALSE,FALSE,FALSE,FALSE,Month-to-month,TRUE,Electronic check,69.69999695,135.1999969,FALSE
163,4648-YPBTM,Male,FALSE,FALSE,FALSE,53,TRUE,TRUE,DSL,FALSE,TRUE,TRUE,TRUE,FALSE,TRUE,Two year,TRUE,Bank transfer (automatic),73.90000153,3958.25,FALSE
164,2907-ILJBN,Female,FALSE,TRUE,TRUE,,TRUE,FALSE,No,,,,,,,One year,FALSE,Mailed check,20.60000038,233.8999939,FALSE
165,6345-FZOQH,Male,FALSE,TRUE,FALSE,69,TRUE,FALSE,No,,,,,,,Two year,FALSE,Mailed check,19.89999962,1363.449951,FALSE
166,3376-BMGFE,Female,FALSE,FALSE,FALSE,4,TRUE,FALSE,Fiber optic,FALSE,FALSE,FALSE,FALSE,FALSE,FALSE,Month-to-month,TRUE,Bank transfer (automatic),70.90000153,273,TRUE
167,5997-OPVFA,Male,FALSE,TRUE,FALSE,72,TRUE,TRUE,DSL,TRUE,TRUE,TRUE,TRUE,TRUE,TRUE,Two year,TRUE,Bank transfer (automatic),89.05000305,6254.450195,FALSE
168,3445-HXXGF,Male,TRUE,TRUE,FALSE,58,FALSE,,DSL,FALSE,TRUE,TRUE,FALSE,FALSE,TRUE,Month-to-month,TRUE,Electronic check,45.29999924,2651.199951,TRUE
169,1159-WFSGR,Female,FALSE,TRUE,TRUE,16,TRUE,FALSE,No,,,,,,,Month-to-month,FALSE,Electronic check,20.39999962,321.3999939,FALSE
170,7654-YWJUF,Male,FALSE,TRUE,FALSE,43,TRUE,FALSE,Fiber optic,TRUE,FALSE,TRUE,TRUE,FALSE,FALSE,One year,TRUE,Bank transfer (automatic),84.25,3539.25,FALSE
171,1875-QIVME,Female,FALSE,TRUE,FALSE,2,TRUE,TRUE,Fiber optic,FALSE,FALSE,TRUE,TRUE,TRUE,TRUE,Month-to-month,TRUE,Electronic check,104.4000015,242.8000031,TRUE
172,6727-IOTLZ,Male,FALSE,TRUE,FALSE,14,TRUE,FALSE,DSL,FALSE,TRUE,TRUE,TRUE,TRUE,TRUE,Two year,FALSE,Mailed check,81.94999695,1181.75,FALSE
173,0691-JVSYA,Female,FALSE,TRUE,FALSE,53,TRUE,FALSE,Fiber optic,FALSE,FALSE,TRUE,FALSE,TRUE,TRUE,One year,TRUE,Bank transfer (automatic),94.84999847,5000.200195,TRUE
174,5918-VUKWP,Female,FALSE,FALSE,FALSE,32,TRUE,FALSE,No,,,,,,,One year,FALSE,Bank transfer (automatic),20.54999924,654.5499878,FALSE
175,1744-JHKYS,Female,FALSE,TRUE,FALSE,34,TRUE,TRUE,No,,,,,,,Month-to-month,FALSE,Electronic check,24.70000076,780.2000122,FALSE
176,2656-FMOKZ,Female,TRUE,FALSE,FALSE,15,TRUE,TRUE,Fiber optic,FALSE,FALSE,FALSE,FALSE,FALSE,FALSE,Month-to-month,TRUE,Mailed check,74.44999695,1145.699951,TRUE
177,2070-FNEXE,Female,TRUE,FALSE,FALSE,7,TRUE,FALSE,Fiber optic,TRUE,FALSE,FALSE,FALSE,FALSE,FALSE,Month-to-month,FALSE,Bank transfer (automatic),76.44999695,503.6000061,TRUE
178,5947-SGKCL,Female,FALSE,TRUE,TRUE,15,TRUE,TRUE,Fiber optic,FALSE,TRUE,TRUE,FALSE,TRUE,TRUE,Month-to-month,TRUE,Bank transfer (automatic),105.3499985,1559.25,FALSE
179,3712-PKXZA,Male,FALSE,TRUE,FALSE,61,TRUE,FALSE,No,,,,,,,One year,TRUE,Credit card (automatic),20.54999924,1252,FALSE
180,6317-YPKDH,Female,FALSE,FALSE,FALSE,1,FALSE,,DSL,FALSE,TRUE,FALSE,FALSE,FALSE,FALSE,Month-to-month,FALSE,Bank transfer (automatic),29.95000076,29.95000076,TRUE
181,6582-OIVSP,Female,FALSE,FALSE,FALSE,1,TRUE,FALSE,DSL,FALSE,FALSE,FALSE,FALSE,FALSE,FALSE,Month-to-month,FALSE,Mailed check,45.29999924,45.29999924,FALSE
182,9367-WXLCH,Male,FALSE,FALSE,FALSE,8,TRUE,TRUE,Fiber optic,FALSE,FALSE,FALSE,FALSE,FALSE,TRUE,Month-to-month,FALSE,Bank transfer (automatic),84.5,662.6500244,TRUE
183,5524-KHNJP,Male,FALSE,TRUE,TRUE,33,TRUE,FALSE,DSL,TRUE,FALSE,TRUE,FALSE,TRUE,TRUE,One year,FALSE,Credit card (automatic),74.75,2453.300049,FALSE
184,1918-ZBFQJ,Female,FALSE,FALSE,FALSE,13,TRUE,FALSE,Fiber optic,FALSE,TRUE,TRUE,FALSE,FALSE,FALSE,Month-to-month,TRUE,Electronic check,79.25,1111.650024,TRUE
185,1024-GUALD,Female,FALSE,TRUE,FALSE,1,FALSE,,DSL,FALSE,FALSE,FALSE,FALSE,FALSE,FALSE,Month-to-month,TRUE,Electronic check,24.79999924,24.79999924,TRUE
186,4827-USJHP,Male,FALSE,FALSE,FALSE,20,TRUE,FALSE,DSL,FALSE,TRUE,FALSE,FALSE,FALSE,FALSE,Month-to-month,TRUE,Mailed check,51.79999924,1023.849976,FALSE
187,8167-GJLRN,Male,FALSE,FALSE,FALSE,3,FALSE,,DSL,FALSE,FALSE,FALSE,TRUE,FALSE,FALSE,Month-to-month,FALSE,Electronic check,30.39999962,82.15000153,FALSE
188,0956-SYCWG,Female,FALSE,FALSE,FALSE,13,TRUE,FALSE,No,,,,,,,One year,FALSE,Electronic check,19.64999962,244.8000031,FALSE
189,8017-UVSZU,Female,FALSE,TRUE,FALSE,40,TRUE,TRUE,DSL,FALSE,TRUE,FALSE,FALSE,FALSE,FALSE,Month-to-month,FALSE,Credit card (automatic),56.59999847,2379.100098,FALSE
190,7100-FQPRV,Male,FALSE,TRUE,TRUE,43,TRUE,TRUE,DSL,TRUE,FALSE,FALSE,TRUE,FALSE,TRUE,One year,TRUE,Credit card (automatic),71.90000153,3173.350098,FALSE
191,2472-OVKUP,Male,FALSE,TRUE,FALSE,6,TRUE,FALSE,Fiber optic,FALSE,TRUE,TRUE,FALSE,FALSE,TRUE,Month-to-month,TRUE,Electronic check,91,531,TRUE
192,2984-RGEYA,Female,FALSE,TRUE,TRUE,69,TRUE,FALSE,No,,,,,,,Two year,FALSE,Bank transfer (automatic),19.75,1375.400024,FALSE
193,9680-NIAUV,Female,FALSE,TRUE,TRUE,72,TRUE,TRUE,Fiber optic,TRUE,TRUE,TRUE,FALSE,TRUE,TRUE,Two year,FALSE,Credit card (automatic),109.6999969,8129.299805,FALSE
194,2146-EGVDT,Male,FALSE,TRUE,TRUE,59,TRUE,FALSE,No,,,,,,,Two year,FALSE,Credit card (automatic),19.29999924,1192.699951,FALSE
195,2604-IJPDU,Female,FALSE,TRUE,FALSE,20,TRUE,FALSE,Fiber optic,TRUE,TRUE,FALSE,TRUE,TRUE,FALSE,Month-to-month,TRUE,Electronic check,96.55000305,1901.650024,FALSE
196,9178-JHUVJ,Male,FALSE,TRUE,TRUE,24,TRUE,TRUE,No,,,,,,,Two year,TRUE,Bank transfer (automatic),24.10000038,587.4000244,FALSE
197,6168-YBYNP,Male,FALSE,FALSE,FALSE,59,TRUE,TRUE,Fiber optic,FALSE,TRUE,TRUE,TRUE,TRUE,TRUE,Month-to-month,TRUE,Electronic check,111.3499985,6519.75,FALSE
198,7255-SSFBC,Male,FALSE,TRUE,TRUE,72,TRUE,TRUE,Fiber optic,FALSE,TRUE,TRUE,TRUE,TRUE,TRUE,Two year,TRUE,Bank transfer (automatic),112.25,8041.649902,FALSE
199,3645-DEYGF,Male,FALSE,FALSE,TRUE,1,TRUE,FALSE,No,,,,,,,Month-to-month,FALSE,Mailed check,20.75,20.75,FALSE
200,9323-HGFWY,Female,FALSE,TRUE,FALSE,27,TRUE,FALSE,Fiber optic,TRUE,FALSE,FALSE,TRUE,TRUE,TRUE,One year,TRUE,Credit card (automatic),101.9000015,2681.149902,FALSE
201,8544-GOQSH,Female,FALSE,FALSE,FALSE,14,TRUE,FALSE,Fiber optic,FALSE,TRUE,FALSE,TRUE,FALSE,FALSE,Month-to-month,TRUE,Credit card (automatic),80.05000305,1112.300049,FALSE
202,3363-DTIVD,Male,FALSE,TRUE,TRUE,71,TRUE,TRUE,Fiber optic,TRUE,FALSE,TRUE,FALSE,TRUE,TRUE,Two year,FALSE,Electronic check,105.5500031,7405.5,FALSE
203,7018-WBJNK,Male,FALSE,FALSE,TRUE,13,TRUE,FALSE,Fiber optic,FALSE,FALSE,FALSE,FALSE,TRUE,FALSE,Month-to-month,TRUE,Credit card (automatic),78.30000305,1033.949951,FALSE
204,9142-KZXOP,Male,FALSE,FALSE,FALSE,44,TRUE,FALSE,Fiber optic,FALSE,FALSE,FALSE,FALSE,FALSE,FALSE,Month-to-month,FALSE,Credit card (automatic),68.84999847,2958.949951,FALSE
205,7674-YTAFD,Female,FALSE,FALSE,FALSE,33,TRUE,FALSE,Fiber optic,FALSE,TRUE,FALSE,TRUE,FALSE,FALSE,One year,TRUE,Bank transfer (automatic),79.94999695,2684.850098,FALSE
206,6348-SNFUS,Male,FALSE,TRUE,TRUE,72,FALSE,,DSL,TRUE,TRUE,TRUE,TRUE,FALSE,TRUE,Two year,TRUE,Credit card (automatic),55.45000076,4179.200195,FALSE
207,1285-OKIPP,Male,FALSE,FALSE,FALSE,1,TRUE,FALSE,Fiber optic,FALSE,FALSE,FALSE,FALSE,FALSE,TRUE,Month-to-month,FALSE,Electronic check,79.90000153,79.90000153,TRUE
208,7825-ECJRF,Female,FALSE,FALSE,FALSE,19,TRUE,FALSE,Fiber optic,TRUE,FALSE,TRUE,TRUE,TRUE,TRUE,Month-to-month,TRUE,Electronic check,106.5999985,1934.449951,TRUE
209,1347-KTTTA,Male,FALSE,TRUE,FALSE,64,TRUE,FALSE,Fiber optic,FALSE,TRUE,TRUE,TRUE,TRUE,TRUE,One year,TRUE,Credit card (automatic),102.4499969,6654.100098,FALSE
210,7841-TZDMQ,Male,FALSE,FALSE,FALSE,2,TRUE,FALSE,DSL,FALSE,FALSE,FALSE,FALSE,FALSE,FALSE,Month-to-month,TRUE,Credit card (automatic),46,84.5,TRUE
211,4195-NZGTA,Female,FALSE,FALSE,FALSE,1,FALSE,,DSL,FALSE,FALSE,FALSE,FALSE,FALSE,FALSE,Month-to-month,FALSE,Electronic check,25.25,25.25,FALSE
212,7157-SMCFK,Male,FALSE,FALSE,TRUE,61,TRUE,FALSE,No,,,,,,,Two year,FALSE,Mailed check,19.75,1124.199951,FALSE
213,4709-LKHYG,Female,FALSE,TRUE,TRUE,29,TRUE,FALSE,No,,,,,,,One year,FALSE,Electronic check,20,540.0499878,FALSE
214,2504-DSHIH,Male,TRUE,TRUE,FALSE,23,TRUE,TRUE,Fiber optic,FALSE,FALSE,FALSE,FALSE,FALSE,TRUE,Month-to-month,FALSE,Electronic check,86.80000305,1975.849976,FALSE
215,0699-NDKJM,Female,FALSE,TRUE,FALSE,57,FALSE,,DSL,TRUE,TRUE,TRUE,FALSE,TRUE,TRUE,Month-to-month,TRUE,Bank transfer (automatic),58.75,3437.449951,FALSE
216,9286-BHDQG,Male,FALSE,TRUE,TRUE,72,FALSE,,DSL,TRUE,TRUE,TRUE,TRUE,FALSE,FALSE,Two year,FALSE,Credit card (automatic),45.25,3139.800049,FALSE
217,0230-WEQUW,Male,FALSE,TRUE,FALSE,66,FALSE,,DSL,TRUE,TRUE,TRUE,TRUE,TRUE,FALSE,Two year,TRUE,Bank transfer (automatic),56.59999847,3789.199951,FALSE
218,2040-LDIWQ,Male,FALSE,TRUE,TRUE,65,TRUE,TRUE,DSL,FALSE,TRUE,TRUE,TRUE,TRUE,TRUE,Two year,TRUE,Bank transfer (automatic),84.19999695,5324.5,FALSE
219,6496-JDSSB,Female,FALSE,FALSE,FALSE,8,TRUE,FALSE,Fiber optic,FALSE,FALSE,FALSE,FALSE,TRUE,FALSE,Month-to-month,TRUE,Bank transfer (automatic),80,624.5999756,FALSE
220,9408-SSNVZ,Female,FALSE,FALSE,FALSE,4,TRUE,FALSE,Fiber optic,FALSE,FALSE,FALSE,FALSE,FALSE,FALSE,Month-to-month,TRUE,Electronic check,70.15000153,268.3500061,TRUE
221,4443-EMBNA,Female,FALSE,TRUE,FALSE,71,TRUE,TRUE,No,,,,,,,Two year,FALSE,Bank transfer (automatic),24.75,1836.900024,FALSE
222,6469-MRVET,Male,FALSE,TRUE,TRUE,1,TRUE,FALSE,No,,,,,,,One year,TRUE,Electronic check,20.20000076,20.20000076,FALSE
223,0742-MOABM,Male,FALSE,TRUE,FALSE,4,TRUE,FALSE,DSL,FALSE,FALSE,FALSE,TRUE,FALSE,FALSE,Month-to-month,FALSE,Mailed check,50.04999924,179.3500061,TRUE
224,5961-VUSRV,Female,FALSE,FALSE,FALSE,12,TRUE,FALSE,No,,,,,,,One year,TRUE,Bank transfer (automatic),19.35000038,219.3500061,FALSE
225,6778-JFCMK,Male,FALSE,FALSE,FALSE,24,FALSE,,DSL,TRUE,FALSE,FALSE,FALSE,TRUE,TRUE,One year,TRUE,Mailed check,50.59999847,1288.75,FALSE
226,6341-JVQGF,Female,FALSE,TRUE,TRUE,31,TRUE,FALSE,DSL,TRUE,FALSE,TRUE,TRUE,TRUE,TRUE,One year,TRUE,Mailed check,81.15000153,2545.75,FALSE
227,2232-DMLXU,Female,FALSE,TRUE,FALSE,1,TRUE,FALSE,DSL,FALSE,FALSE,FALSE,FALSE,TRUE,FALSE,Month-to-month,FALSE,Mailed check,55.20000076,55.20000076,TRUE
228,4811-JBUVU,Male,FALSE,FALSE,FALSE,30,TRUE,TRUE,Fiber optic,FALSE,FALSE,FALSE,TRUE,FALSE,TRUE,Month-to-month,TRUE,Credit card (automatic),89.90000153,2723.149902,FALSE
229,0945-TSONX,Female,FALSE,TRUE,TRUE,47,TRUE,TRUE,DSL,TRUE,TRUE,FALSE,TRUE,TRUE,TRUE,Two year,TRUE,Credit card (automatic),85.30000305,4107.25,FALSE
230,2651-ZCBXV,Male,FALSE,FALSE,FALSE,54,TRUE,TRUE,Fiber optic,TRUE,TRUE,FALSE,TRUE,TRUE,TRUE,Two year,TRUE,Credit card (automatic),108,5760.649902,FALSE
231,3316-UWXUY,Male,FALSE,FALSE,FALSE,50,TRUE,FALSE,Fiber optic,TRUE,TRUE,FALSE,TRUE,FALSE,TRUE,Month-to-month,TRUE,Credit card (automatic),93.5,4747.5,FALSE
232,8937-RDTHP,Male,FALSE,FALSE,FALSE,1,TRUE,FALSE,Fiber optic,TRUE,FALSE,FALSE,FALSE,FALSE,TRUE,Month-to-month,TRUE,Mailed check,84.59999847,84.59999847,TRUE
233,7083-MIOPC,Female,FALSE,FALSE,FALSE,72,TRUE,FALSE,No,,,,,,,Two year,FALSE,Credit card (automatic),20.25,1566.900024,FALSE
234,1984-GPTEH,Female,FALSE,FALSE,FALSE,29,TRUE,TRUE,No,,,,,,,Month-to-month,FALSE,Electronic check,25.14999962,702,FALSE
235,1251-KRREG,Male,FALSE,FALSE,FALSE,2,TRUE,TRUE,DSL,FALSE,TRUE,FALSE,FALSE,FALSE,FALSE,Month-to-month,TRUE,Mailed check,54.40000153,114.0999985,TRUE
236,0621-JFHOL,Female,FALSE,FALSE,FALSE,10,FALSE,,DSL,FALSE,FALSE,FALSE,TRUE,FALSE,FALSE,Two year,TRUE,Mailed check,29.60000038,299.0499878,FALSE
237,9903-LYSAB,Male,FALSE,TRUE,FALSE,18,TRUE,TRUE,Fiber optic,FALSE,FALSE,FALSE,FALSE,FALSE,FALSE,Month-to-month,TRUE,Electronic check,73.15000153,1305.949951,FALSE
238,0094-OIFMO,Female,TRUE,FALSE,FALSE,11,TRUE,FALSE,Fiber optic,FALSE,TRUE,FALSE,FALSE,TRUE,TRUE,Month-to-month,TRUE,Electronic check,95,1120.300049,TRUE
239,9227-UAQFT,Male,FALSE,FALSE,FALSE,16,TRUE,FALSE,No,,,,,,,Two year,FALSE,Mailed check,19.75,284.3500061,FALSE
240,7301-ABVAD,Female,FALSE,FALSE,FALSE,72,TRUE,TRUE,DSL,FALSE,TRUE,TRUE,TRUE,TRUE,TRUE,Two year,FALSE,Bank transfer (automatic),86.59999847,6350.5,FALSE
241,6614-FHDBO,Male,FALSE,FALSE,FALSE,72,TRUE,TRUE,Fiber optic,FALSE,TRUE,TRUE,TRUE,TRUE,TRUE,Two year,FALSE,Bank transfer (automatic),109.1999969,7878.299805,FALSE
242,7576-ASEJU,Female,FALSE,TRUE,TRUE,41,TRUE,FALSE,DSL,TRUE,FALSE,FALSE,TRUE,TRUE,TRUE,One year,TRUE,Credit card (automatic),74.69999695,3187.649902,FALSE
243,9058-HRZSV,Female,TRUE,TRUE,FALSE,65,TRUE,FALSE,Fiber optic,TRUE,TRUE,TRUE,FALSE,FALSE,TRUE,Month-to-month,FALSE,Electronic check,94.40000153,6126.149902,FALSE
244,4522-AKYLR,Female,TRUE,FALSE,FALSE,13,TRUE,FALSE,DSL,FALSE,TRUE,TRUE,FALSE,FALSE,FALSE,Month-to-month,TRUE,Electronic check,54.79999924,731.2999878,FALSE
245,0221-WMXNQ,Male,TRUE,FALSE,FALSE,4,TRUE,FALSE,Fiber optic,TRUE,FALSE,FALSE,FALSE,FALSE,FALSE,Month-to-month,FALSE,Electronic check,75.34999847,273.3999939,FALSE
246,0303-UNCIP,Male,FALSE,FALSE,FALSE,41,TRUE,TRUE,DSL,FALSE,FALSE,TRUE,FALSE,FALSE,TRUE,One year,FALSE,Mailed check,65,2531.800049,FALSE
247,9947-OTFQU,Male,TRUE,FALSE,FALSE,15,TRUE,FALSE,Fiber optic,FALSE,TRUE,FALSE,FALSE,FALSE,FALSE,Month-to-month,TRUE,Electronic check,74.40000153,1074.300049,TRUE
248,0322-YINQP,Male,FALSE,FALSE,FALSE,1,TRUE,FALSE,DSL,TRUE,FALSE,FALSE,FALSE,FALSE,FALSE,Month-to-month,TRUE,Mailed check,48.54999924,48.54999924,TRUE
249,0959-WHOKV,Male,FALSE,FALSE,FALSE,42,TRUE,TRUE,Fiber optic,TRUE,TRUE,TRUE,FALSE,FALSE,TRUE,One year,TRUE,Electronic check,99,4298.450195,FALSE
250,4075-JFPGR,Female,FALSE,TRUE,FALSE,51,TRUE,FALSE,Fiber optic,TRUE,TRUE,TRUE,FALSE,TRUE,FALSE,One year,TRUE,Electronic check,93.5,4619.549805,FALSE
251,4629-NRXKX,Female,FALSE,TRUE,TRUE,2,TRUE,FALSE,Fiber optic,FALSE,FALSE,FALSE,FALSE,FALSE,FALSE,Month-to-month,FALSE,Electronic check,70.40000153,147.1499939,TRUE
252,9514-JDSKI,Male,TRUE,TRUE,FALSE,1,FALSE,,DSL,FALSE,TRUE,FALSE,FALSE,TRUE,FALSE,Month-to-month,FALSE,Electronic check,40.20000076,40.20000076,TRUE
253,3282-ZISZV,Male,FALSE,FALSE,TRUE,32,TRUE,TRUE,DSL,FALSE,TRUE,TRUE,TRUE,TRUE,TRUE,One year,FALSE,Credit card (automatic),83.69999695,2633.300049,FALSE
254,3675-YDUPJ,Male,FALSE,FALSE,FALSE,10,TRUE,FALSE,No,,,,,,,Month-to-month,TRUE,Mailed check,19.85000038,193.0500031,FALSE
255,4111-BNXIF,Female,FALSE,TRUE,TRUE,67,FALSE,,DSL,FALSE,TRUE,TRUE,TRUE,TRUE,TRUE,Two year,TRUE,Electronic check,59.54999924,4103.899902,FALSE
256,7017-VFHAY,Female,FALSE,TRUE,TRUE,61,TRUE,TRUE,Fiber optic,TRUE,TRUE,TRUE,TRUE,TRUE,TRUE,Two year,FALSE,Credit card (automatic),115.0999985,7008.149902,FALSE
257,6655-LHBYW,Male,FALSE,FALSE,FALSE,50,TRUE,TRUE,Fiber optic,TRUE,TRUE,TRUE,TRUE,TRUE,TRUE,One year,FALSE,Credit card (automatic),114.3499985,5791.100098,FALSE
258,4959-JOSRX,Female,FALSE,TRUE,FALSE,2,TRUE,FALSE,DSL,FALSE,FALSE,FALSE,FALSE,FALSE,FALSE,Month-to-month,TRUE,Credit card (automatic),44.59999847,80.55000305,TRUE
259,5046-NUHWD,Female,TRUE,TRUE,FALSE,29,FALSE,,DSL,TRUE,FALSE,TRUE,FALSE,FALSE,TRUE,Month-to-month,TRUE,Electronic check,45,1228.650024,FALSE
260,7273-TEFQD,Male,TRUE,FALSE,FALSE,3,FALSE,,DSL,FALSE,FALSE,TRUE,FALSE,FALSE,TRUE,Month-to-month,TRUE,Electronic check,41.15000153,132.1999969,TRUE
261,3606-TWKGI,Male,TRUE,FALSE,FALSE,13,TRUE,TRUE,Fiber optic,FALSE,TRUE,TRUE,FALSE,TRUE,TRUE,Month-to-month,TRUE,Electronic check,106.9000015,1364.300049,TRUE
262,7529-ZDFXI,Male,TRUE,TRUE,FALSE,57,TRUE,TRUE,Fiber optic,FALSE,TRUE,FALSE,FALSE,FALSE,TRUE,Month-to-month,TRUE,Electronic check,89.84999847,4925.350098,FALSE
263,7605-BDWDC,Female,FALSE,FALSE,FALSE,31,FALSE,,DSL,TRUE,TRUE,FALSE,TRUE,FALSE,TRUE,Two year,TRUE,Bank transfer (automatic),49.84999847,1520.099976,FALSE
264,1950-KSVVJ,Female,FALSE,TRUE,FALSE,45,TRUE,TRUE,Fiber optic,TRUE,TRUE,TRUE,TRUE,TRUE,TRUE,One year,FALSE,Mailed check,113.3000031,5032.25,FALSE
265,0123-CRBRT,Female,FALSE,TRUE,TRUE,61,TRUE,TRUE,DSL,TRUE,TRUE,TRUE,TRUE,TRUE,TRUE,Two year,FALSE,Mailed check,88.09999847,5526.75,FALSE
266,6292-TOSSS,Male,FALSE,FALSE,FALSE,50,TRUE,TRUE,No,,,,,,,Two year,FALSE,Bank transfer (automatic),24.89999962,1195.25,FALSE
267,3197-ARFOY,Female,TRUE,FALSE,FALSE,19,TRUE,FALSE,Fiber optic,TRUE,TRUE,FALSE,TRUE,TRUE,TRUE,Month-to-month,TRUE,Mailed check,105,2007.25,FALSE
268,6323-AYBRX,Male,FALSE,FALSE,FALSE,59,TRUE,FALSE,No,,,,,,,Two year,FALSE,Mailed check,19.35000038,1099.599976,TRUE
269,7014-ZZXAW,Female,FALSE,TRUE,FALSE,71,TRUE,TRUE,No,,,,,,,Two year,TRUE,Credit card (automatic),24.25,1732.949951,FALSE
270,4385-GZQXV,Female,TRUE,FALSE,FALSE,16,TRUE,FALSE,Fiber optic,FALSE,FALSE,FALSE,TRUE,TRUE,TRUE,Month-to-month,TRUE,Electronic check,94.44999695,1511.199951,TRUE
271,7633-MVPUY,Male,FALSE,TRUE,FALSE,57,TRUE,FALSE,DSL,TRUE,TRUE,FALSE,TRUE,FALSE,FALSE,Two year,TRUE,Electronic check,59.75,,FALSE
272,6366-ZGQGL,Male,FALSE,FALSE,FALSE,1,FALSE,,DSL,FALSE,FALSE,FALSE,FALSE,FALSE,FALSE,Month-to-month,FALSE,Bank transfer (automatic),24.79999924,24.79999924,TRUE
273,4716-HHKQH,Male,TRUE,TRUE,FALSE,20,TRUE,TRUE,Fiber optic,FALSE,TRUE,FALSE,TRUE,TRUE,TRUE,Month-to-month,FALSE,Electronic check,107.0500031,2172.050049,FALSE
274,5940-AHUHD,Male,FALSE,FALSE,FALSE,1,TRUE,FALSE,Fiber optic,FALSE,FALSE,FALSE,FALSE,FALSE,FALSE,Month-to-month,FALSE,Mailed check,70.59999847,70.59999847,TRUE
275,6432-TWQLB,Male,FALSE,TRUE,FALSE,5,TRUE,TRUE,Fiber optic,FALSE,TRUE,FALSE,TRUE,FALSE,FALSE,Month-to-month,TRUE,Electronic check,85.40000153,401.1000061,TRUE
276,4484-GLZOU,Female,,TRUE,FALSE,52,TRUE,TRUE,Fiber optic,FALSE,TRUE,TRUE,FALSE,TRUE,TRUE,Month-to-month,TRUE,Electronic check,105.0500031,5624.850098,TRUE
277,3179-GBRWV,Male,TRUE,TRUE,FALSE,21,TRUE,FALSE,DSL,TRUE,TRUE,FALSE,FALSE,FALSE,TRUE,Month-to-month,TRUE,Bank transfer (automatic),64.94999695,1339.800049,FALSE
278,8645-KWHJO,Male,FALSE,FALSE,FALSE,14,FALSE,,DSL,FALSE,FALSE,TRUE,TRUE,TRUE,TRUE,Month-to-month,TRUE,Electronic check,55,771.9500122,FALSE
279,4130-MZLCC,Female,FALSE,FALSE,FALSE,5,TRUE,FALSE,DSL,FALSE,TRUE,FALSE,FALSE,FALSE,FALSE,Month-to-month,FALSE,Bank transfer (automatic),50.54999924,244.75,FALSE
280,0314-TKOSI,Female,FALSE,FALSE,FALSE,6,TRUE,FALSE,DSL,TRUE,TRUE,FALSE,FALSE,FALSE,FALSE,Month-to-month,FALSE,Mailed check,55.15000153,322.8999939,FALSE
281,8229-MYEJZ,Female,FALSE,FALSE,FALSE,10,TRUE,FALSE,DSL,FALSE,TRUE,FALSE,FALSE,FALSE,FALSE,Month-to-month,FALSE,Electronic check,51.20000076,498.25,FALSE
282,2080-SRCDE,Female,FALSE,FALSE,TRUE,1,TRUE,TRUE,No,,,,,,,Month-to-month,FALSE,Mailed check,25.39999962,25.39999962,FALSE
283,9577-WJVCQ,Female,FALSE,FALSE,FALSE,68,TRUE,TRUE,DSL,TRUE,FALSE,FALSE,FALSE,FALSE,FALSE,Month-to-month,FALSE,Mailed check,54.45000076,3687.75,FALSE
284,9512-UIBFX,Male,FALSE,TRUE,TRUE,18,TRUE,FALSE,Fiber optic,FALSE,FALSE,TRUE,FALSE,TRUE,TRUE,Month-to-month,FALSE,Mailed check,95.15000153,1779.949951,TRUE
285,6202-DYYFX,Female,FALSE,FALSE,FALSE,22,TRUE,TRUE,Fiber optic,FALSE,FALSE,FALSE,FALSE,FALSE,FALSE,One year,TRUE,Credit card (automatic),76,1783.599976,FALSE
286,3808-HFKDE,Female,FALSE,FALSE,FALSE,20,TRUE,FALSE,DSL,FALSE,FALSE,FALSE,FALSE,FALSE,FALSE,Month-to-month,TRUE,Electronic check,44.34999847,927.1500244,FALSE
287,5583-SXDAG,Male,FALSE,TRUE,FALSE,1,TRUE,FALSE,Fiber optic,FALSE,FALSE,FALSE,FALSE,FALSE,FALSE,Month-to-month,FALSE,Electronic check,70,70,TRUE
288,3488-PGMQJ,Male,TRUE,FALSE,FALSE,8,TRUE,FALSE,Fiber optic,FALSE,TRUE,FALSE,FALSE,FALSE,FALSE,Month-to-month,TRUE,Electronic check,74.5,606.5499878,TRUE
289,3580-REOAC,Male,FALSE,FALSE,FALSE,10,TRUE,FALSE,DSL,FALSE,FALSE,FALSE,FALSE,FALSE,FALSE,Month-to-month,TRUE,Credit card (automatic),44.84999847,435.3999939,TRUE
290,7534-BFESC,Male,TRUE,FALSE,FALSE,24,TRUE,TRUE,Fiber optic,FALSE,FALSE,FALSE,FALSE,FALSE,FALSE,Month-to-month,TRUE,Electronic check,76.09999847,1712.699951,TRUE
291,3727-OWVYD,Male,FALSE,FALSE,FALSE,35,TRUE,FALSE,DSL,TRUE,TRUE,TRUE,FALSE,FALSE,FALSE,One year,FALSE,Mailed check,61.20000076,2021.199951,FALSE
292,2294-SALNE,Male,FALSE,TRUE,TRUE,23,TRUE,FALSE,Fiber optic,FALSE,TRUE,TRUE,TRUE,FALSE,FALSE,One year,FALSE,Mailed check,86.80000305,1940.800049,FALSE
293,4847-TAJYI,Female,TRUE,FALSE,FALSE,6,TRUE,FALSE,Fiber optic,FALSE,FALSE,FALSE,FALSE,TRUE,TRUE,Month-to-month,TRUE,Electronic check,89.34999847,567.7999878,FALSE
294,1563-IWQEX,Female,FALSE,FALSE,FALSE,12,TRUE,FALSE,No,,,,,,,Month-to-month,FALSE,Mailed check,19.70000076,220.3500061,FALSE
295,8203-XJZRC,Male,FALSE,FALSE,FALSE,1,TRUE,FALSE,No,,,,,,,Month-to-month,FALSE,Mailed check,20.25,20.25,FALSE
296,6556-DBKZF,Female,FALSE,TRUE,TRUE,71,TRUE,FALSE,Fiber optic,FALSE,FALSE,TRUE,FALSE,FALSE,FALSE,Two year,FALSE,Electronic check,76.05000305,5436.450195,FALSE
297,6851-WEFYX,Male,TRUE,TRUE,FALSE,35,TRUE,TRUE,Fiber optic,FALSE,FALSE,TRUE,FALSE,TRUE,TRUE,Month-to-month,TRUE,Electronic check,100.8000031,3437.5,FALSE
298,2985-JUUBZ,Male,FALSE,TRUE,TRUE,40,TRUE,TRUE,DSL,FALSE,FALSE,TRUE,FALSE,TRUE,TRUE,Month-to-month,TRUE,Electronic check,74.55000305,3015.75,FALSE
299,6390-DSAZX,Female,FALSE,FALSE,TRUE,1,TRUE,FALSE,Fiber optic,TRUE,FALSE,FALSE,FALSE,FALSE,FALSE,Month-to-month,TRUE,Mailed check,73.59999847,73.59999847,TRUE
300,0895-LMRSF,Male,FALSE,FALSE,FALSE,23,TRUE,FALSE,DSL,FALSE,FALSE,FALSE,FALSE,TRUE,TRUE,One year,TRUE,Bank transfer (automatic),64.90000153,1509.800049,FALSE
301,8098-LLAZX,Female,TRUE,FALSE,FALSE,4,TRUE,TRUE,Fiber optic,FALSE,FALSE,FALSE,FALSE,TRUE,TRUE,Month-to-month,TRUE,Electronic check,95.44999695,396.1000061,TRUE
302,8266-VBFQL,Male,FALSE,FALSE,FALSE,4,TRUE,FALSE,Fiber optic,FALSE,FALSE,TRUE,TRUE,FALSE,TRUE,Month-to-month,TRUE,Electronic check,90.40000153,356.6499939,FALSE
303,8181-YHCMF,Female,FALSE,TRUE,TRUE,68,FALSE,,DSL,FALSE,TRUE,TRUE,TRUE,TRUE,TRUE,Two year,FALSE,Credit card (automatic),60.29999924,4109,FALSE
304,2240-HSJQD,Male,FALSE,FALSE,TRUE,38,TRUE,TRUE,Fiber optic,FALSE,TRUE,FALSE,FALSE,FALSE,FALSE,Month-to-month,TRUE,Mailed check,81.84999847,3141.699951,FALSE
305,1248-DYXUB,Male,FALSE,TRUE,TRUE,52,TRUE,TRUE,No,,,,,,,Two year,FALSE,Mailed check,24.79999924,1229.099976,FALSE
306,0265-EDXBD,Male,TRUE,TRUE,FALSE,32,TRUE,TRUE,Fiber optic,FALSE,FALSE,FALSE,FALSE,FALSE,FALSE,Month-to-month,TRUE,Electronic check,74.90000153,2303.350098,TRUE
307,4115-BNPJY,Male,FALSE,TRUE,TRUE,29,TRUE,FALSE,DSL,FALSE,FALSE,TRUE,TRUE,TRUE,TRUE,Two year,FALSE,Mailed check,75.55000305,2054.399902,FALSE
308,3167-SNQPL,Male,TRUE,TRUE,TRUE,38,TRUE,TRUE,Fiber optic,FALSE,TRUE,FALSE,FALSE,TRUE,TRUE,Month-to-month,FALSE,Electronic check,101.1500015,3741.850098,FALSE
309,4091-TVOCN,Male,FALSE,FALSE,TRUE,48,TRUE,TRUE,DSL,TRUE,FALSE,TRUE,FALSE,TRUE,TRUE,One year,TRUE,Credit card (automatic),78.75,3682.449951,FALSE
310,1098-TDVUQ,Female,FALSE,FALSE,FALSE,1,TRUE,FALSE,No,,,,,,,Month-to-month,TRUE,Bank transfer (automatic),19.25,19.25,FALSE
311,7277-OZCGZ,Female,FALSE,FALSE,FALSE,22,TRUE,FALSE,Fiber optic,TRUE,FALSE,FALSE,TRUE,FALSE,TRUE,Month-to-month,TRUE,Electronic check,89.05000305,1886.25,FALSE
312,1557-EMYVT,Female,FALSE,FALSE,FALSE,43,TRUE,TRUE,Fiber optic,TRUE,TRUE,TRUE,TRUE,TRUE,TRUE,Two year,FALSE,Credit card (automatic),115.0500031,4895.100098,FALSE
313,2799-ARNLO,Female,TRUE,TRUE,FALSE,5,TRUE,FALSE,Fiber optic,FALSE,FALSE,FALSE,FALSE,FALSE,FALSE,Month-to-month,TRUE,Electronic check,69.34999847,341.6000061,FALSE
314,7563-BIUPC,Male,FALSE,FALSE,FALSE,5,TRUE,FALSE,Fiber optic,FALSE,FALSE,FALSE,FALSE,TRUE,FALSE,Month-to-month,TRUE,Electronic check,80.59999847,415.5499878,TRUE
315,5027-YOCXN,Male,FALSE,TRUE,TRUE,51,TRUE,TRUE,Fiber optic,TRUE,TRUE,FALSE,TRUE,TRUE,TRUE,One year,FALSE,Credit card (automatic),110.0500031,5686.399902,FALSE
316,3973-SKMLN,Male,FALSE,FALSE,FALSE,71,TRUE,FALSE,No,,,,,,,Two year,TRUE,Credit card (automatic),19.89999962,1355.099976,FALSE
317,2321-OMBXY,Female,FALSE,TRUE,TRUE,38,TRUE,FALSE,DSL,TRUE,TRUE,FALSE,TRUE,TRUE,TRUE,One year,FALSE,Credit card (automatic),80.30000305,3058.649902,TRUE
318,2840-XANRC,Male,TRUE,TRUE,FALSE,24,TRUE,FALSE,Fiber optic,FALSE,FALSE,TRUE,FALSE,TRUE,TRUE,Month-to-month,TRUE,Electronic check,93.15000153,2231.050049,TRUE
319,6745-JEFZB,Male,FALSE,TRUE,FALSE,35,TRUE,TRUE,Fiber optic,FALSE,FALSE,FALSE,TRUE,TRUE,FALSE,Month-to-month,TRUE,Credit card (automatic),91.5,3236.350098,FALSE
320,5020-ZSTTY,Female,TRUE,FALSE,FALSE,54,TRUE,TRUE,DSL,TRUE,TRUE,FALSE,TRUE,TRUE,TRUE,One year,FALSE,Bank transfer (automatic),82.44999695,4350.100098,TRUE
321,9880-TDQAC,Female,FALSE,TRUE,TRUE,72,FALSE,,DSL,FALSE,TRUE,TRUE,TRUE,TRUE,TRUE,Two year,TRUE,Electronic check,60,4264,FALSE
322,8705-WZCYL,Male,FALSE,FALSE,FALSE,1,TRUE,FALSE,DSL,FALSE,FALSE,FALSE,FALSE,FALSE,FALSE,Month-to-month,TRUE,Electronic check,44.79999924,44.79999924,FALSE
323,7102-JJVTX,Female,FALSE,TRUE,TRUE,9,TRUE,FALSE,DSL,TRUE,FALSE,FALSE,FALSE,FALSE,FALSE,One year,FALSE,Mailed check,48.59999847,422.2999878,FALSE
324,8626-PTQGE,Male,FALSE,FALSE,FALSE,69,FALSE,,DSL,TRUE,TRUE,FALSE,TRUE,TRUE,TRUE,Two year,TRUE,Bank transfer (automatic),60.04999924,4176.700195,FALSE
325,4983-CLMLV,Female,FALSE,TRUE,FALSE,52,TRUE,TRUE,Fiber optic,FALSE,TRUE,FALSE,TRUE,TRUE,TRUE,Month-to-month,TRUE,Credit card (automatic),102.6999969,5138.100098,FALSE
326,5701-YVSVF,Female,TRUE,TRUE,FALSE,11,TRUE,FALSE,Fiber optic,FALSE,FALSE,FALSE,TRUE,TRUE,FALSE,Month-to-month,TRUE,Electronic check,82.90000153,880.0499878,FALSE
327,5804-LEPIM,Female,TRUE,FALSE,FALSE,2,TRUE,FALSE,Fiber optic,FALSE,FALSE,FALSE,FALSE,FALSE,FALSE,Month-to-month,TRUE,Electronic check,70.34999847,139.0500031,TRUE
328,5697-GOMBF,Female,TRUE,TRUE,TRUE,28,FALSE,,DSL,FALSE,FALSE,FALSE,FALSE,TRUE,FALSE,Month-to-month,TRUE,Electronic check,35.90000153,973.6500244,FALSE
329,2739-CACDQ,Female,TRUE,FALSE,FALSE,17,TRUE,TRUE,Fiber optic,FALSE,FALSE,TRUE,FALSE,FALSE,FALSE,Month-to-month,TRUE,Credit card (automatic),82.65000153,1470.050049,FALSE
330,9385-EHGDO,Female,FALSE,TRUE,TRUE,35,TRUE,FALSE,No,,,,,,,Two year,TRUE,Mailed check,19.85000038,739.3499756,FALSE
331,9498-FIMXL,Female,FALSE,FALSE,FALSE,8,TRUE,FALSE,No,,,,,,,One year,TRUE,Mailed check,19.20000076,161.9499969,FALSE
332,2379-GYFLQ,Male,FALSE,FALSE,FALSE,46,TRUE,TRUE,Fiber optic,FALSE,TRUE,TRUE,FALSE,TRUE,FALSE,One year,TRUE,Credit card (automatic),94.90000153,4422.950195,FALSE
333,0122-OAHPZ,Female,FALSE,FALSE,FALSE,7,TRUE,TRUE,Fiber optic,FALSE,FALSE,FALSE,FALSE,FALSE,FALSE,Month-to-month,TRUE,Electronic check,73.84999847,511.25,TRUE
334,2868-SNELZ,Female,FALSE,FALSE,FALSE,2,TRUE,TRUE,Fiber optic,FALSE,FALSE,TRUE,FALSE,FALSE,FALSE,Month-to-month,FALSE,Mailed check,80.59999847,155.8000031,TRUE
335,4322-RCYMT,Male,FALSE,TRUE,TRUE,68,TRUE,TRUE,DSL,FALSE,TRUE,TRUE,TRUE,FALSE,TRUE,One year,TRUE,Bank transfer (automatic),75.80000305,5293.950195,TRUE
336,6680-NENYN,Female,FALSE,FALSE,FALSE,43,TRUE,TRUE,Fiber optic,FALSE,TRUE,TRUE,FALSE,TRUE,TRUE,Two year,TRUE,Electronic check,104.5999985,4759.850098,TRUE
337,2088-IEBAU,Female,FALSE,FALSE,FALSE,68,TRUE,TRUE,DSL,TRUE,TRUE,TRUE,TRUE,TRUE,TRUE,Two year,TRUE,Electronic check,88.15000153,6148.450195,FALSE
338,7982-VCELR,Female,FALSE,FALSE,FALSE,36,TRUE,FALSE,Fiber optic,FALSE,TRUE,FALSE,FALSE,TRUE,TRUE,Month-to-month,TRUE,Credit card (automatic),94.80000305,3565.649902,FALSE
339,1343-EHPYB,Male,FALSE,TRUE,FALSE,63,TRUE,TRUE,Fiber optic,FALSE,TRUE,TRUE,FALSE,TRUE,TRUE,Month-to-month,TRUE,Electronic check,103.4000015,6603,TRUE
340,6035-BXTTY,Female,TRUE,FALSE,FALSE,32,TRUE,FALSE,DSL,FALSE,TRUE,FALSE,TRUE,FALSE,FALSE,Month-to-month,FALSE,Bank transfer (automatic),54.65000153,1830.099976,FALSE
341,6885-PKOAM,Female,FALSE,TRUE,FALSE,71,TRUE,TRUE,DSL,TRUE,TRUE,TRUE,TRUE,TRUE,TRUE,Two year,FALSE,,85.75,6223.799805,FALSE
342,7520-HQWJU,Female,FALSE,TRUE,TRUE,66,TRUE,TRUE,DSL,TRUE,TRUE,TRUE,FALSE,FALSE,FALSE,Month-to-month,TRUE,Bank transfer (automatic),67.44999695,4508.649902,FALSE
343,9639-BUJXT,Male,FALSE,FALSE,FALSE,63,TRUE,FALSE,No,,,,,,,One year,FALSE,Mailed check,20.5,1328.150024,FALSE
344,5924-SNGKP,Female,FALSE,FALSE,TRUE,41,TRUE,FALSE,No,,,,,,,One year,TRUE,Credit card (automatic),20.25,865,FALSE
345,0021-IKXGC,Female,TRUE,FALSE,FALSE,1,TRUE,TRUE,Fiber optic,FALSE,FALSE,FALSE,FALSE,FALSE,FALSE,Month-to-month,TRUE,Electronic check,72.09999847,72.09999847,FALSE
346,2034-GDRCN,Female,FALSE,FALSE,FALSE,2,TRUE,FALSE,Fiber optic,FALSE,FALSE,FALSE,FALSE,TRUE,TRUE,Month-to-month,TRUE,Electronic check,90.40000153,168.1999969,TRUE
347,8966-SNIZF,Female,FALSE,TRUE,FALSE,70,TRUE,FALSE,No,,,,,,,Two year,FALSE,Bank transfer (automatic),19.45000076,1303.5,FALSE
348,6243-OZGFH,Female,FALSE,FALSE,FALSE,23,FALSE,,DSL,FALSE,FALSE,FALSE,FALSE,TRUE,TRUE,Month-to-month,TRUE,Electronic check,44.95000076,996.8499756,FALSE
349,4654-DLAMQ,Female,TRUE,TRUE,FALSE,64,TRUE,FALSE,Fiber optic,TRUE,TRUE,TRUE,FALSE,FALSE,TRUE,One year,FALSE,Bank transfer (automatic),97,6430.899902,FALSE
350,0513-RBGPE,Male,FALSE,TRUE,TRUE,37,TRUE,TRUE,DSL,TRUE,FALSE,TRUE,TRUE,FALSE,FALSE,Two year,TRUE,Credit card (automatic),62.79999924,2278.75,FALSE
351,5160-UXJED,Male,FALSE,FALSE,TRUE,17,TRUE,FALSE,DSL,FALSE,FALSE,FALSE,FALSE,FALSE,FALSE,One year,FALSE,Mailed check,44.59999847,681.4000244,FALSE
352,4115-NZRKS,Female,TRUE,FALSE,FALSE,7,TRUE,FALSE,Fiber optic,FALSE,FALSE,FALSE,FALSE,TRUE,TRUE,Month-to-month,TRUE,Electronic check,89.15000153,574.3499756,FALSE
353,0219-YTZUE,Male,FALSE,TRUE,TRUE,4,TRUE,TRUE,Fiber optic,FALSE,TRUE,TRUE,FALSE,FALSE,FALSE,Month-to-month,TRUE,Bank transfer (automatic),84.80000305,371.8999939,TRUE
354,0623-IIHUG,Female,TRUE,FALSE,FALSE,21,FALSE,,DSL,TRUE,FALSE,FALSE,FALSE,TRUE,FALSE,Month-to-month,TRUE,Electronic check,41.90000153,840.0999756,TRUE
355,4572-DVCGN,Female,FALSE,FALSE,FALSE,10,TRUE,FALSE,Fiber optic,FALSE,FALSE,FALSE,FALSE,FALSE,TRUE,Month-to-month,TRUE,Bank transfer (automatic),80.25,846,TRUE
356,3351-NGXYI,Female,TRUE,FALSE,FALSE,16,TRUE,TRUE,DSL,TRUE,FALSE,FALSE,FALSE,FALSE,FALSE,Month-to-month,TRUE,Electronic check,54.09999847,889,FALSE
357,8984-EYLLL,Male,FALSE,TRUE,FALSE,64,TRUE,TRUE,Fiber optic,FALSE,TRUE,FALSE,TRUE,TRUE,TRUE,Two year,TRUE,Electronic check,105.25,6823.399902,FALSE
358,9057-MSWCO,Male,TRUE,TRUE,FALSE,27,FALSE,,DSL,TRUE,FALSE,FALSE,FALSE,FALSE,FALSE,Month-to-month,FALSE,Credit card (automatic),30.75,805.0999756,TRUE
359,9833-TGFHX,Male,FALSE,TRUE,TRUE,42,TRUE,TRUE,Fiber optic,TRUE,FALSE,FALSE,FALSE,TRUE,TRUE,One year,FALSE,Electronic check,97.09999847,4016.75,FALSE
360,9294-TDIPC,Male,FALSE,FALSE,TRUE,5,TRUE,FALSE,No,,,,,,,Month-to-month,FALSE,Mailed check,20.20000076,83.75,FALSE
361,5229-DTFYB,Female,FALSE,FALSE,FALSE,41,TRUE,FALSE,Fiber optic,FALSE,TRUE,FALSE,TRUE,TRUE,TRUE,Two year,TRUE,Bank transfer (automatic),98.80000305,3959.149902,FALSE
362,0104-PPXDV,Male,FALSE,TRUE,FALSE,58,TRUE,FALSE,DSL,FALSE,FALSE,TRUE,FALSE,FALSE,FALSE,One year,FALSE,Credit card (automatic),50.29999924,2878.550049,FALSE
363,5176-LMJXE,Female,FALSE,FALSE,FALSE,47,TRUE,FALSE,No,,,,,,,Two year,TRUE,Mailed check,20.54999924,945.7000122,FALSE
364,3583-KRKMD,Male,FALSE,FALSE,FALSE,18,TRUE,FALSE,Fiber optic,FALSE,FALSE,FALSE,TRUE,FALSE,FALSE,Month-to-month,TRUE,Bank transfer (automatic),75.90000153,1373.050049,FALSE
365,1010-DIAUQ,Male,FALSE,FALSE,FALSE,5,TRUE,FALSE,Fiber optic,FALSE,FALSE,TRUE,FALSE,TRUE,TRUE,Month-to-month,FALSE,Bank transfer (automatic),96.5,492.5499878,TRUE
366,9069-LGEUL,Male,FALSE,TRUE,FALSE,23,TRUE,FALSE,DSL,TRUE,FALSE,FALSE,FALSE,FALSE,TRUE,Month-to-month,TRUE,Bank transfer (automatic),59.95000076,1406,FALSE
367,7302-ZHMHP,Female,FALSE,FALSE,FALSE,1,TRUE,FALSE,No,,,,,,,Month-to-month,FALSE,Mailed check,19.14999962,19.14999962,FALSE
368,9571-EDEBV,Male,FALSE,TRUE,FALSE,71,TRUE,TRUE,Fiber optic,FALSE,FALSE,TRUE,FALSE,TRUE,TRUE,One year,TRUE,Credit card (automatic),98.65000153,6962.850098,FALSE
369,3520-FJGCV,Male,FALSE,TRUE,TRUE,72,TRUE,TRUE,Fiber optic,TRUE,TRUE,TRUE,TRUE,TRUE,TRUE,Two year,TRUE,Credit card (automatic),112.5999985,8126.649902,FALSE
370,6563-VRERX,Male,FALSE,TRUE,TRUE,33,TRUE,FALSE,No,,,,,,,One year,FALSE,Mailed check,20.60000038,690.25,FALSE
371,0259-GBZSH,Male,FALSE,FALSE,FALSE,2,TRUE,TRUE,Fiber optic,FALSE,FALSE,FALSE,FALSE,TRUE,FALSE,Month-to-month,TRUE,Electronic check,85.65000153,181.5,TRUE
372,6122-EFVKN,Male,FALSE,FALSE,TRUE,24,FALSE,,DSL,TRUE,FALSE,FALSE,TRUE,FALSE,FALSE,Two year,FALSE,Mailed check,35.75,830.7999878,FALSE
373,2805-EDJPQ,Female,FALSE,TRUE,TRUE,56,TRUE,TRUE,Fiber optic,FALSE,TRUE,TRUE,TRUE,FALSE,TRUE,One year,TRUE,Credit card (automatic),99.75,5608.399902,FALSE
374,6862-CQUMB,Male,FALSE,FALSE,FALSE,37,TRUE,FALSE,Fiber optic,FALSE,TRUE,FALSE,FALSE,TRUE,TRUE,Month-to-month,TRUE,Credit card (automatic),96.09999847,3646.800049,FALSE
375,7156-MXBJE,Female,FALSE,FALSE,FALSE,43,TRUE,TRUE,DSL,FALSE,TRUE,TRUE,TRUE,TRUE,TRUE,One year,FALSE,Credit card (automatic),85.09999847,3662.25,FALSE
376,6158-HDPXZ,Male,FALSE,FALSE,FALSE,1,FALSE,,DSL,FALSE,FALSE,FALSE,FALSE,FALSE,FALSE,Month-to-month,FALSE,Mailed check,25.35000038,25.35000038,FALSE
377,9601-BRXPO,Female,FALSE,TRUE,FALSE,25,TRUE,TRUE,Fiber optic,FALSE,FALSE,TRUE,TRUE,TRUE,TRUE,Month-to-month,TRUE,Bank transfer (automatic),104.9499969,2566.5,TRUE
378,2863-IMQDR,Female,FALSE,FALSE,FALSE,61,TRUE,TRUE,DSL,TRUE,TRUE,TRUE,TRUE,TRUE,TRUE,Two year,FALSE,Electronic check,89.65000153,5308.700195,FALSE
379,5686-CMAWK,Male,FALSE,FALSE,FALSE,17,TRUE,TRUE,Fiber optic,FALSE,FALSE,TRUE,TRUE,FALSE,FALSE,One year,FALSE,Electronic check,86.75,1410.25,FALSE
380,5651-CRHKQ,Female,FALSE,TRUE,FALSE,41,TRUE,FALSE,Fiber optic,FALSE,TRUE,TRUE,TRUE,FALSE,FALSE,One year,TRUE,Bank transfer (automatic),86.19999695,3339.050049,FALSE
381,6905-NIQIN,Male,FALSE,FALSE,FALSE,1,TRUE,FALSE,DSL,FALSE,TRUE,FALSE,FALSE,FALSE,FALSE,Month-to-month,FALSE,Mailed check,50.65000153,50.65000153,TRUE
382,8204-YJCLA,Male,TRUE,TRUE,TRUE,72,FALSE,,DSL,TRUE,TRUE,TRUE,TRUE,TRUE,TRUE,Two year,TRUE,Bank transfer (automatic),64.80000305,4732.350098,FALSE
383,5167-ZFFMM,Male,FALSE,FALSE,FALSE,1,TRUE,TRUE,Fiber optic,FALSE,TRUE,FALSE,FALSE,FALSE,TRUE,Month-to-month,TRUE,Credit card (automatic),90.84999847,90.84999847,TRUE
384,6583-SZVGP,Male,FALSE,FALSE,FALSE,48,TRUE,TRUE,Fiber optic,FALSE,TRUE,TRUE,FALSE,TRUE,TRUE,Two year,TRUE,Bank transfer (automatic),108.0999985,5067.450195,FALSE
385,4895-TMWIR,Male,TRUE,TRUE,FALSE,11,TRUE,FALSE,No,,,,,,,Month-to-month,FALSE,Mailed check,19.95000076,214.75,TRUE
386,0533-BNWKF,Female,TRUE,TRUE,FALSE,55,TRUE,TRUE,Fiber optic,FALSE,TRUE,TRUE,FALSE,FALSE,FALSE,Month-to-month,TRUE,Electronic check,85.44999695,4874.700195,TRUE
387,1708-PBBOA,Female,FALSE,FALSE,FALSE,42,FALSE,,DSL,TRUE,TRUE,TRUE,TRUE,FALSE,TRUE,One year,TRUE,Electronic check,54.75,2348.449951,FALSE
388,8782-LKFPK,Male,FALSE,FALSE,FALSE,44,TRUE,TRUE,Fiber optic,FALSE,FALSE,TRUE,FALSE,FALSE,TRUE,Month-to-month,TRUE,Mailed check,90.40000153,4063,FALSE
389,5522-JBWMO,Male,FALSE,FALSE,TRUE,1,TRUE,FALSE,DSL,FALSE,FALSE,FALSE,FALSE,FALSE,FALSE,Month-to-month,FALSE,Electronic check,44,44,FALSE
390,3597-MVHJT,Female,FALSE,FALSE,FALSE,27,TRUE,TRUE,Fiber optic,FALSE,FALSE,FALSE,FALSE,TRUE,TRUE,Month-to-month,TRUE,Bank transfer (automatic),95.59999847,2595.25,FALSE
391,9774-NRNAU,Male,TRUE,TRUE,FALSE,27,TRUE,TRUE,DSL,FALSE,TRUE,TRUE,TRUE,TRUE,TRUE,Month-to-month,TRUE,Bank transfer (automatic),84.80000305,2309.550049,FALSE
392,0224-RLWWD,Female,TRUE,FALSE,FALSE,2,TRUE,FALSE,DSL,FALSE,FALSE,FALSE,FALSE,FALSE,FALSE,Month-to-month,TRUE,Electronic check,44.29999924,89.30000305,FALSE
393,9967-ATRFS,Female,FALSE,FALSE,FALSE,19,TRUE,FALSE,No,,,,,,,Month-to-month,FALSE,Mailed check,19.89999962,367.5499878,FALSE
394,3951-NJCVI,Female,TRUE,TRUE,FALSE,42,TRUE,TRUE,Fiber optic,FALSE,FALSE,FALSE,FALSE,TRUE,TRUE,Month-to-month,TRUE,Electronic check,95.05000305,3944.5,FALSE
395,2977-CEBSX,Female,FALSE,FALSE,FALSE,66,TRUE,TRUE,DSL,TRUE,TRUE,TRUE,TRUE,TRUE,TRUE,Two year,TRUE,Credit card (automatic),90.05000305,5965.950195,FALSE
396,0177-PXBAT,Male,TRUE,TRUE,FALSE,33,TRUE,TRUE,Fiber optic,TRUE,FALSE,TRUE,TRUE,TRUE,TRUE,Month-to-month,TRUE,Bank transfer (automatic),109.9000015,3694.699951,FALSE
397,6599-CEBNN,Female,FALSE,FALSE,FALSE,34,TRUE,FALSE,Fiber optic,FALSE,TRUE,FALSE,FALSE,FALSE,FALSE,Month-to-month,TRUE,Credit card (automatic),73.94999695,2524.449951,TRUE
398,2519-ERQOJ,Male,TRUE,FALSE,FALSE,33,FALSE,,DSL,FALSE,FALSE,TRUE,TRUE,TRUE,TRUE,Month-to-month,TRUE,Electronic check,54.59999847,1803.699951,FALSE
399,5876-QMYLD,Female,FALSE,TRUE,TRUE,23,TRUE,FALSE,No,,,,,,,One year,FALSE,Mailed check,20.04999924,415.1000061,FALSE
400,2277-AXSDC,Female,FALSE,FALSE,FALSE,32,TRUE,FALSE,No,,,,,,,One year,FALSE,Bank transfer (automatic),19.75,624.1500244,FALSE
401,9442-JTWDL,Female,FALSE,FALSE,FALSE,11,TRUE,FALSE,No,,,,,,,One year,FALSE,Credit card (automatic),20.04999924,237.6999969,FALSE
402,0979-PHULV,Male,FALSE,TRUE,TRUE,69,TRUE,TRUE,Fiber optic,FALSE,FALSE,TRUE,FALSE,TRUE,TRUE,Month-to-month,TRUE,Credit card (automatic),99.44999695,7007.600098,TRUE
403,3067-SVMTC,Female,FALSE,TRUE,FALSE,68,TRUE,FALSE,DSL,TRUE,FALSE,FALSE,TRUE,FALSE,FALSE,One year,FALSE,Bank transfer (automatic),55.90000153,3848.800049,FALSE
404,5495-GPSRW,Male,FALSE,FALSE,FALSE,20,TRUE,FALSE,No,,,,,,,Two year,TRUE,Mailed check,19.70000076,419.3999939,FALSE
405,7606-BPHHN,Male,FALSE,FALSE,FALSE,72,TRUE,FALSE,No,,,,,,,Two year,TRUE,Credit card (automatic),19.79999924,1468.75,FALSE
406,4742-DRORA,Male,FALSE,TRUE,TRUE,60,TRUE,TRUE,Fiber optic,TRUE,FALSE,TRUE,FALSE,TRUE,FALSE,One year,TRUE,Bank transfer (automatic),95.40000153,5812,FALSE
407,0111-KLBQG,Male,TRUE,TRUE,TRUE,32,TRUE,FALSE,Fiber optic,FALSE,TRUE,FALSE,FALSE,TRUE,TRUE,Month-to-month,TRUE,Mailed check,93.94999695,2861.449951,FALSE
408,4800-VHZKI,Female,FALSE,FALSE,FALSE,1,TRUE,FALSE,No,,,,,,,Month-to-month,TRUE,Mailed check,19.89999962,19.89999962,TRUE
409,7989-CHGTL,Male,FALSE,FALSE,FALSE,1,TRUE,FALSE,No,,,,,,,Month-to-month,TRUE,Mailed check,19.60000038,19.60000038,TRUE
410,0334-GDDSO,Male,TRUE,FALSE,FALSE,3,TRUE,TRUE,Fiber optic,FALSE,TRUE,FALSE,FALSE,FALSE,FALSE,Month-to-month,TRUE,Electronic check,81.34999847,233.6999969,TRUE
411,4163-NCJAK,Female,FALSE,TRUE,FALSE,46,TRUE,TRUE,No,,,,,,,One year,TRUE,Bank transfer (automatic),24.45000076,1066.150024,FALSE
412,5233-AOZUF,Female,FALSE,TRUE,FALSE,29,TRUE,TRUE,Fiber optic,FALSE,FALSE,FALSE,FALSE,FALSE,FALSE,Month-to-month,TRUE,Electronic check,74.94999695,2149.050049,FALSE
413,5973-EJGDP,Male,FALSE,FALSE,FALSE,51,TRUE,TRUE,Fiber optic,FALSE,TRUE,TRUE,TRUE,FALSE,FALSE,Month-to-month,TRUE,Electronic check,87.34999847,4473,FALSE
414,1996-DBMUS,Female,TRUE,TRUE,FALSE,48,TRUE,FALSE,Fiber optic,FALSE,FALSE,FALSE,FALSE,FALSE,FALSE,Month-to-month,TRUE,Bank transfer (automatic),70.65000153,3545.050049,FALSE
415,7916-VCCPB,Female,FALSE,TRUE,TRUE,16,TRUE,FALSE,Fiber optic,FALSE,TRUE,FALSE,FALSE,FALSE,FALSE,Month-to-month,FALSE,Bank transfer (automatic),73.25,1195.75,FALSE
416,4686-GEFRM,Male,FALSE,TRUE,FALSE,70,TRUE,TRUE,Fiber optic,FALSE,TRUE,TRUE,TRUE,FALSE,TRUE,Two year,TRUE,Bank transfer (automatic),98.69999695,6858.899902,FALSE
417,5249-QYHEX,Female,FALSE,TRUE,TRUE,40,TRUE,TRUE,No,,,,,,,Two year,TRUE,Mailed check,24.79999924,1024.699951,FALSE
418,0578-SKVMF,Female,FALSE,TRUE,TRUE,22,TRUE,FALSE,Fiber optic,FALSE,TRUE,FALSE,FALSE,FALSE,TRUE,Month-to-month,FALSE,Electronic check,83.30000305,1845.900024,TRUE
419,5564-NEMQO,Female,TRUE,FALSE,FALSE,1,TRUE,FALSE,Fiber optic,FALSE,FALSE,TRUE,FALSE,FALSE,FALSE,Month-to-month,TRUE,Bank transfer (automatic),75.30000305,75.30000305,TRUE
420,2233-FAGXV,Female,FALSE,TRUE,TRUE,5,TRUE,TRUE,No,,,,,,,Month-to-month,TRUE,Mailed check,24.29999924,132.25,FALSE
421,5605-IYGFG,Female,FALSE,FALSE,FALSE,7,TRUE,FALSE,Fiber optic,FALSE,FALSE,FALSE,FALSE,FALSE,FALSE,Month-to-month,TRUE,Bank transfer (automatic),69.84999847,515.4500122,FALSE
422,7663-ZTEGJ,Male,FALSE,FALSE,TRUE,29,TRUE,TRUE,Fiber optic,FALSE,TRUE,TRUE,TRUE,FALSE,TRUE,One year,FALSE,Credit card (automatic),100.5500031,2830.449951,FALSE
423,3935-TBRZZ,Male,FALSE,TRUE,TRUE,44,TRUE,TRUE,No,,,,,,,One year,FALSE,Mailed check,25.70000076,1110.5,FALSE
424,8111-BKVDS,Female,FALSE,FALSE,FALSE,10,FALSE,,DSL,TRUE,TRUE,TRUE,FALSE,FALSE,FALSE,Month-to-month,FALSE,Bank transfer (automatic),40.70000076,449.2999878,FALSE
425,2055-SIFSS,Female,TRUE,TRUE,FALSE,55,TRUE,TRUE,DSL,FALSE,FALSE,FALSE,FALSE,FALSE,FALSE,Month-to-month,FALSE,Bank transfer (automatic),51.65000153,2838.550049,FALSE
426,2806-MLNTI,Male,TRUE,TRUE,FALSE,52,TRUE,TRUE,Fiber optic,FALSE,TRUE,TRUE,FALSE,TRUE,TRUE,One year,TRUE,Bank transfer (automatic),105.0999985,5376.399902,FALSE
427,8734-DKSTZ,Female,FALSE,TRUE,TRUE,10,TRUE,TRUE,Fiber optic,FALSE,FALSE,FALSE,FALSE,FALSE,TRUE,Month-to-month,FALSE,Electronic check,85.94999695,858.5999756,FALSE
428,4360-PNRQB,Male,FALSE,FALSE,FALSE,18,TRUE,TRUE,Fiber optic,FALSE,FALSE,FALSE,FALSE,FALSE,FALSE,Month-to-month,TRUE,Bank transfer (automatic),75.59999847,1395.050049,FALSE
429,6152-ONASV,Female,FALSE,TRUE,FALSE,68,TRUE,TRUE,DSL,TRUE,FALSE,FALSE,TRUE,FALSE,FALSE,One year,FALSE,Bank transfer (automatic),58.25,3975.699951,FALSE
430,9063-ZGTUY,Female,FALSE,TRUE,TRUE,61,TRUE,FALSE,No,,,,,,,Month-to-month,TRUE,Mailed check,19.39999962,1182.550049,TRUE
431,7781-HVGMK,Female,FALSE,TRUE,TRUE,72,FALSE,,DSL,TRUE,TRUE,TRUE,TRUE,TRUE,TRUE,Two year,TRUE,Credit card (automatic),65.19999695,,FALSE
432,2181-UAESM,Male,FALSE,FALSE,FALSE,2,TRUE,FALSE,DSL,TRUE,FALSE,TRUE,FALSE,FALSE,FALSE,Month-to-month,FALSE,Electronic check,53.45000076,119.5,FALSE
433,2957-LOLHO,Male,FALSE,FALSE,FALSE,12,TRUE,FALSE,DSL,FALSE,FALSE,FALSE,FALSE,FALSE,FALSE,Month-to-month,,Bank transfer (automatic),45.40000153,518.9000244,TRUE
434,6048-NJXHX,Male,FALSE,TRUE,FALSE,41,TRUE,FALSE,No,,,,,,,Two year,TRUE,Electronic check,19.75,899.4500122,FALSE
435,2320-SLKMB,Female,FALSE,FALSE,FALSE,26,FALSE,,DSL,FALSE,FALSE,TRUE,TRUE,TRUE,FALSE,Month-to-month,TRUE,Credit card (automatic),44.45000076,1183.800049,FALSE
436,4980-URKXC,Male,FALSE,TRUE,FALSE,36,TRUE,FALSE,No,,,,,,,One year,FALSE,Bank transfer (automatic),20.85000038,720.0499878,FALSE
437,4376-KFVRS,Male,FALSE,TRUE,TRUE,72,TRUE,TRUE,Fiber optic,TRUE,TRUE,TRUE,TRUE,TRUE,TRUE,Two year,TRUE,Credit card (automatic),114.0500031,8468.200195,FALSE
438,5886-VLQVU,Male,FALSE,TRUE,FALSE,35,TRUE,TRUE,Fiber optic,FALSE,FALSE,FALSE,TRUE,FALSE,TRUE,Month-to-month,TRUE,Bank transfer (automatic),89.84999847,3161.199951,FALSE
439,3577-AMVUX,Male,FALSE,FALSE,FALSE,1,TRUE,FALSE,DSL,FALSE,FALSE,TRUE,TRUE,FALSE,FALSE,Month-to-month,FALSE,Mailed check,55.04999924,55.04999924,FALSE
440,0771-WLCLA,Female,FALSE,TRUE,TRUE,16,TRUE,TRUE,Fiber optic,TRUE,FALSE,TRUE,TRUE,TRUE,TRUE,Month-to-month,TRUE,Electronic check,112.9499969,1882.550049,FALSE
441,5628-RKIFK,Female,TRUE,FALSE,FALSE,49,TRUE,TRUE,Fiber optic,TRUE,FALSE,FALSE,FALSE,TRUE,TRUE,Month-to-month,FALSE,Credit card (automatic),101.5500031,5070.399902,FALSE
442,0206-TBWLC,Female,FALSE,TRUE,FALSE,54,TRUE,TRUE,Fiber optic,TRUE,TRUE,TRUE,TRUE,TRUE,TRUE,One year,TRUE,Mailed check,114.6500015,6049.5,FALSE
443,2937-FTHUR,Female,FALSE,FALSE,TRUE,18,TRUE,TRUE,DSL,TRUE,FALSE,FALSE,FALSE,FALSE,TRUE,Month-to-month,FALSE,Electronic check,64.80000305,1166.699951,FALSE
444,1910-FMXJM,Female,FALSE,TRUE,FALSE,36,TRUE,FALSE,Fiber optic,FALSE,FALSE,FALSE,FALSE,FALSE,TRUE,Month-to-month,FALSE,Electronic check,80.40000153,2937.649902,FALSE
445,7752-XUSCI,Female,FALSE,FALSE,FALSE,60,TRUE,TRUE,Fiber optic,FALSE,TRUE,TRUE,FALSE,TRUE,TRUE,Month-to-month,TRUE,Electronic check,105.9000015,6396.450195,TRUE
446,4110-PFEUZ,Female,FALSE,FALSE,FALSE,1,TRUE,FALSE,Fiber optic,FALSE,FALSE,FALSE,FALSE,FALSE,FALSE,Month-to-month,FALSE,Mailed check,69.55000305,69.55000305,TRUE
447,0732-OCQOC,Female,FALSE,TRUE,TRUE,52,TRUE,TRUE,No,,,,,,,Two year,TRUE,Bank transfer (automatic),25.04999924,1270.25,FALSE
448,5168-MSWXT,Male,FALSE,TRUE,TRUE,8,TRUE,FALSE,Fiber optic,FALSE,FALSE,TRUE,FALSE,TRUE,TRUE,Month-to-month,TRUE,Electronic check,94.75,759.5499878,FALSE
449,1090-ESELR,Male,FALSE,TRUE,TRUE,72,TRUE,FALSE,Fiber optic,TRUE,TRUE,FALSE,TRUE,TRUE,TRUE,Two year,FALSE,Bank transfer (automatic),105.5,7611.549805,FALSE
450,8592-PLTMQ,Female,FALSE,FALSE,FALSE,64,TRUE,TRUE,No,,,,,,,One year,FALSE,Mailed check,24.70000076,1642.75,FALSE
451,5760-WRAHC,Female,TRUE,FALSE,FALSE,22,TRUE,FALSE,DSL,TRUE,FALSE,TRUE,TRUE,FALSE,TRUE,Month-to-month,TRUE,Mailed check,69.75,1545.400024,FALSE
452,8847-GEOOQ,Male,FALSE,TRUE,FALSE,60,FALSE,,DSL,FALSE,TRUE,TRUE,TRUE,TRUE,TRUE,Month-to-month,TRUE,Bank transfer (automatic),60.20000076,3582.399902,FALSE
453,0256-LTHVJ,Female,FALSE,TRUE,TRUE,28,TRUE,FALSE,Fiber optic,FALSE,FALSE,FALSE,FALSE,FALSE,TRUE,Month-to-month,TRUE,Electronic check,81.05000305,2227.100098,TRUE
454,4785-FCIFB,Female,FALSE,TRUE,FALSE,61,TRUE,TRUE,No,,,,,,,Two year,FALSE,Mailed check,24.39999962,1417.900024,FALSE
455,8313-NDOIA,Female,FALSE,FALSE,FALSE,24,TRUE,TRUE,Fiber optic,FALSE,TRUE,TRUE,FALSE,TRUE,TRUE,Month-to-month,TRUE,Electronic check,104.1500015,2494.649902,FALSE
456,5149-CUZUJ,Male,FALSE,TRUE,TRUE,28,TRUE,FALSE,Fiber optic,FALSE,TRUE,TRUE,TRUE,TRUE,FALSE,One year,FALSE,Bank transfer (automatic),92.90000153,2768.350098,FALSE
457,0942-KOWSM,Female,FALSE,TRUE,TRUE,30,TRUE,FALSE,DSL,FALSE,TRUE,TRUE,TRUE,TRUE,TRUE,Two year,FALSE,Bank transfer (automatic),80.80000305,2369.300049,FALSE
458,4237-CLSMM,Male,FALSE,TRUE,FALSE,2,TRUE,FALSE,No,,,,,,,Month-to-month,FALSE,Mailed check,20,38,FALSE
459,1452-VOQCH,Male,FALSE,FALSE,FALSE,1,TRUE,TRUE,Fiber optic,FALSE,FALSE,FALSE,FALSE,FALSE,FALSE,Month-to-month,TRUE,Electronic check,75.09999847,75.09999847,FALSE
460,4719-UMSIY,Male,FALSE,FALSE,TRUE,6,TRUE,FALSE,No,,,,,,,Month-to-month,FALSE,Mailed check,19.64999962,100.9000015,FALSE
461,6614-VBEGU,Female,FALSE,TRUE,FALSE,24,TRUE,FALSE,DSL,FALSE,TRUE,FALSE,FALSE,TRUE,TRUE,Month-to-month,TRUE,Bank transfer (automatic),69.44999695,1614.050049,FALSE
462,0880-TKATG,Male,FALSE,TRUE,TRUE,4,TRUE,TRUE,Fiber optic,FALSE,FALSE,TRUE,FALSE,TRUE,TRUE,Month-to-month,FALSE,Electronic check,101.1500015,385.8999939,TRUE
463,3811-VBYBZ,Male,FALSE,FALSE,FALSE,7,TRUE,TRUE,Fiber optic,FALSE,TRUE,FALSE,FALSE,TRUE,TRUE,Month-to-month,TRUE,Electronic check,99.80000305,673.25,TRUE
464,1480-BKXGA,Male,TRUE,TRUE,FALSE,72,TRUE,TRUE,Fiber optic,TRUE,TRUE,TRUE,TRUE,TRUE,TRUE,Two year,TRUE,Bank transfer (automatic),116.0500031,8404.900391,FALSE
465,2996-XAUVF,Male,FALSE,FALSE,FALSE,70,FALSE,,DSL,FALSE,FALSE,FALSE,TRUE,FALSE,TRUE,Two year,TRUE,Mailed check,40.04999924,2799.75,FALSE
466,9076-AXYIK,Male,TRUE,TRUE,FALSE,64,TRUE,TRUE,Fiber optic,FALSE,FALSE,TRUE,TRUE,TRUE,TRUE,Two year,FALSE,Electronic check,102.0999985,6538.450195,FALSE
467,5968-XQIVE,Male,FALSE,TRUE,TRUE,72,TRUE,TRUE,Fiber optic,FALSE,TRUE,FALSE,FALSE,TRUE,FALSE,One year,TRUE,Electronic check,89.69999695,6588.950195,FALSE
468,8896-RAZCR,Female,FALSE,FALSE,TRUE,44,TRUE,FALSE,No,,,,,,,Two year,FALSE,Mailed check,19.89999962,868.0999756,FALSE
469,4640-UHDOS,Female,FALSE,TRUE,TRUE,13,TRUE,FALSE,DSL,FALSE,FALSE,FALSE,FALSE,FALSE,TRUE,Month-to-month,FALSE,Electronic check,55.95000076,734.3499756,TRUE
470,4933-IKULF,Female,TRUE,FALSE,FALSE,17,TRUE,FALSE,No,,,,,,,One year,FALSE,Mailed check,20.64999962,330.6000061,FALSE
471,3583-EKAPL,Male,FALSE,FALSE,FALSE,1,TRUE,FALSE,DSL,FALSE,FALSE,FALSE,FALSE,FALSE,TRUE,Month-to-month,TRUE,Electronic check,55,55,TRUE
472,1304-BCCFO,Male,FALSE,TRUE,FALSE,9,TRUE,FALSE,DSL,FALSE,FALSE,TRUE,FALSE,TRUE,TRUE,Month-to-month,TRUE,Mailed check,70.05000305,564.4000244,FALSE
473,4104-PVRPS,Male,FALSE,TRUE,FALSE,24,TRUE,FALSE,DSL,TRUE,FALSE,FALSE,TRUE,FALSE,FALSE,Month-to-month,FALSE,Mailed check,53.59999847,1315.349976,FALSE
474,9399-APLBT,Female,FALSE,TRUE,TRUE,1,TRUE,FALSE,Fiber optic,FALSE,TRUE,FALSE,FALSE,FALSE,FALSE,Month-to-month,TRUE,Electronic check,74.69999695,74.69999695,TRUE
475,2359-KMGLI,Male,FALSE,FALSE,FALSE,24,TRUE,TRUE,Fiber optic,FALSE,TRUE,FALSE,FALSE,FALSE,FALSE,Month-to-month,TRUE,Electronic check,80.25,1861.5,TRUE
476,3780-DDGSE,Male,TRUE,TRUE,TRUE,35,TRUE,FALSE,DSL,FALSE,TRUE,FALSE,TRUE,TRUE,TRUE,Month-to-month,TRUE,Electronic check,76.05000305,2747.199951,FALSE
477,4431-EDMIQ,Female,FALSE,TRUE,TRUE,7,TRUE,FALSE,DSL,TRUE,TRUE,TRUE,TRUE,TRUE,FALSE,Month-to-month,TRUE,Electronic check,75.69999695,554.0499878,FALSE
478,0306-JAELE,Male,FALSE,FALSE,FALSE,5,TRUE,FALSE,Fiber optic,FALSE,FALSE,FALSE,TRUE,TRUE,TRUE,Month-to-month,TRUE,Electronic check,96.09999847,453.3999939,TRUE
479,6227-HWPWX,Female,FALSE,FALSE,TRUE,15,TRUE,FALSE,Fiber optic,FALSE,FALSE,FALSE,FALSE,FALSE,FALSE,Month-to-month,FALSE,Bank transfer (automatic),69,994.7999878,TRUE
480,0486-LGCCH,Male,FALSE,TRUE,TRUE,11,TRUE,FALSE,No,,,,,,,Two year,FALSE,Mailed check,19.64999962,225.75,FALSE
481,0447-BEMNG,Female,FALSE,TRUE,FALSE,48,FALSE,,DSL,TRUE,FALSE,TRUE,FALSE,FALSE,TRUE,Month-to-month,TRUE,Bank transfer (automatic),45.29999924,2145,TRUE
482,4612-SSVHJ,Female,TRUE,FALSE,FALSE,20,TRUE,FALSE,Fiber optic,FALSE,FALSE,FALSE,FALSE,FALSE,TRUE,Month-to-month,TRUE,Electronic check,81.44999695,1671.599976,FALSE
483,5168-MQQCA,Female,FALSE,TRUE,FALSE,72,TRUE,TRUE,Fiber optic,FALSE,TRUE,TRUE,TRUE,TRUE,TRUE,One year,TRUE,Bank transfer (automatic),108.5,8003.799805,FALSE
484,5949-XIKAE,Female,FALSE,TRUE,TRUE,8,TRUE,FALSE,Fiber optic,FALSE,TRUE,FALSE,FALSE,TRUE,FALSE,Month-to-month,TRUE,Electronic check,83.55000305,680.0499878,TRUE
485,7971-HLVXI,Male,FALSE,TRUE,TRUE,72,TRUE,TRUE,Fiber optic,FALSE,FALSE,FALSE,FALSE,FALSE,TRUE,Two year,TRUE,Credit card (automatic),84.5,6130.850098,FALSE
486,9094-AZPHK,Female,FALSE,FALSE,FALSE,15,TRUE,TRUE,Fiber optic,FALSE,TRUE,FALSE,FALSE,TRUE,TRUE,Month-to-month,TRUE,Electronic check,100.1500015,1415,FALSE
487,3649-JPUGY,Male,FALSE,FALSE,FALSE,72,TRUE,TRUE,DSL,FALSE,TRUE,TRUE,TRUE,TRUE,TRUE,Two year,TRUE,Bank transfer (automatic),88.59999847,6201.950195,FALSE
488,4472-LVYGI,Female,FALSE,TRUE,TRUE,0,FALSE,,DSL,TRUE,FALSE,TRUE,TRUE,TRUE,FALSE,Two year,TRUE,Bank transfer (automatic),52.54999924,,FALSE
489,8372-JUXUI,Male,FALSE,FALSE,TRUE,1,TRUE,TRUE,Fiber optic,FALSE,FALSE,FALSE,FALSE,FALSE,FALSE,Month-to-month,TRUE,Electronic check,74.34999847,74.34999847,TRUE
490,3552-CTCYF,Male,FALSE,TRUE,TRUE,63,TRUE,TRUE,Fiber optic,FALSE,TRUE,TRUE,FALSE,TRUE,TRUE,Two year,TRUE,Bank transfer (automatic),104.8000031,6597.25,FALSE
491,6778-YSNIH,Female,FALSE,FALSE,FALSE,2,TRUE,FALSE,DSL,FALSE,TRUE,FALSE,FALSE,TRUE,FALSE,Month-to-month,TRUE,Electronic check,59,114.1500015,FALSE
492,0388-EOPEX,Female,FALSE,TRUE,FALSE,2,TRUE,FALSE,Fiber optic,TRUE,FALSE,FALSE,FALSE,FALSE,FALSE,Month-to-month,TRUE,Electronic check,74.40000153,139.3999939,TRUE
493,5756-OZRIO,Male,TRUE,TRUE,FALSE,61,TRUE,TRUE,DSL,FALSE,TRUE,FALSE,FALSE,FALSE,TRUE,One year,FALSE,Bank transfer (automatic),64.05000305,3902.600098,FALSE
494,6579-JPICP,Male,FALSE,FALSE,FALSE,1,TRUE,FALSE,No,,,,,,,Month-to-month,FALSE,Mailed check,20.39999962,20.39999962,FALSE
495,8205-OTCHB,Male,FALSE,FALSE,FALSE,22,FALSE,,DSL,FALSE,TRUE,TRUE,FALSE,FALSE,TRUE,One year,TRUE,Bank transfer (automatic),43.75,903.5999756,TRUE
496,4134-BSXLX,Male,FALSE,TRUE,FALSE,28,TRUE,FALSE,DSL,TRUE,TRUE,FALSE,TRUE,FALSE,FALSE,Month-to-month,FALSE,Mailed check,60.90000153,1785.650024,FALSE
497,0505-SPOOW,Female,FALSE,TRUE,FALSE,70,TRUE,FALSE,No,,,,,,,Two year,FALSE,Bank transfer (automatic),19.79999924,1397.650024,FALSE
498,6235-VDHOM,Female,TRUE,FALSE,FALSE,5,FALSE,,DSL,FALSE,TRUE,FALSE,FALSE,FALSE,FALSE,Month-to-month,FALSE,Electronic check,28.45000076,131.0500031,TRUE
499,7783-YKGDV,Female,FALSE,FALSE,FALSE,12,TRUE,TRUE,Fiber optic,TRUE,TRUE,TRUE,FALSE,FALSE,TRUE,Month-to-month,TRUE,Bank transfer (automatic),99.69999695,1238.449951,TRUE
500,4374-YMUSQ,Male,FALSE,FALSE,FALSE,34,TRUE,TRUE,Fiber optic,TRUE,TRUE,TRUE,TRUE,TRUE,TRUE,One year,FALSE,Credit card (automatic),116.25,3899.050049,FALSE
501,4513-CXYIX,Female,TRUE,TRUE,FALSE,71,TRUE,TRUE,Fiber optic,TRUE,FALSE,FALSE,FALSE,FALSE,FALSE,Two year,TRUE,Credit card (automatic),80.69999695,5676,FALSE
502,3957-HHLMR,Female,FALSE,TRUE,TRUE,70,TRUE,TRUE,DSL,TRUE,FALSE,FALSE,FALSE,FALSE,TRUE,One year,FALSE,Bank transfer (automatic),65.19999695,4543.149902,FALSE
503,7803-XOCCZ,Female,FALSE,TRUE,TRUE,52,TRUE,FALSE,Fiber optic,TRUE,FALSE,TRUE,TRUE,FALSE,FALSE,Month-to-month,TRUE,Bank transfer (automatic),84.05000305,4326.799805,FALSE
504,5736-YEJAX,Male,FALSE,FALSE,TRUE,69,TRUE,TRUE,DSL,TRUE,TRUE,TRUE,TRUE,TRUE,FALSE,Two year,TRUE,Credit card (automatic),79.44999695,5502.549805,FALSE
505,5609-CEBID,Female,TRUE,FALSE,FALSE,20,TRUE,TRUE,Fiber optic,FALSE,TRUE,TRUE,FALSE,FALSE,TRUE,Month-to-month,TRUE,Electronic check,94.09999847,1782.400024,TRUE
506,8981-FJGLA,Male,FALSE,FALSE,TRUE,11,TRUE,TRUE,Fiber optic,FALSE,FALSE,TRUE,FALSE,FALSE,FALSE,Month-to-month,TRUE,Mailed check,78,851.7999878,FALSE
507,7218-HKQFK,Male,FALSE,TRUE,FALSE,2,TRUE,FALSE,Fiber optic,FALSE,FALSE,FALSE,TRUE,TRUE,TRUE,Month-to-month,TRUE,Electronic check,94.19999695,167.5,TRUE
508,4636-QRJKY,Female,FALSE,TRUE,TRUE,6,TRUE,TRUE,Fiber optic,FALSE,FALSE,FALSE,TRUE,FALSE,FALSE,Month-to-month,TRUE,Electronic check,80.5,502.8500061,TRUE
509,1135-LMECX,Female,FALSE,FALSE,FALSE,1,TRUE,FALSE,No,,,,,,,Month-to-month,FALSE,Mailed check,19.85000038,19.85000038,FALSE
510,4332-MUOEZ,Male,TRUE,TRUE,TRUE,20,TRUE,FALSE,Fiber optic,TRUE,FALSE,TRUE,TRUE,FALSE,TRUE,One year,FALSE,Credit card (automatic),94.30000305,1818.300049,FALSE
511,8535-SFUTN,Male,FALSE,FALSE,FALSE,61,TRUE,TRUE,Fiber optic,TRUE,FALSE,TRUE,FALSE,TRUE,TRUE,Month-to-month,TRUE,Electronic check,106.4499969,6300.149902,FALSE
512,5956-VKDTT,Female,TRUE,TRUE,FALSE,5,TRUE,TRUE,Fiber optic,FALSE,FALSE,FALSE,FALSE,FALSE,FALSE,Month-to-month,TRUE,Electronic check,74.34999847,334.7999878,TRUE
513,8677-HDZEE,Female,FALSE,FALSE,FALSE,56,TRUE,TRUE,Fiber optic,FALSE,TRUE,FALSE,TRUE,TRUE,TRUE,Month-to-month,TRUE,Bank transfer (automatic),105.4499969,5916.950195,FALSE
514,2475-MROZF,Male,FALSE,FALSE,FALSE,30,TRUE,TRUE,Fiber optic,TRUE,TRUE,TRUE,TRUE,FALSE,FALSE,Month-to-month,TRUE,Credit card (automatic),95,2852.399902,FALSE
515,9412-GHEEC,Male,FALSE,FALSE,FALSE,40,TRUE,TRUE,Fiber optic,FALSE,FALSE,TRUE,TRUE,TRUE,TRUE,Month-to-month,FALSE,Bank transfer (automatic),104.8000031,4131.950195,TRUE
516,3482-ABPKK,Female,FALSE,FALSE,FALSE,28,TRUE,FALSE,DSL,TRUE,FALSE,FALSE,TRUE,FALSE,FALSE,One year,FALSE,Mailed check,54.29999924,1546.300049,FALSE
517,6705-LXORM,Female,TRUE,TRUE,FALSE,5,TRUE,FALSE,Fiber optic,FALSE,FALSE,FALSE,FALSE,FALSE,FALSE,Month-to-month,FALSE,Electronic check,70.05000305,302.6000061,FALSE
518,0257-ZESQC,Female,TRUE,TRUE,FALSE,27,TRUE,FALSE,Fiber optic,TRUE,FALSE,FALSE,FALSE,FALSE,FALSE,Month-to-month,TRUE,Bank transfer (automatic),75.19999695,1929.349976,TRUE
519,7531-GQHME,Male,FALSE,FALSE,FALSE,12,TRUE,FALSE,No,,,,,,,Month-to-month,FALSE,Credit card (automatic),20.04999924,265.4500122,FALSE
520,5174-ITUMV,Male,FALSE,TRUE,TRUE,67,TRUE,TRUE,Fiber optic,FALSE,TRUE,TRUE,FALSE,TRUE,TRUE,One year,TRUE,Electronic check,105.4000015,6989.450195,FALSE
521,4109-CYRBD,Male,TRUE,TRUE,FALSE,29,TRUE,TRUE,DSL,FALSE,FALSE,FALSE,FALSE,FALSE,FALSE,Month-to-month,TRUE,Electronic check,51.59999847,1442,FALSE
522,0913-XWSCN,Male,FALSE,TRUE,TRUE,55,TRUE,TRUE,Fiber optic,FALSE,FALSE,FALSE,FALSE,FALSE,TRUE,Month-to-month,FALSE,Bank transfer (automatic),85.5,4713.399902,FALSE
523,6825-UYPFK,Female,FALSE,FALSE,FALSE,23,TRUE,TRUE,Fiber optic,FALSE,FALSE,FALSE,FALSE,FALSE,FALSE,Month-to-month,FALSE,Bank transfer (automatic),75.59999847,1758.599976,TRUE
524,8397-MVTAZ,Male,FALSE,TRUE,FALSE,34,TRUE,TRUE,Fiber optic,FALSE,FALSE,TRUE,FALSE,TRUE,TRUE,Month-to-month,TRUE,Electronic check,100.0500031,3480,TRUE
525,0750-EBAIU,Male,FALSE,FALSE,FALSE,52,TRUE,FALSE,Fiber optic,TRUE,FALSE,TRUE,FALSE,TRUE,FALSE,One year,FALSE,Electronic check,91.25,4738.299805,FALSE
526,8606-CIQUL,Male,TRUE,TRUE,TRUE,72,TRUE,TRUE,Fiber optic,TRUE,TRUE,TRUE,TRUE,TRUE,TRUE,Two year,TRUE,Credit card (automatic),115.75,8399.150391,FALSE
527,3571-DPYUH,Male,FALSE,TRUE,TRUE,58,TRUE,TRUE,Fiber optic,FALSE,TRUE,FALSE,TRUE,TRUE,FALSE,One year,TRUE,Credit card (automatic),94.69999695,5430.350098,FALSE
528,7601-GNDYK,Male,FALSE,TRUE,TRUE,35,TRUE,FALSE,No,,,,,,,Two year,FALSE,Mailed check,19.60000038,686.9500122,FALSE
529,0356-OBMAC,Female,TRUE,FALSE,FALSE,56,TRUE,TRUE,Fiber optic,FALSE,TRUE,TRUE,TRUE,TRUE,FALSE,Two year,TRUE,Bank transfer (automatic),99.90000153,5706.299805,FALSE
530,8067-NIOYM,Female,FALSE,TRUE,TRUE,24,TRUE,FALSE,No,,,,,,,Two year,TRUE,Credit card (automatic),21.10000038,490.6499939,FALSE
531,1403-GYAFU,Male,FALSE,TRUE,TRUE,70,TRUE,FALSE,No,,,,,,,Two year,FALSE,Credit card (automatic),20.04999924,1360.25,FALSE
532,4234-XTNEA,Male,FALSE,FALSE,FALSE,2,TRUE,FALSE,Fiber optic,FALSE,FALSE,FALSE,FALSE,TRUE,FALSE,Month-to-month,TRUE,Electronic check,79.94999695,174.4499969,FALSE
533,1297-VQDRP,Male,TRUE,TRUE,TRUE,68,TRUE,TRUE,Fiber optic,FALSE,FALSE,TRUE,TRUE,TRUE,TRUE,One year,TRUE,Credit card (automatic),107.1500015,7379.799805,FALSE
534,,Female,FALSE,FALSE,FALSE,1,TRUE,TRUE,Fiber optic,FALSE,FALSE,FALSE,FALSE,FALSE,TRUE,Month-to-month,TRUE,Electronic check,85,85,TRUE
535,5348-CAGXB,Male,FALSE,FALSE,FALSE,12,TRUE,TRUE,Fiber optic,FALSE,FALSE,TRUE,FALSE,TRUE,FALSE,Month-to-month,TRUE,Electronic check,89.55000305,1021.75,FALSE
536,0621-HJWXJ,Female,FALSE,TRUE,FALSE,63,TRUE,TRUE,Fiber optic,FALSE,TRUE,FALSE,FALSE,FALSE,FALSE,Month-to-month,TRUE,Bank transfer (automatic),81.55000305,5029.049805,FALSE
537,5844-QVTAT,Female,FALSE,TRUE,TRUE,33,TRUE,FALSE,DSL,TRUE,TRUE,TRUE,FALSE,FALSE,FALSE,One year,TRUE,Mailed check,58.45000076,1955.400024,FALSE
538,8905-IAZPF,Female,FALSE,TRUE,FALSE,69,TRUE,FALSE,Fiber optic,FALSE,TRUE,FALSE,FALSE,TRUE,TRUE,One year,TRUE,Credit card (automatic),95.65000153,6744.200195,FALSE
539,5394-MEITZ,Female,FALSE,TRUE,TRUE,60,TRUE,FALSE,DSL,FALSE,TRUE,TRUE,TRUE,TRUE,TRUE,Two year,TRUE,Bank transfer (automatic),80.59999847,4946.700195,FALSE
540,6859-QNXIQ,Female,FALSE,TRUE,TRUE,72,TRUE,TRUE,Fiber optic,TRUE,TRUE,TRUE,TRUE,TRUE,TRUE,Two year,TRUE,Bank transfer (automatic),113.0999985,8248.5,FALSE
541,2782-LFZVW,Female,FALSE,FALSE,FALSE,11,TRUE,TRUE,DSL,FALSE,FALSE,FALSE,FALSE,FALSE,TRUE,Month-to-month,TRUE,Mailed check,58.95000076,601.5999756,FALSE
542,2866-IKBTM,Female,FALSE,FALSE,FALSE,1,TRUE,FALSE,No,,,,,,,Month-to-month,FALSE,Mailed check,19.54999924,19.54999924,FALSE
543,1342-JPNKI,Male,FALSE,FALSE,FALSE,10,TRUE,TRUE,Fiber optic,FALSE,FALSE,FALSE,FALSE,TRUE,FALSE,Month-to-month,TRUE,Bank transfer (automatic),86.05000305,834.0999756,TRUE
544,2817-NTQDO,Male,FALSE,FALSE,FALSE,13,FALSE,,DSL,TRUE,FALSE,FALSE,TRUE,TRUE,FALSE,Month-to-month,TRUE,Credit card (automatic),45.54999924,597,TRUE
545,7129-AZJDE,Male,FALSE,TRUE,TRUE,34,TRUE,FALSE,Fiber optic,FALSE,FALSE,FALSE,FALSE,FALSE,TRUE,One year,TRUE,Bank transfer (automatic),78.94999695,2647.199951,FALSE
546,6986-IJDHX,Male,FALSE,TRUE,TRUE,39,TRUE,FALSE,Fiber optic,FALSE,TRUE,FALSE,FALSE,TRUE,FALSE,Month-to-month,TRUE,Mailed check,86.30000305,3266,TRUE
547,2560-PPCHE,Female,FALSE,FALSE,FALSE,65,TRUE,TRUE,Fiber optic,FALSE,TRUE,FALSE,TRUE,TRUE,TRUE,One year,TRUE,Bank transfer (automatic),105.0500031,6744.25,FALSE
548,4676-MQUEA,Male,TRUE,TRUE,FALSE,50,TRUE,TRUE,Fiber optic,TRUE,TRUE,TRUE,FALSE,TRUE,FALSE,One year,TRUE,Bank transfer (automatic),101.9000015,5265.5,FALSE
549,8138-EALND,Male,FALSE,FALSE,FALSE,15,TRUE,FALSE,No,,,,,,,Month-to-month,FALSE,Mailed check,19.75,311.6000061,FALSE
550,3580-HYCSP,Male,FALSE,TRUE,TRUE,72,TRUE,TRUE,Fiber optic,TRUE,TRUE,TRUE,FALSE,TRUE,TRUE,Two year,TRUE,Bank transfer (automatic),110.3000031,7966.899902,FALSE
551,1352-HNSAW,Female,FALSE,TRUE,TRUE,72,TRUE,TRUE,Fiber optic,TRUE,TRUE,TRUE,TRUE,TRUE,TRUE,Two year,TRUE,Bank transfer (automatic),115.5999985,8220.400391,FALSE
552,2075-PUEPR,Male,FALSE,TRUE,TRUE,55,TRUE,FALSE,No,,,,,,,Two year,FALSE,Bank transfer (automatic),19.35000038,1153.25,FALSE
553,1982-FEBTD,Female,FALSE,TRUE,TRUE,23,TRUE,TRUE,No,,,,,,,Two year,TRUE,Credit card (automatic),25.60000038,514.75,FALSE
554,5301-GAUUY,Male,FALSE,FALSE,FALSE,32,TRUE,TRUE,Fiber optic,FALSE,TRUE,FALSE,FALSE,FALSE,FALSE,Month-to-month,TRUE,Bank transfer (automatic),80.34999847,2596.149902,TRUE
555,5791-KAJFD,Female,FALSE,TRUE,TRUE,56,TRUE,TRUE,DSL,TRUE,FALSE,TRUE,FALSE,FALSE,TRUE,One year,TRUE,Bank transfer (automatic),68.75,3808,FALSE
556,2654-VBVPB,Female,FALSE,FALSE,FALSE,1,TRUE,FALSE,No,,,,,,,Month-to-month,FALSE,Bank transfer (automatic),19.89999962,19.89999962,FALSE
557,1154-HYWWO,Male,FALSE,FALSE,FALSE,38,TRUE,FALSE,DSL,TRUE,TRUE,FALSE,TRUE,TRUE,FALSE,One year,FALSE,Mailed check,70.59999847,2708.199951,FALSE
558,2501-XWWTZ,Male,FALSE,FALSE,FALSE,11,TRUE,FALSE,Fiber optic,FALSE,FALSE,FALSE,FALSE,FALSE,FALSE,Month-to-month,FALSE,Electronic check,70.19999695,760.0499878,FALSE
559,3716-UVSPD,Male,FALSE,FALSE,FALSE,1,TRUE,FALSE,DSL,FALSE,FALSE,FALSE,TRUE,FALSE,FALSE,Month-to-month,TRUE,Electronic check,49.29999924,49.29999924,FALSE
560,6815-ABQFQ,Male,FALSE,TRUE,FALSE,56,TRUE,TRUE,Fiber optic,FALSE,TRUE,FALSE,TRUE,TRUE,TRUE,One year,TRUE,Electronic check,107.25,6033.299805,FALSE
561,7343-EOBEU,Male,FALSE,TRUE,FALSE,3,TRUE,TRUE,No,,,,,,,Month-to-month,TRUE,Mailed check,23.60000038,89.05000305,FALSE
562,3701-SFMUH,Male,FALSE,TRUE,TRUE,7,TRUE,FALSE,DSL,TRUE,FALSE,FALSE,FALSE,TRUE,TRUE,Month-to-month,FALSE,Credit card (automatic),69.69999695,516.1500244,FALSE
563,6103-LIANB,Male,FALSE,TRUE,TRUE,59,TRUE,TRUE,Fiber optic,FALSE,FALSE,TRUE,FALSE,TRUE,TRUE,Two year,TRUE,Credit card (automatic),99.5,5861.75,FALSE
564,7319-VENRZ,Male,FALSE,FALSE,FALSE,7,TRUE,FALSE,DSL,FALSE,FALSE,TRUE,TRUE,TRUE,FALSE,Month-to-month,FALSE,Bank transfer (automatic),64.30000305,445.9500122,FALSE
565,5846-NEQVZ,Male,FALSE,TRUE,TRUE,71,TRUE,FALSE,DSL,TRUE,FALSE,TRUE,TRUE,FALSE,TRUE,Two year,TRUE,Credit card (automatic),70.84999847,4973.399902,FALSE
566,6967-QIQRV,Male,FALSE,TRUE,TRUE,15,TRUE,FALSE,Fiber optic,TRUE,FALSE,FALSE,TRUE,TRUE,TRUE,One year,FALSE,Electronic check,101.9000015,1667.25,FALSE
567,5781-RFZRP,Male,FALSE,TRUE,FALSE,71,TRUE,TRUE,DSL,TRUE,TRUE,FALSE,TRUE,TRUE,FALSE,Two year,FALSE,Credit card (automatic),73.5,5357.75,FALSE
568,0939-YAPAF,Female,FALSE,FALSE,FALSE,35,TRUE,TRUE,Fiber optic,FALSE,FALSE,TRUE,FALSE,TRUE,TRUE,Month-to-month,TRUE,Electronic check,100.25,3527.600098,TRUE
569,0308-IVGOK,Female,FALSE,FALSE,FALSE,11,FALSE,,DSL,FALSE,TRUE,TRUE,TRUE,FALSE,FALSE,One year,TRUE,Credit card (automatic),40.40000153,422.6000061,FALSE
570,7293-LSCDV,Female,FALSE,TRUE,TRUE,60,TRUE,FALSE,No,,,,,,,Two year,TRUE,Credit card (automatic),19.25,1103.25,FALSE
571,7025-WCBNE,Male,TRUE,FALSE,FALSE,47,TRUE,TRUE,DSL,FALSE,TRUE,FALSE,TRUE,FALSE,FALSE,Two year,FALSE,Bank transfer (automatic),59.59999847,2754,FALSE
572,5756-JYOJT,Female,FALSE,FALSE,FALSE,11,TRUE,FALSE,DSL,FALSE,FALSE,TRUE,TRUE,FALSE,TRUE,One year,FALSE,Credit card (automatic),64.90000153,697.25,FALSE
573,4710-FDUIZ,Male,FALSE,TRUE,FALSE,56,TRUE,TRUE,Fiber optic,FALSE,TRUE,FALSE,FALSE,TRUE,TRUE,One year,FALSE,Credit card (automatic),100.3000031,5614.450195,TRUE
574,6030-REHUX,Female,TRUE,TRUE,FALSE,28,TRUE,TRUE,Fiber optic,FALSE,TRUE,TRUE,TRUE,TRUE,TRUE,Month-to-month,TRUE,Electronic check,110.8499985,3204.399902,FALSE
575,9548-LIGTA,Male,FALSE,TRUE,FALSE,61,TRUE,FALSE,DSL,TRUE,TRUE,FALSE,TRUE,TRUE,TRUE,Two year,TRUE,Mailed check,81.05000305,4747.649902,FALSE
576,5150-LJNSR,Male,FALSE,TRUE,TRUE,31,TRUE,TRUE,Fiber optic,TRUE,FALSE,TRUE,FALSE,TRUE,FALSE,One year,FALSE,Bank transfer (automatic),98.05000305,3082.100098,FALSE
577,8270-RKSAP,Male,FALSE,FALSE,FALSE,9,TRUE,FALSE,Fiber optic,FALSE,FALSE,FALSE,FALSE,FALSE,FALSE,Month-to-month,TRUE,Electronic check,70.5,597.9000244,FALSE
578,6522-YRBXD,Male,TRUE,TRUE,FALSE,35,TRUE,TRUE,Fiber optic,TRUE,TRUE,FALSE,FALSE,FALSE,TRUE,Month-to-month,TRUE,Electronic check,94.55000305,3365.399902,FALSE
579,2640-LYMOV,Male,FALSE,FALSE,FALSE,2,TRUE,FALSE,No,,,,,,,Month-to-month,TRUE,Mailed check,19.64999962,38.79999924,FALSE
580,1218-VKFPE,Female,FALSE,TRUE,TRUE,12,TRUE,FALSE,No,,,,,,,Month-to-month,FALSE,Mailed check,19,233.5500031,TRUE
581,3627-FHKBK,Female,FALSE,FALSE,FALSE,1,TRUE,FALSE,Fiber optic,TRUE,FALSE,FALSE,FALSE,FALSE,FALSE,Month-to-month,FALSE,Mailed check,75.30000305,75.30000305,TRUE
582,2865-TCHJW,Female,TRUE,FALSE,FALSE,4,TRUE,TRUE,Fiber optic,FALSE,FALSE,TRUE,FALSE,TRUE,FALSE,Month-to-month,TRUE,Electronic check,89.19999695,346.2000122,TRUE
583,1423-BMPBQ,Female,FALSE,TRUE,TRUE,1,TRUE,FALSE,No,,,,,,,Month-to-month,TRUE,Mailed check,19,19,FALSE
584,2393-DIVAI,Female,FALSE,FALSE,FALSE,3,TRUE,FALSE,No,,,,,,,Month-to-month,TRUE,Mailed check,20,61.70000076,FALSE
585,5192-EBGOV,Female,TRUE,FALSE,FALSE,1,TRUE,TRUE,Fiber optic,FALSE,FALSE,FALSE,FALSE,TRUE,FALSE,Month-to-month,TRUE,Electronic check,85.69999695,85.69999695,TRUE
586,4568-KNYWR,Male,FALSE,FALSE,FALSE,52,TRUE,FALSE,DSL,TRUE,TRUE,FALSE,FALSE,TRUE,FALSE,Two year,TRUE,Credit card (automatic),63.25,3342.449951,FALSE
587,8752-IMQOS,Male,FALSE,TRUE,TRUE,5,TRUE,FALSE,No,,,,,,,One year,FALSE,Mailed check,20.10000038,85.09999847,FALSE
588,0742-LAFQK,Male,FALSE,TRUE,FALSE,72,TRUE,TRUE,Fiber optic,TRUE,TRUE,TRUE,FALSE,FALSE,TRUE,Two year,TRUE,Electronic check,99.15000153,7422.100098,FALSE
589,0795-LAFGP,Male,FALSE,TRUE,TRUE,71,TRUE,TRUE,DSL,TRUE,TRUE,TRUE,TRUE,TRUE,TRUE,Two year,FALSE,Electronic check,90.40000153,6668.049805,FALSE
590,0619-OLYUR,Male,FALSE,TRUE,FALSE,72,TRUE,TRUE,Fiber optic,TRUE,FALSE,TRUE,TRUE,TRUE,TRUE,Two year,TRUE,Credit card (automatic),111.9000015,8071.049805,FALSE
591,5512-IDZEI,Male,FALSE,TRUE,TRUE,46,TRUE,TRUE,No,,,,,,,One year,FALSE,Electronic check,24.89999962,1174.800049,FALSE
592,0459-SPZHJ,Male,FALSE,TRUE,TRUE,63,TRUE,TRUE,DSL,TRUE,TRUE,TRUE,FALSE,TRUE,TRUE,Two year,FALSE,Credit card (automatic),83.5,5435,FALSE
593,0215-BQKGS,Male,FALSE,FALSE,FALSE,30,TRUE,FALSE,Fiber optic,TRUE,TRUE,TRUE,FALSE,FALSE,FALSE,Month-to-month,TRUE,Credit card (automatic),84.30000305,2438.600098,FALSE
594,9244-ZVAPM,Male,FALSE,FALSE,FALSE,1,TRUE,,DSL,FALSE,FALSE,FALSE,FALSE,FALSE,FALSE,Month-to-month,FALSE,Mailed check,45.59999847,45.59999847,FALSE
595,0719-SYFRB,Female,FALSE,FALSE,FALSE,12,TRUE,TRUE,DSL,TRUE,FALSE,TRUE,TRUE,FALSE,FALSE,Month-to-month,TRUE,Mailed check,61.65000153,713.75,TRUE
596,8208-EUMTE,Male,FALSE,FALSE,FALSE,16,FALSE,,DSL,TRUE,TRUE,TRUE,TRUE,TRUE,FALSE,Two year,FALSE,Mailed check,54.84999847,916.1500244,FALSE
597,5172-MIGPM,Male,FALSE,FALSE,FALSE,4,TRUE,TRUE,DSL,FALSE,FALSE,FALSE,TRUE,FALSE,TRUE,Month-to-month,FALSE,Mailed check,65.55000305,237.1999969,FALSE
598,1710-RCXUS,Male,FALSE,TRUE,FALSE,51,TRUE,TRUE,Fiber optic,FALSE,TRUE,FALSE,FALSE,FALSE,TRUE,One year,TRUE,Credit card (automatic),90.34999847,4614.549805,FALSE
599,0374-FIUCA,Male,FALSE,TRUE,FALSE,65,TRUE,FALSE,No,,,,,,,Two year,TRUE,Credit card (automatic),20.39999962,1414.449951,FALSE
600,5839-SUYVZ,Male,FALSE,FALSE,FALSE,16,TRUE,FALSE,Fiber optic,FALSE,FALSE,FALSE,TRUE,FALSE,FALSE,Month-to-month,TRUE,Credit card (automatic),74.55000305,1170.5,FALSE
601,5173-ZXXXL,Male,FALSE,FALSE,FALSE,2,TRUE,FALSE,No,,,,,,,One year,FALSE,Mailed check,19.95000076,47.70000076,FALSE
602,1096-ADRUX,Female,FALSE,TRUE,TRUE,66,TRUE,TRUE,Fiber optic,FALSE,FALSE,FALSE,FALSE,FALSE,FALSE,One year,TRUE,Bank transfer (automatic),74.25,4859.25,FALSE
603,2001-MCUUW,Male,FALSE,FALSE,FALSE,46,TRUE,TRUE,Fiber optic,FALSE,TRUE,TRUE,TRUE,TRUE,TRUE,Two year,FALSE,Electronic check,108.6500015,4903.200195,FALSE
604,2731-GJRDG,Female,FALSE,FALSE,FALSE,32,TRUE,TRUE,Fiber optic,TRUE,FALSE,TRUE,TRUE,TRUE,TRUE,One year,TRUE,Bank transfer (automatic),109.5500031,3608,FALSE
605,4723-BEGSG,Male,FALSE,TRUE,FALSE,72,TRUE,TRUE,DSL,TRUE,FALSE,TRUE,TRUE,TRUE,TRUE,Two year,FALSE,Credit card (automatic),86.65000153,6094.25,FALSE
606,6516-NKQBO,Male,FALSE,TRUE,TRUE,38,TRUE,FALSE,DSL,TRUE,FALSE,TRUE,TRUE,TRUE,TRUE,Two year,FALSE,Credit card (automatic),81,3084.899902,FALSE
607,8672-OAUPW,Male,FALSE,FALSE,TRUE,51,TRUE,FALSE,DSL,FALSE,FALSE,FALSE,TRUE,FALSE,FALSE,One year,FALSE,Credit card (automatic),47.84999847,2356.75,FALSE
608,8207-DMRVL,Male,FALSE,TRUE,TRUE,72,TRUE,TRUE,Fiber optic,TRUE,TRUE,TRUE,TRUE,TRUE,TRUE,Two year,FALSE,Bank transfer (automatic),114.5500031,8306.049805,FALSE
609,3419-SNJJD,Female,TRUE,TRUE,FALSE,65,TRUE,TRUE,Fiber optic,TRUE,FALSE,TRUE,FALSE,TRUE,TRUE,Month-to-month,FALSE,Bank transfer (automatic),105.25,6786.399902,TRUE
610,6543-CPZMK,Male,FALSE,TRUE,TRUE,9,FALSE,,DSL,FALSE,TRUE,FALSE,FALSE,FALSE,FALSE,Month-to-month,TRUE,Electronic check,29.95000076,248.9499969,TRUE
611,4765-OXPPD,Female,FALSE,TRUE,TRUE,9,TRUE,FALSE,DSL,TRUE,TRUE,TRUE,TRUE,FALSE,FALSE,Month-to-month,FALSE,Mailed check,65,663.0499878,TRUE
612,2804-ETQDK,Male,FALSE,FALSE,TRUE,66,TRUE,FALSE,No,,,,,,,Two year,FALSE,Mailed check,20.54999924,1357.099976,FALSE
613,6689-VRRTK,Female,TRUE,FALSE,FALSE,44,TRUE,TRUE,Fiber optic,TRUE,TRUE,TRUE,FALSE,TRUE,TRUE,One year,TRUE,Credit card (automatic),109.8000031,4860.350098,FALSE
614,7138-GIRSH,Male,FALSE,FALSE,FALSE,50,TRUE,TRUE,DSL,FALSE,FALSE,TRUE,TRUE,FALSE,TRUE,Two year,FALSE,Bank transfer (automatic),69.5,3418.199951,FALSE
615,9396-ZSFLL,Female,FALSE,FALSE,FALSE,15,TRUE,TRUE,DSL,FALSE,FALSE,FALSE,FALSE,FALSE,FALSE,Month-to-month,FALSE,Mailed check,48.84999847,631.4000244,FALSE
616,6464-KEXXH,Male,FALSE,FALSE,FALSE,8,FALSE,,DSL,FALSE,FALSE,FALSE,FALSE,FALSE,FALSE,Month-to-month,TRUE,Credit card (automatic),25.25,186.3000031,FALSE
617,7134-MJPDY,Female,TRUE,FALSE,FALSE,66,TRUE,TRUE,Fiber optic,FALSE,FALSE,TRUE,TRUE,TRUE,TRUE,One year,TRUE,Credit card (automatic),102.8499985,6976.75,FALSE
618,5240-CAOYT,Female,FALSE,FALSE,FALSE,57,TRUE,TRUE,Fiber optic,TRUE,TRUE,FALSE,TRUE,FALSE,FALSE,Month-to-month,TRUE,Bank transfer (automatic),87.55000305,4884.850098,FALSE
619,4059-IIEBK,Female,FALSE,FALSE,FALSE,7,TRUE,TRUE,Fiber optic,FALSE,TRUE,FALSE,FALSE,FALSE,FALSE,Month-to-month,TRUE,Bank transfer (automatic),78.55000305,522.9500122,FALSE
620,4881-JVQOD,Male,TRUE,TRUE,TRUE,10,FALSE,,DSL,FALSE,FALSE,FALSE,FALSE,FALSE,TRUE,Month-to-month,TRUE,Bank transfer (automatic),34.54999924,362.6000061,FALSE
621,0516-UXRMT,Female,FALSE,FALSE,FALSE,62,TRUE,TRUE,Fiber optic,TRUE,TRUE,TRUE,FALSE,FALSE,FALSE,One year,TRUE,Electronic check,92.05000305,5755.799805,FALSE
622,4851-BQDNX,Male,FALSE,TRUE,TRUE,40,TRUE,FALSE,Fiber optic,FALSE,FALSE,TRUE,FALSE,TRUE,FALSE,One year,TRUE,Electronic check,85.05000305,3355.649902,FALSE
623,5148-HKFIR,Female,FALSE,FALSE,FALSE,20,TRUE,FALSE,No,,,,,,,Two year,FALSE,Mailed check,19.70000076,406.9500122,FALSE
624,1009-IRMNA,Female,FALSE,FALSE,FALSE,7,TRUE,FALSE,No,,,,,,,Month-to-month,FALSE,Bank transfer (automatic),20,137.6000061,TRUE
625,3003-CMDUU,Female,FALSE,TRUE,FALSE,25,TRUE,FALSE,Fiber optic,FALSE,FALSE,FALSE,TRUE,TRUE,TRUE,Month-to-month,TRUE,Electronic check,95.15000153,2395.699951,FALSE
626,5016-IBERQ,Male,FALSE,TRUE,FALSE,23,TRUE,TRUE,Fiber optic,FALSE,TRUE,TRUE,FALSE,FALSE,FALSE,Month-to-month,FALSE,Electronic check,84.25,1968.099976,FALSE
627,6797-UCJHZ,Female,TRUE,TRUE,FALSE,66,TRUE,TRUE,Fiber optic,FALSE,TRUE,TRUE,FALSE,TRUE,TRUE,One year,FALSE,Credit card (automatic),104.5999985,6819.450195,FALSE
628,2469-DTSGX,Female,TRUE,FALSE,FALSE,72,TRUE,TRUE,Fiber optic,FALSE,TRUE,TRUE,TRUE,TRUE,TRUE,Two year,FALSE,Electronic check,111.6500015,7943.450195,FALSE
629,4554-YGZIH,Male,TRUE,TRUE,FALSE,49,TRUE,TRUE,Fiber optic,FALSE,TRUE,FALSE,FALSE,FALSE,TRUE,Month-to-month,FALSE,Credit card (automatic),90.05000305,4547.25,TRUE
630,5099-BAILX,Male,TRUE,TRUE,TRUE,43,TRUE,TRUE,Fiber optic,FALSE,TRUE,TRUE,TRUE,TRUE,TRUE,Month-to-month,TRUE,Bank transfer (automatic),110.75,4687.899902,TRUE
631,9931-KGHOA,Female,FALSE,TRUE,FALSE,46,TRUE,TRUE,DSL,TRUE,FALSE,FALSE,FALSE,FALSE,FALSE,Month-to-month,FALSE,Bank transfer (automatic),55,2473.949951,FALSE
632,1775-KWJKQ,Male,FALSE,TRUE,TRUE,72,TRUE,TRUE,DSL,TRUE,TRUE,TRUE,TRUE,TRUE,TRUE,Two year,FALSE,Credit card (automatic),89.84999847,6562.899902,FALSE
633,7665-VIGUD,Male,FALSE,FALSE,FALSE,10,TRUE,FALSE,No,,,,,,,One year,FALSE,Mailed check,20.35000038,176.3000031,FALSE
634,9411-TPQQV,Female,FALSE,FALSE,FALSE,40,FALSE,,DSL,TRUE,FALSE,FALSE,TRUE,TRUE,TRUE,One year,TRUE,Bank transfer (automatic),54.54999924,2236.199951,FALSE
635,7207-RMRDB,Female,FALSE,TRUE,TRUE,65,TRUE,TRUE,Fiber optic,FALSE,TRUE,TRUE,FALSE,TRUE,TRUE,Month-to-month,TRUE,Electronic check,105.5,6985.649902,TRUE
636,7954-MLBUN,Male,FALSE,FALSE,FALSE,31,TRUE,FALSE,Fiber optic,FALSE,FALSE,TRUE,TRUE,TRUE,TRUE,Two year,FALSE,Bank transfer (automatic),99.44999695,3109.899902,FALSE
637,2077-DDHJK,Female,FALSE,TRUE,FALSE,68,TRUE,TRUE,DSL,TRUE,TRUE,TRUE,TRUE,FALSE,FALSE,Two year,FALSE,Credit card (automatic),70.90000153,4911.350098,FALSE
638,4913-EHYUI,Male,TRUE,TRUE,TRUE,56,TRUE,TRUE,Fiber optic,TRUE,FALSE,TRUE,FALSE,TRUE,TRUE,One year,TRUE,Bank transfer (automatic),104.5500031,5794.649902,TRUE
639,0195-IESCP,Male,FALSE,TRUE,FALSE,10,TRUE,TRUE,Fiber optic,FALSE,FALSE,FALSE,FALSE,FALSE,TRUE,Month-to-month,TRUE,Electronic check,85.25,855.2999878,TRUE
640,9574-BOSMD,Male,FALSE,TRUE,TRUE,68,TRUE,TRUE,No,,,,,,,Two year,FALSE,Bank transfer (automatic),25.39999962,1620.199951,FALSE
641,4580-TMHJU,Female,FALSE,TRUE,TRUE,43,TRUE,FALSE,DSL,FALSE,FALSE,FALSE,FALSE,TRUE,FALSE,Month-to-month,FALSE,Electronic check,56.15000153,2499.300049,TRUE
642,0970-ETWGE,Male,FALSE,FALSE,FALSE,1,TRUE,FALSE,Fiber optic,FALSE,FALSE,FALSE,FALSE,TRUE,TRUE,Month-to-month,TRUE,Electronic check,89.55000305,89.55000305,TRUE
643,4908-XAXAY,Female,TRUE,FALSE,FALSE,49,TRUE,FALSE,Fiber optic,FALSE,TRUE,TRUE,FALSE,FALSE,TRUE,One year,TRUE,Bank transfer (automatic),89.84999847,4287.200195,FALSE
644,8404-VLQFB,Female,FALSE,TRUE,TRUE,15,TRUE,TRUE,No,,,,,,,Month-to-month,TRUE,Electronic check,25.25,394.8500061,FALSE
645,1626-ERCMM,Male,TRUE,TRUE,FALSE,20,TRUE,TRUE,Fiber optic,FALSE,FALSE,FALSE,FALSE,TRUE,TRUE,Month-to-month,TRUE,Electronic check,94.55000305,1899.650024,TRUE
646,0887-HJGAR,Male,FALSE,FALSE,FALSE,1,TRUE,FALSE,DSL,FALSE,FALSE,FALSE,FALSE,FALSE,FALSE,Month-to-month,TRUE,Mailed check,45.70000076,45.70000076,TRUE
647,2391-IPLOP,Male,FALSE,TRUE,TRUE,50,TRUE,TRUE,DSL,FALSE,FALSE,TRUE,TRUE,TRUE,FALSE,One year,TRUE,Electronic check,69.65000153,3442.149902,FALSE
648,5644-PDMZC,Female,TRUE,FALSE,FALSE,2,TRUE,TRUE,Fiber optic,FALSE,TRUE,FALSE,FALSE,FALSE,TRUE,Month-to-month,FALSE,Electronic check,89.5,161.5,TRUE
649,3509-GWQGF,Male,TRUE,FALSE,FALSE,24,TRUE,FALSE,Fiber optic,FALSE,FALSE,FALSE,FALSE,FALSE,FALSE,Month-to-month,FALSE,Credit card (automatic),70,1732.599976,FALSE
650,9576-ANLXO,Female,FALSE,FALSE,FALSE,3,TRUE,FALSE,Fiber optic,FALSE,FALSE,FALSE,FALSE,FALSE,FALSE,Month-to-month,TRUE,Bank transfer (automatic),69.55000305,222.3000031,TRUE
651,2024-BASKD,Female,FALSE,FALSE,FALSE,1,TRUE,FALSE,Fiber optic,FALSE,FALSE,TRUE,FALSE,FALSE,FALSE,Month-to-month,TRUE,Mailed check,74.59999847,74.59999847,TRUE
652,5845-BZZIB,Male,FALSE,TRUE,TRUE,35,TRUE,FALSE,No,,,,,,,Two year,FALSE,Mailed check,20.10000038,655.2999878,FALSE
653,1140-UKVZG,Female,FALSE,FALSE,FALSE,17,TRUE,TRUE,No,,,,,,,Month-to-month,FALSE,Mailed check,24.79999924,475.25,FALSE
654,4160-AMJTL,Female,TRUE,FALSE,FALSE,8,TRUE,FALSE,No,,,,,,,Month-to-month,FALSE,Electronic check,19.64999962,164.3000031,TRUE
655,5183-SNMJQ,Male,FALSE,FALSE,FALSE,10,TRUE,FALSE,Fiber optic,FALSE,FALSE,FALSE,TRUE,TRUE,TRUE,Month-to-month,TRUE,Credit card (automatic),95.09999847,865.0999756,FALSE
656,8100-PNJMH,Male,FALSE,TRUE,TRUE,68,TRUE,TRUE,DSL,TRUE,TRUE,TRUE,TRUE,TRUE,TRUE,Two year,TRUE,Credit card (automatic),88.84999847,6132.700195,FALSE
657,7838-LAZFO,Male,FALSE,TRUE,FALSE,45,TRUE,FALSE,DSL,TRUE,TRUE,TRUE,FALSE,TRUE,TRUE,One year,FALSE,Bank transfer (automatic),78.80000305,3597.5,FALSE
658,4464-JCOLN,Male,FALSE,TRUE,TRUE,2,TRUE,FALSE,No,,,,,,,One year,FALSE,Mailed check,19.85000038,35.90000153,TRUE
659,2085-JVGAD,Male,FALSE,TRUE,FALSE,37,TRUE,FALSE,No,,,,,,,Month-to-month,FALSE,Bank transfer (automatic),20.35000038,697.6500244,FALSE
660,5650-VDUDS,Female,FALSE,FALSE,FALSE,4,FALSE,,DSL,FALSE,FALSE,FALSE,FALSE,FALSE,FALSE,Month-to-month,TRUE,Mailed check,24.25,96.05000305,TRUE
661,8095-WANWK,Female,FALSE,FALSE,FALSE,10,TRUE,FALSE,DSL,FALSE,FALSE,FALSE,FALSE,FALSE,FALSE,Month-to-month,FALSE,Mailed check,45.25,428.7000122,FALSE
662,3030-ZKIWL,Male,FALSE,FALSE,FALSE,1,TRUE,FALSE,No,,,,,,,Month-to-month,FALSE,Mailed check,20.04999924,20.04999924,FALSE
663,9565-FLVCG,Male,FALSE,TRUE,TRUE,65,TRUE,TRUE,DSL,TRUE,TRUE,FALSE,FALSE,FALSE,TRUE,Two year,TRUE,Mailed check,69.55000305,4459.149902,FALSE
664,8755-OGKNA,Female,FALSE,TRUE,TRUE,57,TRUE,FALSE,No,,,,,,,Two year,FALSE,Bank transfer (automatic),19.5,1167.599976,FALSE
665,2800-VEQXM,Female,FALSE,FALSE,FALSE,3,TRUE,FALSE,Fiber optic,FALSE,FALSE,TRUE,FALSE,FALSE,FALSE,Month-to-month,TRUE,Mailed check,74.75,238.1000061,FALSE
666,7538-GWHML,Female,FALSE,FALSE,FALSE,2,TRUE,FALSE,Fiber optic,FALSE,FALSE,FALSE,FALSE,FALSE,FALSE,Month-to-month,FALSE,Electronic check,69.65000153,145.1499939,TRUE
667,5533-RJFTJ,Male,FALSE,FALSE,FALSE,49,FALSE,,DSL,FALSE,FALSE,TRUE,FALSE,FALSE,FALSE,Month-to-month,TRUE,Bank transfer (automatic),30.20000076,1453.099976,FALSE
668,3859-CVCET,Female,FALSE,FALSE,FALSE,4,TRUE,FALSE,DSL,FALSE,FALSE,FALSE,FALSE,FALSE,FALSE,Month-to-month,FALSE,Mailed check,45.65000153,191.0500031,TRUE
669,0214-JHPFW,Female,FALSE,TRUE,FALSE,70,FALSE,,DSL,FALSE,TRUE,TRUE,TRUE,TRUE,TRUE,Two year,FALSE,Bank transfer (automatic),57.79999924,4039.300049,FALSE
670,5642-MHDQT,Female,FALSE,TRUE,TRUE,53,TRUE,FALSE,No,,,,,,,One year,TRUE,Bank transfer (automatic),19.85000038,1039.449951,FALSE
671,3088-FVYWK,Male,FALSE,TRUE,TRUE,53,TRUE,TRUE,No,,,,,,,Two year,FALSE,Credit card (automatic),25.54999924,1336.099976,FALSE
672,3276-HDUEG,Female,FALSE,FALSE,FALSE,1,TRUE,TRUE,Fiber optic,FALSE,FALSE,FALSE,FALSE,FALSE,FALSE,Month-to-month,TRUE,Mailed check,75.05000305,75.05000305,TRUE
673,9092-GDZKO,Male,FALSE,FALSE,FALSE,22,TRUE,TRUE,No,,,,,,,Month-to-month,TRUE,Credit card (automatic),24.85000038,493.3999939,FALSE
674,0823-HSCDJ,Male,TRUE,FALSE,FALSE,52,FALSE,,DSL,FALSE,TRUE,FALSE,FALSE,TRUE,TRUE,Month-to-month,TRUE,Electronic check,49.15000153,2550.899902,TRUE
675,3729-OWRVL,Male,TRUE,FALSE,FALSE,65,TRUE,TRUE,Fiber optic,TRUE,FALSE,TRUE,TRUE,TRUE,TRUE,Two year,TRUE,Electronic check,110.3499985,7246.149902,FALSE
676,2324-AALNO,Female,FALSE,FALSE,FALSE,48,TRUE,TRUE,No,,,,,,,One year,FALSE,Bank transfer (automatic),24.54999924,1203.949951,FALSE
677,0822-GAVAP,Female,FALSE,FALSE,FALSE,2,FALSE,,DSL,FALSE,FALSE,FALSE,FALSE,FALSE,TRUE,Month-to-month,TRUE,Electronic check,34.70000076,62.25,TRUE
678,5760-IFJOZ,Male,FALSE,FALSE,FALSE,3,TRUE,TRUE,Fiber optic,FALSE,TRUE,TRUE,FALSE,TRUE,TRUE,Month-to-month,FALSE,Mailed check,107.9499969,313.6000061,FALSE
679,2826-UWHIS,Male,FALSE,TRUE,FALSE,45,TRUE,TRUE,Fiber optic,FALSE,TRUE,FALSE,FALSE,FALSE,FALSE,Month-to-month,FALSE,Bank transfer (automatic),81.40000153,3775.850098,FALSE
680,1448-PWKYE,Male,FALSE,TRUE,TRUE,1,TRUE,FALSE,Fiber optic,FALSE,FALSE,FALSE,FALSE,FALSE,TRUE,Month-to-month,FALSE,Electronic check,80,80,TRUE
681,7501-IWUNG,Female,FALSE,TRUE,TRUE,61,TRUE,FALSE,DSL,FALSE,FALSE,TRUE,TRUE,TRUE,TRUE,Two year,TRUE,Bank transfer (automatic),73.80000305,4616.049805,FALSE
682,4957-TREIR,Male,FALSE,FALSE,FALSE,3,TRUE,FALSE,DSL,TRUE,FALSE,FALSE,TRUE,TRUE,FALSE,Month-to-month,TRUE,Credit card (automatic),64.40000153,195.6499939,FALSE
683,7251-LJBQN,Female,TRUE,FALSE,FALSE,40,TRUE,TRUE,Fiber optic,FALSE,FALSE,TRUE,TRUE,TRUE,TRUE,One year,TRUE,Credit card (automatic),103.75,4188.399902,FALSE
684,8040-MNRTF,Female,FALSE,FALSE,FALSE,1,TRUE,FALSE,Fiber optic,FALSE,FALSE,FALSE,FALSE,FALSE,FALSE,Month-to-month,FALSE,Mailed check,71.09999847,71.09999847,FALSE
685,1536-HBSWP,Female,FALSE,FALSE,FALSE,1,TRUE,FALSE,DSL,FALSE,FALSE,FALSE,TRUE,FALSE,FALSE,Month-to-month,TRUE,Electronic check,49.90000153,49.90000153,FALSE
686,5313-FPXWG,Male,FALSE,FALSE,FALSE,51,TRUE,TRUE,No,,,,,,,One year,TRUE,Bank transfer (automatic),24.60000038,1266.400024,FALSE
687,0067-DKWBL,Male,TRUE,FALSE,FALSE,2,TRUE,FALSE,DSL,TRUE,FALSE,FALSE,FALSE,FALSE,FALSE,Month-to-month,TRUE,Electronic check,49.25,91.09999847,TRUE
688,0946-FKYTX,Male,FALSE,FALSE,FALSE,52,FALSE,,DSL,FALSE,TRUE,FALSE,FALSE,FALSE,FALSE,One year,FALSE,Mailed check,30.10000038,1623.400024,FALSE
689,5076-YVXCM,Male,FALSE,FALSE,FALSE,51,TRUE,TRUE,Fiber optic,FALSE,FALSE,FALSE,FALSE,FALSE,TRUE,Month-to-month,FALSE,Bank transfer (automatic),83.40000153,4149.450195,FALSE
690,8262-COGGB,Male,FALSE,FALSE,FALSE,1,TRUE,FALSE,No,,,,,,,Month-to-month,TRUE,Mailed check,20.45000076,20.45000076,FALSE
691,6663-JOCQO,Male,FALSE,TRUE,TRUE,31,TRUE,TRUE,DSL,TRUE,TRUE,FALSE,TRUE,FALSE,TRUE,One year,TRUE,Bank transfer (automatic),75.25,2344.5,FALSE
692,9620-QJREV,Male,FALSE,FALSE,TRUE,47,TRUE,FALSE,No,,,,,,,One year,FALSE,Credit card (automatic),20.54999924,1013.049988,FALSE
693,2276-YDAVZ,Female,FALSE,FALSE,FALSE,3,TRUE,TRUE,Fiber optic,FALSE,FALSE,FALSE,FALSE,FALSE,FALSE,Month-to-month,TRUE,Credit card (automatic),75.09999847,270.7000122,TRUE
694,2682-KEVRP,Female,TRUE,FALSE,FALSE,22,TRUE,FALSE,No,,,,,,,One year,TRUE,Mailed check,20.04999924,417,FALSE
695,2480-JZOSN,Female,FALSE,TRUE,FALSE,1,TRUE,FALSE,No,,,,,,,Month-to-month,TRUE,Mailed check,20.64999962,20.64999962,FALSE
696,0078-XZMHT,Male,FALSE,TRUE,FALSE,72,TRUE,TRUE,DSL,FALSE,TRUE,TRUE,TRUE,TRUE,TRUE,Two year,TRUE,Bank transfer (automatic),85.15000153,6316.200195,FALSE
697,5896-NPFWW,Male,FALSE,TRUE,TRUE,3,TRUE,FALSE,DSL,FALSE,FALSE,TRUE,FALSE,FALSE,FALSE,Month-to-month,TRUE,Electronic check,50.15000153,168.1499939,TRUE
698,9978-HYCIN,Male,TRUE,TRUE,TRUE,47,TRUE,FALSE,Fiber optic,FALSE,TRUE,FALSE,FALSE,TRUE,FALSE,One year,TRUE,Bank transfer (automatic),84.94999695,4018.050049,FALSE
699,8338-QIUNR,Male,FALSE,TRUE,TRUE,72,TRUE,TRUE,DSL,TRUE,FALSE,TRUE,TRUE,FALSE,FALSE,Two year,TRUE,Credit card (automatic),66.5,4811.600098,FALSE
700,1525-LNLOJ,Male,FALSE,TRUE,TRUE,66,TRUE,TRUE,DSL,FALSE,FALSE,TRUE,FALSE,TRUE,FALSE,Two year,TRUE,Bank transfer (automatic),63.29999924,4189.700195,FALSE
701,9450-TRJUU,Male,FALSE,FALSE,FALSE,35,TRUE,TRUE,Fiber optic,FALSE,FALSE,FALSE,FALSE,TRUE,FALSE,Month-to-month,FALSE,Electronic check,83.15000153,2848.449951,FALSE
702,1766-GKNMI,Male,FALSE,FALSE,FALSE,29,TRUE,TRUE,Fiber optic,FALSE,FALSE,FALSE,FALSE,FALSE,TRUE,Month-to-month,TRUE,Electronic check,84.90000153,2516.199951,FALSE
703,6942-LBFDP,Female,FALSE,FALSE,FALSE,2,TRUE,FALSE,No,,,,,,,Month-to-month,TRUE,Mailed check,20.54999924,33.59999847,FALSE
704,1456-TWCGB,Male,FALSE,FALSE,FALSE,4,TRUE,FALSE,DSL,FALSE,TRUE,FALSE,FALSE,FALSE,FALSE,Month-to-month,FALSE,Mailed check,49.25,208.4499969,FALSE
705,7133-VBDCG,Female,FALSE,FALSE,FALSE,25,TRUE,FALSE,Fiber optic,TRUE,TRUE,FALSE,FALSE,FALSE,FALSE,Month-to-month,TRUE,Bank transfer (automatic),79.84999847,2015.349976,TRUE
706,7596-ZYWBB,Female,FALSE,FALSE,FALSE,65,TRUE,FALSE,DSL,TRUE,TRUE,FALSE,TRUE,FALSE,FALSE,Two year,TRUE,Mailed check,59.59999847,3739.800049,FALSE
707,8329-UTMVM,Male,TRUE,FALSE,FALSE,27,TRUE,TRUE,Fiber optic,FALSE,TRUE,FALSE,TRUE,TRUE,TRUE,One year,TRUE,Bank transfer (automatic),104.6500015,2964,FALSE
708,3014-WJKSM,Male,FALSE,TRUE,FALSE,29,TRUE,FALSE,Fiber optic,FALSE,FALSE,TRUE,FALSE,FALSE,FALSE,Month-to-month,TRUE,Credit card (automatic),75.30000305,2263.399902,FALSE
709,3347-YJZZE,Male,FALSE,TRUE,TRUE,29,TRUE,TRUE,DSL,FALSE,TRUE,TRUE,FALSE,TRUE,TRUE,Month-to-month,FALSE,Credit card (automatic),80.09999847,2211.800049,FALSE
710,1029-QFBEN,Male,FALSE,FALSE,FALSE,1,TRUE,FALSE,No,,,,,,,Month-to-month,FALSE,Mailed check,19.54999924,19.54999924,TRUE
711,7929-DMBCV,Female,FALSE,TRUE,FALSE,20,TRUE,FALSE,Fiber optic,FALSE,FALSE,TRUE,TRUE,FALSE,FALSE,Month-to-month,TRUE,Mailed check,81,1683.699951,FALSE
712,9661-JALZV,Female,FALSE,FALSE,FALSE,58,TRUE,TRUE,No,,,,,,,Two year,TRUE,Credit card (automatic),24.70000076,1519,FALSE
713,5433-KYGHE,Female,FALSE,FALSE,TRUE,14,TRUE,TRUE,Fiber optic,TRUE,FALSE,FALSE,TRUE,FALSE,FALSE,Month-to-month,TRUE,Mailed check,86,1164.050049,FALSE
714,4312-KFRXN,Male,FALSE,TRUE,FALSE,72,TRUE,TRUE,No,,,,,,,Two year,FALSE,Mailed check,25.39999962,1710.900024,FALSE
715,5575-TPIZQ,Male,FALSE,FALSE,FALSE,46,TRUE,TRUE,Fiber optic,TRUE,FALSE,FALSE,FALSE,TRUE,FALSE,Month-to-month,TRUE,Credit card (automatic),89.15000153,4245.549805,FALSE
716,0114-IGABW,Female,FALSE,TRUE,FALSE,71,FALSE,,DSL,FALSE,TRUE,TRUE,TRUE,TRUE,TRUE,Two year,FALSE,Bank transfer (automatic),58.25,4145.899902,FALSE
717,9944-AEXBM,Male,FALSE,FALSE,FALSE,32,TRUE,TRUE,Fiber optic,FALSE,FALSE,FALSE,FALSE,FALSE,TRUE,Month-to-month,TRUE,Bank transfer (automatic),85.65000153,2664.300049,FALSE
718,1853-ARAAQ,Female,FALSE,FALSE,FALSE,26,FALSE,,DSL,FALSE,FALSE,TRUE,FALSE,TRUE,TRUE,Month-to-month,TRUE,Credit card (automatic),50.34999847,1277.5,FALSE
719,6952-OMNWB,Male,TRUE,TRUE,FALSE,68,TRUE,TRUE,Fiber optic,FALSE,FALSE,TRUE,FALSE,FALSE,FALSE,Month-to-month,TRUE,Credit card (automatic),80.34999847,5589.299805,FALSE
720,4697-LUPSU,Male,FALSE,TRUE,TRUE,2,TRUE,FALSE,No,,,,,,,One year,FALSE,Mailed check,20.20000076,34.75,FALSE
721,8434-VGEQQ,Male,FALSE,TRUE,TRUE,61,TRUE,FALSE,No,,,,,,,Two year,FALSE,Credit card (automatic),20.54999924,1305.949951,FALSE
722,4952-YSOGZ,Female,FALSE,TRUE,TRUE,4,TRUE,TRUE,Fiber optic,FALSE,FALSE,FALSE,FALSE,FALSE,TRUE,Month-to-month,TRUE,Electronic check,85.94999695,381.2999878,TRUE
723,1589-AGTLK,Male,FALSE,FALSE,FALSE,3,TRUE,FALSE,DSL,FALSE,FALSE,FALSE,FALSE,FALSE,FALSE,Month-to-month,TRUE,Electronic check,45.34999847,141.5,TRUE
724,5244-IRFIH,Male,TRUE,TRUE,FALSE,33,TRUE,TRUE,Fiber optic,FALSE,FALSE,FALSE,FALSE,TRUE,TRUE,Month-to-month,TRUE,Electronic check,94.5,3105.550049,TRUE
725,6549-YMFAW,Male,TRUE,TRUE,FALSE,9,TRUE,FALSE,No,,,,,,,Month-to-month,TRUE,Mailed check,21.25,204.5500031,FALSE
726,4950-HKQTE,Female,FALSE,FALSE,FALSE,22,TRUE,TRUE,No,,,,,,,Two year,FALSE,Mailed check,26.25,605.9000244,FALSE
727,6786-OBWQR,Female,FALSE,TRUE,TRUE,5,TRUE,FALSE,Fiber optic,FALSE,FALSE,FALSE,FALSE,TRUE,FALSE,Month-to-month,TRUE,Electronic check,80.84999847,356.1000061,FALSE
728,2684-EIWEO,Female,TRUE,FALSE,FALSE,30,TRUE,TRUE,Fiber optic,TRUE,TRUE,TRUE,FALSE,FALSE,FALSE,Month-to-month,FALSE,Credit card (automatic),91.69999695,2758.149902,TRUE
729,2753-JMMCV,Male,FALSE,FALSE,FALSE,65,TRUE,TRUE,DSL,FALSE,TRUE,TRUE,TRUE,FALSE,TRUE,Two year,TRUE,Credit card (automatic),74.19999695,4805.649902,FALSE
730,6439-GTPCA,Female,FALSE,FALSE,FALSE,45,TRUE,TRUE,Fiber optic,FALSE,FALSE,TRUE,TRUE,FALSE,FALSE,Month-to-month,TRUE,Electronic check,87.25,3941.699951,TRUE
731,6621-YOBKI,Male,FALSE,FALSE,FALSE,5,TRUE,FALSE,No,,,,,,,Month-to-month,FALSE,Mailed check,20.35000038,92.75,FALSE
732,1216-JWVUX,Male,FALSE,TRUE,TRUE,25,TRUE,FALSE,Fiber optic,FALSE,TRUE,FALSE,FALSE,FALSE,FALSE,Month-to-month,TRUE,Electronic check,75.5,1901.050049,FALSE
733,7564-GHCVB,Female,FALSE,TRUE,TRUE,72,TRUE,TRUE,Fiber optic,TRUE,FALSE,FALSE,FALSE,FALSE,FALSE,Two year,FALSE,Bank transfer (automatic),79.05000305,5730.700195,FALSE
734,1173-NOEYG,Female,FALSE,TRUE,FALSE,27,TRUE,TRUE,Fiber optic,FALSE,FALSE,TRUE,FALSE,FALSE,TRUE,Month-to-month,FALSE,Bank transfer (automatic),90.15000153,,FALSE
735,7595-EHCDL,Male,FALSE,TRUE,TRUE,32,FALSE,,DSL,FALSE,FALSE,TRUE,FALSE,TRUE,TRUE,Month-to-month,FALSE,Credit card (automatic),50.59999847,1653.449951,FALSE
736,6647-ZEDXT,Female,FALSE,FALSE,FALSE,30,TRUE,TRUE,Fiber optic,FALSE,TRUE,TRUE,TRUE,TRUE,TRUE,One year,FALSE,Credit card (automatic),110.4499969,3327.050049,FALSE
737,2521-NPUZR,Male,FALSE,TRUE,FALSE,70,TRUE,FALSE,Fiber optic,TRUE,TRUE,TRUE,TRUE,FALSE,TRUE,Two year,FALSE,Credit card (automatic),101,7085.5,FALSE
738,1307-TVUFB,Male,TRUE,FALSE,FALSE,42,TRUE,TRUE,Fiber optic,FALSE,TRUE,FALSE,FALSE,FALSE,FALSE,Month-to-month,TRUE,Bank transfer (automatic),79.34999847,3344.100098,FALSE
739,7503-MIOGA,Female,TRUE,TRUE,FALSE,72,TRUE,TRUE,DSL,TRUE,TRUE,TRUE,TRUE,TRUE,TRUE,Two year,TRUE,Bank transfer (automatic),89.84999847,6697.350098,FALSE
740,4381-MHQDC,Female,FALSE,FALSE,FALSE,47,TRUE,TRUE,DSL,TRUE,FALSE,TRUE,TRUE,FALSE,FALSE,Two year,TRUE,Mailed check,65,2879.899902,FALSE
741,6923-JHPMP,Female,FALSE,FALSE,FALSE,2,TRUE,FALSE,Fiber optic,TRUE,FALSE,TRUE,FALSE,FALSE,FALSE,Month-to-month,TRUE,Electronic check,80.44999695,137.1000061,FALSE
742,5138-WVKYJ,Male,FALSE,FALSE,FALSE,10,TRUE,TRUE,Fiber optic,TRUE,FALSE,FALSE,FALSE,TRUE,TRUE,Month-to-month,FALSE,Electronic check,98.55000305,1008.549988,TRUE
743,4018-PPNDW,Female,FALSE,TRUE,TRUE,61,TRUE,TRUE,No,,,,,,,Two year,TRUE,Mailed check,24.10000038,1551.599976,FALSE
744,1635-FJFCC,Female,FALSE,FALSE,FALSE,5,TRUE,FALSE,DSL,FALSE,FALSE,FALSE,FALSE,FALSE,FALSE,Month-to-month,TRUE,Credit card (automatic),44.04999924,202.1499939,FALSE
745,2499-AJYUA,Female,TRUE,TRUE,FALSE,72,TRUE,TRUE,Fiber optic,FALSE,TRUE,TRUE,TRUE,TRUE,TRUE,Two year,TRUE,Credit card (automatic),110.8000031,7882.25,FALSE
746,6919-ELBGL,Male,TRUE,TRUE,TRUE,72,TRUE,TRUE,Fiber optic,TRUE,TRUE,TRUE,TRUE,TRUE,TRUE,Two year,TRUE,Bank transfer (automatic),114.9499969,8196.400391,FALSE
747,3966-HRMZA,Female,TRUE,FALSE,FALSE,3,TRUE,FALSE,Fiber optic,FALSE,FALSE,TRUE,FALSE,FALSE,FALSE,Month-to-month,FALSE,Mailed check,75.05000305,202.8999939,FALSE
748,6425-JWTDV,Male,FALSE,TRUE,FALSE,48,TRUE,FALSE,No,,,,,,,Two year,FALSE,Mailed check,19.25,855.0999756,FALSE
749,8405-IGQFX,Female,FALSE,FALSE,FALSE,63,TRUE,FALSE,Fiber optic,FALSE,FALSE,TRUE,TRUE,TRUE,FALSE,One year,TRUE,Credit card (automatic),90.05000305,5817,FALSE
750,8224-IVVPA,Female,FALSE,FALSE,FALSE,27,TRUE,FALSE,DSL,TRUE,TRUE,FALSE,FALSE,FALSE,FALSE,Month-to-month,TRUE,Mailed check,56.70000076,1652.949951,FALSE
751,9477-LGWQI,Male,FALSE,TRUE,TRUE,70,TRUE,FALSE,DSL,TRUE,TRUE,TRUE,FALSE,TRUE,TRUE,Two year,TRUE,Credit card (automatic),80.15000153,5600.149902,FALSE
752,1410-RSCMR,Male,FALSE,TRUE,TRUE,7,TRUE,FALSE,DSL,TRUE,FALSE,TRUE,TRUE,FALSE,TRUE,Month-to-month,TRUE,Credit card (automatic),71.34999847,515.75,FALSE
753,3115-CZMZD,Male,FALSE,FALSE,TRUE,0,TRUE,FALSE,No,,,,,,,Two year,FALSE,Mailed check,20.25,,FALSE
754,0139-IVFJG,Female,FALSE,TRUE,FALSE,2,TRUE,FALSE,Fiber optic,TRUE,TRUE,FALSE,FALSE,TRUE,FALSE,Month-to-month,FALSE,Electronic check,90.34999847,190.5,FALSE
755,6683-VLCTZ,Male,TRUE,FALSE,FALSE,20,TRUE,TRUE,Fiber optic,FALSE,FALSE,TRUE,FALSE,TRUE,TRUE,Month-to-month,TRUE,Electronic check,98.55000305,1842.800049,TRUE
756,5730-DBDSI,Male,FALSE,FALSE,FALSE,66,TRUE,FALSE,No,,,,,,,Two year,FALSE,Bank transfer (automatic),19.70000076,1253.800049,FALSE
757,0030-FNXPP,Female,FALSE,FALSE,FALSE,3,TRUE,FALSE,No,,,,,,,Month-to-month,FALSE,Mailed check,19.85000038,57.20000076,FALSE
758,2189-WWOEW,Female,FALSE,FALSE,TRUE,15,TRUE,FALSE,Fiber optic,FALSE,TRUE,FALSE,FALSE,FALSE,TRUE,Month-to-month,TRUE,Bank transfer (automatic),85.90000153,1269.550049,TRUE
759,5684-FJVYR,Female,FALSE,TRUE,TRUE,72,TRUE,TRUE,Fiber optic,TRUE,TRUE,FALSE,TRUE,FALSE,FALSE,Two year,TRUE,Bank transfer (automatic),90.34999847,6563.399902,FALSE
760,4013-GUXND,Male,FALSE,FALSE,FALSE,1,TRUE,FALSE,No,,,,,,,Month-to-month,FALSE,Mailed check,20.79999924,20.79999924,FALSE
761,1894-IGFSG,Female,FALSE,FALSE,FALSE,22,TRUE,FALSE,Fiber optic,FALSE,FALSE,FALSE,FALSE,TRUE,TRUE,Month-to-month,FALSE,Electronic check,89.25,1907.849976,TRUE
762,7379-POKDZ,Male,FALSE,TRUE,FALSE,3,TRUE,FALSE,Fiber optic,FALSE,FALSE,FALSE,FALSE,FALSE,FALSE,Month-to-month,TRUE,Electronic check,70.30000305,208.8500061,TRUE
763,1266-NZYUI,Female,FALSE,TRUE,TRUE,72,TRUE,TRUE,DSL,TRUE,FALSE,TRUE,TRUE,,FALSE,Two year,FALSE,Bank transfer (automatic),66.84999847,4758.799805,FALSE
764,7969-FFOWG,Male,FALSE,TRUE,TRUE,65,TRUE,FALSE,No,,,,,,,Two year,FALSE,Mailed check,19.89999962,1292.599976,FALSE
765,4718-DHSMV,Female,FALSE,FALSE,FALSE,11,FALSE,,DSL,FALSE,FALSE,FALSE,FALSE,TRUE,FALSE,Month-to-month,TRUE,Mailed check,35.79999924,363.1499939,FALSE
766,5175-WLYXL,Male,FALSE,FALSE,FALSE,22,TRUE,TRUE,Fiber optic,FALSE,TRUE,FALSE,FALSE,FALSE,FALSE,Month-to-month,TRUE,Mailed check,78.84999847,1600.25,FALSE
767,7817-OMJNA,Male,FALSE,FALSE,FALSE,14,TRUE,FALSE,No,,,,,,,One year,FALSE,Bank transfer (automatic),20.39999962,275.7000122,FALSE
768,8728-SKJLR,Male,FALSE,FALSE,FALSE,41,TRUE,FALSE,Fiber optic,FALSE,FALSE,FALSE,TRUE,FALSE,FALSE,Month-to-month,TRUE,Electronic check,74.25,3089.100098,FALSE
769,3137-NYQQI,Male,FALSE,TRUE,FALSE,17,TRUE,FALSE,DSL,TRUE,TRUE,FALSE,FALSE,FALSE,TRUE,One year,FALSE,Mailed check,64.80000305,1175.599976,FALSE
770,7706-DZNKK,Male,FALSE,FALSE,FALSE,11,TRUE,FALSE,No,,,,,,,Month-to-month,TRUE,Credit card (automatic),20.45000076,237.3000031,FALSE
771,0236-HFWSV,Male,FALSE,FALSE,FALSE,15,TRUE,TRUE,Fiber optic,FALSE,FALSE,FALSE,FALSE,TRUE,TRUE,Month-to-month,TRUE,Electronic check,93.34999847,1444.650024,TRUE
772,3900-AQPHZ,Female,FALSE,FALSE,FALSE,1,TRUE,FALSE,No,,,,,,,Month-to-month,FALSE,Mailed check,19.89999962,19.89999962,TRUE
773,5842-POCOP,Female,FALSE,TRUE,FALSE,5,TRUE,FALSE,Fiber optic,TRUE,FALSE,TRUE,FALSE,FALSE,TRUE,Month-to-month,TRUE,Mailed check,88.90000153,454.1499939,TRUE
774,2037-XJFUP,Male,FALSE,TRUE,FALSE,33,TRUE,FALSE,Fiber optic,FALSE,FALSE,TRUE,FALSE,TRUE,TRUE,One year,TRUE,Electronic check,95.80000305,3036.75,TRUE
775,8823-RLPWL,Female,FALSE,TRUE,FALSE,72,TRUE,TRUE,Fiber optic,TRUE,TRUE,TRUE,FALSE,TRUE,TRUE,Two year,TRUE,Credit card (automatic),110.6500015,8065.649902,FALSE
776,9505-SQFSW,Female,FALSE,TRUE,TRUE,3,FALSE,,DSL,FALSE,TRUE,FALSE,FALSE,FALSE,TRUE,Month-to-month,FALSE,Mailed check,40.29999924,92.5,FALSE
777,7314-OXENN,Male,FALSE,FALSE,FALSE,2,TRUE,TRUE,Fiber optic,FALSE,TRUE,FALSE,FALSE,FALSE,FALSE,Month-to-month,TRUE,Electronic check,82,184.6499939,TRUE
778,3758-CKOQL,Female,FALSE,TRUE,FALSE,59,TRUE,TRUE,Fiber optic,TRUE,TRUE,TRUE,TRUE,FALSE,TRUE,One year,TRUE,Credit card (automatic),107,6152.299805,FALSE
779,0322-CHQRU,Male,FALSE,FALSE,FALSE,2,TRUE,FALSE,DSL,FALSE,FALSE,FALSE,FALSE,FALSE,FALSE,Month-to-month,FALSE,Electronic check,45.34999847,89.5,TRUE
780,5676-CFLYY,Male,FALSE,TRUE,TRUE,71,TRUE,FALSE,DSL,FALSE,TRUE,FALSE,TRUE,TRUE,TRUE,Two year,TRUE,Credit card (automatic),73.34999847,5154.5,FALSE
781,7521-AFHAB,Female,FALSE,TRUE,TRUE,5,TRUE,FALSE,DSL,FALSE,FALSE,FALSE,FALSE,FALSE,FALSE,Month-to-month,FALSE,Mailed check,44.79999924,220.4499969,FALSE
782,0285-INHLN,Male,FALSE,TRUE,TRUE,27,TRUE,FALSE,DSL,TRUE,TRUE,FALSE,FALSE,FALSE,FALSE,Month-to-month,TRUE,Credit card (automatic),54.75,1510.300049,FALSE
783,4678-DVQEO,Female,FALSE,FALSE,FALSE,1,TRUE,FALSE,DSL,FALSE,FALSE,FALSE,TRUE,FALSE,FALSE,Month-to-month,TRUE,Electronic check,52.20000076,52.20000076,TRUE
784,5125-CNDSP,Male,FALSE,FALSE,TRUE,63,FALSE,,DSL,TRUE,TRUE,FALSE,TRUE,FALSE,FALSE,One year,TRUE,Bank transfer (automatic),40.59999847,2588.949951,FALSE
785,0691-IFBQW,Female,TRUE,FALSE,FALSE,46,TRUE,TRUE,Fiber optic,TRUE,TRUE,TRUE,FALSE,TRUE,TRUE,One year,TRUE,Electronic check,110,4874.799805,TRUE
786,4992-LTJNE,Male,FALSE,TRUE,TRUE,72,TRUE,TRUE,DSL,TRUE,FALSE,FALSE,FALSE,FALSE,FALSE,Two year,FALSE,Bank transfer (automatic),55.29999924,3983.600098,FALSE
787,2202-OUTMO,Female,FALSE,TRUE,FALSE,34,TRUE,TRUE,DSL,TRUE,FALSE,FALSE,TRUE,FALSE,FALSE,Month-to-month,TRUE,Bank transfer (automatic),60.84999847,2003.599976,FALSE
788,0810-BDHAW,Female,FALSE,TRUE,TRUE,24,TRUE,TRUE,DSL,TRUE,TRUE,FALSE,FALSE,TRUE,TRUE,One year,FALSE,Electronic check,78.40000153,1832.400024,FALSE
789,0229-LFJAF,Male,FALSE,FALSE,FALSE,72,TRUE,TRUE,DSL,TRUE,TRUE,TRUE,TRUE,FALSE,FALSE,Two year,FALSE,Bank transfer (automatic),69.65000153,4908.25,FALSE
790,7131-ZQZNK,Female,FALSE,TRUE,TRUE,60,FALSE,,DSL,TRUE,FALSE,TRUE,TRUE,TRUE,TRUE,Two year,FALSE,Credit card (automatic),59.84999847,3590.199951,FALSE
791,3442-ZHHCC,Male,FALSE,FALSE,FALSE,68,TRUE,TRUE,DSL,TRUE,TRUE,TRUE,FALSE,FALSE,TRUE,One year,TRUE,Credit card (automatic),76.90000153,5023,FALSE
792,5726-CVNYA,Female,FALSE,TRUE,TRUE,8,TRUE,FALSE,No,,,,,,,Two year,TRUE,Mailed check,19.85000038,146.6000061,FALSE
793,9871-ELEYA,Female,FALSE,FALSE,TRUE,34,TRUE,FALSE,DSL,TRUE,FALSE,TRUE,TRUE,TRUE,FALSE,Two year,FALSE,Credit card (automatic),67.65000153,2339.300049,FALSE
794,4257-GAESD,Female,FALSE,FALSE,FALSE,6,FALSE,,DSL,FALSE,FALSE,FALSE,FALSE,TRUE,TRUE,Month-to-month,FALSE,Credit card (automatic),45,298.7000122,FALSE
795,5173-WXOQV,Male,FALSE,TRUE,FALSE,2,TRUE,FALSE,DSL,FALSE,TRUE,FALSE,TRUE,FALSE,TRUE,Month-to-month,TRUE,Mailed check,64.19999695,143.6499939,FALSE
796,2040-OBMLJ,Male,FALSE,FALSE,FALSE,31,TRUE,TRUE,Fiber optic,FALSE,FALSE,FALSE,TRUE,FALSE,FALSE,One year,FALSE,Credit card (automatic),81.69999695,2548.649902,FALSE
797,6286-ZHAOK,Female,FALSE,TRUE,TRUE,20,TRUE,TRUE,No,,,,,,,Month-to-month,TRUE,Bank transfer (automatic),25.54999924,507.3999939,FALSE
798,3807-XHCJH,Female,FALSE,TRUE,TRUE,1,TRUE,FALSE,No,,,,,,,Month-to-month,FALSE,Electronic check,20,20,FALSE
799,3009-JWMPU,Male,FALSE,FALSE,FALSE,62,TRUE,TRUE,Fiber optic,FALSE,FALSE,TRUE,FALSE,TRUE,TRUE,One year,TRUE,Electronic check,96.75,6125.399902,TRUE
800,5671-RQRLP,Female,TRUE,TRUE,FALSE,70,TRUE,TRUE,Fiber optic,FALSE,FALSE,FALSE,FALSE,FALSE,FALSE,Two year,TRUE,Credit card (automatic),75.65000153,5411.399902,FALSE
801,1450-GALXR,Female,FALSE,FALSE,FALSE,10,TRUE,TRUE,Fiber optic,FALSE,FALSE,FALSE,TRUE,TRUE,TRUE,Month-to-month,TRUE,Electronic check,98.5,1058.25,TRUE
802,8859-AXJZP,Male,FALSE,TRUE,TRUE,39,TRUE,TRUE,No,,,,,,,Two year,TRUE,Mailed check,23.79999924,903.7999878,FALSE
803,3174-AKMAS,Female,FALSE,TRUE,FALSE,46,TRUE,FALSE,DSL,FALSE,TRUE,FALSE,TRUE,,FALSE,Two year,TRUE,Credit card (automatic),64.19999695,3009.5,FALSE
804,3138-BKYAV,Male,FALSE,FALSE,FALSE,6,TRUE,FALSE,Fiber optic,FALSE,TRUE,FALSE,FALSE,TRUE,FALSE,Month-to-month,TRUE,Electronic check,85.34999847,489.4500122,TRUE
805,9926-PJHDQ,Female,FALSE,TRUE,TRUE,72,TRUE,TRUE,DSL,FALSE,FALSE,TRUE,FALSE,TRUE,TRUE,Two year,TRUE,Bank transfer (automatic),76.80000305,5468.450195,FALSE
806,7382-DFJTU,Male,FALSE,FALSE,FALSE,18,TRUE,FALSE,DSL,FALSE,FALSE,TRUE,TRUE,FALSE,FALSE,Month-to-month,FALSE,Credit card (automatic),55.20000076,1058.099976,FALSE
807,2798-NYLMZ,Male,FALSE,TRUE,FALSE,71,TRUE,TRUE,Fiber optic,TRUE,FALSE,TRUE,TRUE,TRUE,TRUE,Two year,TRUE,Credit card (automatic),108.5500031,7616,FALSE
808,4289-DTDKW,Male,FALSE,TRUE,FALSE,40,TRUE,TRUE,Fiber optic,FALSE,TRUE,FALSE,FALSE,TRUE,TRUE,Month-to-month,TRUE,Electronic check,101.3000031,4113.100098,TRUE
809,1820-TQVEV,Male,FALSE,FALSE,FALSE,1,TRUE,FALSE,Fiber optic,FALSE,FALSE,FALSE,FALSE,FALSE,FALSE,Month-to-month,TRUE,Electronic check,69.55000305,69.55000305,TRUE
810,2239-JALAW,Male,FALSE,FALSE,FALSE,58,TRUE,TRUE,Fiber optic,FALSE,TRUE,TRUE,FALSE,TRUE,TRUE,One year,TRUE,Bank transfer (automatic),103.25,6017.649902,TRUE
811,4853-RULSV,Male,FALSE,FALSE,FALSE,70,TRUE,TRUE,Fiber optic,TRUE,FALSE,FALSE,TRUE,TRUE,TRUE,Two year,TRUE,Credit card (automatic),104,7250.149902,TRUE
812,8098-TDCBU,Female,FALSE,TRUE,FALSE,42,TRUE,TRUE,No,,,,,,,Two year,FALSE,Electronic check,25.25,1108.199951,FALSE
813,3551-GAEGL,Male,FALSE,TRUE,TRUE,34,FALSE,,DSL,TRUE,FALSE,FALSE,FALSE,FALSE,FALSE,One year,FALSE,Bank transfer (automatic),30.39999962,938.6500244,FALSE
814,4785-NKHCX,Male,TRUE,FALSE,FALSE,5,TRUE,FALSE,No,,,,,,,Month-to-month,FALSE,Bank transfer (automatic),20.04999924,94.15000153,FALSE
815,3196-NVXLZ,Female,FALSE,FALSE,FALSE,25,TRUE,TRUE,Fiber optic,FALSE,FALSE,FALSE,FALSE,TRUE,FALSE,Month-to-month,TRUE,Mailed check,84.59999847,2088.050049,FALSE
816,6275-YDUVO,Female,FALSE,FALSE,FALSE,2,TRUE,FALSE,Fiber optic,FALSE,FALSE,TRUE,FALSE,FALSE,TRUE,Month-to-month,TRUE,Mailed check,86.19999695,178.6999969,TRUE
817,0036-IHMOT,Female,FALSE,TRUE,TRUE,55,TRUE,FALSE,Fiber optic,FALSE,TRUE,TRUE,TRUE,TRUE,TRUE,One year,TRUE,Bank transfer (automatic),103.6999969,5656.75,FALSE
818,0115-TFERT,Male,FALSE,TRUE,FALSE,21,TRUE,TRUE,Fiber optic,FALSE,TRUE,TRUE,TRUE,TRUE,TRUE,Month-to-month,TRUE,Electronic check,111.1999969,2317.100098,TRUE
819,4178-EGMON,Male,FALSE,TRUE,FALSE,70,TRUE,TRUE,Fiber optic,TRUE,TRUE,FALSE,TRUE,FALSE,FALSE,Two year,TRUE,Credit card (automatic),88,5986.450195,FALSE
820,4220-TINQT,Female,FALSE,TRUE,FALSE,61,TRUE,TRUE,Fiber optic,FALSE,FALSE,TRUE,TRUE,TRUE,TRUE,Month-to-month,TRUE,Electronic check,106.3499985,6751.350098,FALSE
821,5318-YKDPV,Male,FALSE,TRUE,TRUE,43,TRUE,FALSE,DSL,TRUE,FALSE,TRUE,TRUE,TRUE,TRUE,Two year,TRUE,Credit card (automatic),79.15000153,3566.600098,FALSE
822,7975-TZMLR,Male,FALSE,FALSE,FALSE,47,TRUE,TRUE,Fiber optic,FALSE,TRUE,TRUE,FALSE,TRUE,TRUE,One year,TRUE,Electronic check,103.0999985,4889.299805,FALSE
823,0295-QVKPB,Male,FALSE,FALSE,FALSE,5,TRUE,FALSE,DSL,FALSE,FALSE,TRUE,TRUE,TRUE,FALSE,Month-to-month,TRUE,Credit card (automatic),63.95000076,318.1000061,FALSE
824,4335-BSMJS,Female,FALSE,FALSE,FALSE,62,TRUE,TRUE,No,,,,,,,Two year,TRUE,Credit card (automatic),25.79999924,1563.949951,FALSE
825,2311-QYMUQ,Female,FALSE,TRUE,TRUE,16,TRUE,FALSE,Fiber optic,FALSE,TRUE,TRUE,FALSE,TRUE,FALSE,Month-to-month,TRUE,Credit card (automatic),89.44999695,1430.25,TRUE
826,3643-AHCFP,Male,TRUE,TRUE,FALSE,7,TRUE,TRUE,Fiber optic,FALSE,FALSE,FALSE,FALSE,TRUE,TRUE,Month-to-month,TRUE,Bank transfer (automatic),95.59999847,644.3499756,TRUE
827,9146-JRIOX,Female,FALSE,TRUE,TRUE,14,TRUE,TRUE,No,,,,,,,Month-to-month,FALSE,Mailed check,25.54999924,372.4500122,FALSE
828,3104-OWCGK,Male,FALSE,TRUE,TRUE,60,TRUE,FALSE,Fiber optic,FALSE,TRUE,TRUE,FALSE,TRUE,FALSE,One year,FALSE,Electronic check,90.94999695,5453.399902,TRUE
829,5337-IIWKZ,Male,FALSE,TRUE,TRUE,34,FALSE,,DSL,FALSE,FALSE,TRUE,TRUE,TRUE,FALSE,Month-to-month,TRUE,Electronic check,44.84999847,1442.599976,FALSE
830,9101-BWFSS,Female,FALSE,TRUE,FALSE,50,TRUE,TRUE,Fiber optic,TRUE,TRUE,FALSE,TRUE,TRUE,TRUE,One year,FALSE,Electronic check,108.5500031,5610.700195,TRUE
831,9650-VBUOG,Male,FALSE,TRUE,TRUE,38,TRUE,TRUE,No,,,,,,,Two year,FALSE,Credit card (automatic),25.04999924,963.9500122,FALSE
832,3487-EARAT,Female,FALSE,TRUE,TRUE,70,TRUE,FALSE,DSL,TRUE,TRUE,TRUE,TRUE,FALSE,TRUE,One year,FALSE,Credit card (automatic),74.09999847,5222.299805,FALSE
833,2672-TGEFF,Female,FALSE,TRUE,TRUE,37,TRUE,TRUE,Fiber optic,FALSE,TRUE,FALSE,FALSE,TRUE,FALSE,Month-to-month,TRUE,Electronic check,88.80000305,3340.550049,
834,9231-ZJYAM,Female,TRUE,FALSE,FALSE,4,TRUE,FALSE,Fiber optic,FALSE,FALSE,FALSE,FALSE,TRUE,FALSE,Month-to-month,TRUE,Electronic check,78.84999847,292.7999878,TRUE
835,4250-WAROZ,Male,TRUE,TRUE,TRUE,60,TRUE,TRUE,Fiber optic,TRUE,TRUE,FALSE,FALSE,FALSE,TRUE,Month-to-month,TRUE,Electronic check,93.25,5774.549805,FALSE
836,8184-WMOFI,Male,FALSE,TRUE,TRUE,62,TRUE,FALSE,DSL,TRUE,FALSE,TRUE,TRUE,FALSE,TRUE,One year,FALSE,Credit card (automatic),71.40000153,4487.299805,FALSE
837,6982-SSHFK,Male,FALSE,FALSE,FALSE,1,TRUE,FALSE,DSL,FALSE,FALSE,FALSE,FALSE,FALSE,FALSE,Month-to-month,FALSE,Mailed check,44.40000153,44.40000153,TRUE
838,6092-QZVPP,Male,FALSE,FALSE,FALSE,36,TRUE,FALSE,DSL,TRUE,FALSE,TRUE,TRUE,TRUE,TRUE,Month-to-month,TRUE,Credit card (automatic),79.19999695,2854.949951,FALSE
839,4625-LAMOB,Male,FALSE,FALSE,FALSE,44,TRUE,FALSE,No,,,,,,,Two year,FALSE,Credit card (automatic),20.39999962,905.5499878,FALSE
840,0727-BMPLR,Female,TRUE,FALSE,FALSE,55,TRUE,TRUE,Fiber optic,FALSE,FALSE,TRUE,FALSE,TRUE,TRUE,One year,TRUE,Electronic check,100,5509.299805,TRUE
841,0392-BZIUW,Female,FALSE,TRUE,FALSE,72,TRUE,TRUE,Fiber optic,TRUE,FALSE,TRUE,FALSE,TRUE,TRUE,Two year,TRUE,Credit card (automatic),105,7589.799805,FALSE
842,1038-ZAGBI,Female,FALSE,TRUE,TRUE,12,TRUE,FALSE,No,,,,,,,One year,FALSE,Bank transfer (automatic),19.79999924,229.6000061,TRUE
843,6549-NNDYT,Female,FALSE,FALSE,FALSE,13,FALSE,,DSL,TRUE,FALSE,FALSE,FALSE,FALSE,FALSE,Month-to-month,TRUE,Bank transfer (automatic),30.85000038,394.1000061,FALSE
844,3027-ZTDHO,Male,FALSE,FALSE,FALSE,1,TRUE,FALSE,Fiber optic,FALSE,FALSE,FALSE,FALSE,TRUE,TRUE,Month-to-month,TRUE,Electronic check,89.90000153,89.90000153,TRUE
845,0422-OHQHQ,Female,FALSE,TRUE,TRUE,15,TRUE,FALSE,No,,,,,,,One year,FALSE,Mailed check,20.54999924,295.9500122,FALSE
846,6916-HIJSE,Female,FALSE,FALSE,FALSE,65,TRUE,FALSE,DSL,TRUE,TRUE,TRUE,TRUE,TRUE,TRUE,Two year,TRUE,Bank transfer (automatic),84.84999847,5459.200195,FALSE
847,2316-ESMLS,Female,FALSE,TRUE,TRUE,12,FALSE,,DSL,TRUE,FALSE,FALSE,TRUE,FALSE,FALSE,One year,FALSE,Credit card (automatic),33.15000153,444.75,FALSE
848,9778-OGKQZ,Male,FALSE,TRUE,FALSE,72,TRUE,TRUE,DSL,TRUE,TRUE,TRUE,TRUE,TRUE,TRUE,Two year,TRUE,Credit card (automatic),92,6782.149902,FALSE
849,7408-OFWXJ,Female,FALSE,TRUE,TRUE,72,TRUE,TRUE,DSL,TRUE,TRUE,TRUE,TRUE,TRUE,TRUE,Two year,FALSE,Credit card (automatic),89.80000305,6510.450195,FALSE
850,6007-TCTST,Female,FALSE,TRUE,TRUE,72,TRUE,TRUE,Fiber optic,TRUE,TRUE,TRUE,TRUE,TRUE,TRUE,Two year,TRUE,Bank transfer (automatic),115.8000031,8476.5,FALSE
851,2252-NKNSI,Male,FALSE,FALSE,TRUE,52,TRUE,TRUE,DSL,TRUE,TRUE,FALSE,TRUE,TRUE,TRUE,Two year,TRUE,Mailed check,85.15000153,4461.850098,FALSE
852,8713-IGZSO,Male,FALSE,FALSE,FALSE,2,TRUE,TRUE,No,,,,,,,Month-to-month,FALSE,Mailed check,24.85000038,62,FALSE
853,7905-TVXTA,Female,FALSE,FALSE,FALSE,5,TRUE,FALSE,DSL,TRUE,FALSE,FALSE,TRUE,TRUE,FALSE,Month-to-month,TRUE,Electronic check,64.34999847,352.6499939,FALSE
854,7695-PKLCZ,Female,FALSE,FALSE,FALSE,68,TRUE,FALSE,No,,,,,,,Two year,FALSE,Credit card (automatic),20.5,1424.900024,FALSE
855,2382-BCKQJ,Female,FALSE,FALSE,TRUE,62,TRUE,TRUE,Fiber optic,FALSE,FALSE,TRUE,FALSE,TRUE,TRUE,One year,TRUE,Electronic check,100.1500015,6413.649902,TRUE
856,8374-UULRV,Male,FALSE,FALSE,FALSE,72,TRUE,TRUE,DSL,TRUE,TRUE,FALSE,TRUE,TRUE,TRUE,Two year,FALSE,Credit card (automatic),86.05000305,6309.649902,FALSE
857,2207-NHRJK,Male,FALSE,FALSE,FALSE,1,TRUE,FALSE,DSL,FALSE,TRUE,FALSE,FALSE,FALSE,FALSE,Month-to-month,FALSE,Electronic check,50.79999924,50.79999924,TRUE
858,3224-DFQNQ,Female,FALSE,TRUE,FALSE,66,TRUE,TRUE,Fiber optic,TRUE,TRUE,FALSE,TRUE,FALSE,FALSE,One year,FALSE,Electronic check,89,5898.600098,FALSE
859,5275-PMFUT,Male,FALSE,TRUE,TRUE,72,FALSE,,DSL,TRUE,TRUE,TRUE,TRUE,TRUE,TRUE,Two year,TRUE,Credit card (automatic),64.80000305,4719.75,FALSE
860,4795-UXVCJ,Male,FALSE,FALSE,FALSE,26,TRUE,FALSE,No,,,,,,,One year,FALSE,Credit card (automatic),19.79999924,457.2999878,FALSE
861,9777-IQHWP,Male,FALSE,TRUE,TRUE,64,TRUE,TRUE,Fiber optic,TRUE,FALSE,TRUE,FALSE,FALSE,TRUE,Two year,FALSE,Bank transfer (automatic),93.40000153,5822.299805,FALSE
862,,Male,TRUE,TRUE,FALSE,20,TRUE,FALSE,Fiber optic,FALSE,TRUE,FALSE,FALSE,FALSE,FALSE,Month-to-month,TRUE,Electronic check,73.65000153,1463.5,TRUE
863,9944-HKVVB,Female,FALSE,FALSE,FALSE,3,TRUE,FALSE,Fiber optic,FALSE,TRUE,FALSE,FALSE,TRUE,TRUE,Month-to-month,TRUE,Electronic check,95.09999847,307.3999939,TRUE
864,4124-MMETB,Male,FALSE,FALSE,FALSE,22,TRUE,TRUE,Fiber optic,FALSE,FALSE,FALSE,FALSE,TRUE,TRUE,Month-to-month,TRUE,Credit card (automatic),94.65000153,2104.550049,TRUE
865,3671-SHRSP,Male,FALSE,TRUE,FALSE,4,TRUE,FALSE,Fiber optic,FALSE,FALSE,TRUE,TRUE,FALSE,FALSE,Month-to-month,TRUE,Mailed check,80.59999847,319.1499939,TRUE
866,0979-MOZQI,Male,FALSE,TRUE,FALSE,62,FALSE,,DSL,FALSE,FALSE,FALSE,TRUE,TRUE,FALSE,Two year,TRUE,Bank transfer (automatic),39,2337.449951,FALSE
867,2732-ISEZX,Female,FALSE,FALSE,FALSE,5,TRUE,FALSE,No,,,,,,,Month-to-month,TRUE,Mailed check,20.5,104.3000031,FALSE
868,3313-QKNKB,Male,FALSE,TRUE,FALSE,59,TRUE,TRUE,Fiber optic,FALSE,FALSE,FALSE,FALSE,FALSE,TRUE,One year,FALSE,Electronic check,85.55000305,5084.649902,TRUE
869,0323-XWWTN,Male,FALSE,FALSE,TRUE,3,TRUE,TRUE,No,,,,,,,Two year,TRUE,Mailed check,26.39999962,121.25,FALSE
870,1937-OTUKY,Female,FALSE,TRUE,FALSE,72,TRUE,TRUE,Fiber optic,TRUE,FALSE,TRUE,TRUE,TRUE,FALSE,Two year,TRUE,Bank transfer (automatic),98.19999695,7015.899902,FALSE
871,1573-LGXBA,Male,FALSE,TRUE,TRUE,57,TRUE,FALSE,Fiber optic,FALSE,TRUE,TRUE,FALSE,TRUE,TRUE,One year,TRUE,Credit card (automatic),97.55000305,5598,FALSE
872,1764-VUUMT,Male,FALSE,FALSE,TRUE,66,TRUE,FALSE,No,,,,,,,Two year,FALSE,Credit card (automatic),19.95000076,1269.099976,FALSE
873,5073-WXOYN,Female,FALSE,FALSE,FALSE,60,FALSE,,DSL,FALSE,TRUE,FALSE,FALSE,TRUE,TRUE,Month-to-month,TRUE,Electronic check,50.79999924,3027.399902,TRUE
874,4713-ZBURT,Male,FALSE,FALSE,TRUE,45,TRUE,TRUE,Fiber optic,FALSE,FALSE,TRUE,FALSE,TRUE,TRUE,Two year,FALSE,Bank transfer (automatic),99.69999695,4634.350098,FALSE
875,3050-GBUSH,Female,FALSE,FALSE,FALSE,3,FALSE,,DSL,FALSE,FALSE,FALSE,FALSE,TRUE,FALSE,Month-to-month,TRUE,Credit card (automatic),34.79999924,113.9499969,FALSE
876,0207-MDKNV,Female,FALSE,FALSE,FALSE,15,TRUE,FALSE,Fiber optic,TRUE,FALSE,TRUE,TRUE,TRUE,TRUE,Month-to-month,FALSE,Electronic check,105.0999985,1582.75,TRUE
877,7876-AEHIG,Female,FALSE,FALSE,TRUE,51,FALSE,,DSL,TRUE,FALSE,TRUE,TRUE,TRUE,TRUE,One year,FALSE,Bank transfer (automatic),60.15000153,3077,FALSE
878,7945-HLKEA,Female,FALSE,FALSE,FALSE,60,TRUE,TRUE,DSL,TRUE,FALSE,TRUE,TRUE,FALSE,FALSE,One year,FALSE,Electronic check,64.75,4039.5,FALSE
879,9342-VNIMQ,Male,FALSE,FALSE,FALSE,33,TRUE,TRUE,DSL,FALSE,TRUE,FALSE,FALSE,FALSE,FALSE,Month-to-month,TRUE,Bank transfer (automatic),54.65000153,1665.199951,FALSE
880,9851-KIELU,Male,FALSE,FALSE,FALSE,10,TRUE,FALSE,Fiber optic,TRUE,TRUE,TRUE,TRUE,TRUE,TRUE,Month-to-month,TRUE,Electronic check,110.0999985,1043.300049,TRUE
881,3523-BRGUW,Male,TRUE,FALSE,FALSE,26,TRUE,FALSE,No,,,,,,,One year,FALSE,Credit card (automatic),19.29999924,504.2000122,FALSE
882,3908-BLSYF,Female,FALSE,FALSE,FALSE,6,TRUE,FALSE,Fiber optic,FALSE,FALSE,TRUE,FALSE,FALSE,TRUE,Month-to-month,FALSE,Electronic check,83.90000153,497.5499878,TRUE
883,3199-NPKCN,Female,FALSE,TRUE,FALSE,67,TRUE,TRUE,Fiber optic,TRUE,FALSE,TRUE,TRUE,TRUE,TRUE,One year,TRUE,Electronic check,111.25,7511.649902,FALSE
884,5170-PTRKA,Female,FALSE,TRUE,TRUE,49,FALSE,,DSL,TRUE,FALSE,FALSE,TRUE,FALSE,FALSE,One year,TRUE,Credit card (automatic),35.79999924,1782,FALSE
885,4661-NJEUX,Male,FALSE,FALSE,FALSE,1,TRUE,FALSE,No,,,,,,,Month-to-month,TRUE,Mailed check,20.04999924,20.04999924,FALSE
886,2123-AGEEN,Female,TRUE,FALSE,FALSE,7,TRUE,FALSE,Fiber optic,FALSE,FALSE,TRUE,FALSE,TRUE,FALSE,Month-to-month,TRUE,Electronic check,84.34999847,609.6500244,FALSE
887,1258-YMZNM,Female,TRUE,FALSE,FALSE,27,TRUE,TRUE,Fiber optic,TRUE,TRUE,TRUE,FALSE,TRUE,TRUE,One year,TRUE,Bank transfer (automatic),110.5,2857.600098,FALSE
888,0048-LUMLS,Male,FALSE,TRUE,TRUE,37,TRUE,FALSE,Fiber optic,FALSE,FALSE,,FALSE,TRUE,TRUE,One year,FALSE,Credit card (automatic),91.19999695,3247.550049,FALSE
889,7549-MYGPK,Female,FALSE,TRUE,TRUE,63,TRUE,TRUE,Fiber optic,TRUE,TRUE,TRUE,FALSE,TRUE,FALSE,Month-to-month,TRUE,Electronic check,100.5500031,6215.350098,TRUE
890,5898-IGSLP,Male,FALSE,TRUE,TRUE,31,TRUE,TRUE,Fiber optic,TRUE,FALSE,TRUE,TRUE,FALSE,FALSE,Month-to-month,FALSE,Electronic check,89.30000305,2823,FALSE
891,3804-RVTGV,Male,FALSE,TRUE,TRUE,50,TRUE,TRUE,Fiber optic,FALSE,TRUE,TRUE,FALSE,TRUE,TRUE,Month-to-month,TRUE,Bank transfer (automatic),103.8499985,5017.899902,TRUE
892,6259-WJQLC,Male,TRUE,FALSE,FALSE,32,TRUE,TRUE,Fiber optic,FALSE,FALSE,TRUE,FALSE,FALSE,FALSE,Month-to-month,TRUE,Credit card (automatic),81.09999847,2619.25,FALSE
893,9227-LUNBG,Female,FALSE,FALSE,FALSE,1,FALSE,,DSL,FALSE,FALSE,FALSE,FALSE,FALSE,FALSE,Month-to-month,FALSE,Electronic check,24.60000038,24.60000038,TRUE
894,7997-EASSD,Female,FALSE,TRUE,FALSE,63,TRUE,TRUE,Fiber optic,FALSE,FALSE,FALSE,TRUE,FALSE,FALSE,One year,TRUE,Credit card (automatic),81.19999695,4965.100098,FALSE
895,0730-KOAVE,Male,FALSE,FALSE,FALSE,30,TRUE,TRUE,Fiber optic,TRUE,TRUE,FALSE,FALSE,FALSE,TRUE,Month-to-month,TRUE,Credit card (automatic),94.30000305,2679.699951,FALSE
896,8975-SKGRX,Male,FALSE,TRUE,FALSE,71,TRUE,TRUE,Fiber optic,TRUE,TRUE,TRUE,TRUE,TRUE,TRUE,Two year,TRUE,Bank transfer (automatic),116.0999985,8310.549805,FALSE
897,0678-RLHVP,Female,FALSE,FALSE,FALSE,53,TRUE,TRUE,Fiber optic,FALSE,TRUE,TRUE,FALSE,TRUE,TRUE,Two year,FALSE,Electronic check,105.5500031,5682.25,FALSE
898,4315-MURBD,Female,FALSE,FALSE,FALSE,12,TRUE,FALSE,Fiber optic,TRUE,FALSE,FALSE,TRUE,TRUE,TRUE,Month-to-month,TRUE,Bank transfer (automatic),98.90000153,1120.949951,TRUE
899,2267-FPIMA,Male,FALSE,TRUE,FALSE,50,TRUE,TRUE,Fiber optic,TRUE,TRUE,FALSE,FALSE,FALSE,TRUE,Month-to-month,TRUE,Credit card (automatic),94.40000153,4914.899902,FALSE
900,1051-GEJLJ,Female,FALSE,FALSE,FALSE,2,TRUE,FALSE,No,,,,,,,Month-to-month,FALSE,Mailed check,19.5,27.54999924,FALSE
901,9734-YWGEX,Female,FALSE,FALSE,FALSE,9,TRUE,TRUE,Fiber optic,FALSE,FALSE,TRUE,FALSE,TRUE,TRUE,Month-to-month,FALSE,Credit card (automatic),98.30000305,923.5,TRUE
902,2719-BDAQO,Male,FALSE,FALSE,FALSE,17,TRUE,FALSE,Fiber optic,TRUE,FALSE,FALSE,FALSE,TRUE,TRUE,Month-to-month,FALSE,Electronic check,93.84999847,1625.650024,TRUE
903,5285-MVEHD,Female,FALSE,TRUE,FALSE,56,TRUE,FALSE,Fiber optic,TRUE,TRUE,TRUE,FALSE,TRUE,TRUE,One year,TRUE,Credit card (automatic),105.5999985,6068.649902,FALSE
904,0379-DJQHR,Male,FALSE,TRUE,TRUE,67,TRUE,FALSE,DSL,TRUE,TRUE,TRUE,FALSE,TRUE,TRUE,Two year,FALSE,Credit card (automatic),81.34999847,5398.600098,FALSE
905,0781-LKXBR,Male,TRUE,FALSE,FALSE,9,TRUE,TRUE,Fiber optic,FALSE,FALSE,TRUE,FALSE,TRUE,TRUE,Month-to-month,TRUE,Electronic check,100.5,918.5999756,TRUE
906,5543-QDCRY,Male,FALSE,FALSE,FALSE,4,TRUE,FALSE,DSL,FALSE,FALSE,FALSE,FALSE,TRUE,FALSE,Month-to-month,TRUE,Electronic check,56.40000153,234.8500061,FALSE
907,0297-RBCSG,Male,FALSE,FALSE,FALSE,19,TRUE,FALSE,DSL,FALSE,TRUE,FALSE,TRUE,FALSE,TRUE,One year,TRUE,Bank transfer (automatic),65.34999847,1231.849976,FALSE
908,4694-PHWFW,Female,FALSE,FALSE,TRUE,8,TRUE,FALSE,No,,,,,,,Month-to-month,FALSE,Mailed check,19.95000076,170.8999939,FALSE
909,0835-JKADZ,Female,FALSE,FALSE,FALSE,71,TRUE,TRUE,Fiber optic,FALSE,TRUE,TRUE,TRUE,TRUE,TRUE,Two year,TRUE,Electronic check,111.25,7984.149902,FALSE
910,1907-UBQFC,Male,TRUE,FALSE,FALSE,10,TRUE,FALSE,Fiber optic,FALSE,TRUE,FALSE,FALSE,FALSE,FALSE,Month-to-month,TRUE,Electronic check,72.84999847,688.6500244,TRUE
911,7508-SMHXL,Female,TRUE,FALSE,FALSE,15,TRUE,TRUE,Fiber optic,FALSE,TRUE,FALSE,FALSE,TRUE,FALSE,Month-to-month,FALSE,Credit card (automatic),89,1288.300049,FALSE
912,3865-YIOTT,Male,FALSE,TRUE,TRUE,72,TRUE,TRUE,Fiber optic,TRUE,FALSE,TRUE,FALSE,TRUE,TRUE,One year,TRUE,Bank transfer (automatic),106.0999985,7848.5,FALSE
913,5993-BQHEA,Male,FALSE,FALSE,FALSE,12,TRUE,FALSE,No,,,,,,,One year,FALSE,Credit card (automatic),20.04999924,267,FALSE
914,6024-RUGGH,Male,FALSE,TRUE,TRUE,72,TRUE,TRUE,No,,,,,,,Two year,TRUE,Bank transfer (automatic),25.20000076,1798.900024,FALSE
915,6513-EECDB,Male,TRUE,TRUE,FALSE,1,TRUE,TRUE,Fiber optic,FALSE,FALSE,FALSE,FALSE,FALSE,FALSE,Month-to-month,TRUE,Electronic check,73.55000305,73.55000305,TRUE
916,3956-CJUST,Female,TRUE,FALSE,FALSE,23,TRUE,FALSE,Fiber optic,TRUE,FALSE,FALSE,FALSE,FALSE,FALSE,Month-to-month,TRUE,Bank transfer (automatic),75.40000153,1643.550049,FALSE
917,4079-WWQQQ,Male,FALSE,FALSE,FALSE,72,FALSE,,DSL,TRUE,TRUE,TRUE,TRUE,TRUE,TRUE,Two year,TRUE,Bank transfer (automatic),65.55000305,4807.450195,FALSE
918,6103-BOCOU,Female,FALSE,FALSE,FALSE,26,TRUE,TRUE,Fiber optic,FALSE,FALSE,TRUE,FALSE,FALSE,FALSE,Month-to-month,TRUE,Electronic check,80.69999695,2193,FALSE
919,5149-TGWDZ,Female,FALSE,FALSE,FALSE,21,TRUE,FALSE,Fiber optic,FALSE,TRUE,TRUE,TRUE,TRUE,TRUE,One year,TRUE,Mailed check,104.5500031,2239.399902,FALSE
920,7471-WNSUF,Male,FALSE,TRUE,FALSE,60,TRUE,TRUE,No,,,,,,,One year,FALSE,Bank transfer (automatic),24.14999962,1505.900024,FALSE
921,8942-DBMHZ,Male,FALSE,FALSE,FALSE,12,TRUE,FALSE,No,,,,,,,Month-to-month,FALSE,Mailed check,20.45000076,255.3500061,FALSE
922,4301-VVZKA,Male,FALSE,TRUE,FALSE,16,TRUE,TRUE,Fiber optic,FALSE,FALSE,FALSE,FALSE,FALSE,FALSE,Month-to-month,TRUE,Electronic check,75.40000153,1189.400024,FALSE
923,9199-PWQVC,Female,FALSE,TRUE,FALSE,63,TRUE,TRUE,DSL,TRUE,TRUE,FALSE,FALSE,TRUE,TRUE,One year,TRUE,Credit card (automatic),79.69999695,4786.149902,FALSE
924,4824-GUCBY,Female,TRUE,FALSE,FALSE,22,TRUE,FALSE,Fiber optic,TRUE,TRUE,FALSE,FALSE,FALSE,FALSE,Month-to-month,FALSE,Electronic check,81.69999695,1820.900024,FALSE
925,5393-HJZSM,Female,FALSE,TRUE,TRUE,32,TRUE,FALSE,DSL,TRUE,TRUE,TRUE,TRUE,FALSE,TRUE,Month-to-month,FALSE,Bank transfer (automatic),76.30000305,2404.149902,FALSE
926,7074-IEVOJ,Female,TRUE,FALSE,FALSE,3,TRUE,TRUE,Fiber optic,FALSE,TRUE,FALSE,FALSE,FALSE,FALSE,Month-to-month,TRUE,Electronic check,79.40000153,205.0500031,TRUE
927,9625-QSTYE,Female,FALSE,FALSE,FALSE,13,TRUE,FALSE,Fiber optic,FALSE,TRUE,TRUE,FALSE,FALSE,FALSE,Month-to-month,TRUE,Electronic check,81.15000153,952.2999878,TRUE
928,0862-PRCBS,Female,FALSE,TRUE,TRUE,68,TRUE,TRUE,Fiber optic,FALSE,TRUE,FALSE,TRUE,TRUE,TRUE,Two year,TRUE,Credit card (automatic),103.75,7039.450195,FALSE
929,8812-ZRHFP,Female,FALSE,TRUE,TRUE,30,TRUE,FALSE,Fiber optic,FALSE,FALSE,TRUE,FALSE,FALSE,TRUE,One year,FALSE,Electronic check,86.44999695,2538.050049,FALSE
930,5146-CBVOE,Female,FALSE,FALSE,FALSE,16,TRUE,FALSE,Fiber optic,FALSE,TRUE,FALSE,FALSE,FALSE,FALSE,Month-to-month,FALSE,Bank transfer (automatic),75.09999847,1212.849976,FALSE
931,0454-OKRCT,Male,FALSE,FALSE,FALSE,33,TRUE,FALSE,Fiber optic,FALSE,TRUE,FALSE,TRUE,FALSE,FALSE,Two year,FALSE,Bank transfer (automatic),80.59999847,2651.100098,FALSE
932,5787-KXGIY,Male,FALSE,TRUE,FALSE,72,TRUE,FALSE,No,,,,,,,Two year,FALSE,Credit card (automatic),19.29999924,1304.800049,FALSE
933,4750-ZRXIU,Female,TRUE,FALSE,FALSE,4,TRUE,TRUE,Fiber optic,FALSE,FALSE,FALSE,FALSE,FALSE,TRUE,Month-to-month,TRUE,Electronic check,84.59999847,360.1000061,TRUE
934,4198-VFOEA,Female,FALSE,FALSE,FALSE,12,FALSE,,DSL,TRUE,FALSE,FALSE,TRUE,FALSE,FALSE,One year,TRUE,Mailed check,33.59999847,435.4500122,FALSE
935,6630-UJZMY,Female,TRUE,TRUE,FALSE,4,TRUE,TRUE,Fiber optic,FALSE,FALSE,FALSE,FALSE,TRUE,FALSE,Month-to-month,TRUE,Electronic check,83.25,308.0499878,FALSE
936,5709-LVOEQ,Female,FALSE,TRUE,TRUE,0,TRUE,FALSE,DSL,TRUE,TRUE,TRUE,FALSE,TRUE,TRUE,Two year,FALSE,Mailed check,80.84999847,,FALSE
937,6400-BWQKW,Female,FALSE,FALSE,FALSE,6,TRUE,TRUE,Fiber optic,TRUE,FALSE,FALSE,FALSE,FALSE,FALSE,Month-to-month,TRUE,Electronic check,79.05000305,434.5,TRUE
938,2692-AQCPF,Female,FALSE,TRUE,FALSE,65,TRUE,TRUE,Fiber optic,FALSE,TRUE,TRUE,TRUE,TRUE,TRUE,One year,TRUE,Credit card (automatic),108.0500031,7118.899902,FALSE
939,0347-UBKUZ,Female,FALSE,FALSE,FALSE,15,TRUE,FALSE,No,,,,,,,Month-to-month,FALSE,Mailed check,19.89999962,320.4500122,FALSE
940,0835-DUUIQ,Female,FALSE,FALSE,TRUE,24,TRUE,FALSE,No,,,,,,,One year,FALSE,Bank transfer (automatic),21.04999924,531.5499878,FALSE
941,0811-GSDTP,Female,FALSE,FALSE,TRUE,13,FALSE,,DSL,FALSE,TRUE,FALSE,FALSE,FALSE,FALSE,Month-to-month,FALSE,Electronic check,30.14999962,382.2000122,FALSE
942,7567-ECMCM,Male,FALSE,FALSE,FALSE,24,TRUE,FALSE,Fiber optic,FALSE,FALSE,FALSE,FALSE,FALSE,TRUE,Month-to-month,TRUE,Credit card (automatic),79.84999847,2001,FALSE
943,6115-ZTBFQ,Female,FALSE,TRUE,FALSE,72,FALSE,,DSL,TRUE,TRUE,TRUE,TRUE,TRUE,TRUE,Two year,FALSE,Bank transfer (automatic),65.5,4919.700195,FALSE
944,6353-BRMMA,Female,FALSE,TRUE,TRUE,54,TRUE,TRUE,Fiber optic,TRUE,TRUE,FALSE,FALSE,TRUE,TRUE,Month-to-month,TRUE,Bank transfer (automatic),104.0999985,5645.799805,FALSE
945,6680-WKXRZ,Female,FALSE,FALSE,FALSE,3,TRUE,TRUE,Fiber optic,FALSE,FALSE,FALSE,FALSE,FALSE,FALSE,Month-to-month,FALSE,Bank transfer (automatic),74.40000153,215.8000031,TRUE
946,6231-WFGFH,Male,FALSE,TRUE,TRUE,4,TRUE,FALSE,No,,,,,,,Month-to-month,TRUE,Mailed check,20.5,77.59999847,FALSE
947,9904-EHEVJ,Female,TRUE,TRUE,TRUE,32,TRUE,TRUE,Fiber optic,FALSE,FALSE,TRUE,FALSE,TRUE,FALSE,Month-to-month,TRUE,Mailed check,91.34999847,2896.550049,FALSE
948,7028-DVOIQ,Male,TRUE,FALSE,FALSE,35,TRUE,TRUE,Fiber optic,FALSE,FALSE,TRUE,FALSE,TRUE,TRUE,Month-to-month,TRUE,Electronic check,99.05000305,3395.800049,TRUE
949,6169-PPETC,Male,FALSE,TRUE,TRUE,35,TRUE,FALSE,No,,,,,,,Two year,FALSE,Bank transfer (automatic),20.5,759.3499756,FALSE
950,4208-UFFGW,Male,TRUE,FALSE,FALSE,2,TRUE,FALSE,DSL,FALSE,FALSE,FALSE,FALSE,FALSE,FALSE,Month-to-month,FALSE,Mailed check,44.95000076,85.15000153,TRUE
951,8584-KMVXD,Female,FALSE,FALSE,FALSE,8,TRUE,FALSE,Fiber optic,FALSE,TRUE,FALSE,FALSE,FALSE,FALSE,Month-to-month,FALSE,Electronic check,75.59999847,535.5499878,FALSE
952,8467-WYNSR,Male,FALSE,FALSE,FALSE,22,TRUE,FALSE,DSL,TRUE,FALSE,FALSE,TRUE,FALSE,FALSE,Month-to-month,FALSE,Mailed check,55.09999847,1253.150024,FALSE
953,0851-DFJKB,Female,FALSE,FALSE,FALSE,15,TRUE,FALSE,DSL,TRUE,FALSE,TRUE,TRUE,FALSE,FALSE,Month-to-month,FALSE,Electronic check,58.95000076,955.1500244,FALSE
954,5382-SOYZL,Male,FALSE,FALSE,FALSE,22,TRUE,TRUE,Fiber optic,FALSE,FALSE,FALSE,FALSE,TRUE,TRUE,Month-to-month,TRUE,Electronic check,95.09999847,2162.600098,FALSE
955,9448-REEVD,Male,FALSE,TRUE,FALSE,1,TRUE,FALSE,DSL,FALSE,FALSE,FALSE,FALSE,FALSE,FALSE,Month-to-month,FALSE,Credit card (automatic),44.70000076,44.70000076,TRUE
956,3261-CQXOL,Female,FALSE,TRUE,TRUE,71,TRUE,TRUE,No,,,,,,,Two year,FALSE,Bank transfer (automatic),25.45000076,1813.349976,FALSE
957,8388-FYNPZ,Male,FALSE,FALSE,FALSE,4,TRUE,FALSE,DSL,TRUE,FALSE,TRUE,FALSE,FALSE,FALSE,Month-to-month,FALSE,Electronic check,56.75,245.1499939,FALSE
958,4002-BQWPQ,Male,FALSE,FALSE,FALSE,25,TRUE,TRUE,DSL,TRUE,TRUE,TRUE,TRUE,FALSE,TRUE,Month-to-month,FALSE,Bank transfer (automatic),81.75,2028.800049,FALSE
959,5651-YLPRD,Female,FALSE,TRUE,TRUE,32,TRUE,FALSE,Fiber optic,FALSE,TRUE,FALSE,FALSE,TRUE,FALSE,Month-to-month,TRUE,Electronic check,86.09999847,2723.75,FALSE
960,2826-DXLQO,Male,TRUE,TRUE,FALSE,7,FALSE,,DSL,TRUE,FALSE,FALSE,FALSE,FALSE,FALSE,Month-to-month,FALSE,Bank transfer (automatic),29.79999924,220.4499969,FALSE
961,4378-BZYFP,Male,FALSE,FALSE,FALSE,17,TRUE,FALSE,No,,,,,,,One year,TRUE,Mailed check,20.5,365.7999878,FALSE
962,9489-UTFKA,Male,TRUE,TRUE,FALSE,8,TRUE,FALSE,DSL,TRUE,FALSE,FALSE,FALSE,TRUE,FALSE,Month-to-month,FALSE,Bank transfer (automatic),60.90000153,551.9500122,FALSE
963,4849-PYRLQ,Female,TRUE,FALSE,FALSE,56,TRUE,TRUE,DSL,TRUE,FALSE,TRUE,TRUE,FALSE,TRUE,Two year,FALSE,Bank transfer (automatic),73.25,4054.199951,FALSE
964,9117-SHLZX,Male,FALSE,FALSE,FALSE,1,TRUE,FALSE,DSL,FALSE,FALSE,FALSE,FALSE,FALSE,FALSE,Month-to-month,TRUE,Mailed check,45.70000076,45.70000076,TRUE
965,9889-TMAHG,Male,TRUE,FALSE,FALSE,8,TRUE,FALSE,Fiber optic,TRUE,FALSE,FALSE,TRUE,TRUE,TRUE,Month-to-month,FALSE,Credit card (automatic),100.3000031,832.3499756,TRUE
966,4541-RMRLG,Male,FALSE,FALSE,FALSE,7,TRUE,FALSE,No,,,,,,,Month-to-month,FALSE,Electronic check,19.25,112.3000031,TRUE
967,7764-BDPEE,Male,FALSE,FALSE,TRUE,3,TRUE,FALSE,No,,,,,,,Month-to-month,FALSE,Mailed check,20.85000038,60.65000153,FALSE
968,3429-IFLEM,Female,FALSE,FALSE,FALSE,71,TRUE,FALSE,DSL,TRUE,TRUE,TRUE,TRUE,TRUE,FALSE,Two year,FALSE,Credit card (automatic),77.34999847,5550.100098,FALSE
969,3158-MOERK,Female,FALSE,FALSE,FALSE,2,TRUE,TRUE,Fiber optic,FALSE,FALSE,FALSE,FALSE,TRUE,TRUE,Month-to-month,TRUE,Electronic check,96,174.8000031,TRUE
970,7294-TMAOP,Female,FALSE,FALSE,FALSE,1,TRUE,FALSE,Fiber optic,FALSE,FALSE,FALSE,FALSE,TRUE,TRUE,Month-to-month,FALSE,Electronic check,90.55000305,90.55000305,TRUE
971,5002-GCQFH,Male,FALSE,TRUE,FALSE,49,TRUE,TRUE,Fiber optic,TRUE,TRUE,FALSE,FALSE,TRUE,FALSE,Month-to-month,TRUE,Bank transfer (automatic),93.84999847,4733.100098,FALSE
972,0556-FJEGU,Male,FALSE,FALSE,FALSE,58,TRUE,FALSE,DSL,FALSE,TRUE,TRUE,TRUE,TRUE,FALSE,Two year,FALSE,Bank transfer (automatic),70.09999847,4048.949951,FALSE
973,8919-FYFQZ,Male,TRUE,TRUE,FALSE,44,FALSE,,DSL,FALSE,TRUE,FALSE,FALSE,FALSE,FALSE,Month-to-month,TRUE,Electronic check,30.35000038,1359.699951,TRUE
974,0604-THJFP,Female,FALSE,TRUE,TRUE,59,TRUE,FALSE,DSL,FALSE,TRUE,FALSE,TRUE,TRUE,TRUE,Two year,TRUE,Credit card (automatic),75.94999695,4542.350098,FALSE
975,2834-JRTUA,Male,FALSE,FALSE,FALSE,71,TRUE,TRUE,Fiber optic,TRUE,FALSE,TRUE,TRUE,TRUE,TRUE,Two year,TRUE,Electronic check,108.0500031,7532.149902,TRUE
976,5875-YPQFJ,Male,FALSE,FALSE,FALSE,1,TRUE,FALSE,Fiber optic,FALSE,FALSE,FALSE,FALSE,FALSE,FALSE,Month-to-month,TRUE,Electronic check,69.90000153,69.90000153,TRUE
977,5879-SESNB,Female,FALSE,FALSE,FALSE,11,TRUE,TRUE,Fiber optic,FALSE,FALSE,FALSE,FALSE,FALSE,FALSE,Month-to-month,FALSE,Electronic check,75.25,888.6500244,FALSE
978,6646-QVXLR,Male,TRUE,TRUE,FALSE,62,TRUE,TRUE,Fiber optic,FALSE,TRUE,TRUE,FALSE,TRUE,TRUE,One year,TRUE,Electronic check,103.75,6383.350098,TRUE
979,6461-PPAXN,Female,FALSE,TRUE,TRUE,35,TRUE,FALSE,DSL,TRUE,FALSE,FALSE,TRUE,FALSE,FALSE,One year,TRUE,Bank transfer (automatic),54.95000076,1916,FALSE
980,3318-ISQFQ,Female,FALSE,FALSE,FALSE,20,TRUE,FALSE,No,,,,,,,Month-to-month,TRUE,Bank transfer (automatic),19.5,413,FALSE
981,1106-HRLKZ,Male,FALSE,TRUE,TRUE,40,TRUE,FALSE,No,,,,,,,Two year,FALSE,Mailed check,19.60000038,808.9500122,FALSE
982,2483-XSSMZ,Female,FALSE,FALSE,FALSE,39,TRUE,FALSE,DSL,TRUE,FALSE,FALSE,FALSE,FALSE,FALSE,One year,TRUE,Electronic check,47.84999847,1886.400024,FALSE
983,8603-IJWDN,Male,FALSE,FALSE,FALSE,1,TRUE,TRUE,Fiber optic,FALSE,FALSE,FALSE,FALSE,FALSE,TRUE,Month-to-month,TRUE,Electronic check,86.59999847,86.59999847,TRUE
984,8165-ZJRNM,Female,FALSE,TRUE,TRUE,72,TRUE,TRUE,No,,,,,,,Two year,FALSE,Bank transfer (automatic),23.75,1679.25,FALSE
985,9369-XFEHK,Female,TRUE,TRUE,FALSE,33,TRUE,TRUE,Fiber optic,FALSE,TRUE,FALSE,FALSE,FALSE,FALSE,Month-to-month,TRUE,Bank transfer (automatic),80.59999847,2656.5,TRUE
986,2604-XVDAM,Female,FALSE,FALSE,FALSE,12,TRUE,FALSE,DSL,FALSE,FALSE,FALSE,FALSE,FALSE,FALSE,Month-to-month,FALSE,Bank transfer (automatic),43.79999924,540.9500122,FALSE
987,3717-OFRTN,Male,FALSE,FALSE,FALSE,1,TRUE,FALSE,No,,,,,,,Month-to-month,FALSE,Bank transfer (automatic),19.75,19.75,FALSE
988,9046-JBFWA,Male,FALSE,FALSE,TRUE,27,TRUE,FALSE,No,,,,,,,Month-to-month,FALSE,Mailed check,19.14999962,537.3499756,FALSE
989,3280-NMUVX,Male,FALSE,TRUE,TRUE,34,TRUE,FALSE,No,,,,,,,One year,FALSE,Credit card (automatic),19.60000038,678.7999878,FALSE
990,1206-EHBDD,Female,FALSE,TRUE,FALSE,56,TRUE,FALSE,Fiber optic,TRUE,FALSE,TRUE,FALSE,FALSE,FALSE,Two year,FALSE,Bank transfer (automatic),80.30000305,4513.649902,FALSE
991,8361-LBRDI,Female,FALSE,FALSE,FALSE,58,TRUE,TRUE,No,,,,,,,Two year,FALSE,Credit card (automatic),24.35000038,1423.849976,FALSE
992,4883-KCPZJ,Female,FALSE,TRUE,TRUE,22,TRUE,TRUE,No,,,,,,,Two year,FALSE,Credit card (automatic),25.25,555.4000244,FALSE
993,9108-EQPNQ,Female,FALSE,TRUE,TRUE,10,TRUE,TRUE,No,,,,,,,Two year,FALSE,Credit card (automatic),26.10000038,225.5500031,FALSE
994,7277-KAMWT,Male,FALSE,FALSE,FALSE,13,TRUE,FALSE,No,,,,,,,Two year,FALSE,Credit card (automatic),20,268.4500122,FALSE
995,3842-IYKUE,Female,FALSE,FALSE,FALSE,35,TRUE,TRUE,Fiber optic,FALSE,TRUE,FALSE,TRUE,FALSE,FALSE,Month-to-month,FALSE,Credit card (automatic),85.30000305,2917.5,TRUE
996,6641-XRPSU,Female,FALSE,FALSE,FALSE,34,TRUE,FALSE,Fiber optic,FALSE,FALSE,FALSE,FALSE,FALSE,FALSE,Month-to-month,TRUE,Credit card (automatic),70,2416.100098,TRUE
997,1374-DMZUI,Female,TRUE,FALSE,FALSE,4,TRUE,TRUE,Fiber optic,FALSE,FALSE,FALSE,FALSE,TRUE,TRUE,Month-to-month,TRUE,Electronic check,94.30000305,424.4500122,TRUE
998,2545-LXYVJ,Male,FALSE,TRUE,FALSE,72,TRUE,FALSE,No,,,,,,,Two year,FALSE,Bank transfer (automatic),20.70000076,1492.099976,FALSE
999,3234-VKACU,Male,FALSE,FALSE,FALSE,2,TRUE,FALSE,DSL,FALSE,FALSE,FALSE,TRUE,TRUE,TRUE,Month-to-month,FALSE,Electronic check,70.30000305,132.3999939,FALSE
1000,8357-EQXFO,Female,FALSE,FALSE,FALSE,7,TRUE,FALSE,Fiber optic,FALSE,FALSE,TRUE,FALSE,TRUE,TRUE,Month-to-month,TRUE,Electronic check,95.34999847,660.9000244,TRUE
1001,1989-PRJHP,Male,TRUE,TRUE,FALSE,27,TRUE,TRUE,Fiber optic,FALSE,FALSE,FALSE,FALSE,FALSE,FALSE,Month-to-month,TRUE,Electronic check,75.5,1893.949951,TRUE
1002,8120-JDCAM,Male,FALSE,TRUE,TRUE,4,TRUE,FALSE,Fiber optic,FALSE,FALSE,FALSE,FALSE,FALSE,FALSE,Month-to-month,TRUE,Mailed check,69.55000305,284.8999939,FALSE
1003,8917-FAEMR,Female,FALSE,FALSE,FALSE,37,TRUE,FALSE,No,,,,,,,Two year,FALSE,Mailed check,19.85000038,784.25,FALSE
1004,7047-YXDMZ,Male,FALSE,FALSE,FALSE,21,TRUE,FALSE,No,,,,,,,Month-to-month,FALSE,Mailed check,20,417.7000122,FALSE
1005,2858-EIMXH,Female,TRUE,TRUE,FALSE,53,TRUE,TRUE,Fiber optic,FALSE,FALSE,FALSE,FALSE,TRUE,TRUE,One year,TRUE,Credit card (automatic),95.84999847,5016.25,FALSE
1006,9524-EGPJC,Female,FALSE,FALSE,FALSE,18,TRUE,TRUE,Fiber optic,FALSE,FALSE,FALSE,TRUE,FALSE,TRUE,Month-to-month,TRUE,Electronic check,90.09999847,1612.75,TRUE
1007,6993-OHLXR,Female,FALSE,FALSE,FALSE,2,TRUE,FALSE,Fiber optic,FALSE,FALSE,FALSE,FALSE,FALSE,FALSE,Month-to-month,FALSE,Electronic check,68.94999695,119.75,TRUE
1008,8818-XYFCQ,Male,FALSE,TRUE,TRUE,32,TRUE,TRUE,Fiber optic,TRUE,FALSE,FALSE,FALSE,TRUE,TRUE,Month-to-month,TRUE,Credit card (automatic),99.55000305,3204.649902,TRUE
1009,6419-ZTTLE,Male,TRUE,TRUE,FALSE,23,TRUE,FALSE,No,,,,,,,One year,TRUE,Electronic check,20.75,485.2000122,FALSE
1010,0929-HYQEW,Male,FALSE,FALSE,FALSE,3,TRUE,FALSE,DSL,TRUE,FALSE,FALSE,FALSE,FALSE,FALSE,Month-to-month,TRUE,Mailed check,50.15000153,160.8500061,FALSE
1011,6614-YOLAC,Female,FALSE,TRUE,TRUE,71,FALSE,,DSL,TRUE,TRUE,FALSE,TRUE,TRUE,TRUE,Two year,FALSE,Mailed check,58.65000153,4145.25,FALSE
1012,7426-RHZGU,Male,FALSE,FALSE,FALSE,9,TRUE,FALSE,Fiber optic,FALSE,FALSE,FALSE,TRUE,TRUE,TRUE,Month-to-month,TRUE,Bank transfer (automatic),95.90000153,827.4500122,FALSE
1013,4065-JJAVA,Female,FALSE,FALSE,FALSE,1,TRUE,FALSE,DSL,FALSE,TRUE,FALSE,FALSE,FALSE,FALSE,Month-to-month,FALSE,Electronic check,49.5,49.5,FALSE
1014,4695-VADHF,Male,FALSE,TRUE,TRUE,18,TRUE,FALSE,DSL,FALSE,FALSE,TRUE,FALSE,FALSE,TRUE,Month-to-month,FALSE,Electronic check,57.45000076,990.8499756,TRUE
1015,3863-IUBJR,Male,FALSE,TRUE,TRUE,12,TRUE,FALSE,DSL,FALSE,FALSE,FALSE,FALSE,FALSE,TRUE,One year,FALSE,Credit card (automatic),53.65000153,696.3499756,TRUE
1016,7649-SIJJF,Male,FALSE,TRUE,FALSE,71,TRUE,TRUE,DSL,TRUE,TRUE,TRUE,TRUE,FALSE,TRUE,Two year,TRUE,Mailed check,80.09999847,5585.399902,FALSE
1017,9361-YNQWJ,Female,FALSE,FALSE,FALSE,64,TRUE,TRUE,No,,,,,,,One year,TRUE,Bank transfer (automatic),24.39999962,1601.199951,FALSE
1018,3748-FVMZZ,Male,FALSE,FALSE,FALSE,4,FALSE,,DSL,FALSE,FALSE,FALSE,TRUE,FALSE,TRUE,Month-to-month,TRUE,Electronic check,40.04999924,162.4499969,FALSE
1019,9391-TTOYH,Female,FALSE,FALSE,FALSE,23,TRUE,FALSE,No,,,,,,,Month-to-month,TRUE,Mailed check,19.5,470.2000122,FALSE
1020,1452-XRSJV,Female,FALSE,TRUE,TRUE,39,TRUE,FALSE,DSL,TRUE,FALSE,FALSE,FALSE,FALSE,FALSE,Month-to-month,FALSE,Credit card (automatic),51.04999924,2066,FALSE
1021,3422-WJOYD,Male,FALSE,TRUE,FALSE,28,TRUE,FALSE,DSL,TRUE,FALSE,FALSE,TRUE,FALSE,FALSE,One year,FALSE,Mailed check,54.34999847,1426.449951,FALSE
1022,8242-SOQUO,Female,TRUE,FALSE,FALSE,5,TRUE,FALSE,Fiber optic,FALSE,TRUE,FALSE,FALSE,TRUE,FALSE,Month-to-month,TRUE,Electronic check,84.69999695,392.5,FALSE
1023,7460-ITWWP,Female,TRUE,TRUE,FALSE,45,TRUE,FALSE,Fiber optic,FALSE,FALSE,TRUE,FALSE,,TRUE,Month-to-month,TRUE,Electronic check,86.09999847,3861.449951,FALSE
1024,7147-AYBAA,Male,FALSE,FALSE,FALSE,37,TRUE,FALSE,Fiber optic,FALSE,FALSE,FALSE,FALSE,FALSE,FALSE,Month-to-month,TRUE,Mailed check,70.34999847,2552.899902,FALSE
1025,7868-TMWMZ,Female,TRUE,TRUE,FALSE,60,TRUE,FALSE,Fiber optic,TRUE,TRUE,TRUE,TRUE,TRUE,TRUE,Two year,TRUE,Bank transfer (automatic),110,6668.350098,FALSE
1026,4822-RVYBB,Male,TRUE,FALSE,FALSE,8,TRUE,TRUE,Fiber optic,FALSE,FALSE,TRUE,FALSE,TRUE,TRUE,Month-to-month,TRUE,Electronic check,100.5999985,819.4000244,TRUE
1027,6732-FZUGP,Female,FALSE,FALSE,FALSE,47,TRUE,TRUE,Fiber optic,TRUE,FALSE,TRUE,FALSE,TRUE,FALSE,One year,FALSE,Credit card (automatic),94.90000153,4615.25,FALSE
1028,8436-BJUMM,Male,FALSE,TRUE,TRUE,26,TRUE,TRUE,Fiber optic,FALSE,FALSE,FALSE,FALSE,TRUE,FALSE,Month-to-month,TRUE,Electronic check,83.75,2070.600098,TRUE
1029,4184-TJFAN,Female,TRUE,TRUE,TRUE,3,TRUE,FALSE,Fiber optic,TRUE,FALSE,FALSE,TRUE,TRUE,FALSE,Month-to-month,TRUE,Mailed check,88.30000305,273.75,TRUE
1030,8329-GWVPJ,Female,FALSE,TRUE,TRUE,50,TRUE,FALSE,Fiber optic,FALSE,FALSE,FALSE,FALSE,FALSE,FALSE,Month-to-month,TRUE,Bank transfer (automatic),69.75,3557.699951,FALSE
1031,1352-VHKAJ,Male,FALSE,TRUE,TRUE,27,TRUE,TRUE,DSL,FALSE,FALSE,FALSE,TRUE,TRUE,TRUE,Month-to-month,FALSE,Bank transfer (automatic),71.59999847,1957.099976,FALSE
1032,4145-UQXUQ,Female,TRUE,FALSE,FALSE,8,TRUE,FALSE,Fiber optic,FALSE,FALSE,TRUE,FALSE,TRUE,TRUE,Month-to-month,TRUE,Electronic check,92.09999847,729.9500122,TRUE
1033,2632-TACXW,Female,FALSE,TRUE,FALSE,62,TRUE,TRUE,No,,,,,,,Two year,FALSE,Bank transfer (automatic),23.64999962,1416.75,FALSE
1034,8146-QQKZH,Female,FALSE,TRUE,FALSE,71,TRUE,FALSE,DSL,TRUE,FALSE,TRUE,TRUE,TRUE,TRUE,Two year,FALSE,Bank transfer (automatic),81.84999847,5924.399902,FALSE
1035,1767-CJKBA,Male,FALSE,FALSE,FALSE,66,TRUE,TRUE,No,,,,,,,Two year,FALSE,Mailed check,25.10000038,1697.699951,FALSE
1036,6445-TNRXS,Male,FALSE,TRUE,TRUE,68,TRUE,TRUE,Fiber optic,TRUE,TRUE,TRUE,TRUE,TRUE,TRUE,Two year,TRUE,Bank transfer (automatic),114.6999969,7849.850098,FALSE
1037,4581-LNWUM,Female,FALSE,FALSE,FALSE,13,FALSE,,DSL,FALSE,FALSE,TRUE,FALSE,TRUE,TRUE,Month-to-month,FALSE,Electronic check,49.15000153,649.4000244,FALSE
1038,4869-EPIUS,Male,FALSE,TRUE,FALSE,56,TRUE,FALSE,Fiber optic,FALSE,FALSE,FALSE,FALSE,FALSE,TRUE,One year,TRUE,Electronic check,80.90000153,4557.5,FALSE
1039,9948-YPTDG,Male,FALSE,TRUE,FALSE,38,TRUE,FALSE,Fiber optic,TRUE,TRUE,FALSE,FALSE,FALSE,FALSE,Month-to-month,TRUE,Electronic check,79.44999695,3013.050049,TRUE
1040,1236-WFCDV,Male,TRUE,FALSE,FALSE,14,TRUE,FALSE,Fiber optic,FALSE,FALSE,FALSE,FALSE,TRUE,TRUE,Month-to-month,FALSE,Credit card (automatic),90.44999695,1266.099976,TRUE
1041,1915-OAKWD,Female,FALSE,FALSE,TRUE,16,TRUE,FALSE,No,,,,,,,One year,TRUE,Bank transfer (automatic),19.29999924,360.3500061,FALSE
1042,7296-PIXQY,Female,FALSE,TRUE,TRUE,14,TRUE,FALSE,Fiber optic,FALSE,FALSE,FALSE,FALSE,FALSE,FALSE,Month-to-month,FALSE,Electronic check,70.19999695,1046.5,FALSE
1043,4883-QICIH,Male,FALSE,TRUE,TRUE,32,TRUE,FALSE,Fiber optic,FALSE,FALSE,FALSE,FALSE,FALSE,FALSE,Month-to-month,TRUE,Bank transfer (automatic),69.75,2347.899902,TRUE
1044,3354-OADJP,Female,FALSE,FALSE,FALSE,8,TRUE,FALSE,DSL,TRUE,FALSE,FALSE,TRUE,FALSE,FALSE,One year,FALSE,Bank transfer (automatic),54.25,447.75,FALSE
1045,3524-WQDSG,Female,FALSE,TRUE,TRUE,43,TRUE,TRUE,Fiber optic,FALSE,FALSE,TRUE,FALSE,TRUE,TRUE,Month-to-month,TRUE,Bank transfer (automatic),99.30000305,4209.950195,FALSE
1046,0810-DHDBD,Female,FALSE,FALSE,FALSE,52,TRUE,TRUE,DSL,TRUE,FALSE,TRUE,TRUE,TRUE,FALSE,One year,FALSE,Credit card (automatic),74,3877.649902,FALSE
1047,4026-SKKHW,Male,FALSE,FALSE,FALSE,3,TRUE,FALSE,DSL,FALSE,FALSE,FALSE,TRUE,FALSE,FALSE,Month-to-month,TRUE,Mailed check,50.25,152.3000031,FALSE
1048,2829-HYVZP,Male,FALSE,FALSE,FALSE,29,TRUE,FALSE,No,,,,,,,One year,TRUE,Mailed check,19.79999924,572.2000122,FALSE
1049,8329-IBCTI,Female,FALSE,FALSE,FALSE,1,TRUE,FALSE,No,,,,,,,Month-to-month,FALSE,Mailed check,19.64999962,19.64999962,TRUE
1050,1271-SJBGZ,Male,TRUE,FALSE,FALSE,12,FALSE,,DSL,FALSE,FALSE,TRUE,TRUE,FALSE,TRUE,Month-to-month,TRUE,Electronic check,43.65000153,526.9500122,TRUE
1051,3845-JHAMY,Female,FALSE,TRUE,TRUE,16,FALSE,,DSL,FALSE,FALSE,FALSE,FALSE,FALSE,TRUE,Month-to-month,TRUE,Credit card (automatic),35.5,552.7000122,FALSE
1052,7013-PSXHK,Female,FALSE,FALSE,FALSE,40,TRUE,TRUE,DSL,FALSE,FALSE,TRUE,TRUE,TRUE,TRUE,One year,TRUE,Mailed check,80.75,3208.649902,FALSE
1053,5669-SRAIP,Female,FALSE,FALSE,FALSE,5,FALSE,,DSL,FALSE,FALSE,TRUE,FALSE,FALSE,TRUE,Month-to-month,FALSE,Electronic check,39.5,210.75,TRUE
1054,5981-ITEMU,Male,FALSE,TRUE,FALSE,40,TRUE,TRUE,Fiber optic,FALSE,FALSE,FALSE,FALSE,TRUE,TRUE,Month-to-month,TRUE,Bank transfer (automatic),97.09999847,3706.949951,TRUE
1055,3486-NPGST,Female,FALSE,FALSE,FALSE,36,TRUE,FALSE,No,,,,,,,One year,FALSE,Mailed check,19.54999924,620.75,FALSE
1056,6941-PMGEP,Female,FALSE,FALSE,FALSE,5,TRUE,FALSE,Fiber optic,FALSE,FALSE,FALSE,FALSE,FALSE,TRUE,Month-to-month,TRUE,Electronic check,80,412.5,TRUE
1057,1624-WOIWJ,Female,FALSE,FALSE,FALSE,10,TRUE,FALSE,Fiber optic,TRUE,FALSE,FALSE,FALSE,TRUE,FALSE,Month-to-month,TRUE,Mailed check,84.69999695,832.0499878,TRUE
1058,2074-GKOWZ,Male,FALSE,TRUE,TRUE,2,TRUE,FALSE,Fiber optic,FALSE,FALSE,FALSE,FALSE,TRUE,TRUE,Month-to-month,TRUE,Bank transfer (automatic),89.55000305,185.5500031,TRUE
1059,0376-YMCJC,Male,FALSE,FALSE,FALSE,23,TRUE,TRUE,Fiber optic,FALSE,FALSE,FALSE,TRUE,TRUE,FALSE,Month-to-month,TRUE,Electronic check,90.59999847,1943.199951,TRUE
1060,6100-FJZDG,Male,FALSE,TRUE,TRUE,26,TRUE,FALSE,No,,,,,,,One year,TRUE,Bank transfer (automatic),20.04999924,505.8999939,FALSE
1061,4829-ZLJTK,Female,TRUE,TRUE,FALSE,72,TRUE,TRUE,Fiber optic,TRUE,TRUE,TRUE,FALSE,TRUE,TRUE,Two year,TRUE,Electronic check,112.4000015,8046.850098,FALSE
1062,1730-VFMWO,Female,FALSE,TRUE,FALSE,34,TRUE,FALSE,DSL,FALSE,FALSE,FALSE,TRUE,FALSE,FALSE,Month-to-month,FALSE,Bank transfer (automatic),50.20000076,1815.300049,FALSE
1063,7143-BQIBA,Male,FALSE,FALSE,FALSE,10,TRUE,FALSE,DSL,TRUE,FALSE,FALSE,TRUE,TRUE,FALSE,Month-to-month,FALSE,Bank transfer (automatic),62.25,612.9500122,FALSE
1064,3800-LYTRK,Female,FALSE,FALSE,FALSE,14,TRUE,FALSE,DSL,TRUE,FALSE,FALSE,TRUE,FALSE,FALSE,One year,FALSE,Mailed check,55.70000076,795.1500244,FALSE
1065,0634-SZPQA,Female,FALSE,FALSE,FALSE,23,TRUE,TRUE,Fiber optic,TRUE,FALSE,FALSE,FALSE,TRUE,FALSE,Month-to-month,TRUE,Bank transfer (automatic),90.05000305,2169.800049,TRUE
1066,9646-NMHXE,Male,FALSE,TRUE,FALSE,47,TRUE,FALSE,No,,,,,,,Two year,FALSE,Mailed check,19.64999962,973.0999756,FALSE
1067,7030-NJVDP,Male,FALSE,TRUE,FALSE,24,TRUE,FALSE,Fiber optic,TRUE,FALSE,FALSE,TRUE,FALSE,TRUE,Month-to-month,TRUE,Electronic check,89.25,2210.199951,FALSE
1068,5536-RTPWK,Male,FALSE,TRUE,FALSE,49,TRUE,TRUE,Fiber optic,FALSE,TRUE,FALSE,FALSE,TRUE,TRUE,Month-to-month,TRUE,Bank transfer (automatic),99.05000305,4853.75,TRUE
1069,8883-GRDWQ,Male,TRUE,FALSE,FALSE,20,TRUE,FALSE,DSL,TRUE,FALSE,FALSE,TRUE,FALSE,FALSE,One year,FALSE,Mailed check,54,1055.900024,FALSE
1070,6166-ILMNY,Female,FALSE,FALSE,FALSE,2,TRUE,FALSE,Fiber optic,FALSE,FALSE,FALSE,FALSE,FALSE,FALSE,Month-to-month,FALSE,Bank transfer (automatic),69.75,144.5500031,TRUE
1071,3097-NNSPB,Female,FALSE,FALSE,FALSE,2,TRUE,FALSE,DSL,FALSE,TRUE,FALSE,FALSE,FALSE,FALSE,Month-to-month,TRUE,Credit card (automatic),49.04999924,91.09999847,TRUE
1072,7771-ZONAT,Male,FALSE,FALSE,FALSE,22,FALSE,,DSL,FALSE,FALSE,TRUE,TRUE,TRUE,TRUE,Two year,FALSE,Bank transfer (automatic),56.75,1304.849976,FALSE
1073,0655-RBDUG,Male,FALSE,FALSE,FALSE,7,TRUE,TRUE,Fiber optic,FALSE,FALSE,TRUE,FALSE,TRUE,TRUE,Month-to-month,TRUE,Bank transfer (automatic),98.05000305,713,TRUE
1074,2111-DWYHN,Male,FALSE,FALSE,FALSE,1,TRUE,FALSE,No,,,,,,,Month-to-month,FALSE,Mailed check,21.10000038,21.10000038,FALSE
1075,4194-WHFCB,Female,FALSE,TRUE,TRUE,59,TRUE,TRUE,Fiber optic,FALSE,TRUE,FALSE,TRUE,FALSE,TRUE,Month-to-month,TRUE,Bank transfer (automatic),96.65000153,5580.799805,FALSE
1076,4121-AGSIN,Female,FALSE,TRUE,TRUE,58,TRUE,TRUE,No,,,,,,,One year,TRUE,Credit card (automatic),24.5,1497.900024,FALSE
1077,4361-BKAXE,Female,FALSE,FALSE,FALSE,41,TRUE,TRUE,Fiber optic,TRUE,TRUE,TRUE,TRUE,TRUE,TRUE,Month-to-month,TRUE,Bank transfer (automatic),114.5,4527.450195,TRUE
1078,9845-PEEKO,Female,TRUE,FALSE,FALSE,59,TRUE,TRUE,Fiber optic,FALSE,TRUE,FALSE,FALSE,FALSE,FALSE,Two year,TRUE,Credit card (automatic),79.19999695,4590.350098,FALSE
1079,0455-XFASS,Female,FALSE,TRUE,TRUE,3,TRUE,FALSE,Fiber optic,FALSE,FALSE,FALSE,FALSE,FALSE,FALSE,Month-to-month,TRUE,Electronic check,69.55000305,200.1999969,FALSE
1080,0301-KOBTQ,Male,FALSE,FALSE,FALSE,32,TRUE,FALSE,No,,,,,,,Two year,TRUE,Bank transfer (automatic),20.04999924,614.4500122,FALSE
1081,1751-NCDLI,Male,TRUE,TRUE,FALSE,46,TRUE,TRUE,Fiber optic,FALSE,FALSE,TRUE,FALSE,TRUE,TRUE,Month-to-month,TRUE,Electronic check,98.84999847,4564.899902,FALSE
1082,4367-NUYAO,Male,FALSE,TRUE,TRUE,0,TRUE,TRUE,No,,,,,,,Two year,FALSE,Mailed check,25.75,,FALSE
1083,9878-TNQGW,Male,FALSE,FALSE,FALSE,2,TRUE,FALSE,Fiber optic,FALSE,FALSE,FALSE,FALSE,FALSE,TRUE,Month-to-month,TRUE,Electronic check,80.94999695,171.1499939,TRUE
1084,9170-ARBTB,Female,FALSE,TRUE,TRUE,52,TRUE,FALSE,No,,,,,,,One year,FALSE,Credit card (automatic),19.60000038,1012.400024,FALSE
1085,4441-NIHPT,Female,TRUE,FALSE,FALSE,13,TRUE,FALSE,Fiber optic,FALSE,FALSE,TRUE,FALSE,FALSE,FALSE,Month-to-month,TRUE,Electronic check,74.30000305,940.3499756,TRUE
1086,8999-BOHSE,Female,TRUE,FALSE,FALSE,11,TRUE,FALSE,Fiber optic,FALSE,FALSE,FALSE,FALSE,TRUE,TRUE,Month-to-month,FALSE,Bank transfer (automatic),89.69999695,1047.699951,TRUE
1087,7241-AJHFS,Male,FALSE,FALSE,FALSE,32,TRUE,TRUE,Fiber optic,TRUE,FALSE,FALSE,TRUE,FALSE,FALSE,Month-to-month,FALSE,Bank transfer (automatic),87.65000153,2766.399902,FALSE
1088,7029-RPUAV,Male,TRUE,TRUE,FALSE,17,TRUE,TRUE,Fiber optic,FALSE,FALSE,TRUE,FALSE,TRUE,TRUE,Month-to-month,TRUE,Credit card (automatic),100.4499969,1622.449951,TRUE
1089,4546-FOKWR,Female,FALSE,FALSE,FALSE,16,TRUE,TRUE,Fiber optic,FALSE,FALSE,FALSE,FALSE,FALSE,FALSE,Month-to-month,TRUE,Credit card (automatic),74.75,1129.349976,FALSE
1090,9036-CSKBW,Female,FALSE,FALSE,FALSE,51,,TRUE,Fiber optic,TRUE,TRUE,TRUE,FALSE,TRUE,TRUE,One year,FALSE,Bank transfer (automatic),107.4499969,5680.899902,FALSE
1091,5832-TRLPB,Male,FALSE,FALSE,FALSE,29,TRUE,FALSE,DSL,FALSE,FALSE,TRUE,TRUE,TRUE,TRUE,One year,TRUE,Bank transfer (automatic),75.34999847,2243.899902,FALSE
1092,8590-YFFQO,Male,FALSE,TRUE,FALSE,70,TRUE,FALSE,DSL,TRUE,TRUE,TRUE,TRUE,FALSE,FALSE,Two year,FALSE,Credit card (automatic),64.94999695,4523.25,FALSE
1093,8659-IOOPU,Female,FALSE,TRUE,TRUE,71,TRUE,TRUE,Fiber optic,TRUE,FALSE,TRUE,TRUE,FALSE,TRUE,Two year,FALSE,Electronic check,100.4499969,7159.700195,FALSE
1094,1338-CECEE,Male,FALSE,TRUE,TRUE,41,TRUE,TRUE,DSL,FALSE,TRUE,TRUE,FALSE,TRUE,FALSE,One year,FALSE,Bank transfer (automatic),68.5,2839.949951,FALSE
1095,7439-DKZTW,Male,FALSE,FALSE,FALSE,1,TRUE,FALSE,Fiber optic,FALSE,FALSE,FALSE,FALSE,TRUE,FALSE,Month-to-month,TRUE,Electronic check,80.55000305,80.55000305,FALSE
1096,4646-QZXTF,Female,FALSE,TRUE,FALSE,7,TRUE,FALSE,DSL,TRUE,FALSE,TRUE,TRUE,TRUE,TRUE,Month-to-month,FALSE,Bank transfer (automatic),81.25,580.0999756,FALSE
1097,4607-CHPCA,Male,FALSE,TRUE,TRUE,25,TRUE,FALSE,Fiber optic,FALSE,FALSE,FALSE,FALSE,TRUE,TRUE,One year,TRUE,Electronic check,90.40000153,2178.600098,TRUE
1098,9742-XOKTS,Male,FALSE,TRUE,TRUE,67,TRUE,TRUE,Fiber optic,TRUE,TRUE,FALSE,TRUE,FALSE,FALSE,One year,FALSE,Electronic check,89.55000305,6038.549805,FALSE
1099,6921-OZMFH,Male,FALSE,TRUE,TRUE,5,TRUE,TRUE,DSL,FALSE,FALSE,FALSE,TRUE,FALSE,FALSE,Month-to-month,TRUE,Mailed check,55.70000076,259.3999939,FALSE
1100,9578-FOMUK,Male,FALSE,FALSE,TRUE,15,TRUE,TRUE,No,,,,,,,Month-to-month,TRUE,Electronic check,24.79999924,324.1499939,FALSE
1101,4712-UYOOI,Female,FALSE,TRUE,TRUE,20,TRUE,FALSE,No,,,,,,,Month-to-month,FALSE,Electronic check,20,417.6499939,FALSE
1102,8824-RWFXJ,Male,FALSE,TRUE,TRUE,3,TRUE,FALSE,DSL,FALSE,TRUE,TRUE,FALSE,FALSE,FALSE,Month-to-month,TRUE,Mailed check,56.15000153,168.1499939,TRUE
1103,7722-CVFXN,Male,FALSE,TRUE,TRUE,54,TRUE,TRUE,Fiber optic,FALSE,TRUE,FALSE,TRUE,TRUE,TRUE,One year,TRUE,Electronic check,105.1999969,5637.850098,FALSE
1104,8717-VCTXJ,Male,FALSE,FALSE,FALSE,42,TRUE,FALSE,No,,,,,,,One year,TRUE,Mailed check,19.54999924,839.4000244,FALSE
1105,7363-QTBIW,Female,FALSE,TRUE,FALSE,9,TRUE,FALSE,Fiber optic,FALSE,FALSE,FALSE,FALSE,FALSE,TRUE,Month-to-month,TRUE,Electronic check,79.75,769.0999756,FALSE
1106,4159-NAAIX,Female,FALSE,FALSE,FALSE,63,TRUE,TRUE,Fiber optic,FALSE,TRUE,FALSE,FALSE,TRUE,TRUE,Two year,FALSE,Bank transfer (automatic),97.44999695,6253,FALSE
1107,0971-QIFJK,Female,FALSE,TRUE,FALSE,69,TRUE,TRUE,No,,,,,,,Two year,FALSE,Bank transfer (automatic),24.25,1641.800049,FALSE
1108,9397-TZSHA,Female,FALSE,FALSE,FALSE,69,TRUE,TRUE,No,,,,,,,Two year,FALSE,Credit card (automatic),24.60000038,1678.050049,FALSE
1109,3391-JSQEW,Male,FALSE,TRUE,FALSE,40,TRUE,FALSE,DSL,FALSE,TRUE,FALSE,FALSE,FALSE,FALSE,Month-to-month,TRUE,Mailed check,50.15000153,2058.5,FALSE
1110,0343-QLUZP,Male,FALSE,FALSE,FALSE,60,FALSE,,DSL,TRUE,TRUE,TRUE,FALSE,FALSE,FALSE,Two year,FALSE,Bank transfer (automatic),39.59999847,2424.5,FALSE
1111,9763-PDTKK,Female,FALSE,FALSE,FALSE,4,TRUE,FALSE,Fiber optic,TRUE,FALSE,TRUE,TRUE,FALSE,TRUE,Month-to-month,TRUE,Bank transfer (automatic),94.40000153,387.2000122,TRUE
1112,2176-LVPNX,Female,TRUE,FALSE,FALSE,71,TRUE,TRUE,DSL,TRUE,TRUE,TRUE,TRUE,TRUE,TRUE,Two year,FALSE,Mailed check,89.84999847,6293.450195,FALSE
1113,7627-JKIAZ,Female,FALSE,TRUE,FALSE,37,TRUE,TRUE,Fiber optic,FALSE,FALSE,TRUE,FALSE,FALSE,FALSE,Month-to-month,TRUE,Credit card (automatic),78.94999695,2839.649902,TRUE
1114,3312-UUMZW,Male,FALSE,TRUE,FALSE,32,TRUE,TRUE,Fiber optic,FALSE,TRUE,FALSE,FALSE,TRUE,TRUE,Month-to-month,TRUE,Credit card (automatic),98.84999847,3145.899902,FALSE
1115,1271-UODNO,Male,FALSE,FALSE,FALSE,39,TRUE,TRUE,DSL,FALSE,FALSE,FALSE,TRUE,FALSE,FALSE,Two year,TRUE,Credit card (automatic),53.84999847,2200.699951,FALSE
1116,8461-EFQYM,Female,FALSE,FALSE,FALSE,38,TRUE,TRUE,No,,,,,,,One year,TRUE,Electronic check,24.25,914.4000244,FALSE
1117,6900-RBKER,Male,FALSE,FALSE,FALSE,52,TRUE,TRUE,Fiber optic,FALSE,FALSE,TRUE,FALSE,FALSE,TRUE,Two year,TRUE,Credit card (automatic),89.44999695,4577.75,FALSE
1118,6891-JPYFF,Female,FALSE,TRUE,TRUE,48,TRUE,TRUE,Fiber optic,TRUE,TRUE,FALSE,FALSE,TRUE,TRUE,Month-to-month,TRUE,Credit card (automatic),105.25,4997.5,FALSE
1119,1459-QNFQT,Male,FALSE,TRUE,TRUE,70,FALSE,,DSL,TRUE,FALSE,TRUE,TRUE,TRUE,TRUE,Two year,FALSE,Bank transfer (automatic),59.5,4144.799805,FALSE
1120,1047-NNCBF,Male,FALSE,FALSE,FALSE,20,TRUE,FALSE,Fiber optic,FALSE,FALSE,FALSE,FALSE,FALSE,FALSE,Month-to-month,FALSE,Credit card (automatic),70.55000305,1493.550049,FALSE
1121,3696-XRIEN,Female,FALSE,FALSE,FALSE,50,TRUE,TRUE,DSL,TRUE,FALSE,TRUE,TRUE,TRUE,TRUE,One year,TRUE,Credit card (automatic),82.5,4179.100098,FALSE
1122,4081-DYXAV,Female,FALSE,FALSE,FALSE,19,FALSE,,DSL,FALSE,FALSE,FALSE,FALSE,TRUE,TRUE,One year,TRUE,Credit card (automatic),44.84999847,893.5499878,TRUE
1123,0074-HDKDG,Male,FALSE,TRUE,TRUE,25,TRUE,FALSE,DSL,TRUE,TRUE,TRUE,FALSE,FALSE,FALSE,One year,TRUE,Bank transfer (automatic),61.59999847,1611,FALSE
1124,8791-GFXLZ,Male,FALSE,FALSE,FALSE,12,TRUE,FALSE,DSL,FALSE,TRUE,FALSE,FALSE,FALSE,FALSE,Month-to-month,TRUE,Bank transfer (automatic),49.04999924,593.0499878,FALSE
1125,8111-SLLHI,Male,TRUE,TRUE,FALSE,39,TRUE,TRUE,Fiber optic,FALSE,TRUE,TRUE,FALSE,TRUE,TRUE,Month-to-month,TRUE,Electronic check,105.6500015,4284.799805,TRUE
1126,0927-LCSMG,Male,FALSE,FALSE,FALSE,7,TRUE,FALSE,Fiber optic,FALSE,FALSE,TRUE,FALSE,FALSE,FALSE,Month-to-month,FALSE,Mailed check,74.65000153,544.5499878,TRUE
1127,9330-DHBFL,Female,FALSE,TRUE,TRUE,23,TRUE,FALSE,DSL,TRUE,TRUE,TRUE,TRUE,FALSE,FALSE,One year,TRUE,Mailed check,66.25,1533.800049,FALSE
1128,0098-BOWSO,Male,FALSE,FALSE,FALSE,27,TRUE,FALSE,No,,,,,,,Month-to-month,TRUE,Electronic check,19.39999962,529.7999878,FALSE
1129,3452-ABWRL,Male,TRUE,FALSE,FALSE,47,TRUE,TRUE,Fiber optic,FALSE,FALSE,FALSE,FALSE,TRUE,FALSE,Month-to-month,TRUE,Credit card (automatic),86.05000305,3865.600098,FALSE
1130,5859-HZYLF,Male,FALSE,TRUE,TRUE,26,TRUE,FALSE,No,,,,,,,Two year,TRUE,Credit card (automatic),19.14999962,515.75,FALSE
1131,8257-RZAHR,Female,FALSE,TRUE,FALSE,14,TRUE,TRUE,DSL,TRUE,FALSE,FALSE,FALSE,TRUE,FALSE,Month-to-month,TRUE,Bank transfer (automatic),64.69999695,941,TRUE
1132,5293-WXJAK,Female,TRUE,TRUE,FALSE,11,TRUE,TRUE,Fiber optic,FALSE,FALSE,TRUE,TRUE,TRUE,TRUE,Month-to-month,TRUE,Bank transfer (automatic),104.0500031,1133.650024,TRUE
1133,3156-QLHBO,Male,FALSE,FALSE,TRUE,2,TRUE,FALSE,No,,,,,,,Month-to-month,FALSE,Mailed check,19.25,48.34999847,FALSE
1134,2208-NQBCT,Female,FALSE,TRUE,TRUE,26,TRUE,FALSE,Fiber optic,TRUE,TRUE,FALSE,FALSE,FALSE,FALSE,Month-to-month,FALSE,Electronic check,81.94999695,2070.050049,FALSE
1135,1779-PWPMG,Female,TRUE,TRUE,FALSE,72,TRUE,TRUE,Fiber optic,TRUE,TRUE,TRUE,TRUE,TRUE,TRUE,Two year,TRUE,Bank transfer (automatic),114.6500015,8333.950195,FALSE
1136,6621-NRZAK,Female,FALSE,TRUE,TRUE,63,TRUE,FALSE,No,,,,,,,Two year,FALSE,Credit card (automatic),20,1209.25,FALSE
1137,0831-JNISG,Male,FALSE,TRUE,TRUE,71,TRUE,FALSE,No,,,,,,,Two year,FALSE,Mailed check,19.79999924,1396.25,FALSE
1138,0774-IFUVM,Male,FALSE,TRUE,TRUE,11,TRUE,TRUE,DSL,TRUE,FALSE,FALSE,FALSE,TRUE,FALSE,Month-to-month,TRUE,Bank transfer (automatic),65.15000153,723.3499756,FALSE
1139,3082-WQRVY,Male,TRUE,TRUE,FALSE,14,TRUE,FALSE,No,,,,,,,One year,FALSE,Mailed check,19.64999962,228.6499939,FALSE
1140,9553-DLCLU,Female,FALSE,FALSE,TRUE,13,TRUE,TRUE,DSL,TRUE,TRUE,TRUE,TRUE,TRUE,TRUE,Two year,FALSE,Credit card (automatic),88.94999695,1161.75,FALSE
1141,1641-BYBTK,Male,FALSE,FALSE,TRUE,6,TRUE,FALSE,No,,,,,,,Month-to-month,TRUE,Mailed check,20.20000076,98.34999847,FALSE
1142,2460-NGXBJ,Male,TRUE,TRUE,TRUE,11,TRUE,TRUE,Fiber optic,FALSE,FALSE,FALSE,FALSE,FALSE,FALSE,Month-to-month,TRUE,Credit card (automatic),75.19999695,775.2999878,FALSE
1143,2446-ZKVAF,Male,FALSE,TRUE,FALSE,18,TRUE,TRUE,DSL,FALSE,TRUE,FALSE,FALSE,FALSE,FALSE,Month-to-month,FALSE,Credit card (automatic),56.79999924,1074.650024,FALSE
1144,0841-NULXI,Male,FALSE,FALSE,FALSE,1,FALSE,,DSL,FALSE,FALSE,FALSE,FALSE,FALSE,TRUE,Month-to-month,TRUE,Electronic check,35.54999924,35.54999924,TRUE
1145,3522-CDKHF,Female,FALSE,TRUE,FALSE,32,TRUE,FALSE,Fiber optic,TRUE,FALSE,FALSE,FALSE,FALSE,FALSE,Month-to-month,TRUE,Bank transfer (automatic),75.5,2324.699951,FALSE
1146,1430-SFQSA,Male,FALSE,FALSE,FALSE,29,FALSE,,DSL,TRUE,FALSE,FALSE,TRUE,FALSE,FALSE,One year,FALSE,Mailed check,35.59999847,1072.599976,FALSE
1147,0411-EZJZE,Female,FALSE,FALSE,FALSE,3,TRUE,TRUE,DSL,FALSE,FALSE,FALSE,FALSE,TRUE,FALSE,Month-to-month,TRUE,Electronic check,60.25,170.5,FALSE
1148,7851-WZEKY,Female,FALSE,FALSE,FALSE,2,TRUE,TRUE,Fiber optic,FALSE,FALSE,FALSE,FALSE,TRUE,TRUE,Month-to-month,TRUE,Electronic check,95.15000153,196.8999939,TRUE
1149,8844-TONUD,Male,FALSE,TRUE,TRUE,13,TRUE,FALSE,Fiber optic,FALSE,FALSE,TRUE,FALSE,TRUE,TRUE,Month-to-month,TRUE,Mailed check,96.65000153,1162.849976,TRUE
1150,8807-ARQET,Female,FALSE,FALSE,FALSE,41,FALSE,,DSL,FALSE,TRUE,FALSE,FALSE,FALSE,TRUE,Month-to-month,TRUE,Electronic check,40.34999847,1677.849976,FALSE
1151,8992-CEUEN,Female,FALSE,FALSE,FALSE,1,TRUE,FALSE,No,,,,,,,Month-to-month,FALSE,Electronic check,18.85000038,18.85000038,FALSE
1152,4320-QMLLA,Male,FALSE,FALSE,FALSE,7,TRUE,FALSE,DSL,FALSE,FALSE,FALSE,FALSE,TRUE,FALSE,Month-to-month,FALSE,Mailed check,54.84999847,370.3999939,FALSE
1153,8777-PVYGU,Female,FALSE,TRUE,FALSE,52,TRUE,FALSE,DSL,TRUE,FALSE,TRUE,FALSE,TRUE,FALSE,One year,TRUE,Mailed check,64.30000305,3410.600098,FALSE
1154,8292-ITGYJ,Female,FALSE,TRUE,TRUE,45,TRUE,TRUE,No,,,,,,,Two year,TRUE,Bank transfer (automatic),24.64999962,1138.800049,FALSE
1155,6870-ZWMNX,Male,FALSE,TRUE,FALSE,70,TRUE,TRUE,DSL,FALSE,TRUE,TRUE,TRUE,TRUE,FALSE,Two year,FALSE,Credit card (automatic),76.09999847,5264.25,FALSE
1156,0621-CXBKL,Female,FALSE,FALSE,FALSE,53,TRUE,FALSE,No,,,,,,,Two year,FALSE,Mailed check,18.70000076,1005.700012,FALSE
1157,5268-DSMNQ,Female,TRUE,TRUE,FALSE,62,TRUE,TRUE,Fiber optic,FALSE,TRUE,TRUE,FALSE,TRUE,FALSE,One year,TRUE,Credit card (automatic),97.94999695,5936.549805,FALSE
1158,5334-JLAXU,Female,FALSE,TRUE,FALSE,60,TRUE,TRUE,Fiber optic,TRUE,TRUE,FALSE,FALSE,FALSE,TRUE,Month-to-month,TRUE,Credit card (automatic),94.09999847,5475.899902,FALSE
1159,4086-YQSNZ,Female,TRUE,TRUE,FALSE,3,TRUE,FALSE,Fiber optic,FALSE,FALSE,FALSE,FALSE,TRUE,FALSE,Month-to-month,TRUE,Electronic check,80.40000153,224.0500031,TRUE
1160,6242-MBHPK,Female,TRUE,TRUE,FALSE,23,TRUE,FALSE,Fiber optic,TRUE,FALSE,FALSE,FALSE,TRUE,TRUE,Month-to-month,TRUE,Electronic check,95.09999847,2326.050049,FALSE
1161,5868-CZJDR,Male,FALSE,FALSE,TRUE,1,FALSE,,DSL,FALSE,TRUE,FALSE,FALSE,FALSE,FALSE,Month-to-month,TRUE,Mailed check,31.35000038,31.35000038,TRUE
1162,9359-UGBTK,Female,FALSE,FALSE,FALSE,67,TRUE,FALSE,DSL,TRUE,FALSE,TRUE,TRUE,FALSE,TRUE,One year,TRUE,Bank transfer (automatic),72.34999847,4991.5,FALSE
1163,0135-NMXAP,Female,FALSE,FALSE,FALSE,12,TRUE,TRUE,Fiber optic,FALSE,TRUE,FALSE,FALSE,TRUE,FALSE,Month-to-month,TRUE,Bank transfer (automatic),89.75,1052.400024,TRUE
1164,4782-OSFXZ,Female,TRUE,TRUE,FALSE,71,TRUE,TRUE,DSL,TRUE,TRUE,TRUE,TRUE,FALSE,TRUE,Two year,TRUE,Bank transfer (automatic),82.69999695,5831.200195,FALSE
1165,6479-OAUSD,Male,FALSE,FALSE,FALSE,25,TRUE,FALSE,No,,,,,,,One year,FALSE,Credit card (automatic),19.89999962,510.7999878,FALSE
1166,7129-ACFOG,Female,FALSE,FALSE,FALSE,5,TRUE,TRUE,DSL,TRUE,FALSE,FALSE,FALSE,FALSE,FALSE,Month-to-month,TRUE,Electronic check,53.79999924,283.9500122,FALSE
1167,4189-NAKJS,Male,FALSE,FALSE,FALSE,26,TRUE,TRUE,DSL,FALSE,FALSE,FALSE,FALSE,FALSE,FALSE,One year,TRUE,Credit card (automatic),51.54999924,1295.400024,FALSE
1168,5562-BETPV,Male,FALSE,TRUE,TRUE,1,TRUE,FALSE,No,,,,,,,One year,FALSE,Mailed check,19.64999962,19.64999962,FALSE
1169,1282-IHQAC,Male,TRUE,FALSE,FALSE,70,FALSE,,DSL,FALSE,TRUE,TRUE,FALSE,TRUE,FALSE,One year,TRUE,Credit card (automatic),44.04999924,3011.649902,FALSE
1170,9127-FHJBZ,Male,FALSE,TRUE,TRUE,72,TRUE,TRUE,Fiber optic,TRUE,TRUE,TRUE,TRUE,TRUE,TRUE,Two year,TRUE,Electronic check,114,8093.149902,FALSE
1171,6270-OMFIW,Male,FALSE,TRUE,FALSE,60,TRUE,FALSE,Fiber optic,FALSE,TRUE,FALSE,FALSE,TRUE,TRUE,One year,TRUE,Electronic check,94.40000153,5610.25,TRUE
1172,1641-RQDAY,Female,TRUE,TRUE,TRUE,32,TRUE,TRUE,Fiber optic,FALSE,TRUE,FALSE,FALSE,TRUE,TRUE,Month-to-month,TRUE,Electronic check,100.4000015,3217.649902,FALSE
1173,0107-WESLM,Male,FALSE,FALSE,FALSE,1,TRUE,FALSE,No,,,,,,,Month-to-month,TRUE,Electronic check,19.85000038,19.85000038,TRUE
1174,6994-ORCWG,Female,FALSE,FALSE,FALSE,14,TRUE,TRUE,DSL,FALSE,TRUE,FALSE,FALSE,FALSE,FALSE,One year,TRUE,Mailed check,54.25,773.2000122,FALSE
1175,1346-UFHAX,Female,FALSE,FALSE,FALSE,13,TRUE,TRUE,Fiber optic,TRUE,FALSE,FALSE,FALSE,FALSE,FALSE,Month-to-month,TRUE,Credit card (automatic),80,1029.349976,
1176,3992-YWPKO,Female,FALSE,FALSE,FALSE,6,TRUE,TRUE,Fiber optic,FALSE,TRUE,TRUE,TRUE,TRUE,TRUE,Month-to-month,TRUE,Credit card (automatic),109.9000015,669.4500122,TRUE
1177,2933-XEUJM,Female,FALSE,FALSE,FALSE,46,TRUE,TRUE,DSL,TRUE,FALSE,TRUE,FALSE,TRUE,TRUE,Two year,FALSE,Mailed check,79.19999695,3593.800049,FALSE
1178,0125-LZQXK,Male,FALSE,FALSE,FALSE,15,TRUE,FALSE,Fiber optic,FALSE,FALSE,TRUE,TRUE,TRUE,TRUE,Month-to-month,TRUE,Electronic check,101.3499985,1553.949951,TRUE
1179,5461-QKNTN,Male,TRUE,TRUE,FALSE,43,TRUE,TRUE,Fiber optic,FALSE,TRUE,FALSE,TRUE,TRUE,FALSE,Month-to-month,TRUE,Electronic check,94.30000305,3953.149902,FALSE
1180,4835-YSJMR,Male,FALSE,,FALSE,39,TRUE,FALSE,DSL,FALSE,FALSE,FALSE,TRUE,FALSE,FALSE,Two year,TRUE,Bank transfer (automatic),49.79999924,1971.150024,FALSE
1181,8399-YNDCH,Male,TRUE,FALSE,FALSE,21,TRUE,FALSE,DSL,FALSE,FALSE,TRUE,FALSE,TRUE,FALSE,Month-to-month,TRUE,Bank transfer (automatic),60.04999924,1236.150024,TRUE
1182,3164-YAXFY,Male,FALSE,FALSE,FALSE,57,FALSE,,DSL,TRUE,FALSE,TRUE,FALSE,TRUE,TRUE,Month-to-month,TRUE,Electronic check,53.75,3196,FALSE
1183,0887-WBJVH,Female,FALSE,TRUE,FALSE,53,TRUE,FALSE,Fiber optic,FALSE,FALSE,FALSE,TRUE,TRUE,TRUE,One year,TRUE,Electronic check,93.44999695,4872.200195,FALSE
1184,4660-IRIBM,Male,FALSE,TRUE,TRUE,18,TRUE,FALSE,Fiber optic,TRUE,FALSE,TRUE,FALSE,TRUE,FALSE,Month-to-month,TRUE,Mailed check,87.90000153,1500.5,FALSE
1185,5673-FSSMF,Female,FALSE,FALSE,FALSE,1,TRUE,TRUE,DSL,FALSE,FALSE,FALSE,FALSE,FALSE,TRUE,Month-to-month,TRUE,Electronic check,60.15000153,60.15000153,TRUE
1186,7670-ZBPOQ,Female,FALSE,TRUE,FALSE,58,TRUE,TRUE,DSL,TRUE,,FALSE,TRUE,FALSE,FALSE,One year,TRUE,Bank transfer (automatic),61.04999924,3478.75,FALSE
1187,8089-UZWLX,Female,TRUE,FALSE,FALSE,71,TRUE,TRUE,Fiber optic,FALSE,FALSE,TRUE,FALSE,TRUE,TRUE,Two year,FALSE,Bank transfer (automatic),104.0500031,7413.549805,FALSE
1188,0080-OROZO,Female,FALSE,FALSE,FALSE,35,TRUE,FALSE,Fiber optic,FALSE,FALSE,TRUE,TRUE,TRUE,TRUE,One year,TRUE,Electronic check,99.25,3532,FALSE
1189,3916-NRPAP,Male,FALSE,FALSE,FALSE,3,TRUE,FALSE,Fiber optic,FALSE,FALSE,TRUE,FALSE,FALSE,TRUE,Month-to-month,FALSE,Credit card (automatic),85.69999695,256.75,FALSE
1190,6807-SIWJI,Male,FALSE,FALSE,FALSE,38,TRUE,TRUE,Fiber optic,TRUE,TRUE,FALSE,FALSE,TRUE,TRUE,One year,TRUE,Electronic check,104.8499985,3887.25,FALSE
1191,8221-HVAYI,Male,FALSE,TRUE,TRUE,35,TRUE,TRUE,DSL,TRUE,TRUE,TRUE,TRUE,FALSE,FALSE,Two year,TRUE,Credit card (automatic),69.15000153,2490.149902,FALSE
1192,1579-KLYDT,Male,FALSE,FALSE,FALSE,7,TRUE,TRUE,Fiber optic,FALSE,FALSE,TRUE,FALSE,TRUE,FALSE,Month-to-month,TRUE,Electronic check,90.44999695,593.4500122,TRUE
1193,5232-NXPAY,Female,FALSE,FALSE,FALSE,47,TRUE,FALSE,DSL,FALSE,FALSE,TRUE,TRUE,TRUE,TRUE,Two year,FALSE,Mailed check,74.44999695,3510.300049,FALSE
1194,8967-SZQAS,Female,FALSE,FALSE,FALSE,14,TRUE,,DSL,FALSE,TRUE,FALSE,FALSE,FALSE,FALSE,Month-to-month,FALSE,Electronic check,50.45000076,765.4500122,FALSE
1195,4468-KAZHE,Female,TRUE,TRUE,FALSE,20,TRUE,FALSE,DSL,FALSE,TRUE,FALSE,FALSE,FALSE,TRUE,Month-to-month,TRUE,Electronic check,60,1259.349976,FALSE
1196,0455-ENTCR,Male,FALSE,TRUE,FALSE,66,TRUE,TRUE,DSL,TRUE,TRUE,FALSE,TRUE,TRUE,TRUE,Two year,FALSE,Electronic check,85.25,5538.350098,FALSE
1197,8944-AILEF,Male,FALSE,TRUE,FALSE,15,TRUE,FALSE,No,,,,,,,Month-to-month,TRUE,Credit card (automatic),19.45000076,340.8500061,FALSE
1198,5542-NKVRU,Female,FALSE,FALSE,FALSE,42,TRUE,FALSE,No,,,,,,,Two year,TRUE,Bank transfer (automatic),20.75,844.4500122,FALSE
1199,7126-RBHSD,Female,FALSE,TRUE,FALSE,17,TRUE,TRUE,Fiber optic,TRUE,FALSE,FALSE,FALSE,FALSE,FALSE,Month-to-month,FALSE,Electronic check,78.90000153,1348.949951,FALSE
1200,5370-IIVVL,Male,FALSE,FALSE,FALSE,37,TRUE,TRUE,Fiber optic,FALSE,TRUE,FALSE,TRUE,TRUE,TRUE,One year,TRUE,Credit card (automatic),104.5,3778,FALSE
1201,6789-HJBWG,Female,FALSE,FALSE,FALSE,12,TRUE,FALSE,DSL,FALSE,TRUE,FALSE,FALSE,FALSE,FALSE,Month-to-month,TRUE,Electronic check,49.40000153,611.6500244,FALSE
1202,3927-NLNRY,Male,FALSE,TRUE,FALSE,53,TRUE,FALSE,Fiber optic,FALSE,TRUE,FALSE,FALSE,TRUE,TRUE,One year,TRUE,Bank transfer (automatic),94.25,4867.950195,TRUE
1203,9087-EYCPR,Female,FALSE,FALSE,FALSE,60,TRUE,TRUE,No,,,,,,,Two year,FALSE,Mailed check,25,1505.050049,FALSE
1204,6791-YBNAK,Male,FALSE,TRUE,TRUE,18,FALSE,,DSL,FALSE,FALSE,FALSE,FALSE,FALSE,FALSE,Month-to-month,FALSE,Credit card (automatic),25.54999924,467.8500061,FALSE
1205,6358-LYNGM,Male,FALSE,FALSE,FALSE,1,TRUE,TRUE,Fiber optic,FALSE,FALSE,FALSE,FALSE,FALSE,FALSE,Month-to-month,TRUE,Electronic check,74.90000153,74.90000153,TRUE
1206,6077-BDPXA,Female,FALSE,FALSE,FALSE,3,TRUE,FALSE,Fiber optic,FALSE,FALSE,FALSE,FALSE,FALSE,FALSE,Month-to-month,TRUE,Electronic check,70.15000153,194.1999969,FALSE
1207,0013-MHZWF,Female,FALSE,FALSE,TRUE,9,TRUE,FALSE,DSL,FALSE,FALSE,FALSE,TRUE,TRUE,TRUE,Month-to-month,TRUE,Credit card (automatic),69.40000153,571.4500122,FALSE
1208,5494-HECPR,Female,FALSE,FALSE,FALSE,1,TRUE,FALSE,Fiber optic,FALSE,FALSE,FALSE,FALSE,TRUE,FALSE,Month-to-month,TRUE,Electronic check,80.25,80.25,TRUE
1209,8268-YDIXR,Male,FALSE,TRUE,FALSE,56,TRUE,TRUE,Fiber optic,TRUE,TRUE,TRUE,FALSE,FALSE,FALSE,One year,TRUE,Electronic check,93.15000153,5253.950195,FALSE
1210,9824-BEMCV,Male,FALSE,TRUE,TRUE,17,TRUE,FALSE,Fiber optic,FALSE,FALSE,FALSE,FALSE,FALSE,FALSE,Month-to-month,TRUE,Electronic check,69,1149.650024,TRUE
1211,1373-ORVIZ,Female,FALSE,TRUE,TRUE,11,TRUE,TRUE,DSL,FALSE,FALSE,FALSE,TRUE,FALSE,TRUE,Month-to-month,TRUE,Electronic check,66.34999847,740.7999878,TRUE
1212,4291-SHSBH,Male,FALSE,FALSE,FALSE,7,TRUE,FALSE,Fiber optic,FALSE,FALSE,FALSE,FALSE,FALSE,FALSE,Month-to-month,TRUE,Electronic check,69.55000305,521.3499756,FALSE
1213,6980-IMXXE,Female,FALSE,TRUE,TRUE,69,TRUE,FALSE,No,,,,,,,Two year,FALSE,Bank transfer (automatic),20.20000076,1412.650024,FALSE
1214,9866-QEVEE,Male,FALSE,FALSE,FALSE,19,TRUE,TRUE,Fiber optic,FALSE,FALSE,FALSE,FALSE,FALSE,TRUE,Month-to-month,TRUE,Bank transfer (automatic),86,1532.449951,TRUE
1215,9897-KXHCM,Female,FALSE,TRUE,TRUE,3,TRUE,FALSE,Fiber optic,FALSE,FALSE,FALSE,FALSE,FALSE,TRUE,Month-to-month,TRUE,Electronic check,80.30000305,250.0500031,TRUE
1216,0040-HALCW,Male,FALSE,TRUE,TRUE,54,TRUE,FALSE,No,,,,,,,Two year,FALSE,Credit card (automatic),20.39999962,1090.599976,FALSE
1217,0784-GTUUK,Male,FALSE,TRUE,FALSE,62,TRUE,TRUE,No,,,,,,,One year,TRUE,Credit card (automatic),23.75,1446.800049,FALSE
1218,7979-CORPM,Male,FALSE,FALSE,FALSE,24,TRUE,TRUE,Fiber optic,FALSE,TRUE,FALSE,FALSE,TRUE,FALSE,Month-to-month,TRUE,Credit card (automatic),90.55000305,2282.550049,TRUE
1219,2294-DMMUS,Female,FALSE,TRUE,TRUE,62,TRUE,TRUE,DSL,FALSE,FALSE,FALSE,FALSE,TRUE,TRUE,Month-to-month,TRUE,Credit card (automatic),70.44999695,4300.450195,FALSE
1220,0872-JCPIB,Male,FALSE,FALSE,FALSE,17,TRUE,TRUE,DSL,TRUE,FALSE,FALSE,FALSE,FALSE,TRUE,Month-to-month,FALSE,Bank transfer (automatic),65.75,1111.199951,FALSE
1221,3055-MJDSB,Male,FALSE,FALSE,FALSE,9,FALSE,,DSL,FALSE,FALSE,FALSE,FALSE,FALSE,FALSE,Month-to-month,TRUE,Mailed check,24.60000038,190.1000061,FALSE
1222,9091-WTUUY,Male,FALSE,TRUE,TRUE,64,TRUE,FALSE,DSL,TRUE,FALSE,TRUE,TRUE,TRUE,FALSE,Two year,FALSE,Mailed check,69.25,4447.75,FALSE
1223,1618-CFHME,Female,FALSE,FALSE,FALSE,2,TRUE,TRUE,Fiber optic,FALSE,FALSE,FALSE,FALSE,FALSE,FALSE,Month-to-month,TRUE,Electronic check,75.90000153,143.3500061,TRUE
1224,3165-HDOEW,Male,FALSE,TRUE,TRUE,1,TRUE,FALSE,DSL,FALSE,FALSE,FALSE,FALSE,FALSE,FALSE,Month-to-month,TRUE,Mailed check,45.84999847,45.84999847,TRUE
1225,6581-NQCBA,Female,FALSE,TRUE,FALSE,16,FALSE,,DSL,FALSE,FALSE,FALSE,TRUE,TRUE,TRUE,Month-to-month,TRUE,Electronic check,49.95000076,810.2000122,TRUE
1226,7115-IRDHS,Female,FALSE,TRUE,FALSE,72,TRUE,TRUE,No,,,,,,,Two year,FALSE,Bank transfer (automatic),24.64999962,1830.050049,FALSE
1227,8496-DMZUK,Male,FALSE,FALSE,FALSE,30,TRUE,TRUE,Fiber optic,TRUE,TRUE,TRUE,FALSE,FALSE,FALSE,One year,FALSE,Bank transfer (automatic),90.40000153,2820.649902,FALSE
1228,2040-VZIKE,Female,FALSE,TRUE,FALSE,49,TRUE,TRUE,Fiber optic,TRUE,FALSE,FALSE,FALSE,TRUE,TRUE,Month-to-month,TRUE,Mailed check,100.8499985,4847.350098,FALSE
1229,9068-VPWQQ,Male,FALSE,TRUE,FALSE,61,TRUE,TRUE,DSL,TRUE,FALSE,TRUE,TRUE,FALSE,TRUE,Two year,FALSE,Credit card (automatic),75.34999847,4729.299805,FALSE
1230,0178-SZBHO,Male,FALSE,TRUE,TRUE,47,TRUE,TRUE,Fiber optic,FALSE,TRUE,FALSE,FALSE,TRUE,FALSE,Month-to-month,FALSE,Electronic check,87.19999695,4017.449951,FALSE
1231,0384-RVBPI,Male,FALSE,FALSE,FALSE,20,TRUE,FALSE,DSL,TRUE,FALSE,TRUE,FALSE,FALSE,TRUE,Month-to-month,FALSE,Credit card (automatic),64.40000153,1398.599976,FALSE
1232,1689-MRZQR,Male,FALSE,TRUE,TRUE,34,TRUE,FALSE,Fiber optic,FALSE,FALSE,FALSE,FALSE,TRUE,FALSE,Month-to-month,FALSE,Electronic check,78.30000305,2564.300049,TRUE
1233,1299-AURJA,Female,FALSE,TRUE,TRUE,70,TRUE,TRUE,No,,,,,,,Two year,FALSE,Bank transfer (automatic),24.70000076,1685.900024,FALSE
1234,4525-VZCZG,Male,FALSE,FALSE,TRUE,54,TRUE,FALSE,Fiber optic,TRUE,TRUE,FALSE,TRUE,TRUE,TRUE,One year,TRUE,Electronic check,105.8499985,5826.649902,FALSE
1235,1543-LLLFT,Male,TRUE,TRUE,FALSE,61,TRUE,TRUE,Fiber optic,FALSE,TRUE,TRUE,TRUE,TRUE,FALSE,One year,TRUE,Mailed check,98.30000305,6066.549805,FALSE
1236,5835-BEQEU,Male,FALSE,FALSE,FALSE,3,TRUE,TRUE,Fiber optic,FALSE,FALSE,FALSE,FALSE,FALSE,FALSE,Month-to-month,TRUE,Electronic check,76.94999695,228.3999939,TRUE
1237,2788-CJQAQ,Male,FALSE,FALSE,FALSE,13,TRUE,FALSE,No,,,,,,,One year,FALSE,Mailed check,19.45000076,270.2000122,FALSE
1238,5565-FILXA,Female,TRUE,FALSE,FALSE,16,TRUE,TRUE,Fiber optic,FALSE,FALSE,FALSE,FALSE,TRUE,TRUE,Month-to-month,TRUE,Electronic check,96.15000153,1529.199951,TRUE
1239,0319-QZTCO,Female,FALSE,TRUE,TRUE,3,TRUE,FALSE,DSL,FALSE,TRUE,FALSE,FALSE,TRUE,FALSE,Month-to-month,TRUE,Credit card (automatic),58.70000076,168.6000061,FALSE
1240,2120-SMPEX,Male,FALSE,FALSE,FALSE,25,TRUE,FALSE,No,,,,,,,Month-to-month,TRUE,Mailed check,20.14999962,536.3499756,FALSE
1241,0096-FCPUF,Male,FALSE,FALSE,FALSE,30,TRUE,TRUE,DSL,TRUE,FALSE,FALSE,FALSE,FALSE,TRUE,Month-to-month,TRUE,Mailed check,64.5,1888.449951,FALSE
1242,0668-OGMHD,Female,FALSE,TRUE,FALSE,21,FALSE,,DSL,TRUE,FALSE,FALSE,FALSE,FALSE,FALSE,Month-to-month,FALSE,Electronic check,28.5,629.3499756,FALSE
1243,5552-ZNFSJ,Male,FALSE,FALSE,FALSE,1,TRUE,FALSE,DSL,FALSE,FALSE,FALSE,FALSE,FALSE,FALSE,Month-to-month,FALSE,Electronic check,45.29999924,45.29999924,TRUE
1244,2223-KAGMX,Female,FALSE,FALSE,FALSE,15,TRUE,FALSE,No,,,,,,,Month-to-month,FALSE,Bank transfer (automatic),19.39999962,289.2999878,TRUE
1245,6507-ZJSUR,Male,TRUE,TRUE,FALSE,23,TRUE,FALSE,Fiber optic,FALSE,FALSE,FALSE,FALSE,TRUE,TRUE,Month-to-month,TRUE,Electronic check,90.44999695,2117.25,FALSE
1246,9408-HRXRK,Female,FALSE,TRUE,TRUE,45,TRUE,TRUE,Fiber optic,TRUE,TRUE,FALSE,FALSE,TRUE,TRUE,Month-to-month,TRUE,Electronic check,105.1500015,4730.899902,FALSE
1247,5593-SUAOO,Female,FALSE,TRUE,TRUE,24,TRUE,TRUE,Fiber optic,FALSE,TRUE,TRUE,FALSE,FALSE,FALSE,One year,FALSE,Bank transfer (automatic),83.15000153,2033.050049,FALSE
1248,7321-PKUYW,Female,FALSE,FALSE,FALSE,11,TRUE,TRUE,Fiber optic,FALSE,FALSE,FALSE,TRUE,TRUE,FALSE,Month-to-month,FALSE,Electronic check,90.15000153,987.9500122,TRUE
1249,2833-SLKDQ,Male,FALSE,FALSE,FALSE,1,TRUE,FALSE,DSL,FALSE,FALSE,FALSE,FALSE,FALSE,FALSE,Month-to-month,FALSE,Mailed check,45.04999924,45.04999924,TRUE
1250,6766-HFKLA,Female,FALSE,TRUE,FALSE,56,TRUE,TRUE,Fiber optic,FALSE,FALSE,TRUE,TRUE,TRUE,TRUE,Two year,FALSE,Bank transfer (automatic),103.1999969,5744.350098,FALSE
1251,7595-EUIVN,Female,FALSE,FALSE,FALSE,1,TRUE,FALSE,Fiber optic,FALSE,TRUE,FALSE,FALSE,FALSE,FALSE,Month-to-month,FALSE,Electronic check,75.80000305,75.80000305,TRUE
1252,7617-EYGLW,Male,FALSE,FALSE,FALSE,1,TRUE,FALSE,No,,,,,,,Month-to-month,FALSE,Electronic check,19.45000076,19.45000076,FALSE
1253,2026-TGDHM,Female,FALSE,FALSE,FALSE,7,TRUE,FALSE,Fiber optic,FALSE,FALSE,FALSE,FALSE,FALSE,TRUE,Month-to-month,TRUE,Electronic check,79.30000305,523.1500244,TRUE
1254,9220-ZNKJI,Female,TRUE,TRUE,FALSE,55,TRUE,FALSE,Fiber optic,FALSE,FALSE,TRUE,TRUE,TRUE,FALSE,Two year,FALSE,Credit card (automatic),88.80000305,4805.299805,FALSE
1255,4030-VPZBD,Female,FALSE,FALSE,FALSE,2,FALSE,,DSL,FALSE,FALSE,FALSE,TRUE,FALSE,FALSE,Month-to-month,TRUE,Electronic check,30.89999962,59.04999924,TRUE
1256,2226-ICFDO,Female,FALSE,TRUE,TRUE,72,TRUE,TRUE,DSL,TRUE,FALSE,TRUE,TRUE,TRUE,TRUE,Two year,TRUE,Credit card (automatic),85.90000153,6110.75,FALSE
1257,0723-VSOBE,Female,TRUE,FALSE,FALSE,45,FALSE,,DSL,FALSE,FALSE,FALSE,FALSE,FALSE,TRUE,One year,FALSE,Electronic check,34.20000076,1596.599976,FALSE
1258,5529-GIBVH,Female,FALSE,FALSE,FALSE,47,TRUE,FALSE,No,,,,,,,Two year,FALSE,Mailed check,20.14999962,1046.199951,FALSE
1259,4187-CINZD,Female,TRUE,FALSE,FALSE,46,TRUE,FALSE,Fiber optic,FALSE,TRUE,FALSE,FALSE,TRUE,TRUE,One year,FALSE,Credit card (automatic),95.25,4424.200195,TRUE
1260,9992-UJOEL,Male,FALSE,FALSE,FALSE,2,TRUE,FALSE,DSL,FALSE,TRUE,FALSE,FALSE,FALSE,FALSE,Month-to-month,TRUE,Mailed check,50.29999924,92.75,FALSE
1261,4741-WWJQZ,Female,FALSE,TRUE,FALSE,2,TRUE,FALSE,Fiber optic,TRUE,FALSE,FALSE,TRUE,FALSE,FALSE,Month-to-month,TRUE,Electronic check,80.15000153,194.5500031,FALSE
1262,6625-UTXEW,Female,FALSE,TRUE,FALSE,12,TRUE,FALSE,DSL,FALSE,TRUE,FALSE,FALSE,FALSE,FALSE,Month-to-month,TRUE,Electronic check,51.25,612.0999756,FALSE
1263,6818-WOBHJ,Female,TRUE,TRUE,FALSE,68,TRUE,TRUE,Fiber optic,FALSE,TRUE,FALSE,FALSE,FALSE,TRUE,Month-to-month,TRUE,Bank transfer (automatic),89.59999847,6127.600098,TRUE
1264,6244-BESBM,Male,FALSE,TRUE,TRUE,69,TRUE,FALSE,Fiber optic,FALSE,FALSE,FALSE,TRUE,TRUE,TRUE,Two year,TRUE,Credit card (automatic),95.19999695,6671.700195,FALSE
1265,1004-NOZNR,Male,TRUE,FALSE,TRUE,56,TRUE,FALSE,Fiber optic,TRUE,FALSE,FALSE,FALSE,TRUE,TRUE,One year,FALSE,Credit card (automatic),94.80000305,5264.299805,FALSE
1266,1251-STYSZ,Female,TRUE,FALSE,FALSE,4,TRUE,TRUE,Fiber optic,TRUE,FALSE,FALSE,FALSE,FALSE,FALSE,Month-to-month,TRUE,Electronic check,80.25,303.7000122,FALSE
1267,2612-PHGOX,Male,FALSE,TRUE,FALSE,64,TRUE,TRUE,DSL,FALSE,TRUE,TRUE,TRUE,TRUE,FALSE,Two year,TRUE,Bank transfer (automatic),76.09999847,4818.799805,FALSE
1268,2408-TZMJL,Male,FALSE,TRUE,FALSE,59,TRUE,TRUE,Fiber optic,TRUE,TRUE,TRUE,FALSE,TRUE,TRUE,One year,TRUE,Electronic check,110.1500015,6448.049805,TRUE
1269,8480-PPONV,Male,FALSE,TRUE,TRUE,62,TRUE,TRUE,Fiber optic,TRUE,TRUE,TRUE,TRUE,TRUE,TRUE,Two year,FALSE,Bank transfer (automatic),115.5500031,7159.049805,FALSE
1270,8780-IHCRN,Male,FALSE,TRUE,TRUE,63,TRUE,TRUE,No,,,,,,,Two year,FALSE,Credit card (automatic),24.64999962,1574.5,FALSE
1271,4598-ZADCK,Female,FALSE,FALSE,FALSE,53,FALSE,,DSL,TRUE,TRUE,TRUE,TRUE,TRUE,FALSE,One year,TRUE,Electronic check,53.59999847,2879.199951,FALSE
1272,1257-SXUXQ,Male,FALSE,TRUE,TRUE,5,TRUE,FALSE,No,,,,,,,Month-to-month,FALSE,Mailed check,19.45000076,86.05000305,FALSE
1273,9681-KYGYB,Male,TRUE,TRUE,FALSE,49,TRUE,TRUE,Fiber optic,TRUE,TRUE,TRUE,FALSE,FALSE,FALSE,Month-to-month,TRUE,Electronic check,88.19999695,4159.450195,FALSE
1274,7182-OVLBJ,Female,FALSE,TRUE,TRUE,62,TRUE,TRUE,Fiber optic,TRUE,FALSE,FALSE,FALSE,TRUE,TRUE,Two year,TRUE,Bank transfer (automatic),101.1500015,6638.350098,FALSE
1275,5095-ETBRJ,Female,FALSE,TRUE,FALSE,55,TRUE,FALSE,DSL,TRUE,TRUE,FALSE,TRUE,FALSE,FALSE,Two year,FALSE,Mailed check,56.79999924,3112.050049,FALSE
1276,7005-CYUIL,Female,TRUE,TRUE,FALSE,,TRUE,FALSE,Fiber optic,TRUE,TRUE,TRUE,TRUE,TRUE,FALSE,Two year,TRUE,Electronic check,99.40000153,7168.25,FALSE
1277,4821-WQOYN,Female,FALSE,TRUE,TRUE,72,TRUE,FALSE,No,,,,,,,Two year,TRUE,Credit card (automatic),20.10000038,1326.25,FALSE
1278,4730-AWNAU,Male,FALSE,TRUE,TRUE,36,FALSE,,DSL,TRUE,FALSE,TRUE,TRUE,TRUE,TRUE,One year,FALSE,Credit card (automatic),60.70000076,2234.550049,FALSE
1279,3452-FLHYD,Male,FALSE,TRUE,FALSE,25,TRUE,FALSE,No,,,,,,,One year,TRUE,Bank transfer (automatic),20.95000076,495.1499939,FALSE
1280,2388-LAESQ,Female,TRUE,TRUE,FALSE,72,TRUE,TRUE,Fiber optic,TRUE,TRUE,TRUE,TRUE,TRUE,TRUE,Two year,TRUE,Bank transfer (automatic),114.8499985,8317.950195,FALSE
1281,9531-NSBMR,Female,FALSE,FALSE,FALSE,36,TRUE,FALSE,No,,,,,,,One year,TRUE,Bank transfer (automatic),19.25,679.7999878,FALSE
1282,6260-ONULR,Male,FALSE,FALSE,FALSE,1,TRUE,FALSE,DSL,FALSE,FALSE,FALSE,FALSE,TRUE,TRUE,Month-to-month,TRUE,Mailed check,62.79999924,62.79999924,FALSE
1283,4389-UEFCZ,Female,FALSE,TRUE,FALSE,72,TRUE,TRUE,Fiber optic,TRUE,FALSE,TRUE,FALSE,TRUE,TRUE,Two year,TRUE,Electronic check,105.5,7544,FALSE
1284,8711-LOBKY,Male,FALSE,TRUE,TRUE,59,TRUE,FALSE,No,,,,,,,Two year,FALSE,Mailed check,19.85000038,1188.25,FALSE
1285,9134-CEQMF,Male,TRUE,TRUE,FALSE,7,TRUE,FALSE,Fiber optic,FALSE,FALSE,FALSE,FALSE,TRUE,TRUE,Month-to-month,TRUE,Electronic check,89.5,676.7000122,TRUE
1286,8985-OOPOS,Female,FALSE,FALSE,FALSE,1,TRUE,FALSE,DSL,FALSE,FALSE,TRUE,TRUE,TRUE,TRUE,One year,FALSE,Credit card (automatic),74.09999847,74.09999847,FALSE
1287,8800-ZKRFW,Female,FALSE,TRUE,TRUE,30,TRUE,TRUE,Fiber optic,FALSE,TRUE,TRUE,TRUE,TRUE,TRUE,Month-to-month,TRUE,Electronic check,107.5,3242.5,FALSE
1288,2616-FLVQC,Male,FALSE,FALSE,FALSE,64,TRUE,FALSE,No,,,,,,,Two year,FALSE,Mailed check,19.54999924,1240.150024,FALSE
1289,9968-FFVVH,Male,FALSE,FALSE,FALSE,63,TRUE,TRUE,DSL,TRUE,TRUE,TRUE,TRUE,FALSE,FALSE,One year,FALSE,Bank transfer (automatic),68.80000305,4111.350098,FALSE
1290,3108-PCCGG,Male,TRUE,TRUE,FALSE,72,TRUE,TRUE,DSL,TRUE,TRUE,TRUE,FALSE,TRUE,TRUE,Two year,FALSE,Credit card (automatic),84.44999695,5899.850098,FALSE
1291,7993-PYKOF,Male,FALSE,TRUE,FALSE,8,TRUE,FALSE,Fiber optic,TRUE,FALSE,FALSE,FALSE,FALSE,FALSE,Month-to-month,FALSE,Electronic check,75,632.9500122,TRUE
1292,8390-FESFV,Female,FALSE,FALSE,FALSE,62,TRUE,TRUE,DSL,FALSE,TRUE,TRUE,TRUE,TRUE,TRUE,Two year,FALSE,Bank transfer (automatic),84.5,5193.200195,FALSE
1293,3022-BEXHZ,Male,FALSE,TRUE,TRUE,67,TRUE,TRUE,Fiber optic,FALSE,TRUE,TRUE,TRUE,TRUE,TRUE,Two year,TRUE,Bank transfer (automatic),111.1999969,7530.799805,FALSE
1294,5027-XWQHA,Male,FALSE,FALSE,FALSE,6,TRUE,FALSE,DSL,FALSE,FALSE,FALSE,FALSE,FALSE,FALSE,Month-to-month,FALSE,Electronic check,44.75,270.9500122,TRUE
1295,6248-TKCQV,Female,FALSE,TRUE,TRUE,70,TRUE,TRUE,DSL,TRUE,FALSE,FALSE,TRUE,TRUE,TRUE,Two year,TRUE,Bank transfer (automatic),80.59999847,5460.200195,FALSE
1296,6729-GDNGC,Female,TRUE,FALSE,FALSE,20,TRUE,FALSE,Fiber optic,FALSE,FALSE,FALSE,FALSE,TRUE,FALSE,Month-to-month,FALSE,Bank transfer (automatic),80.69999695,1614.199951,FALSE
1297,6198-ZFIOJ,Female,FALSE,FALSE,FALSE,5,TRUE,TRUE,Fiber optic,FALSE,FALSE,FALSE,FALSE,FALSE,FALSE,Month-to-month,FALSE,Electronic check,75.59999847,402.5,FALSE
1298,5989-OMNJE,Female,FALSE,TRUE,TRUE,24,FALSE,,DSL,TRUE,TRUE,TRUE,FALSE,TRUE,TRUE,One year,FALSE,Electronic check,57.59999847,1367.75,FALSE
1299,4566-QVRRW,Female,FALSE,TRUE,FALSE,11,TRUE,FALSE,DSL,FALSE,FALSE,FALSE,FALSE,FALSE,FALSE,Month-to-month,TRUE,Electronic check,44.04999924,483.7000122,TRUE
1300,1291-CUOCY,Male,FALSE,TRUE,FALSE,72,TRUE,TRUE,Fiber optic,FALSE,TRUE,TRUE,TRUE,TRUE,TRUE,Two year,TRUE,Credit card (automatic),110.5999985,7962.200195,FALSE
1301,9795-SHUHB,Female,FALSE,TRUE,TRUE,66,TRUE,FALSE,DSL,TRUE,TRUE,FALSE,TRUE,FALSE,FALSE,Two year,TRUE,Credit card (automatic),58.20000076,3810.800049,FALSE
1302,3230-IUALN,Female,FALSE,TRUE,TRUE,45,TRUE,FALSE,DSL,TRUE,FALSE,TRUE,TRUE,TRUE,TRUE,Two year,TRUE,Mailed check,81,3533.600098,FALSE
1303,0042-RLHYP,Female,FALSE,TRUE,TRUE,69,TRUE,FALSE,No,,,,,,,Two year,FALSE,Bank transfer (automatic),19.70000076,1396.900024,FALSE
1304,8519-IMDHU,Male,TRUE,TRUE,FALSE,15,TRUE,TRUE,Fiber optic,FALSE,FALSE,FALSE,FALSE,FALSE,TRUE,Month-to-month,TRUE,Bank transfer (automatic),85.59999847,1345.550049,TRUE
1305,4945-RVMTE,Female,FALSE,FALSE,FALSE,28,TRUE,FALSE,DSL,FALSE,FALSE,TRUE,FALSE,TRUE,FALSE,Month-to-month,TRUE,Bank transfer (automatic),59.54999924,1646.449951,FALSE
1306,0201-OAMXR,Female,FALSE,FALSE,FALSE,70,TRUE,TRUE,Fiber optic,TRUE,TRUE,TRUE,TRUE,TRUE,TRUE,One year,FALSE,Credit card (automatic),115.5500031,8127.600098,TRUE
1307,1866-NXPSP,Female,FALSE,FALSE,FALSE,36,TRUE,FALSE,DSL,TRUE,TRUE,TRUE,TRUE,FALSE,TRUE,One year,,Mailed check,75.55000305,2680.149902,FALSE
1308,3372-KWFBM,Male,TRUE,FALSE,FALSE,16,TRUE,TRUE,Fiber optic,FALSE,FALSE,FALSE,FALSE,TRUE,FALSE,Month-to-month,TRUE,Electronic check,86.59999847,1281,TRUE
1309,7831-QGOXH,Female,FALSE,FALSE,FALSE,18,TRUE,TRUE,Fiber optic,FALSE,FALSE,FALSE,FALSE,TRUE,FALSE,Month-to-month,TRUE,Electronic check,85.19999695,1553.900024,TRUE
1310,6393-WRYZE,Female,FALSE,TRUE,FALSE,34,TRUE,TRUE,Fiber optic,FALSE,FALSE,FALSE,FALSE,TRUE,TRUE,Month-to-month,TRUE,Electronic check,97.65000153,3207.550049,TRUE
1311,3941-XTSKM,Male,FALSE,TRUE,TRUE,42,FALSE,,DSL,FALSE,TRUE,TRUE,FALSE,FALSE,TRUE,One year,TRUE,Credit card (automatic),45.09999847,2049.050049,FALSE
1312,1661-CZBAU,Male,FALSE,FALSE,FALSE,48,TRUE,TRUE,DSL,TRUE,FALSE,FALSE,TRUE,FALSE,TRUE,One year,TRUE,Bank transfer (automatic),70.94999695,3629.199951,FALSE
1313,6599-RCLCJ,Male,FALSE,TRUE,FALSE,47,TRUE,TRUE,Fiber optic,FALSE,TRUE,TRUE,TRUE,TRUE,TRUE,Month-to-month,TRUE,Electronic check,109.5500031,5124.549805,TRUE
1314,9831-BPFRI,Female,FALSE,TRUE,TRUE,39,TRUE,TRUE,Fiber optic,FALSE,TRUE,TRUE,TRUE,FALSE,FALSE,One year,TRUE,Electronic check,89.55000305,3474.449951,TRUE
1315,5158-RIVOP,Female,FALSE,TRUE,TRUE,11,TRUE,FALSE,No,,,,,,,Two year,FALSE,Credit card (automatic),20.89999962,202.3000031,FALSE
1316,9788-YTFGE,Male,FALSE,FALSE,FALSE,7,TRUE,FALSE,No,,,,,,,Month-to-month,TRUE,Mailed check,19.95000076,147.5,FALSE
1317,9277-JOOMO,Female,FALSE,FALSE,FALSE,3,TRUE,TRUE,No,,,,,,,Month-to-month,FALSE,Mailed check,24.60000038,86.34999847,FALSE
1318,1907-YLNYW,Male,FALSE,FALSE,FALSE,8,TRUE,FALSE,DSL,TRUE,FALSE,TRUE,FALSE,FALSE,TRUE,Month-to-month,TRUE,Electronic check,66.69999695,579,FALSE
1319,1725-MIMXW,Male,FALSE,FALSE,TRUE,1,TRUE,FALSE,No,,,,,,,Month-to-month,TRUE,Mailed check,19.45000076,19.45000076,TRUE
1320,8947-YRTDV,Male,FALSE,TRUE,TRUE,32,TRUE,FALSE,Fiber optic,TRUE,TRUE,TRUE,FALSE,FALSE,TRUE,One year,FALSE,Mailed check,94.80000305,3131.550049,FALSE
1321,3161-ONRWK,Male,FALSE,TRUE,TRUE,60,TRUE,FALSE,DSL,TRUE,TRUE,TRUE,TRUE,FALSE,FALSE,One year,TRUE,Bank transfer (automatic),65.84999847,3928.300049,FALSE
1322,0114-RSRRW,Female,FALSE,TRUE,FALSE,10,TRUE,FALSE,No,,,,,,,Month-to-month,TRUE,Bank transfer (automatic),19.95000076,187.75,FALSE
1323,4565-NLZBV,Female,FALSE,TRUE,FALSE,71,TRUE,TRUE,No,,,,,,,Two year,TRUE,Bank transfer (automatic),24.64999962,1710.150024,FALSE
1324,0031-PVLZI,Female,FALSE,TRUE,TRUE,4,TRUE,FALSE,No,,,,,,,Month-to-month,FALSE,Mailed check,20.35000038,76.34999847,TRUE
1325,7206-GZCDC,Female,TRUE,FALSE,FALSE,1,TRUE,FALSE,Fiber optic,FALSE,FALSE,FALSE,FALSE,FALSE,FALSE,Month-to-month,TRUE,Electronic check,69.25,69.25,TRUE
1326,6682-VCIXC,Female,FALSE,TRUE,TRUE,43,FALSE,,DSL,TRUE,TRUE,FALSE,TRUE,TRUE,FALSE,One year,TRUE,Bank transfer (automatic),51.25,2151.600098,FALSE
1327,4791-QRGMF,Male,FALSE,TRUE,FALSE,59,TRUE,TRUE,Fiber optic,FALSE,FALSE,TRUE,FALSE,TRUE,TRUE,One year,TRUE,Bank transfer (automatic),99.5,5961.100098,TRUE
1328,6475-VHUIZ,Female,FALSE,TRUE,FALSE,23,TRUE,FALSE,DSL,FALSE,FALSE,TRUE,TRUE,FALSE,FALSE,Month-to-month,FALSE,Electronic check,54.25,1221.550049,FALSE
1329,3910-MRQOY,Female,FALSE,TRUE,FALSE,72,TRUE,FALSE,No,,,,,,,Two year,FALSE,Bank transfer (automatic),19.39999962,1496.449951,FALSE
1330,0661-WCQNQ,Male,FALSE,TRUE,FALSE,22,TRUE,FALSE,DSL,TRUE,FALSE,FALSE,TRUE,FALSE,FALSE,One year,TRUE,Credit card (automatic),56.25,1292.199951,FALSE
1331,7537-RBWEA,Female,FALSE,FALSE,FALSE,1,FALSE,,DSL,FALSE,FALSE,FALSE,FALSE,FALSE,FALSE,Month-to-month,TRUE,Mailed check,25.14999962,25.14999962,FALSE
1332,4656-CAURT,Male,FALSE,FALSE,FALSE,69,TRUE,TRUE,No,,,,,,,Two year,FALSE,Bank transfer (automatic),23.95000076,1713.099976,FALSE
1333,0121-SNYRK,Male,FALSE,FALSE,FALSE,50,FALSE,,DSL,TRUE,FALSE,FALSE,TRUE,FALSE,FALSE,One year,TRUE,Mailed check,35.40000153,1748.900024,FALSE
1334,1768-ZAIFU,Female,TRUE,FALSE,FALSE,1,FALSE,,DSL,FALSE,FALSE,FALSE,FALSE,FALSE,FALSE,Month-to-month,TRUE,Electronic check,25.20000076,25.20000076,TRUE
1335,4671-LXRDQ,Male,FALSE,FALSE,FALSE,2,TRUE,FALSE,DSL,FALSE,FALSE,FALSE,FALSE,FALSE,FALSE,Month-to-month,TRUE,Mailed check,45,96.44999695,TRUE
1336,3733-LSYCE,Female,FALSE,TRUE,FALSE,15,TRUE,FALSE,Fiber optic,FALSE,TRUE,FALSE,FALSE,FALSE,FALSE,Month-to-month,FALSE,Bank transfer (automatic),75.34999847,1114.550049,FALSE
1337,6265-FRMTQ,Male,FALSE,FALSE,FALSE,31,TRUE,FALSE,No,,,,,,,Two year,FALSE,Bank transfer (automatic),20.39999962,609.0999756,FALSE
1338,1934-SJVJK,Male,FALSE,FALSE,FALSE,1,TRUE,FALSE,No,,,,,,,Month-to-month,FALSE,Mailed check,20.14999962,20.14999962,TRUE
1339,3838-OZURD,Male,FALSE,TRUE,FALSE,66,TRUE,TRUE,Fiber optic,FALSE,TRUE,TRUE,FALSE,TRUE,TRUE,Month-to-month,TRUE,Credit card (automatic),105,7133.25,TRUE
1340,1371-DWPAZ,Female,FALSE,TRUE,TRUE,0,FALSE,,DSL,TRUE,TRUE,TRUE,TRUE,TRUE,FALSE,Two year,FALSE,Credit card (automatic),56.04999924,,FALSE
1341,9269-CQOOL,Male,FALSE,FALSE,TRUE,3,TRUE,FALSE,DSL,FALSE,FALSE,FALSE,FALSE,TRUE,FALSE,Month-to-month,TRUE,Credit card (automatic),54.70000076,169.4499969,TRUE
1342,2017-CCBLH,Female,FALSE,FALSE,FALSE,8,TRUE,FALSE,No,,,,,,,Two year,FALSE,Mailed check,20,141.6000061,FALSE
1343,7690-KPNCU,Male,FALSE,TRUE,TRUE,64,TRUE,FALSE,DSL,TRUE,FALSE,TRUE,FALSE,TRUE,TRUE,One year,TRUE,Credit card (automatic),73.05000305,4688.649902,FALSE
1344,0536-BGFMZ,Female,FALSE,TRUE,FALSE,28,TRUE,FALSE,No,,,,,,,Month-to-month,FALSE,Mailed check,20.5,563.0499878,FALSE
1345,2293-IJWPS,Female,FALSE,TRUE,FALSE,57,TRUE,TRUE,Fiber optic,FALSE,FALSE,TRUE,FALSE,TRUE,TRUE,One year,TRUE,Credit card (automatic),100.75,5985,FALSE
1346,2845-HSJCY,Female,FALSE,TRUE,TRUE,14,TRUE,TRUE,Fiber optic,FALSE,FALSE,TRUE,FALSE,FALSE,TRUE,Month-to-month,TRUE,Electronic check,87.25,1258.599976,TRUE
1347,5469-NUJUR,Male,FALSE,FALSE,FALSE,19,TRUE,FALSE,No,,,,,,,Two year,TRUE,Mailed check,19.95000076,373.5,FALSE
1348,1184-PJVDB,Male,FALSE,TRUE,FALSE,10,TRUE,FALSE,Fiber optic,FALSE,FALSE,FALSE,FALSE,TRUE,FALSE,Month-to-month,TRUE,Electronic check,79.94999695,857.2000122,TRUE
1349,2625-TRCZQ,Female,FALSE,TRUE,FALSE,51,FALSE,,DSL,FALSE,TRUE,FALSE,FALSE,TRUE,TRUE,Month-to-month,TRUE,Electronic check,49.65000153,2553.350098,FALSE
1350,4102-HLENU,Female,FALSE,TRUE,FALSE,67,TRUE,TRUE,DSL,,TRUE,TRUE,FALSE,FALSE,FALSE,Two year,FALSE,Mailed check,65.65000153,4322.850098,FALSE
1351,7266-GSSJX,Male,FALSE,TRUE,TRUE,11,TRUE,FALSE,No,,,,,,,Month-to-month,TRUE,Electronic check,20.45000076,250.8000031,FALSE
1352,7722-VJRQD,Male,FALSE,TRUE,TRUE,72,FALSE,,DSL,TRUE,FALSE,TRUE,TRUE,TRUE,TRUE,Two year,FALSE,Bank transfer (automatic),60.95000076,4549.049805,FALSE
1353,7073-QETQY,Male,FALSE,TRUE,TRUE,66,TRUE,FALSE,No,,,,,,,One year,TRUE,Electronic check,20.35000038,1359.5,FALSE
1354,9415-DPEWS,Female,FALSE,FALSE,FALSE,18,TRUE,TRUE,Fiber optic,FALSE,FALSE,FALSE,TRUE,TRUE,FALSE,Month-to-month,TRUE,Electronic check,88.34999847,1639.300049,TRUE
1355,5624-RYAMH,Female,FALSE,FALSE,FALSE,9,TRUE,FALSE,No,,,,,,,Month-to-month,TRUE,Electronic check,19.5,178.8500061,FALSE
1356,0196-JTUQI,Female,,FALSE,FALSE,9,TRUE,TRUE,Fiber optic,FALSE,FALSE,FALSE,FALSE,FALSE,FALSE,Month-to-month,TRUE,Credit card (automatic),75.19999695,633.8499756,FALSE
1357,7130-YXBRO,Male,FALSE,TRUE,FALSE,48,TRUE,TRUE,Fiber optic,TRUE,TRUE,TRUE,FALSE,TRUE,TRUE,Month-to-month,TRUE,Bank transfer (automatic),111.4499969,5315.100098,FALSE
1358,9272-LSVYH,Male,FALSE,FALSE,FALSE,10,TRUE,FALSE,Fiber optic,FALSE,FALSE,FALSE,FALSE,FALSE,FALSE,Month-to-month,FALSE,Mailed check,70.15000153,735.5,FALSE
1359,7943-RQCHR,Female,FALSE,FALSE,FALSE,9,TRUE,TRUE,Fiber optic,FALSE,FALSE,FALSE,FALSE,TRUE,TRUE,Month-to-month,TRUE,Electronic check,94.75,889.9000244,TRUE
1360,3793-MMFUH,Female,TRUE,FALSE,FALSE,13,TRUE,TRUE,Fiber optic,FALSE,FALSE,FALSE,FALSE,TRUE,TRUE,Month-to-month,TRUE,Electronic check,95.05000305,1290,TRUE
1361,3249-ZPQRG,Male,FALSE,FALSE,FALSE,4,TRUE,TRUE,Fiber optic,FALSE,TRUE,FALSE,FALSE,FALSE,FALSE,Month-to-month,FALSE,Electronic check,78.44999695,330.0499878,TRUE
1362,2568-BRGYX,Male,FALSE,FALSE,FALSE,4,TRUE,FALSE,Fiber optic,FALSE,FALSE,FALSE,FALSE,FALSE,FALSE,Month-to-month,TRUE,Electronic check,70.19999695,237.9499969,TRUE
1363,3084-DOWLE,Female,FALSE,TRUE,FALSE,72,TRUE,TRUE,DSL,TRUE,TRUE,TRUE,TRUE,TRUE,TRUE,Two year,FALSE,Bank transfer (automatic),92,6474.399902,FALSE
1364,1084-MNSMJ,Female,FALSE,TRUE,TRUE,51,TRUE,FALSE,DSL,TRUE,TRUE,TRUE,TRUE,TRUE,TRUE,Two year,FALSE,Credit card (automatic),85.5,4421.950195,FALSE
1365,7721-JXEAW,Male,FALSE,TRUE,FALSE,59,FALSE,,DSL,FALSE,TRUE,FALSE,FALSE,FALSE,TRUE,Month-to-month,TRUE,Bank transfer (automatic),41.04999924,2452.699951,TRUE
1366,7249-WBIYX,Male,FALSE,TRUE,FALSE,10,TRUE,TRUE,Fiber optic,FALSE,FALSE,FALSE,FALSE,TRUE,FALSE,Month-to-month,TRUE,Electronic check,85.59999847,813.8499756,TRUE
1367,4238-HFHSN,Male,TRUE,TRUE,FALSE,61,TRUE,TRUE,Fiber optic,FALSE,TRUE,FALSE,FALSE,FALSE,FALSE,Month-to-month,TRUE,Electronic check,82.15000153,4904.850098,FALSE
1368,6250-CGGUN,Male,FALSE,FALSE,FALSE,54,TRUE,FALSE,Fiber optic,TRUE,FALSE,TRUE,TRUE,FALSE,FALSE,One year,FALSE,Electronic check,84.40000153,4484.049805,FALSE
1369,5478-JJVZK,Female,FALSE,FALSE,FALSE,33,TRUE,TRUE,DSL,TRUE,TRUE,FALSE,FALSE,FALSE,FALSE,Month-to-month,TRUE,Mailed check,60.90000153,2033.849976,FALSE
1370,7596-IIWYC,Female,FALSE,FALSE,FALSE,27,TRUE,FALSE,No,,,,,,,Two year,TRUE,Bank transfer (automatic),20.25,538.2000122,FALSE
1371,6567-HOOPW,Female,TRUE,FALSE,FALSE,1,TRUE,FALSE,Fiber optic,FALSE,FALSE,FALSE,FALSE,TRUE,FALSE,Month-to-month,TRUE,Electronic check,79.19999695,79.19999695,TRUE
1372,9793-WECQC,Male,FALSE,FALSE,FALSE,23,TRUE,FALSE,Fiber optic,FALSE,TRUE,FALSE,FALSE,TRUE,TRUE,Month-to-month,FALSE,Mailed check,95.30000305,2192.899902,FALSE
1373,4291-HPAXL,Male,FALSE,FALSE,TRUE,1,TRUE,FALSE,No,,,,,,,Month-to-month,FALSE,Mailed check,19.85000038,19.85000038,FALSE
1374,8999-YPYBV,Male,FALSE,TRUE,TRUE,45,TRUE,FALSE,DSL,TRUE,TRUE,TRUE,TRUE,TRUE,TRUE,Two year,TRUE,Mailed check,84.34999847,3858.050049,FALSE
1375,1839-FBNFR,Female,FALSE,TRUE,TRUE,39,TRUE,FALSE,No,,,,,,,Two year,TRUE,Bank transfer (automatic),19.85000038,854.7999878,FALSE
1376,3164-AALRN,Male,FALSE,FALSE,FALSE,5,TRUE,FALSE,DSL,FALSE,FALSE,TRUE,FALSE,TRUE,TRUE,One year,TRUE,Mailed check,70,347.3999939,TRUE
1377,3071-MVJCD,Male,FALSE,TRUE,TRUE,72,TRUE,TRUE,DSL,TRUE,TRUE,TRUE,TRUE,TRUE,FALSE,Two year,FALSE,Bank transfer (automatic),82.30000305,5815.149902,FALSE
1378,1697-BCSHV,Female,FALSE,TRUE,TRUE,58,TRUE,TRUE,DSL,FALSE,TRUE,FALSE,FALSE,TRUE,FALSE,Month-to-month,TRUE,Bank transfer (automatic),66.80000305,3970.399902,FALSE
1379,0562-KBDVM,Female,FALSE,FALSE,FALSE,70,FALSE,,DSL,TRUE,TRUE,TRUE,TRUE,FALSE,FALSE,Two year,TRUE,Bank transfer (automatic),44.59999847,3058.149902,FALSE
1380,1131-SUEKT,Male,FALSE,TRUE,TRUE,61,TRUE,FALSE,Fiber optic,FALSE,TRUE,FALSE,TRUE,TRUE,TRUE,One year,TRUE,Bank transfer (automatic),98.44999695,6145.200195,FALSE
1381,3717-OEAUQ,Male,FALSE,FALSE,FALSE,2,TRUE,FALSE,Fiber optic,FALSE,FALSE,FALSE,FALSE,FALSE,FALSE,Month-to-month,FALSE,Mailed check,70.69999695,129.1999969,FALSE
1382,4538-WNTMJ,Female,FALSE,TRUE,TRUE,46,TRUE,TRUE,No,,,,,,,One year,FALSE,Mailed check,24.95000076,1165.900024,FALSE
1383,3334-CTHOL,Female,FALSE,FALSE,FALSE,1,TRUE,TRUE,DSL,FALSE,FALSE,FALSE,FALSE,FALSE,FALSE,Month-to-month,TRUE,Bank transfer (automatic),49.95000076,49.95000076,TRUE
1384,4704-ERYFC,Female,FALSE,TRUE,FALSE,22,TRUE,FALSE,Fiber optic,FALSE,FALSE,FALSE,FALSE,FALSE,FALSE,Month-to-month,TRUE,Electronic check,69.25,1554,TRUE
1385,9432-RUVSL,Female,FALSE,FALSE,FALSE,48,TRUE,FALSE,Fiber optic,TRUE,FALSE,TRUE,TRUE,TRUE,TRUE,Two year,TRUE,Credit card (automatic),102.5,4904.25,FALSE
1386,8060-HIWJJ,Male,FALSE,FALSE,FALSE,64,TRUE,TRUE,DSL,FALSE,TRUE,TRUE,TRUE,TRUE,TRUE,Two year,FALSE,Credit card (automatic),86.55000305,5632.549805,FALSE
1387,7684-XSZIY,Male,FALSE,TRUE,TRUE,72,TRUE,TRUE,No,,,,,,,Two year,FALSE,Bank transfer (automatic),24.29999924,1643.25,FALSE
1388,9089-UOWJG,Female,FALSE,TRUE,TRUE,12,TRUE,FALSE,DSL,FALSE,FALSE,TRUE,FALSE,TRUE,FALSE,Month-to-month,TRUE,Credit card (automatic),58.34999847,740.5499878,FALSE
1389,8621-MNIHH,Female,TRUE,TRUE,FALSE,34,TRUE,TRUE,Fiber optic,FALSE,TRUE,TRUE,FALSE,FALSE,TRUE,Month-to-month,TRUE,Electronic check,94.25,3217.550049,TRUE
1390,8039-ACLPL,Female,FALSE,TRUE,TRUE,72,TRUE,FALSE,DSL,TRUE,TRUE,TRUE,FALSE,FALSE,TRUE,Two year,FALSE,Credit card (automatic),68.75,4888.200195,FALSE
1391,9885-AIBVB,Male,FALSE,TRUE,FALSE,29,TRUE,TRUE,Fiber optic,FALSE,TRUE,TRUE,FALSE,FALSE,FALSE,Month-to-month,TRUE,Electronic check,85.80000305,2440.25,FALSE
1392,1934-MKPXS,Male,FALSE,TRUE,TRUE,33,TRUE,FALSE,No,,,,,,,One year,FALSE,Credit card (automatic),20.10000038,620.5499878,FALSE
1393,2592-YKDIF,Female,FALSE,FALSE,FALSE,1,TRUE,FALSE,No,,,,,,,Month-to-month,FALSE,Mailed check,20.35000038,20.35000038,FALSE
1394,2272-JKMSI,Female,FALSE,TRUE,TRUE,62,TRUE,TRUE,Fiber optic,FALSE,TRUE,TRUE,TRUE,TRUE,TRUE,One year,TRUE,Electronic check,110.8000031,6840.950195,FALSE
1395,0471-LVHGK,Male,FALSE,TRUE,FALSE,41,TRUE,TRUE,DSL,FALSE,FALSE,TRUE,FALSE,TRUE,TRUE,One year,TRUE,Electronic check,73,3001.199951,TRUE
1396,9518-RWHZL,Female,FALSE,FALSE,FALSE,64,TRUE,TRUE,Fiber optic,FALSE,FALSE,TRUE,FALSE,TRUE,TRUE,One year,TRUE,Credit card (automatic),100.0500031,6254.200195,TRUE
1397,8714-CTZJW,Female,FALSE,FALSE,FALSE,4,TRUE,FALSE,Fiber optic,FALSE,FALSE,TRUE,FALSE,FALSE,TRUE,Month-to-month,TRUE,Credit card (automatic),82.84999847,319.6000061,FALSE
1398,3569-EDBPQ,Female,FALSE,FALSE,FALSE,24,TRUE,TRUE,Fiber optic,TRUE,FALSE,FALSE,TRUE,FALSE,FALSE,Month-to-month,TRUE,Electronic check,84.34999847,1938.050049,FALSE
1399,3131-NWVFJ,Female,FALSE,TRUE,TRUE,14,TRUE,FALSE,No,,,,,,,One year,FALSE,Mailed check,19.54999924,294.5,FALSE
1400,7521-YXVZY,Male,FALSE,FALSE,TRUE,3,TRUE,FALSE,No,,,,,,,Month-to-month,FALSE,Mailed check,19.95000076,58.29999924,FALSE
1401,5419-CONWX,Female,TRUE,FALSE,FALSE,4,TRUE,FALSE,Fiber optic,FALSE,TRUE,TRUE,FALSE,TRUE,TRUE,Month-to-month,TRUE,Credit card (automatic),99.80000305,442.8500061,TRUE
1402,6240-EURKS,Female,FALSE,FALSE,TRUE,18,FALSE,,DSL,FALSE,FALSE,FALSE,FALSE,FALSE,TRUE,Month-to-month,TRUE,Electronic check,35,553,TRUE
1403,2373-NTKOD,Male,FALSE,FALSE,FALSE,8,TRUE,FALSE,DSL,FALSE,FALSE,FALSE,FALSE,TRUE,TRUE,Month-to-month,TRUE,Electronic check,66.25,546.4500122,FALSE
1404,1970-KKFWL,Female,FALSE,FALSE,FALSE,35,TRUE,TRUE,No,,,,,,,Two year,FALSE,Bank transfer (automatic),23.29999924,797.0999756,FALSE
1405,6960-HVYXR,Female,FALSE,FALSE,FALSE,1,TRUE,TRUE,Fiber optic,FALSE,FALSE,FALSE,FALSE,FALSE,FALSE,Month-to-month,FALSE,Electronic check,76,76,TRUE
1406,9337-SRRNI,Male,FALSE,FALSE,TRUE,66,TRUE,TRUE,No,,,,,,,Two year,TRUE,Credit card (automatic),25.29999924,1673.800049,FALSE
1407,0895-UADGO,Male,FALSE,FALSE,TRUE,8,FALSE,,DSL,TRUE,FALSE,FALSE,TRUE,FALSE,TRUE,Two year,TRUE,Mailed check,44.54999924,343.4500122,FALSE
1408,5678-VFNEQ,Female,FALSE,TRUE,FALSE,71,TRUE,TRUE,Fiber optic,TRUE,FALSE,TRUE,FALSE,TRUE,TRUE,One year,TRUE,Credit card (automatic),104.0999985,7412.25,FALSE
1409,5977-CKHON,Female,FALSE,TRUE,TRUE,43,TRUE,TRUE,Fiber optic,FALSE,FALSE,TRUE,FALSE,FALSE,TRUE,Month-to-month,TRUE,Bank transfer (automatic),92.55000305,4039,FALSE
1410,7024-OHCCK,Female,TRUE,FALSE,FALSE,2,TRUE,TRUE,Fiber optic,FALSE,FALSE,FALSE,FALSE,TRUE,TRUE,Month-to-month,TRUE,Electronic check,93.84999847,170.8500061,TRUE
1411,2692-BUCFV,Male,TRUE,FALSE,FALSE,29,TRUE,FALSE,Fiber optic,FALSE,TRUE,TRUE,FALSE,TRUE,TRUE,Month-to-month,TRUE,Bank transfer (automatic),101.4499969,2948.600098,FALSE
1412,7861-UVUFT,Female,FALSE,TRUE,FALSE,15,TRUE,FALSE,Fiber optic,FALSE,FALSE,TRUE,FALSE,TRUE,FALSE,Month-to-month,TRUE,Electronic check,84.30000305,1308.400024,TRUE
1413,1830-GGFNM,Male,FALSE,TRUE,TRUE,65,TRUE,TRUE,Fiber optic,TRUE,TRUE,TRUE,TRUE,FALSE,FALSE,Two year,FALSE,Credit card (automatic),94.55000305,6078.75,FALSE
1414,5302-BDJNT,Male,FALSE,FALSE,FALSE,35,TRUE,TRUE,Fiber optic,FALSE,FALSE,TRUE,TRUE,TRUE,FALSE,Month-to-month,FALSE,Electronic check,95.5,3418.199951,FALSE
1415,5223-UZAVK,Male,FALSE,FALSE,FALSE,64,TRUE,FALSE,Fiber optic,TRUE,TRUE,FALSE,FALSE,TRUE,TRUE,One year,TRUE,Credit card (automatic),100.3000031,6603.799805,FALSE
1416,4859-ZSRDZ,Female,FALSE,TRUE,TRUE,58,FALSE,,DSL,FALSE,FALSE,TRUE,TRUE,TRUE,TRUE,Two year,TRUE,Credit card (automatic),55.5,3166.899902,FALSE
1417,5651-WYIPH,Female,TRUE,FALSE,FALSE,18,TRUE,FALSE,DSL,FALSE,TRUE,FALSE,FALSE,FALSE,FALSE,Month-to-month,TRUE,Credit card (automatic),49.84999847,865.75,FALSE
1418,9350-VLHMB,Male,FALSE,TRUE,TRUE,67,TRUE,TRUE,Fiber optic,FALSE,TRUE,FALSE,FALSE,FALSE,TRUE,Month-to-month,TRUE,Bank transfer (automatic),89.55000305,6373.100098,FALSE
1419,3498-LZGQZ,Male,FALSE,TRUE,TRUE,63,TRUE,FALSE,No,,,,,,,Two year,TRUE,Mailed check,19.14999962,1177.050049,FALSE
1420,8785-CJSHH,Female,FALSE,TRUE,FALSE,60,TRUE,TRUE,Fiber optic,FALSE,TRUE,FALSE,FALSE,TRUE,TRUE,Month-to-month,TRUE,Electronic check,99.80000305,5985.75,FALSE
1421,5357-TZHPP,Male,TRUE,FALSE,FALSE,9,TRUE,TRUE,Fiber optic,FALSE,FALSE,FALSE,FALSE,FALSE,TRUE,Month-to-month,TRUE,Credit card (automatic),84.40000153,732.5,TRUE
1422,3870-SPZSI,Female,FALSE,TRUE,TRUE,70,TRUE,TRUE,Fiber optic,TRUE,TRUE,TRUE,TRUE,TRUE,TRUE,Two year,TRUE,Credit card (automatic),113.0500031,7869.049805,FALSE
1423,0680-DFNNY,Male,FALSE,TRUE,FALSE,15,TRUE,TRUE,Fiber optic,FALSE,FALSE,TRUE,FALSE,TRUE,TRUE,Month-to-month,TRUE,Electronic check,101.0999985,1504.050049,TRUE
1424,7560-QRBXH,Female,FALSE,FALSE,TRUE,48,TRUE,FALSE,No,,,,,,,One year,FALSE,Mailed check,19.95000076,936.7000122,FALSE
1425,7077-XJMET,Male,FALSE,TRUE,FALSE,12,TRUE,FALSE,DSL,FALSE,FALSE,TRUE,TRUE,TRUE,TRUE,Month-to-month,TRUE,Electronic check,74.15000153,741.4000244,FALSE
1426,8752-GHJFU,Male,TRUE,TRUE,FALSE,71,TRUE,TRUE,Fiber optic,TRUE,TRUE,TRUE,TRUE,FALSE,FALSE,One year,TRUE,Electronic check,92,6585.200195,FALSE
1427,6896-SRVYQ,Male,TRUE,FALSE,FALSE,44,TRUE,FALSE,Fiber optic,FALSE,FALSE,TRUE,FALSE,FALSE,FALSE,Month-to-month,FALSE,Electronic check,73.84999847,3122.399902,FALSE
1428,7767-UXAGJ,Male,FALSE,FALSE,FALSE,1,TRUE,TRUE,DSL,FALSE,FALSE,FALSE,FALSE,FALSE,FALSE,Month-to-month,TRUE,Electronic check,50.45000076,50.45000076,TRUE
1429,4652-ODEVH,Male,FALSE,TRUE,TRUE,45,TRUE,TRUE,No,,,,,,,Two year,FALSE,Mailed check,24.45000076,1088.25,FALSE
1430,6510-UPNKS,Female,FALSE,FALSE,FALSE,23,TRUE,TRUE,No,,,,,,,One year,FALSE,Credit card (automatic),24.79999924,615.3499756,FALSE
1431,6718-BDGHG,Female,FALSE,TRUE,FALSE,43,TRUE,TRUE,DSL,FALSE,FALSE,FALSE,TRUE,TRUE,FALSE,One year,TRUE,Bank transfer (automatic),64.84999847,2908.199951,FALSE
1432,9046-DQMTP,Male,FALSE,FALSE,FALSE,35,TRUE,FALSE,No,,,,,,,Month-to-month,FALSE,Bank transfer (automatic),20.75,739.9000244,FALSE
1433,6439-LAJXL,Male,FALSE,TRUE,FALSE,9,TRUE,FALSE,DSL,TRUE,TRUE,FALSE,TRUE,TRUE,FALSE,Month-to-month,TRUE,Mailed check,68.94999695,593.8499756,FALSE
1434,1571-SAVHK,Male,FALSE,FALSE,FALSE,12,TRUE,TRUE,Fiber optic,FALSE,FALSE,FALSE,TRUE,TRUE,TRUE,Month-to-month,TRUE,Mailed check,99.94999695,1132.75,TRUE
1435,9052-VKDUW,Female,TRUE,TRUE,FALSE,65,TRUE,TRUE,Fiber optic,TRUE,TRUE,TRUE,FALSE,TRUE,TRUE,Month-to-month,TRUE,Credit card (automatic),109.4000015,7227.450195,FALSE
1436,9546-CQJSU,Female,FALSE,FALSE,,2,TRUE,TRUE,Fiber optic,FALSE,FALSE,TRUE,FALSE,TRUE,FALSE,Month-to-month,TRUE,Electronic check,91.40000153,193.6000061,TRUE
1437,1666-JZPZT,Male,FALSE,FALSE,FALSE,27,TRUE,TRUE,DSL,FALSE,FALSE,FALSE,FALSE,FALSE,FALSE,Month-to-month,FALSE,Mailed check,49,1291.349976,FALSE
1438,5777-KJIRB,Female,FALSE,FALSE,FALSE,40,TRUE,FALSE,DSL,FALSE,FALSE,TRUE,FALSE,FALSE,FALSE,One year,TRUE,Mailed check,50.25,2023.550049,FALSE
1439,0506-LVNGN,Female,TRUE,FALSE,FALSE,5,TRUE,FALSE,Fiber optic,FALSE,FALSE,TRUE,FALSE,FALSE,FALSE,Month-to-month,TRUE,Credit card (automatic),75.55000305,349.6499939,TRUE
1440,7677-SJJJK,Male,FALSE,TRUE,TRUE,8,TRUE,FALSE,No,,,,,,,One year,,Credit card (automatic),19.89999962,153.9499969,FALSE
1441,2480-EJWYP,Female,TRUE,TRUE,FALSE,58,TRUE,TRUE,Fiber optic,FALSE,TRUE,FALSE,FALSE,TRUE,TRUE,One year,TRUE,Bank transfer (automatic),97.80000305,5458.799805,FALSE
1442,3253-HKOKL,Female,FALSE,TRUE,TRUE,52,TRUE,FALSE,Fiber optic,TRUE,FALSE,TRUE,FALSE,TRUE,TRUE,One year,FALSE,Electronic check,100.3000031,5244.450195,FALSE
1443,7055-HNEOJ,Male,FALSE,TRUE,FALSE,3,TRUE,FALSE,DSL,FALSE,FALSE,TRUE,TRUE,FALSE,FALSE,Month-to-month,TRUE,Mailed check,55.79999924,154.5500031,FALSE
1444,5514-YQENT,Male,FALSE,FALSE,TRUE,41,TRUE,FALSE,Fiber optic,TRUE,TRUE,TRUE,TRUE,TRUE,TRUE,Two year,TRUE,Electronic check,111.1500015,4507.149902,FALSE
1445,3211-AAPKX,Male,FALSE,FALSE,FALSE,20,TRUE,TRUE,Fiber optic,FALSE,FALSE,FALSE,TRUE,TRUE,TRUE,Month-to-month,TRUE,Mailed check,98.55000305,2031.949951,FALSE
1446,8445-DNBAE,Male,FALSE,FALSE,TRUE,1,TRUE,TRUE,DSL,FALSE,FALSE,FALSE,FALSE,FALSE,FALSE,Month-to-month,TRUE,Electronic check,50.04999924,50.04999924,FALSE
1447,2951-QOQTK,Male,FALSE,FALSE,TRUE,4,TRUE,TRUE,Fiber optic,FALSE,FALSE,FALSE,TRUE,FALSE,FALSE,Month-to-month,FALSE,Credit card (automatic),80.80000305,332.4500122,TRUE
1448,2958-NHPPS,Male,FALSE,FALSE,FALSE,23,TRUE,FALSE,No,,,,,,,Month-to-month,FALSE,Electronic check,20.85000038,473.8999939,FALSE
1449,6806-YDEUL,Female,TRUE,FALSE,FALSE,6,TRUE,FALSE,No,,,,,,,Month-to-month,FALSE,Bank transfer (automatic),19.5,106.8000031,FALSE
1450,1735-XMJVH,Male,FALSE,TRUE,TRUE,8,TRUE,FALSE,No,,,,,,,Month-to-month,TRUE,Mailed check,19.35000038,152.6000061,FALSE
1451,6890-PFRQX,Male,FALSE,FALSE,FALSE,18,TRUE,TRUE,DSL,TRUE,FALSE,TRUE,FALSE,TRUE,FALSE,Month-to-month,FALSE,Mailed check,69.5,1199.400024,FALSE
1452,0222-CNVPT,Male,TRUE,FALSE,FALSE,52,FALSE,,DSL,TRUE,FALSE,FALSE,FALSE,TRUE,TRUE,,TRUE,Credit card (automatic),48.79999924,2555.050049,FALSE
1453,5899-OUVKV,Male,FALSE,FALSE,FALSE,31,TRUE,FALSE,Fiber optic,FALSE,TRUE,FALSE,FALSE,TRUE,TRUE,Month-to-month,TRUE,Electronic check,94.5,2979.199951,FALSE
1454,8681-ICONS,Male,FALSE,TRUE,TRUE,29,TRUE,FALSE,No,,,,,,,Month-to-month,TRUE,Mailed check,20.64999962,654.8499756,FALSE
1455,1621-YNCJH,Female,FALSE,TRUE,FALSE,36,TRUE,TRUE,Fiber optic,TRUE,TRUE,TRUE,TRUE,FALSE,TRUE,Two year,TRUE,Credit card (automatic),106.0500031,3834.399902,FALSE
1456,3473-XIIIT,Female,FALSE,TRUE,FALSE,16,TRUE,TRUE,Fiber optic,FALSE,TRUE,FALSE,FALSE,TRUE,TRUE,Month-to-month,TRUE,Electronic check,100,1534.75,TRUE
1457,6362-QHAFM,Male,FALSE,TRUE,FALSE,42,TRUE,TRUE,Fiber optic,FALSE,FALSE,TRUE,TRUE,TRUE,TRUE,One year,TRUE,Electronic check,108.3000031,4586.149902,FALSE
1458,7893-IXHRQ,Male,FALSE,FALSE,FALSE,1,TRUE,FALSE,No,,,,,,,Month-to-month,FALSE,Electronic check,20.54999924,20.54999924,TRUE
1459,3070-BDOQC,Female,FALSE,FALSE,FALSE,60,TRUE,FALSE,Fiber optic,FALSE,TRUE,TRUE,FALSE,TRUE,TRUE,Two year,TRUE,Electronic check,99.65000153,5941.049805,FALSE
1460,2952-QAYZF,Male,FALSE,FALSE,FALSE,5,TRUE,TRUE,Fiber optic,FALSE,TRUE,TRUE,FALSE,FALSE,FALSE,Month-to-month,TRUE,Electronic check,85.30000305,424.1499939,TRUE
1461,6234-PFPXL,Male,FALSE,TRUE,FALSE,22,TRUE,TRUE,Fiber optic,TRUE,FALSE,FALSE,TRUE,TRUE,FALSE,Month-to-month,FALSE,Credit card (automatic),95.90000153,2234.949951,FALSE
1462,9824-QCJPK,Male,FALSE,TRUE,FALSE,36,TRUE,FALSE,No,,,,,,,One year,FALSE,Mailed check,20,666.75,FALSE
1463,4763-PGDPO,Female,FALSE,FALSE,FALSE,4,TRUE,FALSE,Fiber optic,FALSE,FALSE,FALSE,FALSE,FALSE,FALSE,Month-to-month,FALSE,Electronic check,70.40000153,281,TRUE
1464,4283-IVYCI,Male,FALSE,FALSE,FALSE,9,TRUE,FALSE,DSL,TRUE,FALSE,FALSE,TRUE,FALSE,TRUE,Month-to-month,FALSE,Mailed check,64.94999695,547.7999878,FALSE
1465,1866-OBPNR,Male,FALSE,TRUE,TRUE,1,TRUE,FALSE,Fiber optic,FALSE,TRUE,FALSE,FALSE,FALSE,FALSE,Month-to-month,FALSE,Credit card (automatic),74.59999847,74.59999847,FALSE
1466,8205-MQUGY,Male,FALSE,TRUE,TRUE,12,TRUE,FALSE,DSL,TRUE,FALSE,FALSE,FALSE,FALSE,FALSE,Month-to-month,TRUE,Electronic check,49.20000076,571.1500244,FALSE
1467,8970-ANWXO,Female,FALSE,FALSE,FALSE,23,TRUE,TRUE,DSL,FALSE,FALSE,FALSE,TRUE,TRUE,TRUE,One year,TRUE,Mailed check,73.75,1756.599976,FALSE
1468,9480-BQJEI,Male,FALSE,FALSE,FALSE,62,TRUE,TRUE,Fiber optic,TRUE,TRUE,FALSE,FALSE,FALSE,TRUE,One year,TRUE,Bank transfer (automatic),92.30000305,5731.450195,FALSE
1469,5394-SVGJV,Male,FALSE,FALSE,FALSE,37,TRUE,TRUE,Fiber optic,FALSE,FALSE,FALSE,TRUE,TRUE,TRUE,Month-to-month,FALSE,Bank transfer (automatic),98.80000305,3475.550049,TRUE
1470,6979-TNDEU,Female,FALSE,FALSE,FALSE,8,TRUE,FALSE,No,,,,,,,Month-to-month,FALSE,Mailed check,19.20000076,156.8500061,FALSE
1471,9777-WJJPR,Male,FALSE,TRUE,FALSE,31,TRUE,TRUE,Fiber optic,FALSE,FALSE,TRUE,FALSE,TRUE,FALSE,Month-to-month,FALSE,Credit card (automatic),88.65000153,2683.199951,FALSE
1472,9283-LZQOH,Male,FALSE,TRUE,TRUE,13,TRUE,TRUE,Fiber optic,FALSE,FALSE,FALSE,FALSE,FALSE,FALSE,Month-to-month,TRUE,Credit card (automatic),74.40000153,896.75,TRUE
1473,7079-QRCBC,Female,FALSE,FALSE,FALSE,24,TRUE,TRUE,Fiber optic,FALSE,FALSE,TRUE,FALSE,TRUE,TRUE,Month-to-month,TRUE,Electronic check,98.75,2407.300049,TRUE
1474,9495-SKLKD,Male,FALSE,TRUE,TRUE,45,TRUE,TRUE,Fiber optic,FALSE,TRUE,TRUE,FALSE,FALSE,TRUE,Month-to-month,TRUE,Bank transfer (automatic),95.94999695,4456.649902,FALSE
1475,6048-UWKAL,Female,TRUE,TRUE,FALSE,69,TRUE,TRUE,Fiber optic,FALSE,TRUE,FALSE,TRUE,TRUE,TRUE,Two year,FALSE,Credit card (automatic),105.4000015,6998.950195,FALSE
1476,5067-DGXLL,Male,FALSE,FALSE,FALSE,2,TRUE,FALSE,No,,,,,,,Month-to-month,FALSE,Mailed check,20.25,36.79999924,FALSE
1477,5469-CTCWN,Male,FALSE,TRUE,TRUE,61,TRUE,TRUE,Fiber optic,TRUE,TRUE,FALSE,FALSE,TRUE,TRUE,One year,TRUE,Electronic check,106,6547.700195,TRUE
1478,9851-QXEEQ,Male,FALSE,FALSE,FALSE,41,TRUE,TRUE,Fiber optic,FALSE,TRUE,TRUE,FALSE,TRUE,TRUE,Month-to-month,TRUE,Electronic check,104.6999969,4346.399902,TRUE
1479,6281-FKEWS,Female,FALSE,FALSE,FALSE,44,FALSE,,DSL,FALSE,FALSE,TRUE,FALSE,TRUE,TRUE,One year,TRUE,Electronic check,49.04999924,2265,FALSE
1480,8898-KASCD,Male,FALSE,FALSE,FALSE,39,FALSE,,DSL,FALSE,FALSE,TRUE,TRUE,FALSE,FALSE,One year,FALSE,Mailed check,35.54999924,1309.150024,FALSE
1481,9242-TKFSV,Male,FALSE,TRUE,TRUE,72,FALSE,,DSL,TRUE,TRUE,TRUE,TRUE,TRUE,TRUE,Two year,TRUE,Credit card (automatic),65.09999847,4754.299805,FALSE
1482,9290-SHCMB,Female,TRUE,FALSE,FALSE,13,TRUE,FALSE,Fiber optic,FALSE,FALSE,TRUE,FALSE,TRUE,TRUE,Month-to-month,TRUE,Electronic check,96.84999847,1235.550049,FALSE
1483,0743-HNPFG,Female,FALSE,TRUE,TRUE,51,TRUE,FALSE,DSL,TRUE,TRUE,FALSE,TRUE,FALSE,TRUE,One year,TRUE,Credit card (automatic),69.75,3562.5,FALSE
1484,2277-BKJKN,Female,TRUE,TRUE,FALSE,71,TRUE,FALSE,Fiber optic,FALSE,TRUE,TRUE,FALSE,TRUE,TRUE,Two year,TRUE,Electronic check,99.19999695,7213.75,FALSE
1485,9809-IMGCQ,Male,TRUE,FALSE,FALSE,22,TRUE,TRUE,Fiber optic,FALSE,FALSE,FALSE,FALSE,TRUE,TRUE,Month-to-month,TRUE,Electronic check,96.69999695,2082.949951,TRUE
1486,5208-HFSBT,Female,FALSE,FALSE,FALSE,2,TRUE,FALSE,DSL,FALSE,TRUE,FALSE,TRUE,FALSE,FALSE,Month-to-month,TRUE,Credit card (automatic),55.04999924,102.75,TRUE
1487,5035-PGZXH,Female,FALSE,FALSE,FALSE,56,TRUE,TRUE,Fiber optic,FALSE,TRUE,TRUE,FALSE,TRUE,TRUE,One year,TRUE,Electronic check,106.8000031,5914.399902,FALSE
1488,8695-WDYEA,Male,FALSE,FALSE,FALSE,1,TRUE,FALSE,DSL,TRUE,FALSE,FALSE,FALSE,FALSE,FALSE,Month-to-month,FALSE,Mailed check,51.25,51.25,FALSE
1489,6543-JXSOO,Female,FALSE,TRUE,TRUE,23,TRUE,FALSE,DSL,TRUE,TRUE,FALSE,TRUE,FALSE,FALSE,One year,TRUE,Mailed check,57.75,1282.849976,FALSE
1490,8016-ZMGMO,Female,TRUE,TRUE,FALSE,66,TRUE,TRUE,DSL,FALSE,TRUE,TRUE,FALSE,TRUE,FALSE,One year,TRUE,Bank transfer (automatic),70.84999847,4738.850098,FALSE
1491,8605-ITULD,Female,FALSE,FALSE,FALSE,1,TRUE,FALSE,No,,,,,,,Month-to-month,FALSE,Mailed check,19.54999924,19.54999924,FALSE
1492,3254-YRILK,Male,TRUE,FALSE,FALSE,19,TRUE,TRUE,Fiber optic,FALSE,TRUE,FALSE,FALSE,TRUE,FALSE,Month-to-month,TRUE,Electronic check,88.19999695,1775.800049,TRUE
1493,6416-YJTTB,Male,FALSE,FALSE,FALSE,11,TRUE,FALSE,Fiber optic,TRUE,FALSE,TRUE,FALSE,FALSE,FALSE,Month-to-month,TRUE,Bank transfer (automatic),79.5,795.6500244,FALSE
1494,2667-WYLWJ,Female,FALSE,TRUE,TRUE,8,TRUE,FALSE,No,,,,,,,One year,TRUE,Mailed check,19.75,145,TRUE
1495,4472-VESGY,Female,FALSE,TRUE,TRUE,52,TRUE,TRUE,Fiber optic,TRUE,TRUE,TRUE,FALSE,FALSE,TRUE,Month-to-month,FALSE,Bank transfer (automatic),98.15000153,4993.399902,FALSE
1496,3195-TQDZX,Male,FALSE,FALSE,FALSE,3,TRUE,FALSE,No,,,,,,,Month-to-month,TRUE,Electronic check,20.25,61.45000076,FALSE
1497,3128-YOVTD,Female,FALSE,TRUE,TRUE,51,TRUE,FALSE,Fiber optic,TRUE,TRUE,FALSE,FALSE,FALSE,FALSE,Month-to-month,TRUE,Bank transfer (automatic),79.15000153,4018.550049,FALSE
1498,0529-ONKER,Male,TRUE,FALSE,FALSE,15,TRUE,TRUE,Fiber optic,FALSE,FALSE,FALSE,FALSE,FALSE,FALSE,Month-to-month,FALSE,Electronic check,75.65000153,1146.650024,TRUE
1499,1728-CXQBE,Male,TRUE,TRUE,FALSE,64,TRUE,TRUE,Fiber optic,FALSE,TRUE,TRUE,FALSE,FALSE,TRUE,Month-to-month,TRUE,Electronic check,94.25,6081.399902,FALSE
1500,7041-TXQJH,Female,FALSE,FALSE,FALSE,37,FALSE,,DSL,FALSE,FALSE,TRUE,FALSE,FALSE,TRUE,Month-to-month,TRUE,Credit card (automatic),40.20000076,1478.849976,FALSE
1501,5014-GSOUQ,Male,FALSE,FALSE,FALSE,13,TRUE,FALSE,No,,,,,,,Two year,FALSE,Mailed check,19.95000076,243.6499939,FALSE
1502,5724-BIDBU,Male,FALSE,TRUE,FALSE,49,TRUE,TRUE,DSL,TRUE,FALSE,FALSE,FALSE,FALSE,FALSE,One year,TRUE,Electronic check,55.34999847,2633.949951,FALSE
1503,0481-SUMCB,Female,TRUE,FALSE,FALSE,45,TRUE,TRUE,Fiber optic,FALSE,FALSE,TRUE,FALSE,TRUE,TRUE,One year,TRUE,Bank transfer (automatic),102.1500015,4735.350098,FALSE
1504,1769-GRUIK,Female,FALSE,FALSE,FALSE,18,TRUE,FALSE,Fiber optic,FALSE,FALSE,FALSE,FALSE,FALSE,FALSE,Month-to-month,TRUE,Electronic check,71.09999847,1247.75,FALSE
1505,5240-IJOQT,Male,TRUE,FALSE,FALSE,1,TRUE,TRUE,Fiber optic,FALSE,FALSE,FALSE,FALSE,FALSE,FALSE,Month-to-month,TRUE,Electronic check,74.69999695,74.69999695,TRUE
1506,8819-WFGGJ,Male,FALSE,TRUE,FALSE,68,FALSE,,DSL,TRUE,FALSE,TRUE,FALSE,TRUE,TRUE,Two year,TRUE,Bank transfer (automatic),54.09999847,3794.5,FALSE
1507,7427-AUFPY,Male,FALSE,FALSE,FALSE,54,TRUE,FALSE,No,,,,,,,Two year,FALSE,Credit card (automatic),19.64999962,1008.700012,FALSE
1508,2811-POVEX,Female,TRUE,TRUE,TRUE,23,TRUE,FALSE,Fiber optic,FALSE,TRUE,TRUE,FALSE,FALSE,TRUE,Month-to-month,TRUE,Bank transfer (automatic),88.44999695,2130.550049,FALSE
1509,1092-GANHU,Male,FALSE,FALSE,FALSE,17,TRUE,FALSE,Fiber optic,FALSE,FALSE,TRUE,FALSE,FALSE,FALSE,Month-to-month,TRUE,Electronic check,76.65000153,1313.550049,TRUE
1510,7898-PDWQE,Male,FALSE,TRUE,FALSE,71,TRUE,TRUE,DSL,TRUE,TRUE,TRUE,TRUE,FALSE,TRUE,Two year,FALSE,Credit card (automatic),80.40000153,5727.149902,FALSE
1511,9972-EWRJS,Female,FALSE,TRUE,TRUE,67,TRUE,FALSE,No,,,,,,,Two year,TRUE,Bank transfer (automatic),19.25,1372.900024,FALSE
1512,9314-IJWSQ,Female,FALSE,TRUE,TRUE,14,TRUE,TRUE,Fiber optic,FALSE,FALSE,FALSE,FALSE,TRUE,FALSE,Month-to-month,TRUE,Electronic check,84.80000305,1203.900024,FALSE
1513,0661-XEYAN,Female,TRUE,FALSE,FALSE,1,FALSE,,DSL,FALSE,FALSE,FALSE,FALSE,FALSE,FALSE,Month-to-month,TRUE,Mailed check,25.79999924,25.79999924,TRUE
1514,5799-JRCZO,Female,FALSE,FALSE,TRUE,63,TRUE,FALSE,No,,,,,,,Two year,FALSE,Credit card (automatic),19.5,1215.099976,FALSE
1515,1921-KYSAY,Female,FALSE,FALSE,FALSE,41,TRUE,TRUE,DSL,FALSE,FALSE,TRUE,TRUE,FALSE,TRUE,One year,TRUE,Electronic check,68.59999847,2877.050049,FALSE
1516,6198-RTPMF,Female,FALSE,TRUE,FALSE,17,TRUE,TRUE,Fiber optic,FALSE,FALSE,FALSE,FALSE,TRUE,TRUE,Month-to-month,FALSE,Electronic check,92.59999847,1579.699951,FALSE
1517,2924-KHUVI,Male,FALSE,TRUE,FALSE,56,TRUE,TRUE,Fiber optic,TRUE,FALSE,FALSE,FALSE,TRUE,TRUE,One year,TRUE,Electronic check,100.5500031,5514.950195,FALSE
1518,1925-GMVBW,Female,FALSE,FALSE,FALSE,5,TRUE,FALSE,No,,,,,,,Month-to-month,FALSE,Credit card (automatic),20.54999924,96.09999847,FALSE
1519,7881-EVUAD,Female,FALSE,FALSE,FALSE,2,FALSE,,DSL,TRUE,TRUE,FALSE,FALSE,FALSE,TRUE,Month-to-month,TRUE,Electronic check,42.59999847,72.40000153,TRUE
1520,6184-DYUOB,Female,FALSE,TRUE,FALSE,3,TRUE,FALSE,No,,,,,,,Month-to-month,TRUE,Mailed check,19.60000038,55.25,FALSE
1521,9207-ZPANB,Male,FALSE,FALSE,FALSE,37,TRUE,TRUE,DSL,TRUE,TRUE,TRUE,TRUE,FALSE,FALSE,One year,FALSE,Electronic check,67.44999695,2443.300049,FALSE
1522,5766-XQXMQ,Female,FALSE,FALSE,FALSE,29,TRUE,FALSE,DSL,TRUE,TRUE,TRUE,FALSE,FALSE,TRUE,Month-to-month,TRUE,Bank transfer (automatic),68.84999847,1970.5,TRUE
1523,9327-QSDED,Male,FALSE,FALSE,FALSE,8,TRUE,FALSE,DSL,FALSE,FALSE,FALSE,FALSE,FALSE,FALSE,Month-to-month,FALSE,Mailed check,43.54999924,335.3999939,FALSE
1524,1656-DRSMG,Female,FALSE,FALSE,FALSE,63,TRUE,TRUE,Fiber optic,FALSE,TRUE,TRUE,TRUE,TRUE,TRUE,Month-to-month,TRUE,Credit card (automatic),109.8499985,7002.950195,FALSE
1525,3012-VFFMN,Female,FALSE,TRUE,TRUE,7,TRUE,FALSE,No,,,,,,,Month-to-month,FALSE,Mailed check,20.64999962,158.9499969,FALSE
1526,2984-AFWNC,Female,FALSE,FALSE,FALSE,3,TRUE,FALSE,Fiber optic,FALSE,TRUE,FALSE,FALSE,TRUE,TRUE,Month-to-month,FALSE,Electronic check,95.40000153,293.1499939,FALSE
1527,0640-YJTPY,Male,FALSE,TRUE,TRUE,72,TRUE,FALSE,No,,,,,,,Two year,FALSE,Bank transfer (automatic),21,1493.75,FALSE
1528,8096-LOIST,Female,FALSE,FALSE,FALSE,19,TRUE,FALSE,DSL,FALSE,FALSE,FALSE,FALSE,FALSE,TRUE,Month-to-month,TRUE,Electronic check,56.20000076,1093.400024,FALSE
1529,9764-REAFF,Female,FALSE,TRUE,FALSE,59,TRUE,FALSE,No,,,,,,,Two year,FALSE,Bank transfer (automatic),18.39999962,1057.849976,FALSE
1530,3703-VAVCL,Male,FALSE,TRUE,TRUE,2,TRUE,FALSE,Fiber optic,FALSE,FALSE,TRUE,TRUE,FALSE,TRUE,Month-to-month,FALSE,Credit card (automatic),90,190.0500031,TRUE
1531,7107-UBYKY,Female,FALSE,TRUE,TRUE,35,TRUE,TRUE,No,,,,,,,Month-to-month,TRUE,Electronic check,25.75,882.5499878,FALSE
1532,4881-GQJTW,Male,FALSE,FALSE,FALSE,14,TRUE,FALSE,No,,,,,,,Month-to-month,FALSE,Credit card (automatic),19.60000038,300.3999939,FALSE
1533,8519-QJGJD,Female,FALSE,FALSE,FALSE,14,TRUE,FALSE,Fiber optic,FALSE,FALSE,TRUE,FALSE,FALSE,FALSE,Month-to-month,FALSE,Electronic check,75.34999847,1025.949951,TRUE
1534,7876-DNYAP,Female,FALSE,TRUE,TRUE,69,TRUE,FALSE,No,,,,,,,Two year,FALSE,Credit card (automatic),19.79999924,1436.949951,FALSE
1535,7905-NJMXS,Male,TRUE,TRUE,FALSE,7,TRUE,TRUE,DSL,TRUE,TRUE,FALSE,TRUE,FALSE,FALSE,Month-to-month,FALSE,Electronic check,64.19999695,475,FALSE
1536,2882-WDTBA,Male,FALSE,TRUE,TRUE,69,TRUE,FALSE,DSL,TRUE,TRUE,TRUE,TRUE,TRUE,FALSE,Two year,TRUE,Bank transfer (automatic),75.75,5388.149902,FALSE
1537,2091-GPPIQ,Female,FALSE,TRUE,TRUE,72,TRUE,TRUE,DSL,FALSE,TRUE,FALSE,TRUE,TRUE,TRUE,Two year,TRUE,Electronic check,78.94999695,5730.149902,FALSE
1538,6326-MTTXK,Male,FALSE,FALSE,FALSE,8,TRUE,TRUE,Fiber optic,FALSE,TRUE,FALSE,FALSE,TRUE,TRUE,Month-to-month,FALSE,Electronic check,100.8499985,819.5499878,TRUE
1539,5071-FBJFS,Female,FALSE,TRUE,TRUE,4,TRUE,FALSE,DSL,TRUE,FALSE,FALSE,FALSE,FALSE,FALSE,Month-to-month,FALSE,Electronic check,50.29999924,217.1000061,FALSE
1540,2796-UUZZO,Male,FALSE,TRUE,TRUE,63,TRUE,FALSE,Fiber optic,FALSE,TRUE,TRUE,FALSE,FALSE,FALSE,Month-to-month,TRUE,Credit card (automatic),80.30000305,4896.350098,FALSE
1541,2429-AYKKO,Male,FALSE,FALSE,FALSE,72,TRUE,FALSE,No,,,,,,,Two year,FALSE,Bank transfer (automatic),19.85000038,1434.099976,FALSE
1542,9798-OPFEM,Female,FALSE,FALSE,FALSE,46,TRUE,FALSE,No,,,,,,,Two year,TRUE,Electronic check,21.10000038,937.0999756,FALSE
1543,0330-IVZHA,Female,FALSE,TRUE,FALSE,5,TRUE,FALSE,Fiber optic,FALSE,FALSE,FALSE,FALSE,FALSE,FALSE,Month-to-month,FALSE,Electronic check,69.94999695,330.1499939,TRUE
1544,3794-NFNCH,Male,FALSE,TRUE,FALSE,30,TRUE,FALSE,DSL,FALSE,FALSE,TRUE,FALSE,FALSE,FALSE,Month-to-month,TRUE,Mailed check,50,1474.900024,FALSE
1545,5193-QLVZB,Male,FALSE,FALSE,FALSE,63,TRUE,TRUE,Fiber optic,FALSE,TRUE,TRUE,FALSE,TRUE,TRUE,Two year,TRUE,Bank transfer (automatic),104.75,6536.5,FALSE
1546,7114-AEOZE,Female,FALSE,FALSE,FALSE,60,TRUE,FALSE,No,,,,,,,Two year,FALSE,Bank transfer (automatic),19.85000038,1128.099976,FALSE
1547,2886-KEFUM,Female,FALSE,TRUE,FALSE,63,TRUE,TRUE,Fiber optic,FALSE,TRUE,TRUE,FALSE,TRUE,TRUE,One year,TRUE,Electronic check,107.5,6873.75,TRUE
1548,5522-NYKPB,Male,FALSE,TRUE,TRUE,25,TRUE,FALSE,Fiber optic,FALSE,FALSE,FALSE,TRUE,TRUE,FALSE,Month-to-month,FALSE,Electronic check,85.90000153,2199.050049,FALSE
1549,4237-RLAQD,Male,FALSE,FALSE,FALSE,1,TRUE,FALSE,DSL,FALSE,FALSE,FALSE,FALSE,FALSE,FALSE,Month-to-month,TRUE,Mailed check,45.84999847,45.84999847,TRUE
1550,9957-YODKZ,Male,TRUE,TRUE,FALSE,6,TRUE,TRUE,Fiber optic,FALSE,FALSE,TRUE,FALSE,FALSE,FALSE,Month-to-month,TRUE,Electronic check,80.80000305,457.1000061,FALSE
1551,6518-KZXCB,Male,FALSE,FALSE,FALSE,22,TRUE,TRUE,No,,,,,,,Two year,FALSE,Mailed check,25.25,566.5,FALSE
1552,2245-ADZFJ,Female,FALSE,TRUE,TRUE,31,TRUE,TRUE,DSL,FALSE,TRUE,FALSE,TRUE,TRUE,TRUE,Two year,FALSE,Bank transfer (automatic),80.55000305,2471.600098,FALSE
1553,7776-QGYJC,Female,FALSE,TRUE,TRUE,39,TRUE,FALSE,Fiber optic,FALSE,FALSE,TRUE,TRUE,FALSE,FALSE,Month-to-month,TRUE,Bank transfer (automatic),81.5,3107.300049,FALSE
1554,9313-QOLTZ,Male,FALSE,FALSE,FALSE,26,TRUE,FALSE,No,,,,,,,Month-to-month,FALSE,Mailed check,20.89999962,518.2999878,FALSE
1555,9651-GTSAQ,Female,FALSE,TRUE,FALSE,53,TRUE,FALSE,Fiber optic,TRUE,TRUE,TRUE,FALSE,TRUE,TRUE,One year,TRUE,Bank transfer (automatic),106.0999985,5769.75,TRUE
1556,3186-BAXNB,Female,FALSE,FALSE,FALSE,1,TRUE,FALSE,Fiber optic,FALSE,TRUE,FALSE,TRUE,TRUE,FALSE,Month-to-month,FALSE,Electronic check,91.69999695,91.69999695,TRUE
1557,4672-FOTSD,Male,FALSE,FALSE,FALSE,12,TRUE,TRUE,DSL,TRUE,TRUE,FALSE,TRUE,FALSE,FALSE,Month-to-month,TRUE,Electronic check,67.25,832.2999878,FALSE
1558,0637-YLETY,Female,FALSE,FALSE,FALSE,16,TRUE,TRUE,Fiber optic,FALSE,TRUE,TRUE,FALSE,FALSE,TRUE,Month-to-month,TRUE,Credit card (automatic),95.59999847,1555.650024,TRUE
1559,9818-XQCUV,Female,FALSE,FALSE,FALSE,2,TRUE,FALSE,No,,,,,,,Month-to-month,FALSE,Mailed check,20.35000038,45.29999924,FALSE
1560,7338-ERIVA,Male,FALSE,FALSE,TRUE,39,FALSE,,DSL,TRUE,FALSE,FALSE,TRUE,TRUE,FALSE,One year,FALSE,Bank transfer (automatic),45.04999924,1790.599976,FALSE
1561,1157-BQCUW,Male,FALSE,FALSE,FALSE,1,TRUE,TRUE,Fiber optic,FALSE,FALSE,FALSE,FALSE,FALSE,FALSE,Month-to-month,TRUE,Electronic check,74.94999695,74.94999695,TRUE
1562,8259-NFJTV,Female,FALSE,TRUE,TRUE,7,FALSE,,DSL,TRUE,FALSE,FALSE,TRUE,FALSE,FALSE,Month-to-month,FALSE,Mailed check,34.65000153,246.6000061,FALSE
1563,3223-DWFIO,Male,TRUE,FALSE,FALSE,4,TRUE,FALSE,Fiber optic,FALSE,FALSE,FALSE,FALSE,FALSE,FALSE,Month-to-month,FALSE,Electronic check,69.34999847,261.6499939,FALSE
1564,2660-EMUBI,Male,TRUE,FALSE,FALSE,10,TRUE,TRUE,Fiber optic,FALSE,FALSE,FALSE,FALSE,TRUE,TRUE,Month-to-month,TRUE,Electronic check,95.34999847,898.3499756,TRUE
1565,6968-GMKPR,Female,FALSE,FALSE,FALSE,55,TRUE,,Fiber optic,FALSE,TRUE,TRUE,FALSE,FALSE,FALSE,Month-to-month,TRUE,Electronic check,81.55000305,4509.5,FALSE
1566,4751-ERMAN,Male,FALSE,TRUE,TRUE,72,TRUE,FALSE,DSL,FALSE,TRUE,TRUE,FALSE,TRUE,TRUE,Two year,TRUE,Bank transfer (automatic),75.40000153,,FALSE
1567,1436-ZMJAN,Female,FALSE,TRUE,FALSE,10,TRUE,FALSE,DSL,FALSE,FALSE,TRUE,FALSE,TRUE,TRUE,Month-to-month,TRUE,Credit card (automatic),67.80000305,653.1500244,FALSE
1568,3292-PBZEJ,Male,TRUE,FALSE,FALSE,11,TRUE,TRUE,Fiber optic,FALSE,TRUE,TRUE,TRUE,TRUE,TRUE,Month-to-month,TRUE,Electronic check,111.4000015,1183.050049,FALSE
1569,0799-DDIHE,Female,FALSE,TRUE,TRUE,15,TRUE,FALSE,DSL,FALSE,FALSE,FALSE,FALSE,FALSE,FALSE,Month-to-month,FALSE,Electronic check,46.29999924,639.4500122,FALSE
1570,3070-FNFZQ,Female,FALSE,TRUE,TRUE,23,TRUE,FALSE,No,,,,,,,Two year,FALSE,Bank transfer (automatic),20.39999962,478.75,FALSE
1571,2812-SFXMJ,Male,FALSE,FALSE,TRUE,1,TRUE,FALSE,No,,,,,,,Month-to-month,FALSE,Mailed check,20.04999924,20.04999924,FALSE
1572,7675-OZCZG,Female,TRUE,FALSE,FALSE,3,TRUE,FALSE,DSL,FALSE,FALSE,FALSE,FALSE,FALSE,FALSE,Month-to-month,FALSE,Electronic check,45,127.0999985,TRUE
1573,5014-WUQMG,Male,FALSE,TRUE,TRUE,47,TRUE,FALSE,Fiber optic,TRUE,TRUE,TRUE,FALSE,FALSE,TRUE,One year,TRUE,Electronic check,96.09999847,4391.450195,FALSE
1574,5312-TSZVC,Female,FALSE,FALSE,TRUE,15,TRUE,FALSE,No,,,,,,,One year,FALSE,Mailed check,19.64999962,270.6000061,FALSE
1575,2003-CKLOR,Male,FALSE,FALSE,FALSE,66,TRUE,FALSE,Fiber optic,FALSE,TRUE,TRUE,FALSE,TRUE,TRUE,Month-to-month,FALSE,Electronic check,99.5,6710.5,TRUE
1576,0993-OSGPT,Female,TRUE,TRUE,FALSE,68,TRUE,FALSE,DSL,FALSE,TRUE,TRUE,TRUE,FALSE,FALSE,One year,TRUE,Bank transfer (automatic),60.65000153,3975.899902,FALSE
1577,9254-RBFON,Female,FALSE,TRUE,TRUE,17,TRUE,FALSE,Fiber optic,FALSE,FALSE,TRUE,TRUE,TRUE,TRUE,One year,FALSE,Bank transfer (automatic),98.59999847,1704.949951,TRUE
1578,1205-WNWPJ,Female,FALSE,FALSE,FALSE,7,TRUE,FALSE,DSL,FALSE,FALSE,FALSE,TRUE,TRUE,FALSE,Month-to-month,TRUE,Mailed check,59.5,415.9500122,TRUE
1579,9391-EOYLI,Male,TRUE,TRUE,FALSE,12,TRUE,FALSE,Fiber optic,FALSE,FALSE,FALSE,FALSE,FALSE,TRUE,Month-to-month,TRUE,Electronic check,80.44999695,950.2000122,TRUE
1580,7108-DGVUU,Female,TRUE,TRUE,FALSE,21,TRUE,TRUE,DSL,FALSE,TRUE,TRUE,FALSE,FALSE,TRUE,One year,FALSE,Bank transfer (automatic),71.69999695,1497.050049,FALSE
1581,2782-JEEBU,Male,FALSE,FALSE,FALSE,21,FALSE,,DSL,FALSE,TRUE,FALSE,TRUE,FALSE,FALSE,Month-to-month,TRUE,Mailed check,36,780.1500244,FALSE
1582,5127-BZENZ,Female,FALSE,TRUE,TRUE,56,TRUE,TRUE,DSL,TRUE,FALSE,FALSE,FALSE,TRUE,FALSE,One year,FALSE,Bank transfer (automatic),65.19999695,3512.149902,FALSE
1583,2720-FVBQP,Female,FALSE,TRUE,TRUE,6,TRUE,TRUE,DSL,FALSE,FALSE,FALSE,FALSE,FALSE,FALSE,Month-to-month,TRUE,Credit card (automatic),48.95000076,273.25,FALSE
1584,9906-NHHVC,Female,TRUE,FALSE,FALSE,65,FALSE,,DSL,FALSE,TRUE,TRUE,FALSE,TRUE,TRUE,Two year,TRUE,Bank transfer (automatic),53.5,3517.899902,FALSE
1585,4522-XRWWI,Male,FALSE,TRUE,FALSE,42,TRUE,TRUE,DSL,TRUE,FALSE,FALSE,TRUE,TRUE,TRUE,One year,FALSE,Credit card (automatic),80.44999695,3375.899902,FALSE
1586,3766-EJLFL,Female,FALSE,TRUE,TRUE,68,TRUE,TRUE,Fiber optic,TRUE,FALSE,TRUE,TRUE,TRUE,TRUE,Two year,TRUE,Bank transfer (automatic),109.0500031,7508.549805,FALSE
1587,5939-SXWHM,Male,FALSE,TRUE,TRUE,48,TRUE,TRUE,No,,,,,,,Two year,FALSE,Bank transfer (automatic),26.29999924,1245.050049,FALSE
1588,8152-UOBNY,Female,TRUE,FALSE,FALSE,50,TRUE,TRUE,Fiber optic,FALSE,TRUE,FALSE,TRUE,TRUE,TRUE,One year,TRUE,Electronic check,106.8000031,5347.950195,FALSE
1589,7351-KYHQH,Female,TRUE,FALSE,FALSE,7,TRUE,FALSE,DSL,FALSE,TRUE,TRUE,FALSE,TRUE,FALSE,Month-to-month,TRUE,Electronic check,64.94999695,493.6499939,FALSE
1590,7643-RCHXS,Female,FALSE,TRUE,TRUE,63,TRUE,FALSE,No,,,,,,,Two year,FALSE,Electronic check,19.35000038,1263.849976,FALSE
1591,8246-SHFGA,Male,FALSE,FALSE,FALSE,17,TRUE,FALSE,No,,,,,,,Month-to-month,FALSE,Credit card (automatic),21.10000038,385.5499878,FALSE
1592,8387-MOJJT,Female,FALSE,TRUE,TRUE,42,TRUE,FALSE,Fiber optic,FALSE,FALSE,FALSE,FALSE,TRUE,FALSE,Month-to-month,TRUE,Credit card (automatic),77.94999695,3384,TRUE
1593,0620-XEFWH,Male,FALSE,TRUE,TRUE,4,TRUE,FALSE,No,,,,,,,Month-to-month,FALSE,Mailed check,18.85000038,84.19999695,FALSE
1594,6485-QXWWE,Female,FALSE,FALSE,TRUE,62,TRUE,TRUE,No,,,,,,,Two year,FALSE,Bank transfer (automatic),26,1638.699951,FALSE
1595,2761-OCIAX,Male,TRUE,FALSE,FALSE,2,TRUE,FALSE,Fiber optic,FALSE,TRUE,FALSE,FALSE,FALSE,FALSE,Month-to-month,TRUE,Electronic check,74.69999695,165.3999939,TRUE
1596,7321-VGNKU,Female,FALSE,TRUE,FALSE,2,TRUE,FALSE,Fiber optic,FALSE,FALSE,FALSE,FALSE,FALSE,FALSE,Month-to-month,TRUE,Electronic check,70.34999847,120.25,FALSE
1597,5327-CNLUQ,Male,FALSE,TRUE,FALSE,48,TRUE,TRUE,Fiber optic,TRUE,TRUE,TRUE,FALSE,TRUE,FALSE,Two year,TRUE,Bank transfer (automatic),96.90000153,4473.450195,FALSE
1598,7552-KEYGT,Male,FALSE,TRUE,FALSE,27,TRUE,FALSE,No,,,,,,,Two year,FALSE,Bank transfer (automatic),19.54999924,520.5499878,FALSE
1599,5816-JMLGY,Female,FALSE,TRUE,TRUE,70,TRUE,FALSE,DSL,FALSE,TRUE,TRUE,TRUE,TRUE,TRUE,Two year,TRUE,Bank transfer (automatic),80.40000153,5717.850098,FALSE
1600,3068-OMWZA,Male,TRUE,FALSE,FALSE,1,TRUE,TRUE,Fiber optic,FALSE,FALSE,TRUE,FALSE,TRUE,FALSE,Month-to-month,TRUE,Electronic check,88.80000305,88.80000305,TRUE
1601,2927-QRRQV,Male,FALSE,TRUE,FALSE,46,TRUE,TRUE,Fiber optic,FALSE,TRUE,TRUE,FALSE,TRUE,FALSE,One year,TRUE,Electronic check,94.65000153,4312.5,FALSE
1602,6032-KRXXO,Male,FALSE,FALSE,FALSE,30,TRUE,FALSE,Fiber optic,FALSE,FALSE,FALSE,FALSE,TRUE,TRUE,Month-to-month,TRUE,Electronic check,90.25,2755.350098,TRUE
1603,7459-RRWQZ,Female,FALSE,FALSE,FALSE,15,TRUE,TRUE,DSL,TRUE,FALSE,FALSE,FALSE,FALSE,TRUE,Month-to-month,TRUE,Bank transfer (automatic),64.65000153,994.5499878,TRUE
1604,6265-SXWBU,Male,FALSE,TRUE,TRUE,69,TRUE,TRUE,Fiber optic,FALSE,TRUE,TRUE,FALSE,TRUE,FALSE,One year,FALSE,Credit card (automatic),95.75,6511.25,FALSE
1605,7941-RCJOW,Male,FALSE,FALSE,FALSE,65,TRUE,FALSE,No,,,,,,,Two year,TRUE,Credit card (automatic),19.54999924,1218.650024,FALSE
1606,6374-NTQLP,Male,TRUE,TRUE,TRUE,72,TRUE,FALSE,Fiber optic,TRUE,FALSE,TRUE,TRUE,TRUE,TRUE,Two year,TRUE,Credit card (automatic),104.0999985,7447.700195,FALSE
1607,4154-AQUGT,Male,TRUE,TRUE,FALSE,13,TRUE,FALSE,Fiber optic,FALSE,TRUE,FALSE,TRUE,FALSE,TRUE,Month-to-month,TRUE,Bank transfer (automatic),89.05000305,1169.349976,TRUE
1608,2387-KDZQY,Male,FALSE,FALSE,FALSE,17,TRUE,FALSE,No,,,,,,,One year,TRUE,Mailed check,20.10000038,279.5,FALSE
1609,3584-WKTTW,Male,FALSE,TRUE,FALSE,51,TRUE,TRUE,Fiber optic,TRUE,FALSE,TRUE,TRUE,TRUE,TRUE,One year,TRUE,Electronic check,111.5500031,5720.350098,FALSE
1610,3399-BMLVW,Male,FALSE,TRUE,TRUE,51,TRUE,FALSE,DSL,TRUE,TRUE,FALSE,TRUE,FALSE,FALSE,Two year,FALSE,Credit card (automatic),60.5,3121.449951,FALSE
1611,1971-DTCZB,Female,FALSE,TRUE,FALSE,72,TRUE,TRUE,DSL,TRUE,TRUE,TRUE,TRUE,TRUE,TRUE,Two year,TRUE,Bank transfer (automatic),90.94999695,6468.600098,FALSE
1612,3092-IGHWF,Male,FALSE,TRUE,TRUE,67,TRUE,TRUE,Fiber optic,FALSE,TRUE,TRUE,FALSE,FALSE,FALSE,One year,FALSE,Electronic check,87.40000153,5918.799805,TRUE
1613,3374-PZLXD,Male,FALSE,FALSE,FALSE,34,TRUE,FALSE,No,,,,,,,Month-to-month,FALSE,Mailed check,19.70000076,675.5999756,FALSE
1614,3813-DHBBB,Male,FALSE,TRUE,FALSE,67,FALSE,,DSL,TRUE,TRUE,FALSE,TRUE,FALSE,TRUE,Two year,TRUE,Bank transfer (automatic),50.95000076,3521.699951,FALSE
1615,2812-REYAT,Female,FALSE,TRUE,FALSE,49,TRUE,FALSE,No,,,,,,,One year,TRUE,Bank transfer (automatic),20.04999924,923.0999756,FALSE
1616,6518-PPLMZ,Male,FALSE,TRUE,TRUE,53,TRUE,FALSE,No,,,,,,,Two year,TRUE,Mailed check,19.39999962,1110.349976,FALSE
1617,4939-KYYPY,Male,FALSE,FALSE,FALSE,27,TRUE,TRUE,DSL,FALSE,FALSE,TRUE,TRUE,FALSE,FALSE,Month-to-month,FALSE,Electronic check,59.45000076,1611.650024,FALSE
1618,8017-LXHFA,Female,TRUE,FALSE,FALSE,23,TRUE,FALSE,Fiber optic,FALSE,TRUE,FALSE,FALSE,TRUE,TRUE,Month-to-month,TRUE,Electronic check,94.75,2293.600098,TRUE
1619,5930-GBIWP,Male,FALSE,FALSE,FALSE,69,TRUE,TRUE,DSL,TRUE,TRUE,TRUE,TRUE,FALSE,TRUE,Two year,TRUE,Credit card (automatic),81.5,5553.25,FALSE
1620,6022-KOUQO,Female,FALSE,TRUE,TRUE,2,FALSE,,DSL,FALSE,FALSE,FALSE,TRUE,FALSE,FALSE,Month-to-month,FALSE,Bank transfer (automatic),29.04999924,44.75,FALSE
1621,6352-TWCAU,Female,FALSE,FALSE,FALSE,35,TRUE,TRUE,Fiber optic,FALSE,FALSE,FALSE,FALSE,TRUE,FALSE,Month-to-month,TRUE,Electronic check,86.44999695,3029.100098,TRUE
1622,2361-UPSND,Female,FALSE,TRUE,FALSE,46,TRUE,FALSE,DSL,TRUE,TRUE,FALSE,TRUE,FALSE,TRUE,One year,FALSE,Mailed check,70.59999847,3231.050049,FALSE
1623,6035-RIIOM,Female,FALSE,FALSE,FALSE,54,TRUE,TRUE,Fiber optic,FALSE,TRUE,FALSE,FALSE,TRUE,TRUE,Two year,TRUE,Bank transfer (automatic),97.19999695,5129.450195,FALSE
1624,2929-QNSRW,Female,FALSE,TRUE,FALSE,56,TRUE,TRUE,Fiber optic,FALSE,TRUE,FALSE,FALSE,TRUE,TRUE,One year,TRUE,Electronic check,98.25,5508.350098,TRUE
1625,1262-OPMFY,Female,FALSE,TRUE,FALSE,9,TRUE,FALSE,Fiber optic,FALSE,FALSE,TRUE,FALSE,FALSE,FALSE,Month-to-month,TRUE,Bank transfer (automatic),75.75,655.9000244,TRUE
1626,9504-DSHWM,Male,FALSE,FALSE,FALSE,20,TRUE,TRUE,DSL,TRUE,FALSE,FALSE,TRUE,FALSE,FALSE,Month-to-month,FALSE,Bank transfer (automatic),59.20000076,1191.199951,FALSE
1627,5035-BVCXS,Male,FALSE,FALSE,FALSE,11,TRUE,FALSE,Fiber optic,FALSE,TRUE,FALSE,FALSE,FALSE,FALSE,Month-to-month,TRUE,Mailed check,75.90000153,866.4000244,FALSE
1628,6267-DCFFZ,Female,TRUE,TRUE,FALSE,30,TRUE,TRUE,Fiber optic,FALSE,TRUE,FALSE,FALSE,TRUE,FALSE,Month-to-month,TRUE,Electronic check,90.05000305,2627.199951,FALSE
1629,3533-UVMOM,Male,FALSE,TRUE,FALSE,68,TRUE,FALSE,DSL,TRUE,TRUE,TRUE,FALSE,FALSE,TRUE,Two year,FALSE,Bank transfer (automatic),70.94999695,4741.450195,FALSE
1630,2439-LYPMQ,Male,TRUE,TRUE,FALSE,38,TRUE,TRUE,Fiber optic,FALSE,TRUE,TRUE,FALSE,TRUE,TRUE,Month-to-month,TRUE,Electronic check,102.5999985,4009.199951,FALSE
1631,4248-QPAVC,Female,TRUE,TRUE,FALSE,17,TRUE,TRUE,Fiber optic,TRUE,FALSE,TRUE,FALSE,FALSE,FALSE,Month-to-month,TRUE,Bank transfer (automatic),85.34999847,1463.449951,TRUE
1632,1899-VXWXM,Male,FALSE,FALSE,FALSE,48,TRUE,TRUE,Fiber optic,FALSE,TRUE,TRUE,FALSE,TRUE,TRUE,One year,TRUE,Credit card (automatic),106.0999985,5082.799805,TRUE
1633,1478-VPOAD,Female,FALSE,FALSE,FALSE,1,TRUE,FALSE,DSL,FALSE,FALSE,FALSE,FALSE,FALSE,FALSE,Month-to-month,FALSE,Electronic check,43.79999924,43.79999924,FALSE
1634,9995-HOTOH,Male,FALSE,TRUE,TRUE,63,FALSE,,DSL,TRUE,TRUE,TRUE,FALSE,TRUE,TRUE,Two year,FALSE,Electronic check,59,3707.600098,FALSE
1635,2988-PLAHS,Female,FALSE,FALSE,FALSE,3,TRUE,FALSE,DSL,FALSE,FALSE,TRUE,FALSE,TRUE,TRUE,One year,TRUE,Electronic check,69.94999695,220.4499969,FALSE
1636,1371-OJCEK,Female,FALSE,FALSE,FALSE,48,TRUE,TRUE,No,,,,,,,One year,FALSE,Bank transfer (automatic),24.35000038,1133.699951,FALSE
1637,4999-IEZLT,Male,FALSE,FALSE,FALSE,66,FALSE,,DSL,FALSE,FALSE,FALSE,TRUE,FALSE,FALSE,One year,FALSE,Credit card (automatic),29.45000076,1983.150024,FALSE
1638,8883-ANODQ,Female,FALSE,TRUE,TRUE,68,TRUE,TRUE,Fiber optic,FALSE,TRUE,TRUE,FALSE,FALSE,FALSE,Two year,TRUE,Credit card (automatic),84.40000153,5746.75,FALSE
1639,4690-LLKUA,Male,TRUE,FALSE,FALSE,17,TRUE,FALSE,DSL,FALSE,FALSE,FALSE,FALSE,FALSE,FALSE,,TRUE,Electronic check,45.04999924,770.5999756,TRUE
1640,2351-RRBUE,Female,FALSE,TRUE,TRUE,7,TRUE,FALSE,No,,,,,,,One year,FALSE,Mailed check,20.64999962,134.0500031,FALSE
1641,5980-BDHPY,Male,FALSE,TRUE,FALSE,72,TRUE,TRUE,DSL,TRUE,TRUE,TRUE,TRUE,TRUE,TRUE,Two year,TRUE,Bank transfer (automatic),87.09999847,6230.100098,FALSE
1642,1498-DQNRX,Female,FALSE,TRUE,FALSE,29,TRUE,FALSE,No,,,,,,,Month-to-month,FALSE,Mailed check,19.85000038,573.0499878,FALSE
1643,9469-WEJBT,Male,FALSE,TRUE,FALSE,37,TRUE,FALSE,Fiber optic,FALSE,FALSE,TRUE,TRUE,FALSE,TRUE,Month-to-month,TRUE,Electronic check,90.34999847,3419.300049,FALSE
1644,3331-HQDTW,Female,FALSE,FALSE,FALSE,34,TRUE,TRUE,Fiber optic,TRUE,TRUE,TRUE,FALSE,TRUE,TRUE,Month-to-month,TRUE,Mailed check,109.8000031,3587.25,TRUE
1645,9490-DFPMD,Female,TRUE,FALSE,FALSE,42,TRUE,TRUE,Fiber optic,FALSE,FALSE,FALSE,FALSE,TRUE,FALSE,Month-to-month,TRUE,Electronic check,84.65000153,3541.350098,TRUE
1646,2581-VKIRT,Female,FALSE,TRUE,TRUE,59,TRUE,TRUE,DSL,TRUE,TRUE,FALSE,TRUE,FALSE,FALSE,One year,FALSE,Mailed check,65.5,3801.300049,FALSE
1647,5442-XSDCW,Male,FALSE,TRUE,TRUE,11,TRUE,FALSE,Fiber optic,FALSE,FALSE,FALSE,FALSE,TRUE,FALSE,Month-to-month,TRUE,Bank transfer (automatic),79.5,868.5,TRUE
1648,7426-WEIJX,Male,TRUE,TRUE,TRUE,60,TRUE,TRUE,Fiber optic,,FALSE,FALSE,FALSE,FALSE,FALSE,Month-to-month,TRUE,,80.94999695,4859.100098,FALSE
1649,2851-MMUTZ,Female,FALSE,FALSE,FALSE,27,TRUE,FALSE,DSL,FALSE,TRUE,FALSE,TRUE,FALSE,FALSE,Month-to-month,TRUE,Mailed check,56.15000153,1439.349976,FALSE
1650,3049-NDXFL,Female,FALSE,FALSE,FALSE,1,TRUE,TRUE,Fiber optic,FALSE,FALSE,FALSE,FALSE,FALSE,TRUE,Month-to-month,FALSE,Mailed check,85.80000305,85.80000305,TRUE
1651,8580-AECUZ,Male,TRUE,FALSE,FALSE,1,TRUE,FALSE,Fiber optic,FALSE,FALSE,FALSE,FALSE,TRUE,FALSE,Month-to-month,TRUE,Electronic check,79.09999847,79.09999847,TRUE
1652,3307-TLCUD,Male,FALSE,TRUE,FALSE,17,FALSE,,DSL,TRUE,FALSE,TRUE,FALSE,FALSE,FALSE,Month-to-month,FALSE,Mailed check,34.40000153,592.75,FALSE
1653,6625-FLENO,Male,FALSE,TRUE,FALSE,58,TRUE,FALSE,No,,,,,,,Two year,FALSE,Mailed check,20.75,1185.949951,FALSE
1654,2967-MXRAV,Male,FALSE,TRUE,TRUE,1,TRUE,FALSE,No,,,,,,,One year,FALSE,Mailed check,18.79999924,18.79999924,FALSE
1655,7963-GQRMY,Female,FALSE,TRUE,TRUE,3,TRUE,FALSE,DSL,,FALSE,FALSE,FALSE,FALSE,FALSE,Month-to-month,FALSE,Mailed check,44.29999924,134.5,TRUE
1656,8189-HBVRW,Female,FALSE,FALSE,FALSE,53,TRUE,TRUE,Fiber optic,TRUE,TRUE,TRUE,FALSE,FALSE,FALSE,Month-to-month,FALSE,Electronic check,90.80000305,4921.200195,FALSE
1657,4163-KIUHY,Male,FALSE,FALSE,FALSE,35,TRUE,TRUE,No,,,,,,,Month-to-month,TRUE,Electronic check,25.60000038,901.25,FALSE
1658,1228-FZFRV,Male,FALSE,TRUE,TRUE,50,TRUE,TRUE,Fiber optic,TRUE,FALSE,TRUE,FALSE,TRUE,TRUE,Month-to-month,FALSE,Credit card (automatic),105.9499969,5341.799805,TRUE
1659,3500-NSDOA,Male,FALSE,TRUE,TRUE,68,TRUE,TRUE,DSL,FALSE,TRUE,FALSE,TRUE,FALSE,TRUE,Two year,FALSE,Credit card (automatic),70.80000305,4859.950195,FALSE
1660,1171-TYKUR,Male,FALSE,TRUE,FALSE,47,TRUE,TRUE,No,,,,,,,Month-to-month,FALSE,Electronic check,25.39999962,1139.199951,FALSE
1661,3761-FLYZI,Female,TRUE,TRUE,FALSE,65,TRUE,TRUE,Fiber optic,FALSE,TRUE,TRUE,FALSE,TRUE,TRUE,Month-to-month,TRUE,Bank transfer (automatic),108.8000031,7082.450195,FALSE
1662,2058-DCJBE,Male,FALSE,FALSE,FALSE,5,TRUE,FALSE,Fiber optic,FALSE,FALSE,FALSE,FALSE,,FALSE,Month-to-month,TRUE,Electronic check,69.75,324.6000061,TRUE
1663,5364-XYIRR,Male,FALSE,TRUE,FALSE,51,TRUE,TRUE,Fiber optic,FALSE,FALSE,FALSE,FALSE,TRUE,TRUE,Month-to-month,TRUE,Electronic check,94.65000153,4812.75,TRUE
1664,4829-AUOAX,Female,FALSE,FALSE,FALSE,46,TRUE,TRUE,Fiber optic,FALSE,FALSE,FALSE,FALSE,TRUE,TRUE,Month-to-month,FALSE,Bank transfer (automatic),96.05000305,4399.5,TRUE
1665,1219-NNDDO,Female,FALSE,FALSE,FALSE,9,TRUE,TRUE,Fiber optic,FALSE,FALSE,FALSE,FALSE,FALSE,FALSE,Month-to-month,TRUE,Electronic check,76.84999847,663.5499878,FALSE
1666,8388-DMKAE,Female,FALSE,FALSE,FALSE,8,TRUE,FALSE,No,,,,,,,Two year,FALSE,Mailed check,20.25,174.6499939,FALSE
1667,4403-BWPAY,Male,FALSE,FALSE,FALSE,14,TRUE,TRUE,No,,,,,,,One year,TRUE,Credit card (automatic),24.79999924,321.7000122,FALSE
1668,9659-QEQSY,Female,FALSE,FALSE,FALSE,45,TRUE,TRUE,Fiber optic,TRUE,TRUE,TRUE,TRUE,TRUE,TRUE,Month-to-month,TRUE,Electronic check,115.6500015,5125.5,FALSE
1669,5405-ZMYXQ,Female,FALSE,FALSE,FALSE,8,TRUE,TRUE,Fiber optic,FALSE,FALSE,FALSE,FALSE,FALSE,FALSE,Month-to-month,TRUE,Credit card (automatic),74.59999847,548.9000244,FALSE
1670,5047-LHVLY,Male,TRUE,FALSE,TRUE,1,TRUE,FALSE,DSL,FALSE,FALSE,TRUE,FALSE,FALSE,FALSE,Month-to-month,TRUE,Mailed check,50.15000153,50.15000153,TRUE
1671,1442-OKRJE,Male,FALSE,TRUE,TRUE,66,TRUE,FALSE,Fiber optic,TRUE,TRUE,TRUE,FALSE,TRUE,TRUE,One year,TRUE,Bank transfer (automatic),103.1500015,7031.299805,FALSE
1672,4737-AQCPU,Male,FALSE,TRUE,TRUE,72,TRUE,TRUE,DSL,TRUE,TRUE,TRUE,TRUE,FALSE,FALSE,Two year,FALSE,Credit card (automatic),72.09999847,5016.649902,FALSE
1673,9158-VCTQB,Female,FALSE,TRUE,FALSE,41,TRUE,TRUE,Fiber optic,TRUE,TRUE,TRUE,TRUE,TRUE,TRUE,Month-to-month,TRUE,Bank transfer (automatic),113.5999985,4594.950195,TRUE
1674,2808-CHTDM,Female,FALSE,TRUE,TRUE,23,TRUE,TRUE,No,,,,,,,Two year,FALSE,Mailed check,25.10000038,611.4500122,FALSE
1675,6311-UEUME,Female,FALSE,FALSE,FALSE,29,TRUE,FALSE,Fiber optic,FALSE,FALSE,FALSE,FALSE,TRUE,FALSE,Month-to-month,TRUE,Electronic check,78.90000153,2384.149902,TRUE
1676,0793-TWELN,Female,FALSE,FALSE,FALSE,4,TRUE,TRUE,Fiber optic,TRUE,FALSE,FALSE,FALSE,FALSE,FALSE,Month-to-month,TRUE,Electronic check,80.15000153,319.8500061,FALSE
1677,3283-WCWXT,Male,FALSE,TRUE,TRUE,6,TRUE,TRUE,No,,,,,,,Two year,FALSE,Mailed check,25.39999962,153.3000031,FALSE
1678,1060-ENTOF,Female,TRUE,TRUE,FALSE,67,TRUE,TRUE,Fiber optic,TRUE,TRUE,TRUE,TRUE,FALSE,TRUE,One year,TRUE,Credit card (automatic),105.4000015,7035.600098,FALSE
1679,0999-QXNSA,Male,TRUE,FALSE,TRUE,7,TRUE,FALSE,DSL,FALSE,FALSE,FALSE,FALSE,FALSE,FALSE,Month-to-month,TRUE,Mailed check,45.75,344.2000122,FALSE
1680,5451-MHQOF,Male,FALSE,TRUE,TRUE,56,TRUE,TRUE,No,,,,,,,One year,TRUE,Mailed check,24.45000076,1431.650024,FALSE
1681,4836-WNFNO,Female,FALSE,TRUE,FALSE,72,TRUE,TRUE,No,,,,,,,Two year,FALSE,Credit card (automatic),25,1849.199951,FALSE
1682,9225-BZLNZ,Male,FALSE,TRUE,FALSE,72,TRUE,TRUE,DSL,TRUE,TRUE,TRUE,FALSE,TRUE,TRUE,Two year,TRUE,Electronic check,85.25,6083.100098,FALSE
1683,0354-VXMJC,Male,FALSE,TRUE,TRUE,23,TRUE,FALSE,No,,,,,,,Two year,FALSE,Credit card (automatic),19.60000038,426.6499939,FALSE
1684,4422-QVIJA,Female,FALSE,FALSE,TRUE,35,TRUE,TRUE,DSL,FALSE,FALSE,FALSE,FALSE,FALSE,FALSE,Month-to-month,FALSE,Mailed check,50.15000153,1655.349976,FALSE
1685,9365-SRSZE,Male,TRUE,TRUE,FALSE,27,TRUE,FALSE,Fiber optic,FALSE,FALSE,FALSE,FALSE,FALSE,FALSE,Month-to-month,TRUE,Electronic check,70.55000305,1943.900024,FALSE
1686,6839-ITVZJ,Female,FALSE,TRUE,TRUE,26,TRUE,TRUE,DSL,FALSE,TRUE,FALSE,TRUE,FALSE,FALSE,Month-to-month,TRUE,Electronic check,60.04999924,1616.150024,TRUE
1687,8332-OSJDW,Male,FALSE,TRUE,TRUE,12,TRUE,TRUE,No,,,,,,,One year,FALSE,Mailed check,26.39999962,314.9500122,FALSE
1688,4735-BJKOU,Female,FALSE,FALSE,FALSE,40,TRUE,FALSE,No,,,,,,,Two year,FALSE,Mailed check,20.14999962,804.8499756,FALSE
1689,0274-JKUJR,Male,FALSE,TRUE,TRUE,7,FALSE,,DSL,TRUE,TRUE,TRUE,FALSE,TRUE,TRUE,Month-to-month,FALSE,Mailed check,58.84999847,465.7000122,FALSE
1690,5740-YHGTW,Male,FALSE,TRUE,TRUE,70,TRUE,TRUE,Fiber optic,TRUE,TRUE,FALSE,FALSE,TRUE,FALSE,Month-to-month,TRUE,Credit card (automatic),97.55000305,6669.049805,FALSE
1691,8917-SZTTJ,Male,FALSE,TRUE,TRUE,60,TRUE,FALSE,No,,,,,,,Two year,FALSE,Credit card (automatic),19.64999962,1161.75,FALSE
1692,1696-MZVAU,Male,FALSE,TRUE,TRUE,39,FALSE,,DSL,FALSE,FALSE,FALSE,FALSE,FALSE,FALSE,One year,TRUE,Credit card (automatic),25.25,947.75,FALSE
1693,7359-WWYJV,Male,FALSE,TRUE,FALSE,72,TRUE,TRUE,Fiber optic,TRUE,TRUE,TRUE,TRUE,TRUE,TRUE,Two year,FALSE,Credit card (automatic),114.4499969,8375.049805,FALSE
1694,0375-HVGXO,Female,FALSE,FALSE,FALSE,1,FALSE,,DSL,FALSE,FALSE,FALSE,FALSE,TRUE,FALSE,Month-to-month,TRUE,Electronic check,34.70000076,34.70000076,TRUE
1695,4906-ZHGPK,Male,FALSE,TRUE,TRUE,54,TRUE,TRUE,DSL,FALSE,TRUE,FALSE,TRUE,TRUE,FALSE,One year,TRUE,Electronic check,70.69999695,3770,FALSE
1696,8593-WHYHV,Male,FALSE,FALSE,FALSE,3,TRUE,TRUE,Fiber optic,FALSE,FALSE,FALSE,FALSE,FALSE,TRUE,Month-to-month,TRUE,Electronic check,85.30000305,264.7999878,TRUE
1697,3795-GWTRD,Female,FALSE,TRUE,TRUE,63,TRUE,FALSE,DSL,TRUE,TRUE,TRUE,TRUE,TRUE,FALSE,Two year,FALSE,Credit card (automatic),75.55000305,4707.850098,FALSE
1698,1298-PHBTI,Male,FALSE,TRUE,TRUE,71,TRUE,TRUE,Fiber optic,FALSE,TRUE,FALSE,TRUE,FALSE,FALSE,Two year,TRUE,Electronic check,84.80000305,6152.399902,FALSE
1699,6223-DHJGV,Female,FALSE,FALSE,FALSE,42,TRUE,FALSE,No,,,,,,,One year,TRUE,Mailed check,20.64999962,958.0999756,FALSE
1700,6961-MJKBO,Male,FALSE,FALSE,FALSE,47,TRUE,FALSE,No,,,,,,,Two year,FALSE,Bank transfer (automatic),20.45000076,943,FALSE
1701,6097-EQISJ,Female,FALSE,TRUE,TRUE,66,TRUE,TRUE,Fiber optic,FALSE,TRUE,TRUE,FALSE,TRUE,TRUE,One year,TRUE,Credit card (automatic),102.4499969,6615.149902,TRUE
1702,4423-YLHDV,Female,FALSE,TRUE,FALSE,21,TRUE,TRUE,Fiber optic,TRUE,FALSE,TRUE,FALSE,TRUE,TRUE,Month-to-month,TRUE,Bank transfer (automatic),104.4000015,2200.25,TRUE
1703,8158-WPEZG,Male,FALSE,FALSE,FALSE,11,FALSE,,DSL,FALSE,TRUE,FALSE,TRUE,FALSE,FALSE,Month-to-month,TRUE,Electronic check,35.65000153,425.1000061,FALSE
1704,0107-YHINA,Male,FALSE,FALSE,TRUE,1,TRUE,TRUE,Fiber optic,FALSE,FALSE,TRUE,FALSE,TRUE,TRUE,Month-to-month,TRUE,Electronic check,99.75,99.75,TRUE
1705,4918-FYJNT,Female,TRUE,TRUE,FALSE,55,TRUE,TRUE,Fiber optic,FALSE,TRUE,TRUE,TRUE,FALSE,FALSE,Month-to-month,FALSE,Electronic check,90.44999695,5044.799805,FALSE
1706,0727-BNRLG,Male,FALSE,FALSE,FALSE,69,TRUE,TRUE,Fiber optic,FALSE,TRUE,TRUE,TRUE,TRUE,FALSE,Two year,TRUE,Credit card (automatic),97.65000153,6743.549805,FALSE
1707,4854-CIDCF,Female,TRUE,FALSE,FALSE,3,TRUE,FALSE,Fiber optic,FALSE,FALSE,TRUE,FALSE,FALSE,FALSE,Month-to-month,FALSE,Electronic check,73.84999847,196.3999939,FALSE
1708,8640-SDGKB,Male,FALSE,FALSE,FALSE,4,TRUE,FALSE,DSL,FALSE,FALSE,TRUE,TRUE,TRUE,TRUE,Month-to-month,TRUE,Electronic check,74.40000153,299.7000122,TRUE
1709,3280-MRDOF,Male,TRUE,FALSE,FALSE,30,TRUE,TRUE,DSL,FALSE,FALSE,TRUE,TRUE,TRUE,FALSE,Two year,TRUE,Credit card (automatic),69.09999847,2093.899902,FALSE
1710,6435-SRWBJ,Female,FALSE,FALSE,FALSE,5,TRUE,TRUE,Fiber optic,FALSE,FALSE,TRUE,TRUE,FALSE,FALSE,Month-to-month,TRUE,Electronic check,82.75,417.75,FALSE
1711,9964-WBQDJ,Female,FALSE,TRUE,FALSE,71,TRUE,TRUE,No,,,,,,,Two year,TRUE,Credit card (automatic),24.39999962,1725.400024,FALSE
1712,6303-KFWSL,Female,FALSE,FALSE,FALSE,29,TRUE,TRUE,DSL,FALSE,TRUE,FALSE,FALSE,FALSE,FALSE,One year,TRUE,Electronic check,55.25,1620.199951,FALSE
1713,1702-CCFNJ,Male,FALSE,TRUE,FALSE,52,TRUE,TRUE,DSL,FALSE,TRUE,FALSE,TRUE,FALSE,FALSE,Month-to-month,FALSE,Bank transfer (automatic),61.34999847,3169.550049,FALSE
1714,8932-CZHRQ,Male,FALSE,FALSE,FALSE,68,TRUE,TRUE,DSL,TRUE,TRUE,TRUE,FALSE,FALSE,TRUE,One year,FALSE,Credit card (automatic),76.75,5233.25,FALSE
1715,0386-CWRGM,Female,FALSE,TRUE,TRUE,46,TRUE,FALSE,No,,,,,,,Two year,FALSE,Mailed check,19.39999962,967.8499756,FALSE
1716,5515-RUGKN,Male,FALSE,FALSE,FALSE,8,TRUE,FALSE,DSL,FALSE,FALSE,FALSE,FALSE,FALSE,TRUE,Month-to-month,TRUE,Credit card (automatic),54.75,438.0499878,FALSE
1717,0404-AHASP,Male,FALSE,TRUE,FALSE,72,TRUE,FALSE,No,,,,,,,Two year,FALSE,Credit card (automatic),19.70000076,1421.900024,FALSE
1718,7279-NMVJC,Female,FALSE,FALSE,FALSE,17,TRUE,FALSE,No,,,,,,,One year,FALSE,Bank transfer (automatic),19.89999962,323.1499939,FALSE
1719,2081-VEYEH,Male,FALSE,FALSE,FALSE,3,TRUE,FALSE,Fiber optic,FALSE,TRUE,TRUE,TRUE,TRUE,TRUE,Month-to-month,TRUE,Electronic check,107.9499969,318.6000061,FALSE
1720,6407-UTSLV,Female,TRUE,FALSE,FALSE,2,TRUE,FALSE,Fiber optic,FALSE,TRUE,FALSE,FALSE,TRUE,FALSE,Month-to-month,TRUE,Bank transfer (automatic),83.80000305,163.6999969,FALSE
1721,4116-TZAQJ,Female,FALSE,FALSE,FALSE,9,TRUE,FALSE,Fiber optic,TRUE,FALSE,FALSE,FALSE,FALSE,FALSE,Month-to-month,TRUE,Credit card (automatic),74.25,639.6500244,TRUE
1722,9060-HJJRW,Female,FALSE,FALSE,FALSE,51,FALSE,,DSL,FALSE,TRUE,TRUE,FALSE,TRUE,TRUE,One year,TRUE,Credit card (automatic),56.40000153,2928.5,FALSE
1723,2587-YNLES,Female,FALSE,TRUE,TRUE,6,TRUE,FALSE,No,,,,,,,Two year,FALSE,Mailed check,20.10000038,100.3499985,FALSE
1724,7398-SKNQZ,Female,FALSE,TRUE,FALSE,3,TRUE,TRUE,Fiber optic,FALSE,FALSE,FALSE,FALSE,TRUE,TRUE,Month-to-month,FALSE,Electronic check,94.90000153,273.2000122,FALSE
1725,5935-FCCNB,Female,TRUE,FALSE,FALSE,17,TRUE,TRUE,Fiber optic,FALSE,FALSE,FALSE,FALSE,TRUE,TRUE,Month-to-month,TRUE,Electronic check,94.19999695,1608.150024,FALSE
1726,1958-RNRKS,Male,FALSE,TRUE,FALSE,30,TRUE,TRUE,DSL,FALSE,FALSE,FALSE,FALSE,FALSE,FALSE,Month-to-month,FALSE,Electronic check,49.90000153,1441.949951,FALSE
1727,5136-RGMZO,Male,FALSE,FALSE,FALSE,31,TRUE,TRUE,DSL,FALSE,TRUE,FALSE,TRUE,TRUE,FALSE,Month-to-month,TRUE,Electronic check,71.05000305,2168.149902,FALSE
1728,8345-MVDYC,Female,FALSE,FALSE,FALSE,45,TRUE,FALSE,DSL,TRUE,FALSE,TRUE,TRUE,TRUE,TRUE,Two year,FALSE,Bank transfer (automatic),81.65000153,3618.699951,FALSE
1729,8226-BXGES,Male,FALSE,TRUE,FALSE,64,TRUE,TRUE,Fiber optic,TRUE,TRUE,TRUE,FALSE,FALSE,FALSE,One year,FALSE,Bank transfer (automatic),89.44999695,5692.649902,FALSE
1730,3877-JRJIP,Male,FALSE,FALSE,FALSE,1,TRUE,TRUE,DSL,FALSE,FALSE,FALSE,FALSE,TRUE,FALSE,Month-to-month,TRUE,Electronic check,59.84999847,59.84999847,TRUE
1731,8375-DKEBR,Female,TRUE,FALSE,FALSE,1,TRUE,FALSE,Fiber optic,FALSE,FALSE,FALSE,FALSE,FALSE,FALSE,Month-to-month,TRUE,Electronic check,69.59999847,69.59999847,TRUE
1732,9705-IOVQQ,Male,TRUE,TRUE,TRUE,61,TRUE,TRUE,Fiber optic,FALSE,TRUE,FALSE,FALSE,TRUE,TRUE,One year,FALSE,Electronic check,99,5969.299805,FALSE
1733,1015-OWJKI,Male,FALSE,FALSE,FALSE,1,TRUE,FALSE,No,,,,,,,Month-to-month,FALSE,Mailed check,19.04999924,19.04999924,FALSE
1734,7511-YMXVQ,Male,FALSE,FALSE,FALSE,9,FALSE,,DSL,FALSE,FALSE,FALSE,FALSE,TRUE,,Month-to-month,TRUE,Electronic check,45.40000153,418.7999878,TRUE
1735,2040-XBAVJ,Male,FALSE,TRUE,TRUE,72,TRUE,TRUE,Fiber optic,TRUE,TRUE,TRUE,TRUE,TRUE,TRUE,Two year,FALSE,Bank transfer (automatic),114.4499969,8100.549805,FALSE
1736,7551-JOHTI,Female,FALSE,FALSE,FALSE,1,TRUE,FALSE,No,,,,,,,Month-to-month,FALSE,Mailed check,19.5,19.5,TRUE
1737,8887-IPQNC,Female,FALSE,TRUE,FALSE,7,TRUE,FALSE,DSL,FALSE,FALSE,FALSE,FALSE,FALSE,FALSE,Month-to-month,TRUE,Mailed check,44.25,313.4500122,FALSE
1738,8646-JCOMS,Female,FALSE,TRUE,FALSE,66,TRUE,TRUE,Fiber optic,FALSE,TRUE,TRUE,TRUE,FALSE,FALSE,One year,TRUE,Bank transfer (automatic),90.55000305,6130.950195,FALSE
1739,9804-ICWBG,Male,FALSE,FALSE,FALSE,1,TRUE,FALSE,Fiber optic,FALSE,FALSE,FALSE,FALSE,FALSE,FALSE,Month-to-month,TRUE,Electronic check,69.90000153,69.90000153,TRUE
1740,1222-KJNZD,Male,FALSE,TRUE,TRUE,40,TRUE,FALSE,No,,,,,,,Month-to-month,TRUE,Bank transfer (automatic),20.39999962,745.2999878,FALSE
1741,0106-GHRQR,Male,FALSE,FALSE,FALSE,16,TRUE,TRUE,DSL,FALSE,TRUE,TRUE,FALSE,FALSE,TRUE,Month-to-month,TRUE,Bank transfer (automatic),71.40000153,1212.099976,FALSE
1742,5318-IXUZF,Female,FALSE,FALSE,FALSE,2,TRUE,FALSE,Fiber optic,FALSE,TRUE,FALSE,FALSE,TRUE,FALSE,Month-to-month,TRUE,Bank transfer (automatic),87.15000153,183.75,TRUE
1743,3768-VHXQO,Male,FALSE,TRUE,FALSE,67,TRUE,TRUE,No,,,,,,,Two year,FALSE,Credit card (automatic),24.85000038,1583.5,FALSE
1744,8952-WCVCD,Female,FALSE,TRUE,FALSE,41,TRUE,FALSE,Fiber optic,TRUE,TRUE,TRUE,FALSE,TRUE,TRUE,One year,TRUE,Bank transfer (automatic),104.4499969,4162.049805,FALSE
1745,2418-TPEUN,Female,FALSE,TRUE,TRUE,56,TRUE,FALSE,No,,,,,,,Two year,TRUE,Credit card (automatic),19.79999924,1119.900024,FALSE
1746,3963-RYFNS,Female,FALSE,FALSE,FALSE,72,TRUE,TRUE,Fiber optic,TRUE,TRUE,TRUE,TRUE,TRUE,TRUE,Two year,TRUE,Bank transfer (automatic),116.4499969,8013.549805,FALSE
1747,3198-VELRD,Female,FALSE,TRUE,TRUE,3,TRUE,TRUE,Fiber optic,FALSE,FALSE,FALSE,FALSE,FALSE,TRUE,Month-to-month,TRUE,Bank transfer (automatic),84.75,264.8500061,TRUE
1748,8540-ZQGEA,Female,FALSE,TRUE,FALSE,54,TRUE,FALSE,No,,,,,,,Two year,FALSE,Credit card (automatic),20.04999924,1102.400024,FALSE
1749,1320-REHCS,Male,TRUE,FALSE,FALSE,52,TRUE,TRUE,Fiber optic,FALSE,TRUE,TRUE,TRUE,TRUE,TRUE,Month-to-month,TRUE,Electronic check,110.75,5832,FALSE
1750,4137-JOPHL,Female,FALSE,FALSE,FALSE,50,TRUE,FALSE,Fiber optic,FALSE,FALSE,TRUE,TRUE,FALSE,TRUE,Two year,TRUE,Bank transfer (automatic),89.69999695,4304.5,FALSE
1751,9436-ZBZCT,Male,FALSE,FALSE,FALSE,14,TRUE,TRUE,Fiber optic,FALSE,FALSE,FALSE,TRUE,TRUE,FALSE,Month-to-month,TRUE,Electronic check,89.94999695,1178.400024,TRUE
1752,7801-CEDNV,Male,FALSE,TRUE,FALSE,27,TRUE,FALSE,DSL,TRUE,FALSE,FALSE,FALSE,FALSE,FALSE,One year,FALSE,Credit card (automatic),48.70000076,1421.75,FALSE
1753,2057-BOYKM,Female,TRUE,TRUE,FALSE,72,TRUE,TRUE,Fiber optic,TRUE,TRUE,TRUE,TRUE,FALSE,FALSE,Two year,TRUE,Bank transfer (automatic),96.59999847,6827.5,FALSE
1754,3658-QQJYD,Male,FALSE,FALSE,FALSE,62,TRUE,FALSE,DSL,TRUE,TRUE,FALSE,FALSE,TRUE,TRUE,One year,TRUE,Credit card (automatic),74.30000305,4698.049805,FALSE
1755,1803-BGNBD,Female,FALSE,FALSE,FALSE,12,TRUE,FALSE,DSL,FALSE,TRUE,FALSE,TRUE,FALSE,FALSE,Month-to-month,TRUE,Electronic check,54.29999924,654.5,FALSE
1756,0134-XWXCE,Female,TRUE,FALSE,FALSE,44,TRUE,FALSE,DSL,FALSE,FALSE,TRUE,TRUE,TRUE,TRUE,One year,FALSE,Bank transfer (automatic),74.84999847,3268.050049,FALSE
1757,6950-TWMYB,Male,FALSE,TRUE,TRUE,54,TRUE,FALSE,Fiber optic,FALSE,TRUE,FALSE,TRUE,FALSE,FALSE,Two year,TRUE,Bank transfer (automatic),79.94999695,4362.049805,FALSE
1758,5848-FHRFC,Female,FALSE,FALSE,FALSE,68,TRUE,FALSE,No,,,,,,,Two year,FALSE,Bank transfer (automatic),20.04999924,1386.900024,FALSE
1759,2243-FNMMI,Male,FALSE,FALSE,FALSE,20,TRUE,FALSE,No,,,,,,,Month-to-month,FALSE,Mailed check,19.39999962,415.3999939,FALSE
1760,2511-MORQY,Male,FALSE,TRUE,TRUE,50,TRUE,TRUE,DSL,FALSE,FALSE,TRUE,FALSE,FALSE,FALSE,One year,FALSE,Bank transfer (automatic),54.90000153,2614.100098,FALSE
1761,5356-KZCKT,Male,FALSE,FALSE,FALSE,58,TRUE,TRUE,No,,,,,,,Two year,TRUE,Credit card (automatic),24.45000076,1513.599976,FALSE
1762,9470-XCCEM,Male,FALSE,TRUE,TRUE,35,TRUE,TRUE,Fiber optic,FALSE,TRUE,FALSE,FALSE,TRUE,FALSE,Month-to-month,TRUE,Bank transfer (automatic),89.65000153,3161.600098,FALSE
1763,6519-CFDBX,Female,FALSE,FALSE,FALSE,2,TRUE,FALSE,DSL,FALSE,FALSE,FALSE,FALSE,FALSE,FALSE,Month-to-month,TRUE,Electronic check,45.40000153,80.94999695,FALSE
1764,3902-MIVLE,Male,FALSE,TRUE,TRUE,63,TRUE,TRUE,DSL,TRUE,FALSE,TRUE,TRUE,FALSE,TRUE,Two year,FALSE,Mailed check,75.69999695,4676.700195,FALSE
1765,0409-WTMPL,Female,FALSE,TRUE,FALSE,58,TRUE,TRUE,Fiber optic,TRUE,TRUE,TRUE,FALSE,TRUE,TRUE,One year,TRUE,Credit card (automatic),110.6500015,6526.649902,FALSE
1766,8763-KIAFH,Female,FALSE,TRUE,TRUE,27,TRUE,FALSE,No,,,,,,,One year,TRUE,Mailed check,20.54999924,583.2999878,FALSE
1767,3669-WHAFY,Female,FALSE,TRUE,FALSE,71,TRUE,TRUE,Fiber optic,TRUE,TRUE,TRUE,TRUE,TRUE,TRUE,Two year,TRUE,Credit card (automatic),115.1500015,8078.100098,FALSE
1768,3055-VTCGS,Female,FALSE,FALSE,FALSE,63,TRUE,FALSE,DSL,FALSE,FALSE,TRUE,FALSE,FALSE,TRUE,One year,FALSE,Credit card (automatic),58.54999924,3503.5,FALSE
1769,3144-KMTWZ,Male,FALSE,TRUE,FALSE,71,TRUE,TRUE,Fiber optic,FALSE,TRUE,TRUE,FALSE,FALSE,TRUE,Month-to-month,TRUE,Bank transfer (automatic),93.25,6669.450195,FALSE
1770,7279-BUYWN,Female,TRUE,FALSE,FALSE,41,TRUE,TRUE,Fiber optic,TRUE,TRUE,TRUE,FALSE,TRUE,TRUE,Month-to-month,TRUE,Electronic check,113.1999969,4689.5,TRUE
1771,7156-MHUGY,Male,TRUE,FALSE,FALSE,13,TRUE,FALSE,Fiber optic,FALSE,FALSE,FALSE,FALSE,TRUE,TRUE,Month-to-month,TRUE,Electronic check,90.5,1201.150024,TRUE
1772,7198-GLXTC,Male,FALSE,FALSE,FALSE,2,TRUE,FALSE,Fiber optic,FALSE,FALSE,FALSE,FALSE,TRUE,FALSE,Month-to-month,FALSE,Electronic check,79,143.6499939,TRUE
1773,2007-QVGAW,Female,FALSE,TRUE,TRUE,68,TRUE,FALSE,No,,,,,,,Two year,TRUE,Bank transfer (automatic),19.35000038,1292.650024,FALSE
1774,5207-PLSTK,Male,FALSE,TRUE,TRUE,1,TRUE,FALSE,DSL,TRUE,FALSE,FALSE,FALSE,FALSE,FALSE,Month-to-month,TRUE,Mailed check,48.75,48.75,FALSE
1775,2307-FYNNL,Male,TRUE,FALSE,FALSE,65,TRUE,TRUE,Fiber optic,TRUE,FALSE,TRUE,TRUE,TRUE,TRUE,Two year,TRUE,Electronic check,109.0500031,7108.200195,FALSE
1776,5605-XNWEN,Male,TRUE,TRUE,FALSE,72,TRUE,TRUE,No,,,,,,,Two year,TRUE,Bank transfer (automatic),25,1802.550049,FALSE
1777,2155-AMQRX,Female,FALSE,FALSE,FALSE,28,TRUE,TRUE,DSL,FALSE,FALSE,FALSE,TRUE,FALSE,FALSE,Month-to-month,TRUE,Credit card (automatic),54.90000153,1505.150024,FALSE
1778,6181-AXXYF,Male,FALSE,TRUE,TRUE,72,TRUE,TRUE,No,,,,,,,Two year,FALSE,Credit card (automatic),24.75,1859.099976,FALSE
1779,5091-HFAZW,Female,FALSE,FALSE,FALSE,2,TRUE,FALSE,Fiber optic,TRUE,TRUE,FALSE,FALSE,TRUE,FALSE,Month-to-month,TRUE,Electronic check,91.15000153,168.5,FALSE
1780,0516-VRYBW,Female,FALSE,FALSE,TRUE,18,TRUE,FALSE,No,,,,,,,One year,FALSE,Bank transfer (automatic),20.14999962,390.8500061,TRUE
1781,2519-LBNQL,Male,TRUE,TRUE,FALSE,60,TRUE,TRUE,Fiber optic,FALSE,TRUE,TRUE,FALSE,TRUE,TRUE,One year,TRUE,Electronic check,104.3499985,6339.450195,FALSE
1782,8623-ULFNQ,Female,TRUE,FALSE,FALSE,26,TRUE,TRUE,DSL,FALSE,FALSE,FALSE,TRUE,FALSE,TRUE,Month-to-month,TRUE,Electronic check,66.05000305,1652.400024,FALSE
1783,8380-PEFPE,Male,FALSE,FALSE,TRUE,1,TRUE,FALSE,Fiber optic,FALSE,FALSE,FALSE,FALSE,FALSE,FALSE,Month-to-month,TRUE,Electronic check,71.65000153,71.65000153,TRUE
1784,5687-DKDTV,Female,FALSE,FALSE,FALSE,4,TRUE,FALSE,No,,,,,,,Month-to-month,FALSE,Mailed check,20.35000038,77.5,TRUE
1785,1568-LJSZU,Male,FALSE,TRUE,TRUE,68,TRUE,TRUE,DSL,TRUE,TRUE,TRUE,TRUE,TRUE,TRUE,Two year,TRUE,Credit card (automatic),92.19999695,6392.850098,FALSE
1786,7530-HDYDS,Female,FALSE,FALSE,FALSE,38,TRUE,FALSE,Fiber optic,FALSE,TRUE,TRUE,TRUE,FALSE,FALSE,Month-to-month,TRUE,Credit card (automatic),84.25,3264.5,TRUE
1787,7789-HKSBS,Female,TRUE,TRUE,FALSE,42,TRUE,TRUE,Fiber optic,TRUE,FALSE,TRUE,FALSE,TRUE,TRUE,One year,TRUE,Bank transfer (automatic),105.1999969,4599.149902,FALSE
1788,7416-CKTEP,Female,FALSE,TRUE,FALSE,57,TRUE,FALSE,No,,,,,,,Two year,TRUE,Bank transfer (automatic),19.60000038,1134.25,FALSE
1789,2586-CWXVV,Male,FALSE,TRUE,FALSE,54,FALSE,,DSL,FALSE,TRUE,FALSE,FALSE,FALSE,FALSE,Month-to-month,FALSE,Electronic check,30.39999962,1621.349976,FALSE
1790,3096-IZETN,Female,FALSE,FALSE,FALSE,12,TRUE,FALSE,Fiber optic,FALSE,FALSE,FALSE,FALSE,FALSE,TRUE,Month-to-month,FALSE,Bank transfer (automatic),78.09999847,947.2999878,TRUE
1791,2348-KCJLT,Female,FALSE,TRUE,FALSE,44,TRUE,FALSE,DSL,TRUE,TRUE,TRUE,FALSE,FALSE,FALSE,One year,TRUE,Mailed check,61.5,2722.199951,FALSE
1792,8401-EMUWF,Male,FALSE,TRUE,TRUE,42,TRUE,TRUE,DSL,TRUE,TRUE,FALSE,FALSE,TRUE,FALSE,Month-to-month,TRUE,Bank transfer (automatic),69.40000153,3058.300049,FALSE
1793,4193-IBKSW,Male,FALSE,TRUE,TRUE,72,TRUE,TRUE,No,,,,,,,Two year,FALSE,Bank transfer (automatic),24.75,1769.599976,FALSE
1794,5377-NDTOU,Female,FALSE,TRUE,TRUE,71,TRUE,TRUE,DSL,TRUE,TRUE,TRUE,TRUE,TRUE,TRUE,Two year,FALSE,Mailed check,91.05000305,6293.75,FALSE
1795,5922-ABDVO,Female,FALSE,TRUE,FALSE,19,TRUE,TRUE,Fiber optic,FALSE,FALSE,TRUE,FALSE,FALSE,TRUE,Month-to-month,FALSE,Mailed check,89.65000153,1761.050049,TRUE
1796,2474-LCNUE,Female,FALSE,TRUE,FALSE,23,TRUE,TRUE,DSL,FALSE,FALSE,FALSE,TRUE,TRUE,TRUE,Month-to-month,TRUE,Credit card (automatic),73.65000153,1642.75,FALSE
1797,0839-QNXME,Female,FALSE,FALSE,FALSE,30,TRUE,FALSE,No,,,,,,,Two year,FALSE,Credit card (automatic),19.39999962,578.5,FALSE
1798,3506-OVLKD,Male,FALSE,FALSE,FALSE,35,TRUE,TRUE,No,,,,,,,One year,FALSE,Bank transfer (automatic),26.20000076,954.9000244,FALSE
1799,9172-ANCRX,Female,FALSE,FALSE,FALSE,10,TRUE,TRUE,Fiber optic,TRUE,FALSE,FALSE,FALSE,TRUE,TRUE,Month-to-month,TRUE,Electronic check,98.69999695,973.25,TRUE
1800,6650-VJONK,Male,FALSE,FALSE,FALSE,1,TRUE,FALSE,DSL,FALSE,FALSE,FALSE,FALSE,FALSE,FALSE,Month-to-month,TRUE,Bank transfer (automatic),43.84999847,43.84999847,FALSE
1801,2178-PMGCJ,Male,FALSE,FALSE,FALSE,22,TRUE,FALSE,Fiber optic,FALSE,FALSE,FALSE,FALSE,FALSE,FALSE,Month-to-month,TRUE,Mailed check,69.69999695,1490.400024,FALSE
1802,7492-TAFJD,Male,FALSE,TRUE,TRUE,7,FALSE,,DSL,TRUE,TRUE,TRUE,FALSE,FALSE,FALSE,Two year,FALSE,Mailed check,38.54999924,280,FALSE
1803,2773-MADBQ,Female,FALSE,FALSE,FALSE,36,FALSE,,DSL,TRUE,TRUE,TRUE,TRUE,FALSE,TRUE,Two year,TRUE,Mailed check,53.09999847,1901.25,FALSE
1804,6016-LVTJQ,Female,FALSE,TRUE,TRUE,34,TRUE,FALSE,No,,,,,,,Month-to-month,FALSE,Mailed check,20.64999962,716.4000244,FALSE
1805,7860-KSUGX,Male,FALSE,TRUE,TRUE,72,TRUE,TRUE,DSL,TRUE,TRUE,TRUE,FALSE,FALSE,FALSE,Two year,FALSE,Credit card (automatic),64.44999695,4720,FALSE
1806,8966-KZXXA,Male,FALSE,TRUE,TRUE,36,TRUE,TRUE,No,,,,,,,Two year,FALSE,Credit card (automatic),25.10000038,930.9500122,FALSE
1807,6910-HADCM,Female,FALSE,FALSE,FALSE,1,TRUE,FALSE,Fiber optic,FALSE,FALSE,TRUE,FALSE,FALSE,FALSE,Month-to-month,FALSE,Electronic check,76.34999847,76.34999847,TRUE
1808,4816-LXZYW,Female,FALSE,FALSE,FALSE,23,TRUE,TRUE,Fiber optic,FALSE,TRUE,FALSE,FALSE,FALSE,FALSE,Month-to-month,TRUE,Electronic check,79.15000153,1676.949951,TRUE
1809,9606-PBKBQ,Male,TRUE,TRUE,FALSE,32,TRUE,TRUE,Fiber optic,FALSE,FALSE,FALSE,FALSE,FALSE,TRUE,Month-to-month,TRUE,Electronic check,85,2642.050049,TRUE
1810,5149-QYTTU,Female,FALSE,TRUE,TRUE,71,TRUE,TRUE,Fiber optic,TRUE,TRUE,TRUE,TRUE,FALSE,FALSE,One year,TRUE,Credit card (automatic),95.15000153,6770.850098,FALSE
1811,2070-XYMFH,Female,TRUE,FALSE,FALSE,23,TRUE,TRUE,Fiber optic,FALSE,FALSE,TRUE,FALSE,FALSE,FALSE,Month-to-month,TRUE,Mailed check,79.34999847,1835.300049,FALSE
1812,2085-BOJKI,Male,FALSE,TRUE,FALSE,17,TRUE,FALSE,Fiber optic,FALSE,FALSE,TRUE,FALSE,TRUE,TRUE,One year,TRUE,Bank transfer (automatic),96.65000153,1588.25,FALSE
1813,0817-HSUSE,Male,FALSE,FALSE,FALSE,1,TRUE,FALSE,DSL,FALSE,FALSE,TRUE,TRUE,TRUE,TRUE,Month-to-month,TRUE,Electronic check,75.5,75.5,FALSE
1814,5442-PPTJY,Male,FALSE,TRUE,TRUE,12,TRUE,FALSE,No,,,,,,,Two year,FALSE,Mailed check,19.70000076,258.3500061,FALSE
1815,1927-QEWMY,Female,FALSE,TRUE,FALSE,72,TRUE,FALSE,No,,,,,,,Two year,FALSE,Credit card (automatic),20.5,1502.25,FALSE
1816,1663-MHLHE,Male,FALSE,FALSE,FALSE,1,TRUE,FALSE,No,,,,,,,Month-to-month,FALSE,Mailed check,19.20000076,19.20000076,FALSE
1817,5663-QBGIS,Male,TRUE,TRUE,FALSE,72,TRUE,TRUE,Fiber optic,FALSE,TRUE,FALSE,FALSE,TRUE,TRUE,Two year,FALSE,Bank transfer (automatic),98.34999847,6929.399902,FALSE
1818,4450-MDZFX,Male,FALSE,TRUE,TRUE,60,TRUE,TRUE,Fiber optic,FALSE,FALSE,FALSE,FALSE,FALSE,FALSE,Month-to-month,FALSE,Bank transfer (automatic),74.34999847,4453.299805,FALSE
1819,6701-DHKWQ,Female,FALSE,TRUE,TRUE,61,FALSE,,DSL,FALSE,TRUE,TRUE,TRUE,TRUE,FALSE,Two year,FALSE,Credit card (automatic),51.34999847,3244.399902,FALSE
1820,7554-AKDQF,Female,FALSE,TRUE,FALSE,6,TRUE,FALSE,DSL,FALSE,FALSE,FALSE,FALSE,FALSE,FALSE,Month-to-month,FALSE,Mailed check,45.65000153,323.4500122,FALSE
1821,3536-IQCTX,Male,TRUE,TRUE,FALSE,32,TRUE,TRUE,Fiber optic,FALSE,FALSE,FALSE,FALSE,FALSE,TRUE,Month-to-month,FALSE,Electronic check,85.30000305,2661.100098,TRUE
1822,4911-BANWH,Female,FALSE,FALSE,TRUE,31,TRUE,TRUE,Fiber optic,FALSE,FALSE,FALSE,FALSE,TRUE,FALSE,Month-to-month,TRUE,Credit card (automatic),86.55000305,2697.399902,TRUE
1823,8496-EJAUI,Male,FALSE,FALSE,FALSE,19,TRUE,FALSE,Fiber optic,FALSE,TRUE,FALSE,FALSE,FALSE,FALSE,Month-to-month,TRUE,Credit card (automatic),73.84999847,1424.5,TRUE
1824,0794-YVSGE,Male,FALSE,TRUE,TRUE,72,TRUE,FALSE,No,,,,,,,Two year,FALSE,Bank transfer (automatic),20.29999924,1401.150024,FALSE
1825,5423-BHIXO,Female,FALSE,FALSE,FALSE,32,TRUE,TRUE,DSL,FALSE,TRUE,FALSE,FALSE,FALSE,FALSE,Month-to-month,TRUE,Electronic check,54.20000076,1739.599976,FALSE
1826,6908-VVYHM,Male,FALSE,TRUE,FALSE,65,TRUE,TRUE,Fiber optic,FALSE,TRUE,FALSE,FALSE,FALSE,TRUE,Month-to-month,TRUE,Electronic check,90.65000153,5931,FALSE
1827,2959-EEXWB,Female,FALSE,TRUE,TRUE,45,FALSE,,DSL,TRUE,FALSE,FALSE,FALSE,TRUE,TRUE,Month-to-month,TRUE,Bank transfer (automatic),50.90000153,2333.850098,FALSE
1828,1839-UMACK,Male,FALSE,FALSE,FALSE,42,TRUE,TRUE,No,,,,,,,One year,FALSE,Electronic check,25.04999924,949.8499756,FALSE
1829,3030-YDNRM,Male,FALSE,FALSE,FALSE,8,TRUE,TRUE,Fiber optic,FALSE,FALSE,FALSE,FALSE,FALSE,FALSE,Month-to-month,TRUE,Electronic check,74.84999847,572.4500122,FALSE
1830,7321-KKSDU,Male,FALSE,FALSE,TRUE,32,TRUE,FALSE,No,,,,,,,Two year,FALSE,Mailed check,20.5,696.7999878,FALSE
1831,3402-XRIUO,Female,TRUE,TRUE,FALSE,22,TRUE,TRUE,DSL,TRUE,TRUE,FALSE,TRUE,FALSE,FALSE,Month-to-month,TRUE,Mailed check,63.54999924,1381.800049,FALSE
1832,3132-TVFDZ,Male,TRUE,TRUE,FALSE,57,FALSE,,DSL,FALSE,FALSE,FALSE,FALSE,TRUE,TRUE,Month-to-month,TRUE,Electronic check,44.84999847,2572.949951,TRUE
1833,8286-AFUYI,Male,FALSE,FALSE,FALSE,1,TRUE,FALSE,DSL,TRUE,FALSE,FALSE,FALSE,FALSE,FALSE,Month-to-month,FALSE,Electronic check,47.95000076,47.95000076,FALSE
1834,8080-DDEMJ,Male,TRUE,FALSE,FALSE,1,TRUE,FALSE,DSL,FALSE,FALSE,FALSE,FALSE,FALSE,FALSE,Month-to-month,FALSE,Electronic check,45.09999847,45.09999847,TRUE
1835,8356-WUAOJ,Female,FALSE,TRUE,FALSE,1,TRUE,FALSE,DSL,FALSE,FALSE,FALSE,FALSE,FALSE,FALSE,Month-to-month,TRUE,Electronic check,45,45,FALSE
1836,6365-MTGZX,Male,FALSE,FALSE,FALSE,24,TRUE,FALSE,Fiber optic,FALSE,FALSE,FALSE,TRUE,TRUE,TRUE,Month-to-month,TRUE,Electronic check,96,2122.449951,TRUE
1837,1349-WXNGG,Male,FALSE,FALSE,FALSE,1,TRUE,FALSE,No,,,,,,,Month-to-month,FALSE,Bank transfer (automatic),20.04999924,20.04999924,TRUE
1838,8058-DMYRU,Male,TRUE,FALSE,FALSE,54,TRUE,TRUE,Fiber optic,FALSE,TRUE,FALSE,FALSE,FALSE,TRUE,Month-to-month,TRUE,Electronic check,90.05000305,4931.799805,FALSE
1839,9350-ZXYJC,Female,FALSE,FALSE,FALSE,4,TRUE,TRUE,No,,,,,,,Two year,TRUE,Credit card (automatic),25.29999924,116.9499969,FALSE
1840,6990-YNRIO,Male,FALSE,TRUE,TRUE,65,TRUE,TRUE,Fiber optic,TRUE,FALSE,TRUE,TRUE,TRUE,TRUE,Two year,FALSE,Bank transfer (automatic),108.6500015,6937.950195,TRUE
1841,8958-JPTRR,Female,FALSE,TRUE,FALSE,56,TRUE,TRUE,No,,,,,,,One year,FALSE,Electronic check,24.29999924,1261.699951,FALSE
1842,6959-GQEGV,Male,FALSE,FALSE,FALSE,45,TRUE,FALSE,DSL,TRUE,FALSE,TRUE,FALSE,TRUE,TRUE,Month-to-month,TRUE,Electronic check,75.94999695,3273.800049,FALSE
1843,3173-WSSUE,Female,FALSE,TRUE,TRUE,71,TRUE,FALSE,No,,,,,,,Two year,FALSE,Credit card (automatic),19.70000076,1415.849976,FALSE
1844,1265-HVPZB,Male,FALSE,TRUE,FALSE,59,TRUE,FALSE,DSL,TRUE,TRUE,TRUE,FALSE,TRUE,FALSE,One year,FALSE,Credit card (automatic),66.40000153,3958.199951,FALSE
1845,4115-UMJFQ,Male,FALSE,FALSE,FALSE,69,FALSE,,DSL,FALSE,TRUE,TRUE,FALSE,FALSE,FALSE,One year,TRUE,Bank transfer (automatic),35.75,2492.25,FALSE
1846,7369-TRPFD,Male,FALSE,FALSE,FALSE,19,TRUE,FALSE,No,,,,,,,One year,FALSE,Mailed check,18.79999924,279.2000122,FALSE
1847,1098-KFQEC,Female,FALSE,TRUE,TRUE,55,TRUE,FALSE,No,,,,,,,Two year,FALSE,Credit card (automatic),19.39999962,1083,FALSE
1848,7190-XHTWJ,Female,FALSE,FALSE,FALSE,38,TRUE,FALSE,No,,,,,,,One year,FALSE,Mailed check,19.29999924,755.5,FALSE
1849,0621-TWIEM,Male,FALSE,FALSE,FALSE,10,TRUE,FALSE,DSL,FALSE,FALSE,FALSE,FALSE,FALSE,FALSE,Month-to-month,TRUE,Electronic check,45.54999924,402.6000061,TRUE
1850,3537-RYBHH,Female,TRUE,TRUE,FALSE,47,TRUE,TRUE,DSL,TRUE,TRUE,TRUE,FALSE,FALSE,FALSE,Month-to-month,TRUE,Credit card (automatic),67.44999695,3252,FALSE
1851,2485-ITVKB,Female,FALSE,TRUE,FALSE,2,FALSE,,DSL,FALSE,FALSE,FALSE,FALSE,FALSE,TRUE,Month-to-month,TRUE,Electronic check,35.09999847,68.75,TRUE
1852,3669-OYSJI,Male,FALSE,FALSE,FALSE,1,TRUE,FALSE,DSL,FALSE,FALSE,FALSE,FALSE,FALSE,FALSE,Month-to-month,FALSE,Credit card (automatic),46.20000076,46.20000076,TRUE
1853,1612-EOHDH,Female,FALSE,FALSE,FALSE,1,TRUE,FALSE,DSL,FALSE,FALSE,FALSE,FALSE,FALSE,FALSE,Month-to-month,FALSE,Electronic check,45.15000153,45.15000153,TRUE
1854,6702-OHFWR,Male,TRUE,FALSE,FALSE,1,FALSE,,DSL,FALSE,TRUE,TRUE,FALSE,FALSE,TRUE,Month-to-month,TRUE,Electronic check,43.29999924,43.29999924,TRUE
1855,5296-BFCYD,Male,FALSE,TRUE,TRUE,46,TRUE,FALSE,No,,,,,,,Two year,TRUE,Mailed check,20.10000038,936.8499756,FALSE
1856,4510-PYUSH,Female,TRUE,FALSE,FALSE,38,TRUE,FALSE,DSL,TRUE,TRUE,FALSE,FALSE,FALSE,FALSE,Month-to-month,TRUE,Credit card (automatic),57.15000153,2250.649902,TRUE
1857,9359-JANWS,Female,FALSE,TRUE,FALSE,65,TRUE,FALSE,DSL,TRUE,FALSE,TRUE,TRUE,FALSE,FALSE,Two year,FALSE,Credit card (automatic),58.90000153,3857.100098,FALSE
1858,7517-SAWMO,Female,FALSE,TRUE,FALSE,19,TRUE,FALSE,Fiber optic,TRUE,FALSE,FALSE,FALSE,FALSE,FALSE,Month-to-month,TRUE,Electronic check,73.19999695,1441.099976,TRUE
1859,4143-HHPMK,Male,FALSE,FALSE,FALSE,52,TRUE,FALSE,Fiber optic,FALSE,TRUE,FALSE,FALSE,FALSE,TRUE,Month-to-month,TRUE,Electronic check,85.34999847,4338.600098,TRUE
1860,3279-DYZQM,Male,FALSE,TRUE,TRUE,71,TRUE,FALSE,No,,,,,,,Two year,FALSE,Mailed check,19.45000076,1378.449951,FALSE
1861,7054-LGEQW,Female,FALSE,FALSE,FALSE,1,TRUE,FALSE,DSL,FALSE,FALSE,FALSE,FALSE,FALSE,FALSE,Month-to-month,FALSE,Mailed check,45.95000076,45.95000076,TRUE
1862,0523-VNGTF,Female,TRUE,FALSE,FALSE,52,FALSE,,DSL,FALSE,TRUE,TRUE,TRUE,TRUE,FALSE,Month-to-month,TRUE,Electronic check,50.5,2566.300049,FALSE
1863,9575-IWCAZ,Male,FALSE,TRUE,FALSE,6,TRUE,TRUE,No,,,,,,,One year,FALSE,Mailed check,25.10000038,171,FALSE
1864,7105-MXJLL,Female,TRUE,TRUE,FALSE,26,TRUE,FALSE,DSL,FALSE,FALSE,TRUE,FALSE,FALSE,TRUE,One year,FALSE,Mailed check,60.70000076,1597.400024,FALSE
1865,7064-FRRSW,Male,TRUE,FALSE,FALSE,48,TRUE,TRUE,Fiber optic,FALSE,TRUE,FALSE,FALSE,TRUE,TRUE,One year,TRUE,Electronic check,99,4744.350098,FALSE
1866,7940-UQQUG,Female,FALSE,TRUE,TRUE,64,TRUE,TRUE,Fiber optic,TRUE,FALSE,FALSE,TRUE,TRUE,TRUE,One year,TRUE,Bank transfer (automatic),104.4000015,6721.600098,FALSE
1867,0923-PNFUB,Female,FALSE,FALSE,FALSE,3,TRUE,FALSE,Fiber optic,FALSE,TRUE,FALSE,FALSE,TRUE,FALSE,Month-to-month,FALSE,Electronic check,83.75,247.25,TRUE
1868,3961-SXAXY,Male,FALSE,FALSE,FALSE,1,TRUE,FALSE,DSL,FALSE,FALSE,FALSE,FALSE,FALSE,FALSE,Month-to-month,TRUE,Bank transfer (automatic),44.04999924,44.04999924,FALSE
1869,7010-BRBUU,Male,FALSE,TRUE,TRUE,72,TRUE,TRUE,No,,,,,,,Two year,FALSE,Credit card (automatic),24.10000038,1734.650024,FALSE
1870,3566-HJGPK,Male,FALSE,FALSE,FALSE,1,TRUE,FALSE,DSL,FALSE,FALSE,FALSE,FALSE,FALSE,FALSE,Month-to-month,TRUE,Mailed check,45.54999924,45.54999924,FALSE
1871,3062-ICYZQ,Female,FALSE,TRUE,TRUE,51,TRUE,TRUE,Fiber optic,TRUE,TRUE,FALSE,FALSE,FALSE,TRUE,Month-to-month,TRUE,Electronic check,93.80000305,4539.350098,FALSE
1872,9938-PRCVK,Female,FALSE,TRUE,TRUE,41,TRUE,FALSE,No,,,,,,,Two year,FALSE,Bank transfer (automatic),19.70000076,804.25,FALSE
1873,0973-KYVNF,Female,FALSE,TRUE,TRUE,72,TRUE,FALSE,DSL,TRUE,TRUE,TRUE,FALSE,TRUE,FALSE,Two year,TRUE,Credit card (automatic),70.65000153,5011.149902,FALSE
1874,5129-HHMZC,Female,FALSE,TRUE,FALSE,43,TRUE,TRUE,DSL,TRUE,TRUE,FALSE,TRUE,TRUE,TRUE,Two year,FALSE,Credit card (automatic),86.44999695,3574.5,FALSE
1875,9637-CDTKZ,Male,FALSE,TRUE,FALSE,72,TRUE,TRUE,Fiber optic,TRUE,TRUE,TRUE,TRUE,TRUE,TRUE,Two year,,Credit card (automatic),114.0999985,8086.399902,FALSE
1876,3946-JEWRQ,Male,FALSE,TRUE,FALSE,47,TRUE,TRUE,Fiber optic,FALSE,FALSE,FALSE,FALSE,TRUE,TRUE,One year,TRUE,Credit card (automatic),95.19999695,4563,FALSE
1877,7873-CVMAW,Male,FALSE,FALSE,FALSE,72,,TRUE,DSL,TRUE,TRUE,TRUE,TRUE,TRUE,TRUE,Two year,FALSE,Credit card (automatic),88.55000305,6362.350098,FALSE
1878,0463-WZZKO,Male,FALSE,FALSE,FALSE,3,TRUE,FALSE,No,,,,,,,Month-to-month,TRUE,Credit card (automatic),20.75,67.09999847,FALSE
1879,3494-JCHRQ,Male,FALSE,FALSE,FALSE,1,TRUE,FALSE,Fiber optic,FALSE,FALSE,FALSE,FALSE,FALSE,FALSE,Month-to-month,TRUE,Electronic check,70.05000305,70.05000305,TRUE
1880,6474-FVJLC,Male,FALSE,FALSE,FALSE,2,TRUE,TRUE,Fiber optic,FALSE,FALSE,FALSE,FALSE,FALSE,TRUE,Month-to-month,TRUE,Electronic check,86,165.4499969,TRUE
1881,4524-QCSSM,Male,FALSE,FALSE,FALSE,26,FALSE,,DSL,TRUE,TRUE,FALSE,FALSE,FALSE,TRUE,Month-to-month,TRUE,Bank transfer (automatic),44.65000153,1156.550049,FALSE
1882,5832-EXGTT,Male,FALSE,TRUE,TRUE,29,TRUE,FALSE,DSL,TRUE,FALSE,FALSE,FALSE,FALSE,TRUE,Month-to-month,TRUE,Mailed check,60.20000076,1834.150024,FALSE
1883,8840-DQLGN,Female,TRUE,TRUE,FALSE,35,TRUE,TRUE,Fiber optic,TRUE,TRUE,FALSE,TRUE,TRUE,FALSE,Month-to-month,,Bank transfer (automatic),100.5,3653.350098,TRUE
1884,2039-JONDJ,Male,FALSE,FALSE,FALSE,27,TRUE,FALSE,DSL,TRUE,TRUE,FALSE,FALSE,FALSE,FALSE,One year,FALSE,Bank transfer (automatic),55.45000076,1477.650024,FALSE
1885,7217-JYHOQ,Male,FALSE,TRUE,TRUE,24,TRUE,FALSE,DSL,TRUE,TRUE,FALSE,TRUE,FALSE,TRUE,Month-to-month,TRUE,Credit card (automatic),70.30000305,1706.449951,FALSE
1886,6695-FRVEC,Male,FALSE,TRUE,TRUE,67,TRUE,FALSE,DSL,TRUE,FALSE,TRUE,TRUE,FALSE,FALSE,Two year,TRUE,Bank transfer (automatic),60.40000153,3953.699951,FALSE
1887,4547-LYTDD,Female,FALSE,FALSE,FALSE,16,TRUE,TRUE,Fiber optic,FALSE,FALSE,FALSE,FALSE,FALSE,FALSE,Month-to-month,FALSE,Electronic check,72.65000153,1194.300049,TRUE
1888,9894-QMIMJ,Female,FALSE,FALSE,FALSE,23,TRUE,FALSE,DSL,FALSE,TRUE,TRUE,FALSE,FALSE,FALSE,One year,FALSE,Bank transfer (automatic),55.79999924,1327.849976,FALSE
1889,8069-YQQAJ,Male,FALSE,FALSE,FALSE,14,FALSE,,DSL,FALSE,TRUE,FALSE,FALSE,FALSE,FALSE,Month-to-month,TRUE,Mailed check,31.10000038,419.7000122,FALSE
1890,6770-XUAGN,Female,FALSE,TRUE,TRUE,1,TRUE,FALSE,No,,,,,,,Month-to-month,TRUE,Electronic check,21,21,TRUE
1891,4193-ORFCL,Female,TRUE,FALSE,FALSE,1,TRUE,FALSE,DSL,FALSE,FALSE,FALSE,FALSE,FALSE,FALSE,Month-to-month,FALSE,Mailed check,45.09999847,45.09999847,TRUE
1892,1636-NTNCO,Male,TRUE,FALSE,FALSE,4,FALSE,,DSL,FALSE,TRUE,FALSE,FALSE,TRUE,TRUE,Month-to-month,TRUE,Credit card (automatic),50.95000076,207.3500061,FALSE
1893,3466-WAESX,Male,FALSE,FALSE,TRUE,16,TRUE,TRUE,DSL,TRUE,TRUE,FALSE,FALSE,FALSE,TRUE,Month-to-month,TRUE,Electronic check,69.09999847,1083.699951,FALSE
1894,9281-PKKZE,Female,FALSE,TRUE,FALSE,46,FALSE,,DSL,FALSE,FALSE,FALSE,FALSE,TRUE,TRUE,Month-to-month,TRUE,Electronic check,43.95000076,2007.849976,FALSE
1895,3638-VBZTA,Male,FALSE,FALSE,TRUE,68,TRUE,TRUE,DSL,TRUE,TRUE,FALSE,TRUE,TRUE,TRUE,Two year,TRUE,Bank transfer (automatic),86.5,5882.75,FALSE
1896,7459-IMVYU,Male,FALSE,FALSE,FALSE,38,TRUE,TRUE,DSL,TRUE,TRUE,TRUE,TRUE,FALSE,FALSE,Month-to-month,FALSE,Electronic check,69.94999695,2657.550049,FALSE
1897,7776-QWNFX,Male,TRUE,TRUE,FALSE,30,TRUE,FALSE,DSL,FALSE,TRUE,FALSE,FALSE,FALSE,FALSE,Month-to-month,TRUE,Bank transfer (automatic),50.40000153,1527.5,TRUE
1898,6689-TCZHQ,Female,TRUE,FALSE,FALSE,5,TRUE,FALSE,Fiber optic,FALSE,FALSE,FALSE,FALSE,FALSE,TRUE,Month-to-month,FALSE,Electronic check,78.94999695,378.3999939,TRUE
1899,8563-OYMQY,Male,FALSE,FALSE,FALSE,17,TRUE,FALSE,Fiber optic,FALSE,TRUE,TRUE,FALSE,FALSE,TRUE,Month-to-month,TRUE,Credit card (automatic),90.94999695,1612.199951,FALSE
1900,0754-EEBDC,Male,FALSE,TRUE,TRUE,4,TRUE,FALSE,No,,,,,,,Two year,FALSE,Mailed check,19.89999962,76.65000153,FALSE
1901,5777-ZPQNC,Female,FALSE,FALSE,FALSE,12,TRUE,FALSE,No,,,,,,,One year,FALSE,Electronic check,20.14999962,260.7000122,FALSE
1902,1951-IEYXM,Male,FALSE,TRUE,TRUE,72,TRUE,TRUE,DSL,TRUE,TRUE,TRUE,TRUE,TRUE,TRUE,Two year,TRUE,Credit card (automatic),90.59999847,6441.850098,FALSE
1903,3318-NMQXL,Male,FALSE,FALSE,FALSE,3,TRUE,FALSE,Fiber optic,FALSE,FALSE,FALSE,FALSE,TRUE,TRUE,Month-to-month,TRUE,Electronic check,92,266.7999878,FALSE
1904,3143-ILDAL,Male,FALSE,FALSE,FALSE,56,TRUE,TRUE,Fiber optic,FALSE,TRUE,FALSE,TRUE,FALSE,TRUE,Month-to-month,TRUE,Electronic check,94.44999695,5124.600098,TRUE
1905,1022-RKXDR,Female,FALSE,FALSE,FALSE,41,TRUE,TRUE,No,,,,,,,One year,TRUE,Mailed check,24.85000038,962.25,FALSE
1906,2361-FJWNO,Male,FALSE,FALSE,FALSE,40,FALSE,,DSL,FALSE,TRUE,FALSE,TRUE,FALSE,FALSE,One year,FALSE,Credit card (automatic),36,1382.900024,FALSE
1907,2272-UOINI,Female,FALSE,FALSE,FALSE,7,TRUE,FALSE,DSL,TRUE,TRUE,FALSE,TRUE,TRUE,TRUE,Month-to-month,TRUE,Electronic check,78.5,571.0499878,FALSE
1908,8232-UTFOZ,Male,FALSE,FALSE,FALSE,69,TRUE,FALSE,No,,,,,,,Two year,FALSE,Credit card (automatic),19.95000076,1399.349976,FALSE
1909,3750-YHRYO,Male,FALSE,TRUE,TRUE,7,TRUE,FALSE,No,,,,,,,One year,FALSE,Mailed check,20.64999962,150,FALSE
1910,6637-KYRCV,Female,FALSE,TRUE,TRUE,5,FALSE,,DSL,FALSE,TRUE,FALSE,FALSE,FALSE,FALSE,Month-to-month,TRUE,Electronic check,30.5,167.1999969,FALSE
1911,5668-MEISB,Female,FALSE,TRUE,TRUE,72,TRUE,TRUE,Fiber optic,TRUE,TRUE,TRUE,TRUE,TRUE,FALSE,Two year,FALSE,Credit card (automatic),106.0999985,7657.399902,FALSE
1912,0129-QMPDR,Male,FALSE,TRUE,TRUE,44,TRUE,FALSE,No,,,,,,,One year,TRUE,Bank transfer (automatic),20.5,865.0499878,FALSE
1913,7188-CBBBA,Female,FALSE,FALSE,FALSE,65,TRUE,TRUE,Fiber optic,FALSE,TRUE,TRUE,FALSE,TRUE,FALSE,One year,TRUE,Electronic check,95.5,6153.850098,FALSE
1914,5356-CSVSQ,Female,FALSE,FALSE,FALSE,3,TRUE,TRUE,DSL,FALSE,FALSE,FALSE,TRUE,TRUE,FALSE,Month-to-month,FALSE,Electronic check,64.59999847,174.1999969,FALSE
1915,3221-CJMSG,Male,FALSE,FALSE,FALSE,24,TRUE,FALSE,DSL,FALSE,FALSE,FALSE,TRUE,FALSE,FALSE,Month-to-month,TRUE,Credit card (automatic),51.09999847,1269.599976,FALSE
1916,4720-VSTSI,Female,FALSE,FALSE,FALSE,44,TRUE,TRUE,Fiber optic,FALSE,TRUE,TRUE,FALSE,FALSE,FALSE,Month-to-month,TRUE,Bank transfer (automatic),84.80000305,3862.550049,TRUE
1917,3219-JQRSL,Female,TRUE,TRUE,FALSE,72,TRUE,TRUE,DSL,TRUE,TRUE,TRUE,TRUE,TRUE,TRUE,Two year,FALSE,Credit card (automatic),89.09999847,6352.399902,FALSE
1918,2801-NISEI,Male,FALSE,FALSE,FALSE,24,TRUE,FALSE,DSL,TRUE,FALSE,FALSE,TRUE,FALSE,FALSE,Month-to-month,FALSE,Electronic check,54.95000076,1348.5,FALSE
1919,3946-MHCZW,Male,FALSE,FALSE,FALSE,1,TRUE,FALSE,DSL,FALSE,FALSE,TRUE,FALSE,FALSE,FALSE,Month-to-month,FALSE,Mailed check,50.90000153,50.90000153,TRUE
1920,4623-ZKHLY,Male,FALSE,TRUE,FALSE,22,TRUE,FALSE,No,,,,,,,Month-to-month,TRUE,Bank transfer (automatic),20.45000076,471.5499878,FALSE
1921,6732-VAILE,Male,FALSE,TRUE,TRUE,70,TRUE,TRUE,DSL,FALSE,TRUE,TRUE,TRUE,TRUE,TRUE,Two year,TRUE,Credit card (automatic),85.94999695,5931.75,FALSE
1922,8201-AAXCB,Male,FALSE,TRUE,TRUE,25,TRUE,TRUE,DSL,FALSE,FALSE,FALSE,FALSE,TRUE,FALSE,Month-to-month,FALSE,Electronic check,60.34999847,1404.650024,FALSE
1923,7696-CFTAT,Male,FALSE,TRUE,TRUE,37,TRUE,FALSE,No,,,,,,,Two year,FALSE,Bank transfer (automatic),19.79999924,726.0999756,FALSE
1924,1845-CSBRZ,Female,TRUE,TRUE,TRUE,22,TRUE,TRUE,Fiber optic,FALSE,FALSE,FALSE,FALSE,TRUE,FALSE,Month-to-month,FALSE,Bank transfer (automatic),85.34999847,1961.599976,FALSE
1925,2123-VSCOT,Female,FALSE,TRUE,TRUE,59,TRUE,TRUE,DSL,FALSE,FALSE,TRUE,TRUE,TRUE,FALSE,Two year,TRUE,Bank transfer (automatic),72.09999847,4194.850098,FALSE
1926,6651-AZVTJ,Male,FALSE,TRUE,TRUE,49,TRUE,TRUE,Fiber optic,FALSE,FALSE,TRUE,FALSE,TRUE,TRUE,Month-to-month,TRUE,Electronic check,99.80000305,4872.450195,TRUE
1927,4566-GOLUK,Male,FALSE,TRUE,TRUE,47,TRUE,TRUE,Fiber optic,FALSE,FALSE,TRUE,TRUE,TRUE,TRUE,Month-to-month,TRUE,Bank transfer (automatic),107.3499985,5118.950195,TRUE
1928,2484-DGXPZ,Female,FALSE,TRUE,TRUE,31,TRUE,FALSE,No,,,,,,,Month-to-month,TRUE,Mailed check,19.54999924,658.9500122,TRUE
1929,2018-QKYGT,Male,FALSE,TRUE,TRUE,1,TRUE,FALSE,Fiber optic,FALSE,FALSE,FALSE,FALSE,FALSE,TRUE,Month-to-month,TRUE,Electronic check,81.05000305,81.05000305,FALSE
1930,2792-VPPET,Male,FALSE,FALSE,FALSE,3,TRUE,FALSE,No,,,,,,,Month-to-month,TRUE,Electronic check,20.5,76.94999695,FALSE
1931,7409-JURKQ,Female,FALSE,TRUE,FALSE,53,TRUE,TRUE,Fiber optic,FALSE,TRUE,TRUE,TRUE,TRUE,TRUE,One year,TRUE,Bank transfer (automatic),,5809.75,FALSE
1932,3247-MHJKM,Male,FALSE,FALSE,FALSE,1,TRUE,FALSE,No,,,,,,,Month-to-month,FALSE,Mailed check,20.20000076,20.20000076,FALSE
1933,1964-SVLEA,Male,FALSE,FALSE,FALSE,20,TRUE,FALSE,No,,,,,,,One year,TRUE,Mailed check,19.70000076,415.8999939,FALSE
1934,4587-NUKOX,Female,FALSE,FALSE,FALSE,3,TRUE,FALSE,Fiber optic,TRUE,TRUE,FALSE,FALSE,FALSE,FALSE,Month-to-month,TRUE,Electronic check,79.09999847,246.5,TRUE
1935,7297-DVYGA,Female,FALSE,FALSE,FALSE,51,TRUE,FALSE,No,,,,,,,One year,TRUE,Bank transfer (automatic),19.85000038,996.9500122,FALSE
1936,2239-CGBUZ,Female,FALSE,TRUE,FALSE,51,TRUE,FALSE,DSL,TRUE,TRUE,FALSE,TRUE,FALSE,FALSE,One year,TRUE,Bank transfer (automatic),60.5,3145.149902,FALSE
1937,0854-UYHZD,Female,FALSE,TRUE,TRUE,13,TRUE,FALSE,No,,,,,,,Two year,FALSE,Mailed check,19.54999924,265.2999878,FALSE
1938,7243-LCGGZ,Female,FALSE,FALSE,FALSE,1,TRUE,FALSE,No,,,,,,,Month-to-month,FALSE,Mailed check,20.89999962,20.89999962,FALSE
1939,8267-KFGYD,Male,FALSE,FALSE,TRUE,1,TRUE,FALSE,No,,,,,,,Month-to-month,TRUE,Mailed check,21.04999924,21.04999924,FALSE
1940,4890-VMUAV,Male,FALSE,FALSE,FALSE,63,TRUE,TRUE,DSL,TRUE,TRUE,TRUE,TRUE,FALSE,FALSE,One year,FALSE,Electronic check,71.5,4576.299805,FALSE
1941,9261-WDCAF,Male,FALSE,FALSE,FALSE,3,TRUE,FALSE,DSL,FALSE,FALSE,FALSE,FALSE,FALSE,TRUE,Month-to-month,FALSE,Mailed check,54.65000153,189.1000061,FALSE
1942,3764-MNMOI,Male,FALSE,FALSE,FALSE,46,TRUE,FALSE,No,,,,,,,Two year,FALSE,Credit card (automatic),19.20000076,908.1500244,FALSE
1943,7442-YGZFK,Male,FALSE,FALSE,FALSE,1,TRUE,TRUE,DSL,FALSE,FALSE,FALSE,FALSE,FALSE,FALSE,Month-to-month,TRUE,Credit card (automatic),49.79999924,49.79999924,FALSE
1944,0420-BWTPW,Male,FALSE,FALSE,TRUE,8,FALSE,,DSL,FALSE,FALSE,FALSE,FALSE,FALSE,FALSE,Month-to-month,FALSE,Mailed check,25.5,215.1999969,TRUE
1945,8229-BUJHX,Female,FALSE,TRUE,TRUE,71,TRUE,FALSE,No,,,,,,,Two year,FALSE,Bank transfer (automatic),20.5,1500.949951,FALSE
1946,7449-HVPIV,Male,FALSE,TRUE,TRUE,55,TRUE,TRUE,Fiber optic,FALSE,FALSE,TRUE,FALSE,TRUE,FALSE,Month-to-month,TRUE,Credit card (automatic),90.40000153,5099.149902,FALSE
1947,5504-WSIUR,Female,FALSE,FALSE,FALSE,70,TRUE,TRUE,Fiber optic,FALSE,TRUE,TRUE,TRUE,FALSE,FALSE,One year,TRUE,Bank transfer (automatic),90.25,6385.950195,FALSE
1948,8183-ONMXC,Female,FALSE,FALSE,FALSE,2,TRUE,FALSE,Fiber optic,FALSE,FALSE,FALSE,FALSE,FALSE,TRUE,Month-to-month,FALSE,Electronic check,80.75,159.4499969,TRUE
1949,8466-PZBLH,Male,FALSE,TRUE,TRUE,67,TRUE,TRUE,Fiber optic,TRUE,FALSE,FALSE,TRUE,TRUE,TRUE,Two year,FALSE,Bank transfer (automatic),104.5999985,6885.75,FALSE
1950,9614-RMGHA,Male,FALSE,TRUE,FALSE,65,TRUE,TRUE,Fiber optic,FALSE,TRUE,FALSE,FALSE,TRUE,FALSE,Month-to-month,TRUE,Bank transfer (automatic),91.84999847,5940.850098,TRUE
1951,8735-IJJEG,Male,FALSE,TRUE,FALSE,14,TRUE,FALSE,DSL,FALSE,FALSE,TRUE,FALSE,FALSE,FALSE,Month-to-month,FALSE,Credit card (automatic),50.20000076,668.8499756,FALSE
1952,0564-MUUQK,Female,FALSE,TRUE,TRUE,20,TRUE,TRUE,Fiber optic,FALSE,FALSE,TRUE,TRUE,FALSE,TRUE,Month-to-month,TRUE,Bank transfer (automatic),95.5,1916.199951,FALSE
1953,5054-IEXZT,Male,FALSE,FALSE,TRUE,1,TRUE,FALSE,Fiber optic,FALSE,TRUE,FALSE,FALSE,FALSE,FALSE,Month-to-month,TRUE,Electronic check,75.34999847,75.34999847,TRUE
1954,5834-ASPWA,Male,FALSE,FALSE,FALSE,1,TRUE,TRUE,Fiber optic,FALSE,FALSE,FALSE,FALSE,FALSE,FALSE,Month-to-month,TRUE,Electronic check,75.44999695,75.44999695,TRUE
1955,0701-RFGFI,Female,FALSE,TRUE,TRUE,49,TRUE,TRUE,Fiber optic,FALSE,FALSE,FALSE,FALSE,TRUE,TRUE,Month-to-month,TRUE,Bank transfer (automatic),95.40000153,4613.950195,FALSE
1956,0019-EFAEP,Female,FALSE,FALSE,FALSE,72,TRUE,TRUE,Fiber optic,TRUE,TRUE,TRUE,FALSE,TRUE,FALSE,Two year,TRUE,Bank transfer (automatic),101.3000031,7261.25,FALSE
1957,5619-PTMIK,Female,FALSE,TRUE,FALSE,46,TRUE,TRUE,DSL,TRUE,FALSE,FALSE,FALSE,FALSE,FALSE,Month-to-month,FALSE,Electronic check,53.09999847,2459.800049,FALSE
1958,3737-XBQDD,Male,FALSE,FALSE,FALSE,24,TRUE,TRUE,Fiber optic,FALSE,TRUE,TRUE,FALSE,FALSE,FALSE,Month-to-month,TRUE,Bank transfer (automatic),84.84999847,2048.800049,FALSE
1959,5882-CMAZQ,Female,FALSE,TRUE,TRUE,5,FALSE,,DSL,FALSE,TRUE,FALSE,TRUE,FALSE,FALSE,Month-to-month,FALSE,Electronic check,34.25,163.5500031,FALSE
1960,5846-QFDFI,Female,FALSE,TRUE,TRUE,33,TRUE,TRUE,Fiber optic,FALSE,TRUE,TRUE,TRUE,FALSE,FALSE,Month-to-month,FALSE,Credit card (automatic),88.59999847,2888.699951,FALSE
1961,4445-KWOKW,Female,FALSE,FALSE,FALSE,42,TRUE,TRUE,DSL,TRUE,TRUE,FALSE,FALSE,FALSE,FALSE,One year,TRUE,Bank transfer (automatic),60.15000153,2421.600098,FALSE
1962,3511-APPBJ,Male,FALSE,FALSE,FALSE,23,TRUE,FALSE,Fiber optic,TRUE,FALSE,TRUE,FALSE,TRUE,TRUE,One year,TRUE,Credit card (automatic),99.94999695,2292.75,FALSE
1963,7967-HYCDE,Male,FALSE,FALSE,FALSE,8,TRUE,FALSE,Fiber optic,FALSE,FALSE,FALSE,FALSE,FALSE,FALSE,Month-to-month,FALSE,Bank transfer (automatic),70.69999695,553.4000244,FALSE
1964,2430-RRYUW,Male,FALSE,FALSE,FALSE,66,TRUE,FALSE,DSL,TRUE,TRUE,FALSE,FALSE,FALSE,FALSE,One year,TRUE,Mailed check,54.79999924,3465.699951,FALSE
1965,,Male,FALSE,FALSE,FALSE,24,TRUE,FALSE,DSL,TRUE,FALSE,FALSE,FALSE,FALSE,FALSE,Month-to-month,TRUE,Bank transfer (automatic),49.54999924,1210.400024,TRUE
1966,3723-BFBGR,Male,TRUE,FALSE,FALSE,24,TRUE,TRUE,DSL,FALSE,TRUE,FALSE,FALSE,FALSE,FALSE,Month-to-month,FALSE,Credit card (automatic),54.79999924,1291.300049,FALSE
1967,0565-IYCGT,Male,FALSE,FALSE,FALSE,69,TRUE,TRUE,DSL,TRUE,TRUE,TRUE,TRUE,FALSE,TRUE,One year,TRUE,Credit card (automatic),78.59999847,5356.450195,TRUE
1968,5447-WZAFP,Female,FALSE,FALSE,FALSE,53,TRUE,FALSE,Fiber optic,FALSE,TRUE,TRUE,FALSE,TRUE,TRUE,One year,TRUE,Mailed check,100.3000031,5200.799805,FALSE
1969,5110-CHOPY,Female,FALSE,FALSE,FALSE,60,FALSE,,DSL,TRUE,FALSE,TRUE,FALSE,TRUE,TRUE,Two year,FALSE,Electronic check,53.59999847,3237.050049,FALSE
1970,5445-UTODQ,Female,FALSE,TRUE,FALSE,7,TRUE,FALSE,Fiber optic,FALSE,FALSE,FALSE,FALSE,TRUE,FALSE,Month-to-month,TRUE,Electronic check,81.09999847,576.6500244,TRUE
1971,4425-OWHWB,Female,FALSE,FALSE,FALSE,20,TRUE,FALSE,No,,,,,,,One year,TRUE,Credit card (automatic),19.35000038,433.75,FALSE
1972,7892-QVYKW,Female,FALSE,TRUE,TRUE,23,TRUE,TRUE,Fiber optic,FALSE,FALSE,FALSE,FALSE,FALSE,TRUE,Month-to-month,FALSE,Electronic check,85.59999847,1868.400024,FALSE
1973,9675-ICXCT,Male,FALSE,TRUE,TRUE,72,TRUE,FALSE,DSL,TRUE,FALSE,TRUE,TRUE,TRUE,TRUE,Two year,TRUE,Electronic check,80.80000305,5728.549805,FALSE
1974,1024-VRZHF,Male,FALSE,TRUE,FALSE,11,TRUE,TRUE,Fiber optic,FALSE,FALSE,FALSE,FALSE,FALSE,FALSE,Month-to-month,TRUE,Electronic check,74.94999695,825.7000122,TRUE
1975,4703-MQYKT,Male,FALSE,FALSE,FALSE,21,TRUE,FALSE,No,,,,,,,Two year,FALSE,Mailed check,19.60000038,390.3999939,FALSE
1976,9497-QCMMS,Male,TRUE,FALSE,FALSE,1,TRUE,TRUE,Fiber optic,FALSE,FALSE,FALSE,FALSE,TRUE,TRUE,Month-to-month,TRUE,Electronic check,93.55000305,93.55000305,TRUE
1977,5692-ICXLW,Male,TRUE,FALSE,FALSE,31,TRUE,TRUE,Fiber optic,FALSE,TRUE,FALSE,FALSE,TRUE,FALSE,Month-to-month,TRUE,Electronic check,90.69999695,2845.149902,FALSE
1978,0602-DDUML,Female,FALSE,FALSE,FALSE,57,TRUE,FALSE,DSL,FALSE,TRUE,TRUE,TRUE,TRUE,FALSE,Two year,FALSE,Mailed check,69.75,3894.399902,FALSE
1979,2208-MPXIO,Female,FALSE,TRUE,TRUE,45,TRUE,FALSE,No,,,,,,,Two year,TRUE,Bank transfer (automatic),20,886.4000244,FALSE
1980,1960-UYCNN,Male,FALSE,FALSE,FALSE,10,TRUE,TRUE,Fiber optic,FALSE,TRUE,TRUE,FALSE,FALSE,TRUE,Month-to-month,TRUE,Electronic check,95.25,1021.549988,FALSE
1981,0348-SDKOL,Female,FALSE,TRUE,FALSE,58,TRUE,TRUE,Fiber optic,FALSE,FALSE,TRUE,TRUE,TRUE,TRUE,Month-to-month,TRUE,Credit card (automatic),102.0999985,5885.399902,TRUE
1982,3190-FZATL,Male,FALSE,FALSE,TRUE,14,TRUE,FALSE,No,,,,,,,Month-to-month,FALSE,Mailed check,19.95000076,268.3999939,FALSE
1983,7336-RLLRH,Male,FALSE,TRUE,FALSE,27,TRUE,TRUE,DSL,TRUE,FALSE,FALSE,TRUE,TRUE,TRUE,One year,FALSE,Mailed check,80.84999847,2204.350098,FALSE
1984,4373-MAVJG,Female,FALSE,TRUE,TRUE,14,TRUE,TRUE,Fiber optic,FALSE,TRUE,FALSE,FALSE,FALSE,TRUE,Month-to-month,TRUE,Bank transfer (automatic),90.90000153,1259,TRUE
1985,8901-HJXTF,Female,FALSE,TRUE,TRUE,12,FALSE,,DSL,FALSE,TRUE,FALSE,FALSE,FALSE,FALSE,Month-to-month,FALSE,Mailed check,29.20000076,309.1000061,TRUE
1986,7710-JSYOA,Female,FALSE,TRUE,TRUE,69,TRUE,TRUE,Fiber optic,FALSE,TRUE,FALSE,TRUE,FALSE,TRUE,Two year,TRUE,Bank transfer (automatic),93.30000305,6398.049805,FALSE
1987,5419-KLXBN,Female,FALSE,TRUE,TRUE,25,TRUE,FALSE,Fiber optic,FALSE,TRUE,TRUE,FALSE,TRUE,FALSE,Month-to-month,TRUE,Bank transfer (automatic),89.15000153,2257.75,TRUE
1988,3424-NMNBO,Male,TRUE,TRUE,FALSE,58,TRUE,TRUE,Fiber optic,TRUE,TRUE,TRUE,FALSE,TRUE,TRUE,One year,TRUE,Electronic check,108.8499985,6287.25,TRUE
1989,9885-MFVSU,Female,FALSE,TRUE,TRUE,35,FALSE,,DSL,TRUE,FALSE,FALSE,TRUE,TRUE,FALSE,Two year,TRUE,Credit card (automatic),46.34999847,1662.050049,FALSE
1990,4514-GFCFI,Female,TRUE,FALSE,FALSE,16,TRUE,TRUE,Fiber optic,FALSE,FALSE,FALSE,FALSE,TRUE,FALSE,Month-to-month,TRUE,Electronic check,84.75,1350.150024,TRUE
1991,0607-MVMGC,Male,FALSE,TRUE,TRUE,45,TRUE,TRUE,DSL,FALSE,TRUE,TRUE,FALSE,TRUE,TRUE,One year,FALSE,Credit card (automatic),78.75,3600.649902,FALSE
1992,3365-SAIGS,Female,FALSE,FALSE,FALSE,17,TRUE,FALSE,Fiber optic,FALSE,TRUE,FALSE,FALSE,TRUE,FALSE,Month-to-month,TRUE,Electronic check,83.55000305,1329.150024,FALSE
1993,9828-AOQLM,Female,FALSE,TRUE,TRUE,1,TRUE,FALSE,DSL,FALSE,FALSE,FALSE,FALSE,FALSE,FALSE,Month-to-month,TRUE,Electronic check,45.70000076,45.70000076,TRUE
1994,8022-BECSI,Male,FALSE,FALSE,FALSE,22,TRUE,FALSE,No,,,,,,,One year,FALSE,Mailed check,19.60000038,422.5,FALSE
1995,8000-REIQB,Female,TRUE,FALSE,FALSE,1,TRUE,FALSE,Fiber optic,FALSE,FALSE,FALSE,FALSE,FALSE,FALSE,Month-to-month,TRUE,Electronic check,69.94999695,69.94999695,TRUE
1996,9993-LHIEB,Male,FALSE,TRUE,TRUE,67,TRUE,FALSE,DSL,TRUE,FALSE,TRUE,TRUE,FALSE,TRUE,Two year,FALSE,Mailed check,67.84999847,4627.649902,FALSE
1997,0266-CLZKZ,Female,FALSE,TRUE,TRUE,67,TRUE,TRUE,Fiber optic,FALSE,FALSE,TRUE,TRUE,TRUE,TRUE,Two year,TRUE,Bank transfer (automatic),105.6500015,6717.899902,FALSE
1998,7615-ESMYF,Female,FALSE,TRUE,FALSE,2,FALSE,,DSL,FALSE,FALSE,FALSE,FALSE,TRUE,TRUE,Month-to-month,FALSE,Electronic check,44.59999847,97.09999847,TRUE
1999,3858-VOBET,Male,FALSE,FALSE,FALSE,23,TRUE,TRUE,Fiber optic,FALSE,FALSE,FALSE,FALSE,FALSE,FALSE,Month-to-month,TRUE,Electronic check,74.94999695,1710.449951,TRUE
2000,7020-OZKXZ,Female,TRUE,FALSE,FALSE,9,TRUE,FALSE,Fiber optic,FALSE,FALSE,TRUE,FALSE,FALSE,FALSE,Month-to-month,FALSE,Credit card (automatic),75.5,637.4000244,FALSE
2001,3977-QCRSL,Female,FALSE,FALSE,FALSE,5,TRUE,FALSE,No,,,,,,,Month-to-month,FALSE,Mailed check,20.14999962,117.9499969,FALSE
2002,0017-DINOC,Male,FALSE,FALSE,FALSE,54,FALSE,,DSL,TRUE,FALSE,FALSE,TRUE,TRUE,FALSE,Two year,FALSE,Credit card (automatic),45.20000076,2460.550049,FALSE
2003,1447-PJGGA,Female,FALSE,FALSE,FALSE,57,TRUE,FALSE,Fiber optic,FALSE,FALSE,TRUE,FALSE,TRUE,TRUE,Two year,TRUE,Electronic check,95.25,5464.649902,TRUE
2004,8565-CLBZW,Male,FALSE,FALSE,FALSE,24,TRUE,TRUE,Fiber optic,FALSE,FALSE,TRUE,FALSE,TRUE,FALSE,Month-to-month,TRUE,Mailed check,89.84999847,2165.050049,TRUE
2005,9139-WQQDY,Female,FALSE,TRUE,TRUE,49,TRUE,TRUE,Fiber optic,FALSE,TRUE,FALSE,FALSE,TRUE,TRUE,One year,FALSE,Mailed check,100.4499969,4941.799805,TRUE
2006,0224-HJAPT,Male,FALSE,FALSE,FALSE,5,TRUE,TRUE,DSL,FALSE,FALSE,FALSE,FALSE,FALSE,FALSE,Month-to-month,FALSE,Electronic check,47.15000153,223.1499939,TRUE
2007,8086-OVPWV,Male,FALSE,FALSE,FALSE,2,TRUE,FALSE,Fiber optic,FALSE,FALSE,FALSE,FALSE,FALSE,TRUE,Month-to-month,TRUE,Electronic check,80.19999695,181.1000061,TRUE
2008,9430-FRQOC,Female,FALSE,FALSE,TRUE,4,TRUE,TRUE,Fiber optic,FALSE,FALSE,TRUE,TRUE,FALSE,FALSE,Month-to-month,TRUE,Mailed check,87.09999847,341.4500122,TRUE
2009,7639-OPLNG,Male,FALSE,TRUE,TRUE,70,TRUE,TRUE,DSL,TRUE,TRUE,TRUE,TRUE,TRUE,FALSE,Two year,TRUE,Bank transfer (automatic),79.25,5731.850098,FALSE
2010,3074-GQWYX,Male,FALSE,FALSE,FALSE,5,TRUE,TRUE,Fiber optic,FALSE,FALSE,FALSE,FALSE,FALSE,FALSE,Month-to-month,TRUE,Bank transfer (automatic),75.90000153,357.75,TRUE
2011,1492-QGCLU,Male,FALSE,TRUE,TRUE,53,TRUE,TRUE,DSL,TRUE,FALSE,TRUE,TRUE,TRUE,TRUE,Month-to-month,FALSE,Electronic check,85.69999695,4616.100098,FALSE
2012,6845-RGTYS,Female,FALSE,TRUE,FALSE,47,TRUE,TRUE,Fiber optic,TRUE,TRUE,TRUE,FALSE,TRUE,FALSE,Month-to-month,TRUE,Electronic check,98.75,4533.700195,TRUE
2013,7328-OWMOM,Female,FALSE,FALSE,TRUE,31,TRUE,FALSE,No,,,,,,,One year,FALSE,Credit card (automatic),20.10000038,589.25,FALSE
2014,4418-LZMSV,Male,FALSE,TRUE,TRUE,13,TRUE,FALSE,DSL,FALSE,TRUE,TRUE,TRUE,FALSE,FALSE,Month-to-month,FALSE,Bank transfer (automatic),61.79999924,750.0999756,FALSE
2015,5155-AZQPB,Female,FALSE,TRUE,TRUE,28,TRUE,TRUE,DSL,FALSE,FALSE,FALSE,FALSE,FALSE,FALSE,Month-to-month,FALSE,Mailed check,49.90000153,1410.25,FALSE
2016,8861-HGGKB,Female,FALSE,FALSE,FALSE,10,TRUE,TRUE,Fiber optic,FALSE,FALSE,FALSE,FALSE,FALSE,TRUE,Month-to-month,FALSE,Electronic check,86.44999695,830.8499756,TRUE
2017,1087-GRUYI,Male,FALSE,TRUE,FALSE,38,TRUE,FALSE,No,,,,,,,Two year,FALSE,Bank transfer (automatic),20.39999962,743.5,FALSE
2018,7065-YUNRY,Female,FALSE,FALSE,FALSE,1,TRUE,FALSE,DSL,FALSE,FALSE,FALSE,FALSE,FALSE,FALSE,Month-to-month,TRUE,Mailed check,45.29999924,45.29999924,TRUE
2019,7694-VLBWQ,Male,FALSE,TRUE,FALSE,67,TRUE,TRUE,Fiber optic,FALSE,TRUE,TRUE,FALSE,TRUE,TRUE,One year,FALSE,Electronic check,104.0999985,7040.850098,TRUE
2020,2546-KZAAT,Male,FALSE,TRUE,FALSE,52,TRUE,FALSE,DSL,TRUE,TRUE,FALSE,FALSE,TRUE,TRUE,One year,TRUE,Mailed check,75.40000153,3865.449951,FALSE
2021,0181-RITDD,Male,FALSE,TRUE,TRUE,62,TRUE,FALSE,Fiber optic,TRUE,TRUE,TRUE,TRUE,TRUE,TRUE,Two year,FALSE,Mailed check,108.1500015,6825.649902,FALSE
2022,5989-PGKJB,Female,FALSE,FALSE,FALSE,16,TRUE,FALSE,Fiber optic,FALSE,TRUE,FALSE,FALSE,FALSE,TRUE,Month-to-month,TRUE,Electronic check,86.25,1340.099976,FALSE
2023,4795-KTRTH,Female,TRUE,TRUE,FALSE,5,TRUE,TRUE,Fiber optic,FALSE,TRUE,FALSE,FALSE,FALSE,FALSE,Month-to-month,TRUE,Electronic check,81,371.6499939,TRUE
2024,8272-ONJLV,Male,FALSE,FALSE,FALSE,12,TRUE,FALSE,Fiber optic,FALSE,FALSE,TRUE,FALSE,TRUE,TRUE,One year,FALSE,Electronic check,95.69999695,1184,FALSE
2025,1488-PBLJN,Female,FALSE,TRUE,TRUE,72,TRUE,TRUE,Fiber optic,TRUE,TRUE,TRUE,TRUE,TRUE,TRUE,Two year,TRUE,Bank transfer (automatic),116.8499985,8477.700195,FALSE
2026,0308-GIQJT,Male,TRUE,FALSE,FALSE,71,TRUE,TRUE,Fiber optic,FALSE,TRUE,FALSE,TRUE,TRUE,TRUE,One year,FALSE,Bank transfer (automatic),105.75,7382.850098,FALSE
2027,3778-FOAQW,Female,FALSE,TRUE,FALSE,24,TRUE,FALSE,No,,,,,,,One year,FALSE,Mailed check,20.14999962,456.8500061,FALSE
2028,4452-ROHMO,Female,FALSE,FALSE,FALSE,15,TRUE,FALSE,No,,,,,,,Two year,FALSE,Mailed check,19.60000038,331.6000061,FALSE
2029,6481-OGDOO,Male,FALSE,TRUE,FALSE,67,TRUE,FALSE,Fiber optic,TRUE,TRUE,FALSE,FALSE,FALSE,TRUE,One year,TRUE,Credit card (automatic),90.59999847,6056.149902,TRUE
2030,3090-LETTY,Male,FALSE,FALSE,TRUE,2,TRUE,TRUE,DSL,TRUE,TRUE,FALSE,FALSE,FALSE,FALSE,Month-to-month,FALSE,Bank transfer (automatic),60.95000076,134.6000061,FALSE
2031,5349-AZPEW,Female,FALSE,TRUE,TRUE,5,FALSE,,DSL,FALSE,FALSE,FALSE,FALSE,FALSE,FALSE,Month-to-month,FALSE,Mailed check,25.04999924,125.5,FALSE
2032,3753-TSEMP,Female,FALSE,TRUE,FALSE,15,TRUE,FALSE,Fiber optic,FALSE,FALSE,FALSE,FALSE,TRUE,,Month-to-month,FALSE,Electronic check,88.15000153,1390.599976,TRUE
2033,8305-VHZBZ,Male,FALSE,FALSE,FALSE,1,TRUE,FALSE,No,,,,,,,Month-to-month,TRUE,Mailed check,20.20000076,20.20000076,TRUE
2034,9720-JJJOR,Male,FALSE,TRUE,TRUE,41,TRUE,FALSE,DSL,TRUE,TRUE,TRUE,FALSE,FALSE,FALSE,One year,TRUE,Bank transfer (automatic),60.29999924,2511.300049,FALSE
2035,8100-HZZLJ,Female,FALSE,FALSE,TRUE,43,TRUE,FALSE,DSL,TRUE,TRUE,FALSE,FALSE,FALSE,TRUE,Month-to-month,TRUE,Electronic check,63.95000076,2737.050049,FALSE
2036,8775-ERLNB,Male,TRUE,TRUE,FALSE,1,TRUE,TRUE,Fiber optic,FALSE,FALSE,FALSE,FALSE,FALSE,FALSE,Month-to-month,FALSE,Electronic check,74.30000305,74.30000305,FALSE
2037,8309-IEYJD,Female,TRUE,FALSE,FALSE,1,TRUE,FALSE,Fiber optic,FALSE,FALSE,FALSE,FALSE,FALSE,FALSE,Month-to-month,TRUE,Mailed check,70.59999847,70.59999847,FALSE
2038,9172-JITSM,Female,FALSE,TRUE,TRUE,26,TRUE,FALSE,Fiber optic,FALSE,FALSE,FALSE,FALSE,TRUE,TRUE,Month-to-month,TRUE,Electronic check,90.80000305,2361.800049,TRUE
2039,6298-QDFNH,Male,FALSE,FALSE,FALSE,22,TRUE,TRUE,Fiber optic,FALSE,TRUE,FALSE,FALSE,FALSE,FALSE,Month-to-month,TRUE,Electronic check,79.34999847,1730.349976,TRUE
2040,7398-HPYZQ,Male,FALSE,TRUE,FALSE,71,TRUE,TRUE,DSL,TRUE,TRUE,TRUE,TRUE,TRUE,TRUE,Two year,FALSE,Bank transfer (automatic),90.55000305,6404,FALSE
2041,3546-GHEAE,Male,FALSE,FALSE,FALSE,7,TRUE,FALSE,No,,,,,,,Two year,FALSE,Mailed check,19.45000076,165.3500061,FALSE
2042,7361-YPXFS,Female,TRUE,FALSE,FALSE,28,TRUE,TRUE,DSL,FALSE,TRUE,TRUE,TRUE,FALSE,FALSE,Month-to-month,FALSE,Bank transfer (automatic),64.44999695,1867.599976,FALSE
2043,6557-BZXLQ,Male,TRUE,FALSE,FALSE,16,TRUE,FALSE,Fiber optic,FALSE,FALSE,FALSE,FALSE,FALSE,FALSE,Month-to-month,FALSE,Electronic check,69.65000153,1043.300049,FALSE
2044,2550-QHZGP,Male,FALSE,FALSE,FALSE,7,TRUE,FALSE,No,,,,,,,One year,FALSE,Mailed check,19.5,128.6000061,FALSE
2045,7519-JTWQH,Female,FALSE,FALSE,FALSE,69,TRUE,TRUE,Fiber optic,FALSE,TRUE,TRUE,TRUE,TRUE,TRUE,Two year,TRUE,Bank transfer (automatic),110.5,7455.450195,FALSE
2046,2538-OIMXF,Female,FALSE,FALSE,TRUE,1,FALSE,,DSL,FALSE,FALSE,FALSE,FALSE,FALSE,FALSE,Month-to-month,FALSE,Mailed check,24.70000076,24.70000076,FALSE
2047,8543-MSDMF,Male,FALSE,FALSE,FALSE,3,TRUE,FALSE,DSL,TRUE,FALSE,TRUE,FALSE,TRUE,TRUE,Month-to-month,TRUE,Electronic check,77.40000153,206.1499939,FALSE
2048,9961-JBNMK,Male,TRUE,FALSE,FALSE,21,TRUE,FALSE,Fiber optic,FALSE,FALSE,TRUE,FALSE,TRUE,TRUE,Month-to-month,TRUE,Bank transfer (automatic),96.80000305,2030.300049,TRUE
2049,1170-SASML,Female,FALSE,TRUE,FALSE,69,TRUE,TRUE,Fiber optic,FALSE,TRUE,TRUE,FALSE,FALSE,FALSE,Month-to-month,TRUE,Bank transfer (automatic),85.40000153,5869.399902,FALSE
2050,4872-JCVCA,Female,FALSE,TRUE,FALSE,71,FALSE,,DSL,TRUE,TRUE,TRUE,TRUE,FALSE,FALSE,Two year,TRUE,Bank transfer (automatic),47.59999847,3377.800049,FALSE
2051,5346-BZCHP,Female,FALSE,TRUE,TRUE,69,TRUE,FALSE,No,,,,,,,Two year,FALSE,Mailed check,19.39999962,1346.199951,FALSE
2052,2038-LLMLM,Female,FALSE,FALSE,FALSE,48,TRUE,TRUE,Fiber optic,FALSE,FALSE,TRUE,TRUE,TRUE,TRUE,Month-to-month,TRUE,Electronic check,103.8499985,4946.049805,FALSE
2053,6173-ITPWD,Male,FALSE,TRUE,FALSE,47,TRUE,TRUE,Fiber optic,FALSE,TRUE,TRUE,FALSE,FALSE,FALSE,Month-to-month,TRUE,Bank transfer (automatic),83.34999847,4065,TRUE
2054,9734-UYXQI,Female,FALSE,FALSE,FALSE,2,TRUE,TRUE,DSL,FALSE,FALSE,FALSE,FALSE,FALSE,FALSE,Month-to-month,TRUE,Electronic check,49.40000153,106.5500031,TRUE
2055,1216-BGTSP,Male,FALSE,FALSE,FALSE,45,TRUE,TRUE,Fiber optic,TRUE,FALSE,TRUE,TRUE,TRUE,TRUE,Month-to-month,TRUE,Credit card (automatic),108.4499969,4964.700195,FALSE
2056,4138-NAXED,Male,FALSE,FALSE,FALSE,51,TRUE,TRUE,Fiber optic,FALSE,TRUE,FALSE,FALSE,FALSE,FALSE,Month-to-month,FALSE,Bank transfer (automatic),81,4085.75,FALSE
2057,2189-UXTKY,Female,FALSE,TRUE,FALSE,22,TRUE,TRUE,DSL,TRUE,FALSE,FALSE,TRUE,TRUE,TRUE,Month-to-month,TRUE,Electronic check,79.19999695,1742.75,TRUE
2058,0744-BIKKF,Male,FALSE,FALSE,FALSE,72,TRUE,TRUE,DSL,TRUE,TRUE,TRUE,TRUE,TRUE,TRUE,Two year,FALSE,Bank transfer (automatic),86.65000153,6224.799805,FALSE
2059,7483-IQWIB,Male,FALSE,TRUE,TRUE,37,TRUE,TRUE,Fiber optic,FALSE,TRUE,TRUE,FALSE,TRUE,FALSE,Month-to-month,TRUE,Electronic check,92.94999695,3415.25,FALSE
2060,5248-KWLAR,Male,FALSE,TRUE,TRUE,71,TRUE,TRUE,DSL,TRUE,TRUE,TRUE,TRUE,TRUE,TRUE,Two year,FALSE,Electronic check,90.34999847,6325.25,FALSE
2061,4958-GZWIY,Male,FALSE,TRUE,TRUE,7,TRUE,FALSE,DSL,FALSE,FALSE,TRUE,FALSE,FALSE,FALSE,Month-to-month,FALSE,Electronic check,48.70000076,340.25,TRUE
2062,7996-MHXLW,Female,FALSE,FALSE,FALSE,66,TRUE,TRUE,No,,,,,,,Two year,TRUE,Credit card (automatic),25.14999962,1683.599976,FALSE
2063,7833-PKIHD,Male,FALSE,TRUE,TRUE,51,TRUE,FALSE,DSL,TRUE,FALSE,FALSE,TRUE,TRUE,TRUE,One year,TRUE,Bank transfer (automatic),76.40000153,3966.300049,FALSE
2064,7061-OVMIM,Female,FALSE,TRUE,TRUE,30,TRUE,FALSE,No,,,,,,,One year,FALSE,Bank transfer (automatic),19.54999924,608.5,FALSE
2065,5153-RTHKF,Female,FALSE,FALSE,FALSE,34,TRUE,TRUE,Fiber optic,FALSE,FALSE,FALSE,FALSE,TRUE,FALSE,Month-to-month,FALSE,Electronic check,85.34999847,2896.600098,FALSE
2066,1852-QSWCD,Male,FALSE,TRUE,TRUE,64,TRUE,TRUE,No,,,,,,,Two year,TRUE,Mailed check,24.79999924,1514.849976,FALSE
2067,4832-VRBMR,Male,TRUE,TRUE,FALSE,65,TRUE,TRUE,Fiber optic,FALSE,TRUE,TRUE,FALSE,TRUE,TRUE,One year,TRUE,Bank transfer (automatic),103.1500015,6792.450195,FALSE
2068,9079-LWTFD,Male,FALSE,FALSE,FALSE,47,TRUE,TRUE,Fiber optic,TRUE,TRUE,FALSE,TRUE,TRUE,FALSE,Month-to-month,FALSE,Mailed check,100.75,4669.200195,FALSE
2069,6356-ELRKD,Female,FALSE,FALSE,FALSE,1,TRUE,FALSE,Fiber optic,TRUE,FALSE,FALSE,FALSE,TRUE,TRUE,Month-to-month,TRUE,Electronic check,95.59999847,95.59999847,TRUE
2070,8624-GIOUT,Female,FALSE,FALSE,FALSE,49,TRUE,TRUE,DSL,TRUE,TRUE,FALSE,FALSE,FALSE,FALSE,Month-to-month,TRUE,Credit card (automatic),59.75,2934.300049,TRUE
2071,3392-EHMNK,Female,FALSE,TRUE,TRUE,67,TRUE,TRUE,Fiber optic,FALSE,TRUE,FALSE,TRUE,TRUE,FALSE,Two year,FALSE,Credit card (automatic),94.09999847,6302.799805,FALSE
2072,5986-WWXDV,Male,FALSE,FALSE,TRUE,39,TRUE,FALSE,No,,,,,,,One year,FALSE,Bank transfer (automatic),19.35000038,779.2000122,FALSE
2073,3061-BCKYI,Male,FALSE,FALSE,FALSE,14,TRUE,FALSE,No,,,,,,,Month-to-month,FALSE,Mailed check,19.89999962,283.75,FALSE
2074,6179-GJPSO,Female,TRUE,FALSE,FALSE,43,TRUE,FALSE,Fiber optic,TRUE,TRUE,FALSE,TRUE,TRUE,TRUE,Month-to-month,TRUE,Credit card (automatic),108.1500015,4600.700195,TRUE
2075,7901-TBKJX,Male,TRUE,FALSE,FALSE,56,TRUE,TRUE,Fiber optic,FALSE,FALSE,TRUE,FALSE,TRUE,TRUE,Month-to-month,TRUE,Electronic check,101.0500031,5594,FALSE
2076,7228-PAQPD,Female,FALSE,FALSE,FALSE,14,TRUE,FALSE,DSL,FALSE,FALSE,FALSE,TRUE,FALSE,TRUE,One year,FALSE,Credit card (automatic),59.09999847,772.8499756,FALSE
2077,3177-LASXD,Female,FALSE,FALSE,FALSE,1,TRUE,FALSE,Fiber optic,FALSE,FALSE,FALSE,FALSE,FALSE,FALSE,Month-to-month,FALSE,Electronic check,71.34999847,71.34999847,TRUE
2078,7746-QYVCO,Male,FALSE,TRUE,TRUE,16,TRUE,FALSE,DSL,TRUE,TRUE,FALSE,FALSE,FALSE,FALSE,One year,TRUE,Mailed check,55.84999847,857.7999878,FALSE
2079,5804-HYIEZ,Male,FALSE,TRUE,TRUE,70,TRUE,TRUE,Fiber optic,TRUE,TRUE,FALSE,FALSE,TRUE,TRUE,Month-to-month,TRUE,Electronic check,106.0500031,7554.049805,FALSE
2080,9919-FZDED,Male,TRUE,TRUE,FALSE,72,TRUE,TRUE,DSL,TRUE,TRUE,TRUE,FALSE,TRUE,TRUE,Two year,TRUE,Credit card (automatic),84.09999847,5981.649902,FALSE
2081,5934-TSSAU,Female,FALSE,TRUE,TRUE,23,TRUE,FALSE,Fiber optic,FALSE,FALSE,TRUE,FALSE,FALSE,FALSE,Month-to-month,TRUE,Credit card (automatic),75.30000305,1702.900024,FALSE
2082,3486-KHMLI,Male,FALSE,FALSE,TRUE,21,TRUE,TRUE,No,,,,,,,Month-to-month,FALSE,Mailed check,24.70000076,467.1499939,FALSE
2083,4897-QSUYC,Female,FALSE,FALSE,FALSE,1,TRUE,FALSE,No,,,,,,,Month-to-month,TRUE,Mailed check,20.14999962,20.14999962,TRUE
2084,1084-UQCHV,Male,FALSE,FALSE,TRUE,1,TRUE,FALSE,Fiber optic,FALSE,FALSE,FALSE,FALSE,FALSE,FALSE,Month-to-month,FALSE,Bank transfer (automatic),69.75,69.75,TRUE
2085,8290-YWKHZ,Female,TRUE,TRUE,FALSE,32,TRUE,TRUE,Fiber optic,FALSE,FALSE,FALSE,FALSE,TRUE,TRUE,Month-to-month,TRUE,Electronic check,93.19999695,2931,TRUE
2086,2955-BJZHG,Male,FALSE,TRUE,TRUE,17,TRUE,FALSE,,FALSE,FALSE,FALSE,FALSE,TRUE,FALSE,Month-to-month,FALSE,Electronic check,80.84999847,1400.849976,TRUE
2087,3806-DXQOM,Female,FALSE,FALSE,FALSE,4,FALSE,,DSL,TRUE,TRUE,FALSE,FALSE,FALSE,FALSE,Month-to-month,TRUE,Electronic check,33.65000153,137.8500061,TRUE
2088,6784-XYJAE,Female,FALSE,FALSE,FALSE,36,TRUE,TRUE,DSL,FALSE,FALSE,,FALSE,FALSE,FALSE,One year,FALSE,Electronic check,55.79999924,1941.5,FALSE
2089,3933-DQPWX,Female,FALSE,FALSE,FALSE,50,FALSE,,DSL,FALSE,TRUE,TRUE,TRUE,FALSE,FALSE,Two year,FALSE,Credit card (automatic),39.70000076,1932.75,FALSE
2090,6661-EIPZC,Female,FALSE,TRUE,TRUE,48,FALSE,,DSL,FALSE,FALSE,FALSE,TRUE,FALSE,FALSE,Month-to-month,TRUE,Credit card (automatic),29.5,1423.050049,FALSE
2091,8957-THMOA,Female,FALSE,FALSE,TRUE,50,TRUE,FALSE,No,,,,,,,Two year,FALSE,Credit card (automatic),20.14999962,970.8499756,FALSE
2092,2251-PYLPB,Male,FALSE,TRUE,FALSE,72,TRUE,TRUE,DSL,TRUE,TRUE,TRUE,TRUE,FALSE,TRUE,Two year,FALSE,Credit card (automatic),79.55000305,5810.899902,FALSE
2093,5555-RNPGT,Male,FALSE,FALSE,TRUE,10,TRUE,TRUE,No,,,,,,,Month-to-month,FALSE,Credit card (automatic),24.79999924,223.8999939,FALSE
2094,1057-FOGLZ,Female,FALSE,FALSE,FALSE,18,TRUE,FALSE,No,,,,,,,Month-to-month,FALSE,Mailed check,19.64999962,391.7000122,FALSE
2095,9300-RENDD,Male,FALSE,FALSE,FALSE,1,TRUE,FALSE,Fiber optic,FALSE,FALSE,FALSE,FALSE,TRUE,FALSE,Month-to-month,TRUE,Electronic check,79.94999695,79.94999695,TRUE
2096,0761-AETCS,Female,FALSE,FALSE,FALSE,1,TRUE,FALSE,No,,,,,,,Month-to-month,FALSE,Electronic check,19.29999924,19.29999924,TRUE
2097,8087-LGYHQ,Male,FALSE,FALSE,FALSE,9,TRUE,FALSE,Fiber optic,FALSE,FALSE,TRUE,FALSE,TRUE,TRUE,Month-to-month,TRUE,Electronic check,94.05000305,811.6500244,FALSE
2098,4137-BTIKL,Male,FALSE,FALSE,FALSE,2,TRUE,TRUE,Fiber optic,TRUE,FALSE,FALSE,FALSE,FALSE,TRUE,Month-to-month,FALSE,Mailed check,90.75,174.75,FALSE
2099,2190-BCXEC,Female,FALSE,TRUE,FALSE,40,TRUE,TRUE,Fiber optic,FALSE,FALSE,FALSE,TRUE,FALSE,FALSE,Month-to-month,TRUE,Credit card (automatic),78.84999847,3126.850098,FALSE
2100,6227-FBDXH,Male,FALSE,TRUE,FALSE,69,TRUE,TRUE,Fiber optic,FALSE,FALSE,TRUE,FALSE,TRUE,TRUE,One year,FALSE,Bank transfer (automatic),99.5,6841.450195,FALSE
2101,2153-MREFK,Female,FALSE,TRUE,FALSE,37,TRUE,TRUE,Fiber optic,TRUE,FALSE,TRUE,TRUE,FALSE,TRUE,One year,TRUE,Electronic check,99.19999695,3754.600098,TRUE
2102,2911-WDXMV,Male,FALSE,FALSE,TRUE,18,TRUE,TRUE,Fiber optic,FALSE,FALSE,TRUE,FALSE,FALSE,FALSE,Month-to-month,TRUE,Credit card (automatic),80.55000305,1406.650024,FALSE
2103,7206-PQBBZ,Male,TRUE,TRUE,FALSE,11,TRUE,FALSE,Fiber optic,FALSE,FALSE,FALSE,FALSE,FALSE,FALSE,Month-to-month,TRUE,Electronic check,70.19999695,834.7000122,FALSE
2104,3106-ULWFW,Female,FALSE,TRUE,FALSE,8,TRUE,TRUE,Fiber optic,FALSE,FALSE,FALSE,FALSE,FALSE,TRUE,Month-to-month,TRUE,Credit card (automatic),85.19999695,627.4000244,TRUE
2105,0925-VYDLG,Female,FALSE,FALSE,FALSE,3,TRUE,TRUE,Fiber optic,FALSE,FALSE,FALSE,FALSE,FALSE,FALSE,Month-to-month,FALSE,Electronic check,75.25,242,TRUE
2106,4547-FZJWE,Male,FALSE,TRUE,TRUE,55,TRUE,FALSE,DSL,TRUE,FALSE,FALSE,FALSE,FALSE,TRUE,One year,FALSE,Credit card (automatic),59.45000076,3157,FALSE
2107,7422-WNBTY,Male,FALSE,TRUE,FALSE,33,TRUE,TRUE,Fiber optic,FALSE,TRUE,TRUE,FALSE,FALSE,TRUE,Month-to-month,TRUE,Electronic check,93.34999847,3092,FALSE
2108,0842-IWYCP,Female,FALSE,FALSE,FALSE,46,TRUE,FALSE,DSL,FALSE,FALSE,FALSE,FALSE,FALSE,FALSE,Month-to-month,FALSE,Bank transfer (automatic),44.95000076,2168.899902,FALSE
2109,3521-HTQTV,Male,FALSE,FALSE,FALSE,34,TRUE,TRUE,No,,,,,,,Two year,FALSE,Bank transfer (automatic),26.10000038,980.3499756,FALSE
2110,3744-ZBHON,Female,FALSE,FALSE,FALSE,3,TRUE,FALSE,No,,,,,,,Month-to-month,FALSE,Electronic check,20.20000076,65.94999695,FALSE
2111,3373-DIUUN,Male,FALSE,TRUE,TRUE,30,TRUE,FALSE,No,,,,,,,Two year,FALSE,Mailed check,21.25,711.9000244,FALSE
2112,8383-SGHJU,Female,FALSE,FALSE,FALSE,33,TRUE,TRUE,DSL,TRUE,FALSE,FALSE,TRUE,FALSE,FALSE,One year,FALSE,Electronic check,59.40000153,1952.800049,FALSE
2113,7607-QKKTJ,Male,FALSE,TRUE,TRUE,45,TRUE,TRUE,Fiber optic,FALSE,TRUE,TRUE,FALSE,FALSE,TRUE,One year,TRUE,Credit card (automatic),95,4368.850098,FALSE
2114,7707-PYBBH,Male,FALSE,FALSE,FALSE,40,TRUE,FALSE,DSL,TRUE,TRUE,FALSE,TRUE,FALSE,FALSE,Month-to-month,TRUE,Mailed check,61.90000153,2647.100098,FALSE
2115,8984-HPEMB,Female,FALSE,FALSE,FALSE,71,TRUE,TRUE,Fiber optic,TRUE,TRUE,TRUE,TRUE,TRUE,TRUE,Two year,TRUE,Electronic check,118.6500015,8477.599609,FALSE
2116,4349-GFQHK,Male,FALSE,FALSE,FALSE,1,TRUE,TRUE,DSL,FALSE,FALSE,TRUE,FALSE,FALSE,FALSE,Month-to-month,FALSE,Electronic check,54.34999847,54.34999847,TRUE
2117,4139-DETXS,Female,FALSE,TRUE,TRUE,72,FALSE,,DSL,TRUE,TRUE,TRUE,TRUE,TRUE,TRUE,Two year,FALSE,Bank transfer (automatic),64.44999695,4528,FALSE
2118,9779-DPNEJ,Female,FALSE,TRUE,TRUE,22,TRUE,FALSE,Fiber optic,FALSE,FALSE,FALSE,FALSE,FALSE,TRUE,Month-to-month,TRUE,Electronic check,80.15000153,1790.650024,FALSE
2119,9805-FILKB,Male,FALSE,TRUE,TRUE,46,TRUE,FALSE,No,,,,,,,One year,TRUE,Bank transfer (automatic),20.20000076,845.5999756,FALSE
2120,5793-YOLJN,Female,FALSE,TRUE,TRUE,55,TRUE,FALSE,No,,,,,,,Two year,FALSE,Mailed check,21,1210.300049,FALSE
2121,0673-IGUQO,Male,FALSE,FALSE,FALSE,1,TRUE,FALSE,No,,,,,,,Month-to-month,FALSE,Mailed check,20.45000076,20.45000076,FALSE
2122,4123-FCVCB,Female,FALSE,FALSE,FALSE,12,TRUE,TRUE,DSL,FALSE,FALSE,FALSE,TRUE,TRUE,TRUE,One year,TRUE,Mailed check,75.84999847,854.4500122,FALSE
2123,8819-IMISP,Male,FALSE,FALSE,FALSE,31,TRUE,TRUE,Fiber optic,FALSE,TRUE,FALSE,FALSE,FALSE,FALSE,Month-to-month,TRUE,Electronic check,80.44999695,2429.100098,FALSE
2124,7802-EFKNY,Male,FALSE,TRUE,FALSE,5,FALSE,,DSL,FALSE,FALSE,FALSE,FALSE,FALSE,FALSE,Month-to-month,TRUE,Electronic check,24.95000076,100.4000015,TRUE
2125,8311-UEUAB,Female,FALSE,TRUE,TRUE,67,TRUE,TRUE,DSL,TRUE,FALSE,FALSE,FALSE,TRUE,TRUE,Two year,TRUE,Electronic check,75.5,5229.450195,FALSE
2126,5858-EAFCZ,Male,FALSE,FALSE,FALSE,1,TRUE,FALSE,DSL,FALSE,FALSE,FALSE,FALSE,FALSE,FALSE,Month-to-month,FALSE,Mailed check,44.45000076,44.45000076,FALSE
2127,8035-BUYVG,Male,FALSE,TRUE,FALSE,40,FALSE,,DSL,TRUE,TRUE,TRUE,FALSE,FALSE,FALSE,One year,TRUE,Electronic check,42.34999847,1716.449951,TRUE
2128,1163-ONYEY,Male,FALSE,TRUE,TRUE,41,TRUE,TRUE,DSL,TRUE,TRUE,TRUE,FALSE,TRUE,FALSE,Month-to-month,TRUE,Credit card (automatic),74.55000305,3023.550049,FALSE
2129,9787-XVQIU,Male,FALSE,FALSE,FALSE,1,TRUE,TRUE,Fiber optic,FALSE,FALSE,FALSE,FALSE,FALSE,FALSE,Month-to-month,TRUE,Electronic check,75.30000305,75.30000305,TRUE
2130,8945-MUQUF,Male,FALSE,FALSE,FALSE,51,TRUE,TRUE,Fiber optic,TRUE,TRUE,FALSE,FALSE,TRUE,FALSE,One year,TRUE,Electronic check,94.80000305,4837.600098,TRUE
2131,5656-MJEFC,Male,FALSE,TRUE,TRUE,42,FALSE,,DSL,TRUE,FALSE,TRUE,TRUE,TRUE,FALSE,Two year,FALSE,Credit card (automatic),48.15000153,2032.300049,FALSE
2132,6082-OQFBA,Male,FALSE,TRUE,TRUE,23,TRUE,FALSE,No,,,,,,,One year,FALSE,Mailed check,19.64999962,436.8999939,FALSE
2133,8051-HJRLT,Female,TRUE,FALSE,FALSE,1,TRUE,FALSE,Fiber optic,FALSE,FALSE,FALSE,FALSE,FALSE,FALSE,Month-to-month,TRUE,Electronic check,70.55000305,70.55000305,TRUE
2134,8974-OVACP,Female,FALSE,FALSE,FALSE,1,TRUE,FALSE,No,,,,,,,Month-to-month,FALSE,Mailed check,20.14999962,20.14999962,FALSE
2135,4010-YLMVT,Female,FALSE,FALSE,FALSE,56,TRUE,TRUE,Fiber optic,TRUE,TRUE,FALSE,FALSE,TRUE,TRUE,Month-to-month,TRUE,Credit card (automatic),106.5999985,5893.950195,FALSE
2136,1379-FRVEB,Male,FALSE,FALSE,TRUE,15,TRUE,TRUE,Fiber optic,FALSE,TRUE,FALSE,FALSE,TRUE,FALSE,Month-to-month,TRUE,Electronic check,91,1430.050049,FALSE
2137,8612-GXIDD,Male,FALSE,TRUE,TRUE,12,TRUE,TRUE,No,,,,,,,Two year,TRUE,Bank transfer (automatic),25.39999962,313,FALSE
2138,6288-CHQJB,Female,FALSE,TRUE,TRUE,54,TRUE,FALSE,DSL,TRUE,FALSE,TRUE,TRUE,FALSE,TRUE,Two year,FALSE,Bank transfer (automatic),69.94999695,3871.850098,FALSE
2139,8160-HOWOX,Female,FALSE,FALSE,FALSE,7,TRUE,FALSE,DSL,FALSE,FALSE,FALSE,FALSE,TRUE,TRUE,Month-to-month,TRUE,Electronic check,66.84999847,458.1000061,FALSE
2140,3023-GFLBR,Female,FALSE,TRUE,TRUE,33,TRUE,TRUE,Fiber optic,FALSE,FALSE,FALSE,FALSE,FALSE,TRUE,Month-to-month,FALSE,Credit card (automatic),86.15000153,2745.699951,TRUE
2141,6648-INWPS,Male,FALSE,TRUE,TRUE,16,TRUE,FALSE,No,,,,,,,Month-to-month,FALSE,Electronic check,20.14999962,341.3500061,FALSE
2142,4223-BKEOR,Female,FALSE,FALSE,TRUE,21,TRUE,FALSE,DSL,TRUE,FALSE,TRUE,FALSE,FALSE,TRUE,One year,FALSE,Mailed check,64.84999847,1336.800049,FALSE
2143,4079-VTGLK,Male,TRUE,TRUE,FALSE,30,TRUE,TRUE,DSL,FALSE,FALSE,TRUE,FALSE,TRUE,TRUE,Two year,FALSE,Electronic check,74.84999847,2181.75,FALSE
2144,1763-WQFUK,Male,FALSE,FALSE,FALSE,3,TRUE,FALSE,DSL,FALSE,FALSE,FALSE,TRUE,FALSE,FALSE,Month-to-month,TRUE,Mailed check,50.5,147.75,FALSE
2145,1391-UBDAR,Male,FALSE,FALSE,FALSE,11,TRUE,FALSE,Fiber optic,FALSE,FALSE,TRUE,FALSE,FALSE,FALSE,Month-to-month,FALSE,Electronic check,72.90000153,818.4500122,FALSE
2146,8894-JVDCV,Female,FALSE,FALSE,FALSE,62,TRUE,TRUE,Fiber optic,TRUE,TRUE,TRUE,TRUE,TRUE,TRUE,One year,TRUE,Credit card (automatic),115.0500031,7133.450195,FALSE
2147,2023-VQFDL,Male,FALSE,FALSE,FALSE,18,TRUE,FALSE,No,,,,,,,Month-to-month,FALSE,Electronic check,19,348.7999878,FALSE
2148,1345-GKDZZ,Male,FALSE,FALSE,TRUE,6,TRUE,FALSE,No,,,,,,,Month-to-month,FALSE,Mailed check,19.54999924,128.6000061,FALSE
2149,2014-MKGMH,Female,FALSE,FALSE,FALSE,46,TRUE,TRUE,Fiber optic,FALSE,FALSE,TRUE,FALSE,TRUE,TRUE,One year,TRUE,Electronic check,101.0999985,4674.399902,FALSE
2150,5628-FCGYG,Male,FALSE,FALSE,FALSE,21,TRUE,TRUE,Fiber optic,FALSE,FALSE,FALSE,FALSE,FALSE,TRUE,Month-to-month,TRUE,Electronic check,84.09999847,1737.449951,FALSE
2151,2560-WBWXF,Male,FALSE,FALSE,FALSE,68,TRUE,TRUE,No,,,,,,,Two year,TRUE,Bank transfer (automatic),24.14999962,1498.849976,FALSE
2152,0248-IPDFW,Female,FALSE,FALSE,FALSE,1,TRUE,TRUE,DSL,FALSE,FALSE,FALSE,FALSE,FALSE,FALSE,Month-to-month,TRUE,Electronic check,50.09999847,50.09999847,FALSE
2153,7978-DKUQH,Female,FALSE,TRUE,FALSE,25,TRUE,FALSE,Fiber optic,FALSE,FALSE,TRUE,FALSE,FALSE,FALSE,Month-to-month,TRUE,Electronic check,74.59999847,1797.75,FALSE
2154,4335-UPJSI,Female,FALSE,FALSE,TRUE,24,TRUE,FALSE,No,,,,,,,Two year,FALSE,Mailed check,19.75,498.1000061,FALSE
2155,0524-IAVZO,Female,FALSE,TRUE,FALSE,30,TRUE,TRUE,Fiber optic,FALSE,FALSE,FALSE,FALSE,FALSE,TRUE,Month-to-month,TRUE,Electronic check,85,2624.25,TRUE
2156,2737-YNGYW,Female,FALSE,FALSE,FALSE,2,TRUE,FALSE,Fiber optic,FALSE,FALSE,FALSE,FALSE,FALSE,TRUE,Month-to-month,FALSE,Electronic check,80.55000305,184.1000061,TRUE
2157,1784-EZDKJ,Male,FALSE,TRUE,FALSE,51,TRUE,TRUE,Fiber optic,FALSE,TRUE,TRUE,FALSE,TRUE,TRUE,One year,TRUE,Bank transfer (automatic),106.8000031,5498.799805,FALSE
2158,9297-FVVDH,Female,FALSE,TRUE,TRUE,57,TRUE,TRUE,DSL,TRUE,FALSE,TRUE,TRUE,TRUE,TRUE,Two year,TRUE,Electronic check,84.5,4845.399902,FALSE
2159,8007-YYPWD,Female,FALSE,FALSE,FALSE,15,TRUE,TRUE,No,,,,,,,Two year,FALSE,Bank transfer (automatic),25.04999924,369.1000061,FALSE
2160,7101-HRBLJ,Female,FALSE,TRUE,TRUE,72,TRUE,FALSE,DSL,TRUE,TRUE,TRUE,TRUE,TRUE,TRUE,Two year,TRUE,Bank transfer (automatic),83.69999695,6096.899902,FALSE
2161,5159-YFPKQ,Female,FALSE,FALSE,FALSE,2,TRUE,FALSE,Fiber optic,FALSE,FALSE,TRUE,FALSE,FALSE,FALSE,Month-to-month,TRUE,Electronic check,75.80000305,160.75,TRUE
2162,6635-CPNUN,Male,FALSE,TRUE,FALSE,28,TRUE,TRUE,Fiber optic,FALSE,TRUE,TRUE,FALSE,TRUE,FALSE,Month-to-month,FALSE,Credit card (automatic),96.59999847,2684.350098,FALSE
2163,4021-RQSNY,Male,TRUE,TRUE,FALSE,29,TRUE,TRUE,Fiber optic,FALSE,FALSE,TRUE,FALSE,TRUE,TRUE,Month-to-month,TRUE,Electronic check,98.5,3004.149902,TRUE
2164,5453-YBTWV,Male,FALSE,TRUE,TRUE,70,TRUE,FALSE,Fiber optic,TRUE,TRUE,TRUE,TRUE,TRUE,FALSE,Two year,TRUE,Credit card (automatic),101.0999985,6994.799805,FALSE
2165,5039-LZRQT,Female,FALSE,FALSE,FALSE,13,TRUE,FALSE,No,,,,,,,One year,FALSE,Mailed check,20.20000076,273.25,FALSE
2166,2931-VUVJN,Female,TRUE,TRUE,FALSE,59,TRUE,TRUE,Fiber optic,TRUE,TRUE,TRUE,TRUE,FALSE,FALSE,One year,TRUE,Electronic check,94.05000305,5483.899902,FALSE
2167,9061-TIHDA,Male,TRUE,TRUE,FALSE,13,TRUE,TRUE,Fiber optic,FALSE,FALSE,FALSE,FALSE,TRUE,TRUE,Month-to-month,TRUE,Electronic check,95.25,1233.650024,TRUE
2168,8699-ASUFO,Male,TRUE,TRUE,FALSE,7,TRUE,TRUE,Fiber optic,FALSE,FALSE,FALSE,FALSE,FALSE,FALSE,Month-to-month,TRUE,Mailed check,74.40000153,527.9000244,TRUE
2169,6418-PIQSP,Female,FALSE,TRUE,FALSE,62,TRUE,FALSE,DSL,TRUE,FALSE,TRUE,TRUE,TRUE,TRUE,Two year,FALSE,Mailed check,81,4985.899902,FALSE
2170,8220-OCUFY,Female,FALSE,FALSE,FALSE,21,TRUE,FALSE,DSL,TRUE,FALSE,TRUE,TRUE,FALSE,FALSE,One year,TRUE,Electronic check,60.25,1258.349976,FALSE
2171,3995-WFCSM,Female,FALSE,FALSE,FALSE,2,TRUE,FALSE,DSL,FALSE,FALSE,TRUE,FALSE,FALSE,TRUE,Month-to-month,FALSE,Electronic check,60.84999847,111.4000015,FALSE
2172,1895-QTKDO,Female,FALSE,FALSE,FALSE,1,TRUE,FALSE,DSL,FALSE,FALSE,FALSE,FALSE,FALSE,FALSE,Month-to-month,FALSE,Credit card (automatic),43.95000076,43.95000076,FALSE
2173,2038-OEQZH,Male,FALSE,FALSE,FALSE,4,TRUE,FALSE,Fiber optic,FALSE,FALSE,TRUE,FALSE,FALSE,TRUE,Month-to-month,FALSE,Electronic check,86.05000305,308.1000061,FALSE
2174,1178-PZGAB,Female,FALSE,FALSE,FALSE,19,TRUE,FALSE,No,,,,,,,One year,FALSE,Credit card (automatic),20.25,383.6499939,FALSE
2175,7927-AUXBZ,Female,FALSE,FALSE,FALSE,30,TRUE,FALSE,Fiber optic,FALSE,FALSE,FALSE,TRUE,TRUE,FALSE,Month-to-month,FALSE,Electronic check,85.15000153,2555.899902,TRUE
2176,2626-VEEWG,Male,FALSE,TRUE,TRUE,67,TRUE,FALSE,No,,,,,,,Two year,TRUE,Credit card (automatic),19.39999962,1284.199951,FALSE
2177,2878-RMWXY,Male,TRUE,TRUE,FALSE,72,TRUE,TRUE,Fiber optic,TRUE,TRUE,TRUE,FALSE,FALSE,TRUE,Two year,TRUE,Credit card (automatic),102.6500015,7550.299805,FALSE
2178,1657-DYMBM,Male,FALSE,TRUE,FALSE,53,TRUE,FALSE,No,,,,,,,Two year,FALSE,Credit card (automatic),19.89999962,1110.050049,FALSE
2179,7311-MQJCH,Female,FALSE,FALSE,FALSE,5,TRUE,FALSE,No,,,,,,,One year,FALSE,Electronic check,19.54999924,99.59999847,FALSE
2180,7375-WMVMT,Male,TRUE,TRUE,FALSE,71,TRUE,FALSE,Fiber optic,FALSE,TRUE,TRUE,TRUE,FALSE,TRUE,Two year,TRUE,Credit card (automatic),95.5,6707.149902,FALSE
2181,1136-XGEQU,Female,FALSE,TRUE,TRUE,50,TRUE,TRUE,DSL,FALSE,TRUE,TRUE,TRUE,TRUE,TRUE,One year,TRUE,Credit card (automatic),84.15000153,4164.399902,FALSE
2182,2530-FMFXO,Male,FALSE,TRUE,TRUE,56,TRUE,TRUE,Fiber optic,FALSE,FALSE,TRUE,TRUE,TRUE,TRUE,Two year,TRUE,Electronic check,103.1999969,5873.75,FALSE
2183,6844-DZKRF,Male,FALSE,FALSE,FALSE,2,TRUE,FALSE,DSL,FALSE,FALSE,FALSE,TRUE,FALSE,FALSE,Month-to-month,TRUE,Credit card (automatic),50.20000076,109.25,FALSE
2184,4695-WJZUE,Female,TRUE,FALSE,FALSE,2,TRUE,TRUE,Fiber optic,FALSE,FALSE,TRUE,FALSE,FALSE,TRUE,Month-to-month,TRUE,Electronic check,88.55000305,179.25,TRUE
2185,7619-ODSGN,Male,FALSE,TRUE,TRUE,24,TRUE,TRUE,DSL,TRUE,FALSE,FALSE,FALSE,FALSE,FALSE,Month-to-month,FALSE,Electronic check,54.75,1338.150024,TRUE
2186,5970-GHJAW,Male,FALSE,TRUE,TRUE,46,TRUE,FALSE,No,,,,,,,Two year,FALSE,Credit card (automatic),19.95000076,862.4000244,FALSE
2187,8879-XUAHX,Male,FALSE,TRUE,FALSE,71,TRUE,TRUE,Fiber optic,TRUE,TRUE,TRUE,TRUE,TRUE,TRUE,Two year,TRUE,Electronic check,116.25,8564.75,FALSE
2188,3689-MOZGR,Female,FALSE,FALSE,FALSE,29,FALSE,,DSL,FALSE,FALSE,FALSE,TRUE,FALSE,FALSE,Month-to-month,TRUE,Electronic check,31.20000076,926.2000122,FALSE
2189,4195-PNGZS,Male,FALSE,TRUE,TRUE,69,TRUE,TRUE,No,,,,,,,Two year,FALSE,Bank transfer (automatic),24.45000076,1718.199951,FALSE
2190,5003-XZWWO,Male,FALSE,TRUE,FALSE,71,TRUE,TRUE,DSL,FALSE,TRUE,TRUE,TRUE,TRUE,TRUE,Two year,FALSE,Credit card (automatic),84.19999695,5956.850098,FALSE
2191,3988-RQIXO,Female,TRUE,FALSE,FALSE,1,TRUE,FALSE,Fiber optic,FALSE,FALSE,FALSE,FALSE,TRUE,TRUE,Month-to-month,TRUE,Electronic check,91.30000305,91.30000305,TRUE
2192,7622-FWGEW,Male,TRUE,TRUE,FALSE,56,TRUE,FALSE,DSL,TRUE,TRUE,TRUE,TRUE,TRUE,TRUE,Two year,TRUE,Bank transfer (automatic),85.65000153,4824.450195,FALSE
2193,6922-NCEDI,Male,FALSE,FALSE,TRUE,56,TRUE,FALSE,No,,,,,,,One year,TRUE,Mailed check,,1238.650024,FALSE
2194,2514-GINMM,Male,FALSE,FALSE,FALSE,1,TRUE,FALSE,Fiber optic,FALSE,FALSE,FALSE,FALSE,TRUE,FALSE,Month-to-month,TRUE,Electronic check,79.5,79.5,TRUE
2195,9891-NQDBD,Female,FALSE,TRUE,FALSE,28,TRUE,TRUE,No,,,,,,,One year,FALSE,Mailed check,25.54999924,672.2000122,FALSE
2196,6131-IUNXN,Female,FALSE,TRUE,TRUE,19,TRUE,FALSE,No,,,,,,,Month-to-month,FALSE,Mailed check,20.20000076,382.2000122,FALSE
2197,8548-AWOFC,Male,FALSE,TRUE,FALSE,66,TRUE,TRUE,DSL,FALSE,FALSE,FALSE,TRUE,FALSE,TRUE,Month-to-month,FALSE,Electronic check,63.84999847,4264.600098,FALSE
2198,9798-DRYDS,Female,FALSE,TRUE,TRUE,17,TRUE,TRUE,DSL,FALSE,FALSE,TRUE,TRUE,FALSE,FALSE,One year,TRUE,Mailed check,61.95000076,1070.699951,FALSE
2199,8532-UEFWH,Male,FALSE,TRUE,TRUE,52,TRUE,TRUE,No,,,,,,,Two year,FALSE,Mailed check,25.75,1345.849976,FALSE
2200,6296-DDOOR,Female,FALSE,FALSE,FALSE,19,TRUE,FALSE,DSL,FALSE,TRUE,FALSE,FALSE,TRUE,FALSE,One year,FALSE,Electronic check,58.20000076,1045.25,FALSE
2201,7951-VRDVK,Female,FALSE,FALSE,FALSE,36,TRUE,FALSE,DSL,TRUE,TRUE,TRUE,TRUE,TRUE,TRUE,One year,FALSE,Bank transfer (automatic),85.84999847,3003.550049,FALSE
2202,5931-FLJJF,Male,TRUE,TRUE,FALSE,7,TRUE,FALSE,Fiber optic,FALSE,FALSE,FALSE,FALSE,FALSE,FALSE,Month-to-month,TRUE,Mailed check,70.09999847,467.5499878,TRUE
2203,4815-YOSUK,Male,FALSE,TRUE,TRUE,72,TRUE,TRUE,Fiber optic,TRUE,TRUE,TRUE,TRUE,FALSE,TRUE,One year,TRUE,Credit card (automatic),104.9000015,7537.5,FALSE
2204,2659-VXMWZ,Male,FALSE,TRUE,TRUE,67,TRUE,TRUE,Fiber optic,TRUE,TRUE,TRUE,FALSE,TRUE,TRUE,One year,TRUE,Electronic check,111.3000031,7482.100098,TRUE
2205,0380-NEAVX,Male,TRUE,FALSE,FALSE,34,TRUE,FALSE,Fiber optic,FALSE,TRUE,TRUE,FALSE,TRUE,TRUE,One year,TRUE,Electronic check,99.84999847,3343.149902,FALSE
2206,3207-OYBWH,Male,TRUE,TRUE,FALSE,57,TRUE,TRUE,Fiber optic,FALSE,TRUE,TRUE,FALSE,FALSE,TRUE,Month-to-month,TRUE,Bank transfer (automatic),95.25,5427.049805,TRUE
2207,4285-GYRQC,Female,FALSE,TRUE,FALSE,7,TRUE,FALSE,Fiber optic,FALSE,FALSE,TRUE,FALSE,TRUE,FALSE,Month-to-month,TRUE,Electronic check,86.25,587.0999756,TRUE
2208,7216-EWTRS,Female,TRUE,TRUE,FALSE,1,TRUE,TRUE,Fiber optic,FALSE,FALSE,TRUE,FALSE,TRUE,TRUE,Month-to-month,TRUE,Electronic check,100.8000031,100.8000031,TRUE
2209,4365-MSDYN,Male,FALSE,TRUE,FALSE,8,TRUE,FALSE,No,,,,,,,Month-to-month,TRUE,Bank transfer (automatic),19.54999924,161.1499939,FALSE
2210,7036-TYDEC,Female,FALSE,FALSE,FALSE,69,TRUE,TRUE,Fiber optic,FALSE,FALSE,TRUE,TRUE,TRUE,TRUE,Two year,FALSE,Electronic check,104,7028.5,FALSE
2211,5802-ADBRC,Female,FALSE,TRUE,FALSE,50,TRUE,TRUE,Fiber optic,TRUE,FALSE,TRUE,FALSE,TRUE,TRUE,One year,TRUE,Mailed check,104.4000015,5232.899902,FALSE
2212,8076-FEZKJ,Male,FALSE,FALSE,FALSE,10,TRUE,FALSE,No,,,,,,,One year,FALSE,Mailed check,19.5,225.8500061,FALSE
2213,5197-YPYBZ,Female,FALSE,TRUE,TRUE,12,TRUE,TRUE,No,,,,,,,Two year,FALSE,Credit card (automatic),25.25,274.7000122,FALSE
2214,8337-MSSXB,Female,FALSE,FALSE,FALSE,14,TRUE,FALSE,Fiber optic,FALSE,TRUE,FALSE,FALSE,FALSE,TRUE,Month-to-month,TRUE,Electronic check,86.30000305,1180.949951,TRUE
2215,4312-GVYNH,Female,FALSE,TRUE,FALSE,70,FALSE,,DSL,TRUE,FALSE,TRUE,TRUE,FALSE,TRUE,Two year,TRUE,Bank transfer (automatic),49.84999847,3370.199951,FALSE
2216,8495-LJDFO,Female,TRUE,FALSE,FALSE,64,TRUE,TRUE,Fiber optic,TRUE,FALSE,TRUE,TRUE,TRUE,TRUE,Month-to-month,TRUE,Bank transfer (automatic),108.9499969,7111.299805,FALSE
2217,0839-JTCUD,Female,FALSE,TRUE,TRUE,66,TRUE,TRUE,DSL,TRUE,TRUE,TRUE,TRUE,TRUE,TRUE,Two year,FALSE,Credit card (automatic),89.90000153,5958.850098,FALSE
2218,5494-WOZRZ,Female,FALSE,TRUE,TRUE,71,TRUE,FALSE,DSL,TRUE,FALSE,TRUE,TRUE,TRUE,TRUE,Two year,TRUE,Credit card (automatic),82,5999.850098,FALSE
2219,1302-UHBDD,Male,TRUE,FALSE,FALSE,20,TRUE,FALSE,Fiber optic,FALSE,FALSE,FALSE,FALSE,TRUE,TRUE,Month-to-month,FALSE,Electronic check,89.94999695,1648.449951,FALSE
2220,2234-EOFPT,Male,FALSE,TRUE,FALSE,72,TRUE,FALSE,DSL,TRUE,TRUE,FALSE,TRUE,TRUE,TRUE,Two year,TRUE,Bank transfer (automatic),79.34999847,5753.25,FALSE
2221,8619-IJNDK,Female,FALSE,TRUE,TRUE,71,TRUE,FALSE,DSL,TRUE,TRUE,TRUE,TRUE,FALSE,FALSE,Two year,FALSE,Credit card (automatic),64.05000305,4492.899902,FALSE
2222,8378-LKJAF,Male,FALSE,TRUE,TRUE,38,TRUE,TRUE,Fiber optic,FALSE,FALSE,TRUE,FALSE,TRUE,TRUE,Month-to-month,TRUE,Credit card (automatic),101.1500015,3956.699951,FALSE
2223,8182-BJDSI,Female,FALSE,FALSE,FALSE,28,TRUE,TRUE,Fiber optic,FALSE,TRUE,FALSE,FALSE,FALSE,TRUE,Month-to-month,TRUE,Electronic check,89.94999695,2625.550049,TRUE
2224,2528-HFYZX,Male,TRUE,TRUE,FALSE,17,TRUE,FALSE,Fiber optic,FALSE,TRUE,FALSE,FALSE,FALSE,FALSE,Month-to-month,TRUE,Electronic check,76.44999695,1233.400024,TRUE
2225,1153-GNOLC,Male,FALSE,FALSE,FALSE,33,FALSE,,DSL,FALSE,TRUE,FALSE,FALSE,TRUE,FALSE,One year,TRUE,Electronic check,39.09999847,1309,FALSE
2226,3298-QEICA,Female,FALSE,TRUE,TRUE,23,FALSE,,DSL,TRUE,FALSE,FALSE,TRUE,FALSE,FALSE,Two year,FALSE,Mailed check,34.59999847,813.4500122,FALSE
2227,0788-DXBFY,Male,FALSE,TRUE,TRUE,58,TRUE,FALSE,No,,,,,,,One year,TRUE,Electronic check,19.54999924,1108.800049,FALSE
2228,3597-YASZG,Female,TRUE,TRUE,FALSE,70,TRUE,TRUE,Fiber optic,FALSE,TRUE,FALSE,TRUE,TRUE,TRUE,Two year,TRUE,Bank transfer (automatic),104.4499969,7349.350098,FALSE
2229,3496-LFSZU,Male,FALSE,TRUE,FALSE,4,TRUE,FALSE,Fiber optic,FALSE,FALSE,FALSE,FALSE,FALSE,FALSE,Month-to-month,FALSE,Electronic check,70.5,294.2000122,FALSE
2230,5242-UOWHD,Male,FALSE,TRUE,TRUE,45,TRUE,FALSE,No,,,,,,,Two year,FALSE,Mailed check,20.35000038,929.2000122,FALSE
2231,2482-CZGBB,Male,FALSE,FALSE,FALSE,10,TRUE,FALSE,Fiber optic,FALSE,FALSE,FALSE,FALSE,FALSE,FALSE,Month-to-month,TRUE,Electronic check,70,740,TRUE
2232,6479-SZPLM,Male,FALSE,TRUE,TRUE,36,TRUE,FALSE,No,,,,,,,Two year,FALSE,Credit card (automatic),19.45000076,754.5,FALSE
2233,8097-VBQTZ,Male,FALSE,FALSE,FALSE,54,TRUE,FALSE,DSL,TRUE,TRUE,FALSE,TRUE,TRUE,FALSE,Month-to-month,TRUE,Mailed check,69.90000153,3883.300049,FALSE
2234,4500-HKANN,Male,FALSE,TRUE,TRUE,23,TRUE,TRUE,DSL,FALSE,TRUE,FALSE,TRUE,FALSE,FALSE,Two year,FALSE,Mailed check,59.70000076,1414.199951,FALSE
2235,9917-KWRBE,Female,FALSE,TRUE,TRUE,41,TRUE,TRUE,DSL,TRUE,TRUE,TRUE,FALSE,TRUE,FALSE,One year,TRUE,Credit card (automatic),78.34999847,3211.199951,FALSE
2236,3420-ZDBMA,Male,TRUE,FALSE,FALSE,5,TRUE,FALSE,Fiber optic,FALSE,FALSE,FALSE,FALSE,FALSE,FALSE,Month-to-month,TRUE,Mailed check,71.44999695,371.6000061,FALSE
2237,2212-LYASK,Male,FALSE,TRUE,TRUE,27,FALSE,,DSL,FALSE,TRUE,TRUE,FALSE,FALSE,TRUE,One year,TRUE,Credit card (automatic),45.84999847,1246.400024,FALSE
2238,1393-IMKZG,Female,FALSE,FALSE,FALSE,1,TRUE,FALSE,Fiber optic,FALSE,FALSE,FALSE,TRUE,TRUE,TRUE,Month-to-month,TRUE,Electronic check,95.84999847,95.84999847,FALSE
2239,8069-RHUXK,Female,FALSE,TRUE,TRUE,67,FALSE,,DSL,TRUE,FALSE,FALSE,TRUE,FALSE,FALSE,Two year,FALSE,Credit card (automatic),35.70000076,2545.699951,FALSE
2240,3398-GCPMU,Female,TRUE,TRUE,TRUE,72,TRUE,TRUE,DSL,TRUE,TRUE,TRUE,TRUE,TRUE,TRUE,Two year,TRUE,Credit card (automatic),89.55000305,6448.850098,FALSE
2241,2908-WGAXL,Female,FALSE,TRUE,TRUE,56,TRUE,TRUE,No,,,,,,,Two year,TRUE,Credit card (automatic),24.95000076,1468.900024,FALSE
2242,3378-AJRAO,Male,FALSE,TRUE,TRUE,44,TRUE,TRUE,No,,,,,,,One year,FALSE,Electronic check,24.85000038,1013.599976,FALSE
2243,1013-QCWAM,Female,TRUE,TRUE,FALSE,66,TRUE,TRUE,Fiber optic,FALSE,TRUE,FALSE,FALSE,TRUE,TRUE,Month-to-month,TRUE,Electronic check,100.8000031,6690.75,FALSE
2244,0866-QLSIR,Female,FALSE,FALSE,FALSE,34,TRUE,TRUE,DSL,TRUE,TRUE,FALSE,TRUE,FALSE,FALSE,One year,TRUE,Mailed check,64.40000153,2088.75,TRUE
2245,6050-FFXES,Female,FALSE,TRUE,FALSE,69,TRUE,TRUE,Fiber optic,FALSE,FALSE,TRUE,TRUE,TRUE,TRUE,Two year,FALSE,Bank transfer (automatic),105.3499985,7240.649902,FALSE
2246,7181-BQYBV,Female,FALSE,TRUE,TRUE,1,TRUE,TRUE,Fiber optic,TRUE,FALSE,TRUE,FALSE,TRUE,TRUE,Month-to-month,TRUE,Electronic check,102.4499969,102.4499969,TRUE
2247,0362-RAOQO,Female,FALSE,FALSE,FALSE,40,TRUE,FALSE,No,,,,,,,Two year,FALSE,Credit card (automatic),19.64999962,830.25,FALSE
2248,9554-DFKIC,Male,FALSE,TRUE,TRUE,30,TRUE,TRUE,DSL,TRUE,FALSE,FALSE,FALSE,FALSE,FALSE,Month-to-month,TRUE,Bank transfer (automatic),54.45000076,1588.699951,FALSE
2249,5527-ACHSO,Female,FALSE,FALSE,FALSE,11,TRUE,FALSE,DSL,FALSE,FALSE,FALSE,TRUE,TRUE,TRUE,Month-to-month,FALSE,Mailed check,70.5,829.2999878,FALSE
2250,0829-DDVLK,Female,FALSE,FALSE,FALSE,15,TRUE,FALSE,No,,,,,,,One year,FALSE,Credit card (automatic),20.10000038,302.4500122,FALSE
2251,1399-UBQIU,Male,FALSE,FALSE,FALSE,11,TRUE,FALSE,DSL,FALSE,FALSE,TRUE,FALSE,TRUE,TRUE,Month-to-month,TRUE,Electronic check,69.34999847,712.25,FALSE
2252,1813-JLKWR,Female,FALSE,TRUE,TRUE,64,TRUE,FALSE,No,,,,,,,One year,FALSE,Bank transfer (automatic),19.79999924,1336.650024,FALSE
2253,0336-PIKEI,Male,TRUE,TRUE,FALSE,72,TRUE,FALSE,DSL,TRUE,TRUE,TRUE,TRUE,TRUE,FALSE,Two year,FALSE,Bank transfer (automatic),74.40000153,5360.75,FALSE
2254,7322-OCWHC,Male,TRUE,TRUE,FALSE,72,TRUE,TRUE,Fiber optic,TRUE,TRUE,TRUE,TRUE,FALSE,FALSE,Two year,TRUE,Bank transfer (automatic),93.05000305,6735.049805,FALSE
2255,9537-VHDTA,Female,FALSE,FALSE,TRUE,1,TRUE,FALSE,DSL,TRUE,FALSE,FALSE,FALSE,FALSE,FALSE,Month-to-month,FALSE,Mailed check,51.20000076,51.20000076,FALSE
2256,4957-TIALW,Female,FALSE,FALSE,TRUE,15,TRUE,FALSE,DSL,TRUE,TRUE,TRUE,TRUE,FALSE,FALSE,One year,FALSE,Credit card (automatic),65.59999847,1010,FALSE
2257,2054-PJOCK,Female,FALSE,FALSE,FALSE,60,TRUE,TRUE,DSL,FALSE,FALSE,TRUE,TRUE,TRUE,TRUE,One year,FALSE,Credit card (automatic),80.55000305,4847.049805,FALSE
2258,9150-HEPMB,Male,FALSE,FALSE,FALSE,56,TRUE,FALSE,DSL,TRUE,FALSE,TRUE,FALSE,FALSE,FALSE,One year,FALSE,Mailed check,52.70000076,3019.699951,FALSE
2259,9030-QGZNL,Female,FALSE,FALSE,FALSE,8,TRUE,FALSE,No,,,,,,,Two year,FALSE,Mailed check,20.85000038,161.6499939,FALSE
2260,6204-IEUXJ,Female,FALSE,FALSE,FALSE,3,TRUE,FALSE,Fiber optic,FALSE,FALSE,TRUE,TRUE,FALSE,FALSE,Month-to-month,FALSE,Credit card (automatic),80.09999847,217.5500031,TRUE
2261,3126-WQMGH,Female,FALSE,TRUE,FALSE,49,TRUE,TRUE,DSL,FALSE,FALSE,FALSE,FALSE,FALSE,FALSE,Month-to-month,TRUE,Credit card (automatic),52.15000153,2583.75,FALSE
2262,4529-CKBCL,Female,FALSE,FALSE,FALSE,2,TRUE,FALSE,Fiber optic,FALSE,FALSE,FALSE,FALSE,TRUE,FALSE,Month-to-month,TRUE,Electronic check,80.19999695,146.0500031,TRUE
2263,2506-CLAKW,Female,FALSE,FALSE,FALSE,6,TRUE,FALSE,Fiber optic,TRUE,TRUE,TRUE,TRUE,FALSE,TRUE,Month-to-month,TRUE,Bank transfer (automatic),98.15000153,567.4500122,TRUE
2264,7176-WRTNX,Male,FALSE,FALSE,FALSE,70,TRUE,TRUE,Fiber optic,TRUE,TRUE,TRUE,TRUE,TRUE,TRUE,Two year,TRUE,Bank transfer (automatic),114.9499969,7711.25,FALSE
2265,1583-IHQZE,Male,FALSE,FALSE,FALSE,12,TRUE,TRUE,Fiber optic,FALSE,TRUE,TRUE,TRUE,TRUE,TRUE,Month-to-month,TRUE,Mailed check,112.9499969,1384.75,TRUE
2266,5732-IKGQH,Male,TRUE,TRUE,FALSE,52,TRUE,FALSE,Fiber optic,TRUE,FALSE,TRUE,TRUE,TRUE,TRUE,One year,TRUE,Bank transfer (automatic),104.4499969,5481.25,FALSE
2267,9239-GZHZE,Female,FALSE,TRUE,FALSE,72,TRUE,TRUE,Fiber optic,TRUE,TRUE,TRUE,TRUE,TRUE,TRUE,Two year,TRUE,Credit card (automatic),113.6500015,8124.200195,FALSE
2268,7205-BAIAD,Female,FALSE,FALSE,FALSE,40,TRUE,FALSE,No,,,,,,,Two year,TRUE,Bank transfer (automatic),20.60000038,827.2999878,FALSE
2269,0151-ONTOV,Female,FALSE,FALSE,FALSE,1,TRUE,FALSE,Fiber optic,FALSE,FALSE,FALSE,FALSE,FALSE,FALSE,Month-to-month,FALSE,Mailed check,70.90000153,70.90000153,TRUE
2270,4140-MUHUG,Female,TRUE,FALSE,FALSE,3,TRUE,FALSE,Fiber optic,FALSE,FALSE,TRUE,FALSE,TRUE,FALSE,Month-to-month,TRUE,Electronic check,86.84999847,220.9499969,TRUE
2271,0093-EXYQL,Female,TRUE,FALSE,FALSE,40,TRUE,FALSE,Fiber optic,FALSE,FALSE,FALSE,FALSE,TRUE,TRUE,Month-to-month,TRUE,Electronic check,91.55000305,3673.600098,FALSE
2272,8064-RAVOH,Male,FALSE,FALSE,TRUE,1,TRUE,FALSE,DSL,FALSE,FALSE,TRUE,FALSE,FALSE,FALSE,Month-to-month,TRUE,Electronic check,49.84999847,49.84999847,FALSE
2273,0219-QAERP,Male,FALSE,TRUE,FALSE,30,TRUE,FALSE,No,,,,,,,One year,FALSE,Credit card (automatic),19.79999924,576.6500244,FALSE
2274,0320-JDNQG,Male,FALSE,TRUE,TRUE,23,TRUE,FALSE,Fiber optic,TRUE,FALSE,FALSE,TRUE,TRUE,TRUE,Month-to-month,TRUE,Electronic check,99.84999847,2331.300049,TRUE
2275,7180-PISOG,Male,FALSE,TRUE,TRUE,1,TRUE,TRUE,Fiber optic,FALSE,FALSE,FALSE,FALSE,FALSE,FALSE,Month-to-month,TRUE,Electronic check,74.5,74.5,TRUE
2276,9168-INPSZ,Female,TRUE,TRUE,FALSE,44,TRUE,TRUE,Fiber optic,FALSE,FALSE,TRUE,TRUE,TRUE,TRUE,Month-to-month,FALSE,Electronic check,104.1500015,4495.649902,FALSE
2277,3571-RFHAR,Male,FALSE,FALSE,FALSE,65,,TRUE,Fiber optic,FALSE,TRUE,TRUE,TRUE,TRUE,TRUE,Month-to-month,TRUE,Electronic check,109.1500015,6941.200195,TRUE
2278,0015-UOCOJ,Female,TRUE,FALSE,FALSE,7,TRUE,FALSE,DSL,TRUE,FALSE,FALSE,FALSE,FALSE,FALSE,Month-to-month,TRUE,Electronic check,48.20000076,340.3500061,FALSE
2279,5334-AFQJB,Male,TRUE,FALSE,FALSE,72,TRUE,TRUE,No,,,,,,,Two year,TRUE,Credit card (automatic),25.10000038,1789.900024,FALSE
2280,2754-SDJRD,Female,TRUE,FALSE,FALSE,8,TRUE,TRUE,Fiber optic,FALSE,FALSE,FALSE,TRUE,TRUE,TRUE,Month-to-month,TRUE,Credit card (automatic),100.1500015,908.5499878,FALSE
2281,9578-VRMNM,Female,FALSE,FALSE,FALSE,16,TRUE,TRUE,DSL,FALSE,FALSE,TRUE,FALSE,FALSE,TRUE,Month-to-month,TRUE,Credit card (automatic),65.19999695,1043.349976,TRUE
2282,1587-FKLZB,Male,TRUE,TRUE,TRUE,66,TRUE,TRUE,Fiber optic,FALSE,FALSE,TRUE,FALSE,TRUE,TRUE,Month-to-month,TRUE,Credit card (automatic),99.5,6822.149902,TRUE
2283,6140-QNRQQ,Male,FALSE,FALSE,FALSE,1,TRUE,FALSE,Fiber optic,FALSE,FALSE,FALSE,FALSE,FALSE,FALSE,Month-to-month,TRUE,Mailed check,71.55000305,71.55000305,TRUE
2284,8963-JLGJT,Male,FALSE,FALSE,TRUE,3,TRUE,FALSE,DSL,TRUE,FALSE,TRUE,FALSE,FALSE,FALSE,Month-to-month,FALSE,Mailed check,55.90000153,157.5500031,FALSE
2285,4307-KTUMW,Male,FALSE,TRUE,FALSE,53,TRUE,TRUE,Fiber optic,TRUE,FALSE,TRUE,FALSE,FALSE,TRUE,Month-to-month,FALSE,Electronic check,93.90000153,5029.200195,TRUE
2286,1465-LNTLJ,Male,TRUE,TRUE,FALSE,8,TRUE,FALSE,DSL,FALSE,FALSE,TRUE,TRUE,FALSE,TRUE,Month-to-month,TRUE,Credit card (automatic),64.40000153,581.7000122,FALSE
2287,5440-FLBQG,Male,TRUE,TRUE,FALSE,69,TRUE,TRUE,Fiber optic,FALSE,TRUE,TRUE,TRUE,TRUE,TRUE,Two year,TRUE,Bank transfer (automatic),108.4000015,7318.200195,TRUE
2288,2135-DQWAQ,Female,FALSE,FALSE,FALSE,5,TRUE,FALSE,Fiber optic,FALSE,TRUE,FALSE,FALSE,TRUE,FALSE,Month-to-month,TRUE,Mailed check,85.30000305,420.4500122,FALSE
2289,4056-QHXHZ,Female,FALSE,TRUE,TRUE,72,TRUE,TRUE,Fiber optic,TRUE,FALSE,TRUE,TRUE,TRUE,TRUE,Two year,FALSE,Mailed check,107.4499969,7576.700195,FALSE
2290,7470-MCQTK,Female,FALSE,TRUE,FALSE,13,FALSE,,DSL,FALSE,FALSE,TRUE,FALSE,TRUE,TRUE,Month-to-month,TRUE,Bank transfer (automatic),48.75,633.4000244,TRUE
2291,7488-MXJIV,Female,FALSE,FALSE,FALSE,4,TRUE,TRUE,Fiber optic,FALSE,FALSE,FALSE,FALSE,TRUE,FALSE,Month-to-month,TRUE,Electronic check,85.65000153,321.6499939,TRUE
2292,7401-JIXNM,Female,FALSE,TRUE,TRUE,54,TRUE,TRUE,DSL,TRUE,TRUE,TRUE,TRUE,TRUE,TRUE,Two year,FALSE,Credit card (automatic),91.30000305,4965,FALSE
2293,9339-FIIJL,Male,FALSE,TRUE,FALSE,72,TRUE,TRUE,DSL,FALSE,TRUE,TRUE,TRUE,TRUE,TRUE,Two year,FALSE,Bank transfer (automatic),85.94999695,6151.899902,FALSE
2294,2027-FECZV,Male,FALSE,FALSE,FALSE,12,TRUE,TRUE,Fiber optic,FALSE,TRUE,TRUE,FALSE,TRUE,TRUE,Month-to-month,TRUE,Electronic check,106.6999969,1253.900024,TRUE
2295,2672-DZUOY,Male,FALSE,FALSE,FALSE,1,FALSE,,DSL,FALSE,FALSE,FALSE,FALSE,FALSE,FALSE,Month-to-month,TRUE,Electronic check,25.14999962,25.14999962,TRUE
2296,4706-DGAHW,Male,TRUE,FALSE,FALSE,1,TRUE,FALSE,DSL,FALSE,FALSE,FALSE,FALSE,FALSE,FALSE,Month-to-month,FALSE,Electronic check,45.20000076,45.20000076,FALSE
2297,3870-MQAMG,Female,FALSE,TRUE,FALSE,54,TRUE,TRUE,Fiber optic,FALSE,TRUE,TRUE,TRUE,TRUE,TRUE,One year,FALSE,Electronic check,110.3499985,5893.149902,TRUE
2298,6670-MFRPK,Male,FALSE,TRUE,TRUE,69,TRUE,TRUE,Fiber optic,FALSE,FALSE,TRUE,FALSE,FALSE,FALSE,Two year,TRUE,Credit card (automatic),79.19999695,5420.649902,FALSE
2299,6177-PEVRA,Female,FALSE,FALSE,FALSE,48,TRUE,FALSE,DSL,TRUE,TRUE,FALSE,FALSE,FALSE,FALSE,Two year,FALSE,Credit card (automatic),55.5,2627.350098,FALSE
2300,4800-CZMPC,Female,FALSE,TRUE,TRUE,48,TRUE,TRUE,Fiber optic,TRUE,TRUE,FALSE,FALSE,TRUE,TRUE,One year,TRUE,Credit card (automatic),103.25,5037.549805,TRUE
2301,4813-HQMGZ,Female,FALSE,TRUE,FALSE,8,TRUE,TRUE,Fiber optic,FALSE,FALSE,FALSE,TRUE,FALSE,TRUE,Month-to-month,TRUE,Electronic check,90.25,743.75,FALSE
2302,7579-KKLOE,Male,FALSE,TRUE,TRUE,71,TRUE,TRUE,DSL,TRUE,TRUE,TRUE,TRUE,TRUE,TRUE,Two year,TRUE,Mailed check,91.25,6589.600098,FALSE
2303,7377-DMMRI,Male,FALSE,FALSE,FALSE,2,TRUE,FALSE,DSL,TRUE,FALSE,FALSE,FALSE,FALSE,FALSE,Month-to-month,TRUE,Electronic check,47.79999924,92.44999695,TRUE
2304,8402-EIVQS,Male,FALSE,TRUE,FALSE,67,TRUE,FALSE,Fiber optic,TRUE,TRUE,FALSE,FALSE,TRUE,TRUE,One year,TRUE,Credit card (automatic),100.9000015,6733.149902,FALSE
2305,4947-DSMXK,Male,FALSE,TRUE,TRUE,34,TRUE,TRUE,Fiber optic,FALSE,TRUE,FALSE,FALSE,TRUE,TRUE,Month-to-month,TRUE,Bank transfer (automatic),97.69999695,3410,FALSE
2306,7245-NIIWQ,Female,FALSE,FALSE,FALSE,3,TRUE,FALSE,Fiber optic,FALSE,FALSE,FALSE,FALSE,FALSE,FALSE,Month-to-month,TRUE,Electronic check,69.84999847,199.8500061,FALSE
2307,0002-ORFBO,Female,FALSE,TRUE,TRUE,9,TRUE,FALSE,DSL,FALSE,TRUE,FALSE,TRUE,TRUE,FALSE,One year,TRUE,Mailed check,65.59999847,593.2999878,FALSE
2308,3324-OIRTO,Male,FALSE,TRUE,TRUE,71,TRUE,FALSE,Fiber optic,TRUE,TRUE,TRUE,FALSE,TRUE,TRUE,One year,TRUE,Bank transfer (automatic),104.6500015,7288.399902,FALSE
2309,5414-OFQCB,Male,FALSE,FALSE,FALSE,57,TRUE,TRUE,Fiber optic,FALSE,FALSE,FALSE,TRUE,TRUE,FALSE,Two year,TRUE,Credit card (automatic),90.44999695,5229.799805,FALSE
2310,4967-WPNCF,Male,FALSE,FALSE,FALSE,72,FALSE,,DSL,TRUE,TRUE,TRUE,TRUE,TRUE,TRUE,Two year,TRUE,Bank transfer (automatic),63.70000076,4464.799805,FALSE
2311,8552-OBVRU,Female,TRUE,TRUE,TRUE,48,TRUE,FALSE,Fiber optic,TRUE,FALSE,TRUE,TRUE,TRUE,TRUE,Month-to-month,TRUE,Electronic check,104.5,5068.049805,FALSE
2312,8499-BRXTD,Male,FALSE,FALSE,FALSE,18,TRUE,FALSE,No,,,,,,,One year,FALSE,Mailed check,20.10000038,401.8500061,FALSE
2313,9154-QDGTH,Male,FALSE,TRUE,TRUE,43,TRUE,TRUE,Fiber optic,FALSE,FALSE,TRUE,TRUE,TRUE,TRUE,One year,TRUE,Credit card (automatic),104.3000031,4451.850098,FALSE
2314,8197-BFWVU,Female,FALSE,TRUE,TRUE,72,TRUE,TRUE,DSL,TRUE,TRUE,TRUE,TRUE,TRUE,TRUE,Two year,TRUE,Bank transfer (automatic),93.25,6688.950195,FALSE
2315,2577-GVSIL,Male,FALSE,TRUE,TRUE,35,TRUE,TRUE,DSL,FALSE,FALSE,FALSE,TRUE,TRUE,TRUE,One year,TRUE,Bank transfer (automatic),73.44999695,2661.100098,FALSE
2316,9367-OIUXP,Male,FALSE,FALSE,FALSE,4,TRUE,FALSE,No,,,,,,,Month-to-month,FALSE,Mailed check,20.70000076,73.05000305,FALSE
2317,6770-UAYGJ,Female,FALSE,TRUE,TRUE,49,TRUE,TRUE,No,,,,,,,Two year,FALSE,Mailed check,25.25,1211.650024,FALSE
2318,6463-HHXJR,Female,FALSE,TRUE,TRUE,71,TRUE,TRUE,Fiber optic,TRUE,TRUE,TRUE,FALSE,TRUE,FALSE,Two year,FALSE,Bank transfer (automatic),100.5,7030.649902,FALSE
2319,7928-VJYAB,Male,FALSE,TRUE,TRUE,11,TRUE,FALSE,Fiber optic,FALSE,FALSE,FALSE,FALSE,TRUE,TRUE,Month-to-month,FALSE,Electronic check,90.59999847,1020.200012,FALSE
2320,1187-WILMM,Male,FALSE,TRUE,TRUE,63,TRUE,TRUE,DSL,TRUE,TRUE,TRUE,TRUE,TRUE,TRUE,Two year,TRUE,Credit card (automatic),89.40000153,5597.649902,FALSE
2321,9776-OJUZI,Female,TRUE,FALSE,FALSE,65,TRUE,TRUE,Fiber optic,FALSE,TRUE,TRUE,FALSE,TRUE,FALSE,Month-to-month,TRUE,Bank transfer (automatic),95.44999695,6223.299805,FALSE
2322,1306-RPWXZ,Female,FALSE,FALSE,TRUE,49,TRUE,FALSE,No,,,,,,,Two year,FALSE,Credit card (automatic),20.45000076,1024.650024,FALSE
2323,8949-JTMAY,Female,FALSE,FALSE,FALSE,29,TRUE,TRUE,Fiber optic,FALSE,FALSE,TRUE,FALSE,TRUE,TRUE,Month-to-month,TRUE,Credit card (automatic),98.59999847,2933.199951,TRUE
2324,2774-LVQUS,Female,TRUE,TRUE,FALSE,15,TRUE,TRUE,Fiber optic,FALSE,FALSE,TRUE,TRUE,FALSE,FALSE,Month-to-month,TRUE,Electronic check,83.05000305,1258.300049,TRUE
2325,3097-PYWXL,Female,FALSE,TRUE,TRUE,4,TRUE,FALSE,No,,,,,,,Month-to-month,TRUE,Electronic check,19.95000076,82.90000153,FALSE
2326,2266-SJNAT,Female,FALSE,TRUE,FALSE,72,TRUE,TRUE,Fiber optic,FALSE,TRUE,TRUE,TRUE,TRUE,TRUE,One year,FALSE,Credit card (automatic),109.1500015,7789.600098,FALSE
2327,0869-PAPRP,Female,TRUE,TRUE,FALSE,26,TRUE,FALSE,Fiber optic,FALSE,FALSE,TRUE,FALSE,TRUE,FALSE,Month-to-month,TRUE,Credit card (automatic),85.69999695,2067,FALSE
2328,4238-JSSWH,Female,TRUE,TRUE,FALSE,35,TRUE,TRUE,Fiber optic,FALSE,FALSE,TRUE,FALSE,TRUE,TRUE,Month-to-month,FALSE,Bank transfer (automatic),102.0500031,3452.550049,FALSE
2329,2972-YDYUW,Female,FALSE,FALSE,FALSE,57,TRUE,TRUE,Fiber optic,FALSE,TRUE,FALSE,TRUE,FALSE,TRUE,One year,FALSE,Electronic check,94.69999695,5468.950195,FALSE
2330,1104-FEJAM,Male,FALSE,TRUE,TRUE,28,TRUE,TRUE,DSL,FALSE,TRUE,FALSE,FALSE,FALSE,TRUE,Month-to-month,FALSE,Electronic check,64.40000153,1802.150024,FALSE
2331,2809-ILCYT,Female,FALSE,TRUE,FALSE,25,TRUE,TRUE,No,,,,,,,One year,TRUE,Mailed check,26.79999924,733.5499878,FALSE
2332,5499-ECUTN,Female,FALSE,TRUE,FALSE,47,TRUE,FALSE,DSL,TRUE,FALSE,TRUE,FALSE,TRUE,FALSE,One year,TRUE,Credit card (automatic),66.05000305,3021.449951,FALSE
2333,4981-FLTMF,Female,FALSE,TRUE,TRUE,57,TRUE,TRUE,DSL,TRUE,TRUE,FALSE,TRUE,FALSE,FALSE,Month-to-month,FALSE,Bank transfer (automatic),65.19999695,3687.850098,FALSE
2334,9121-PHQSR,Male,TRUE,TRUE,FALSE,16,TRUE,TRUE,Fiber optic,FALSE,FALSE,FALSE,FALSE,TRUE,FALSE,Month-to-month,TRUE,Credit card (automatic),85.05000305,1391.150024,FALSE
2335,3113-IWHLC,Male,FALSE,FALSE,FALSE,5,TRUE,FALSE,DSL,TRUE,FALSE,TRUE,FALSE,FALSE,FALSE,Month-to-month,TRUE,Mailed check,55.79999924,274.3500061,FALSE
2336,3211-ILJTT,Male,FALSE,TRUE,FALSE,17,TRUE,FALSE,Fiber optic,FALSE,FALSE,FALSE,FALSE,FALSE,FALSE,Month-to-month,TRUE,Bank transfer (automatic),70.40000153,1214.050049,TRUE
2337,4612-THJBS,Female,TRUE,FALSE,FALSE,56,TRUE,TRUE,Fiber optic,FALSE,TRUE,TRUE,FALSE,TRUE,TRUE,One year,TRUE,Bank transfer (automatic),104.75,5510.649902,TRUE
2338,4277-BWBML,Male,FALSE,TRUE,TRUE,72,TRUE,FALSE,No,,,,,,,Two year,FALSE,Bank transfer (automatic),19.95000076,1322.849976,FALSE
2339,4094-NSEDU,Female,TRUE,FALSE,FALSE,21,TRUE,TRUE,Fiber optic,FALSE,FALSE,FALSE,FALSE,TRUE,TRUE,Month-to-month,TRUE,Electronic check,94.25,1973.75,TRUE
2340,0234-TEVTT,Female,FALSE,TRUE,TRUE,48,FALSE,,DSL,TRUE,FALSE,TRUE,FALSE,FALSE,TRUE,One year,FALSE,Credit card (automatic),45,2196.300049,FALSE
2341,4304-TSPVK,Female,FALSE,TRUE,FALSE,68,TRUE,TRUE,Fiber optic,TRUE,TRUE,TRUE,TRUE,TRUE,TRUE,Two year,FALSE,Bank transfer (automatic),114.9000015,7843.549805,FALSE
2342,1552-AAGRX,Female,FALSE,FALSE,FALSE,30,TRUE,TRUE,Fiber optic,TRUE,FALSE,FALSE,TRUE,TRUE,TRUE,Month-to-month,FALSE,Bank transfer (automatic),106.4000015,3211.899902,FALSE
2343,2637-FKFSY,Female,FALSE,TRUE,FALSE,3,TRUE,FALSE,DSL,FALSE,FALSE,FALSE,FALSE,FALSE,FALSE,Month-to-month,TRUE,Mailed check,46.09999847,130.1499939,FALSE
2344,9796-MVYXX,Female,TRUE,FALSE,FALSE,14,FALSE,,DSL,TRUE,FALSE,TRUE,TRUE,FALSE,FALSE,Two year,FALSE,Mailed check,39.70000076,692.3499756,FALSE
2345,7874-ECPQJ,Female,FALSE,FALSE,TRUE,4,TRUE,FALSE,No,,,,,,,Month-to-month,TRUE,Bank transfer (automatic),20.04999924,85.5,FALSE
2346,0020-INWCK,Female,FALSE,TRUE,TRUE,71,TRUE,TRUE,Fiber optic,FALSE,TRUE,TRUE,FALSE,FALSE,TRUE,Two year,TRUE,Credit card (automatic),95.75,6849.399902,FALSE
2347,7089-RKVSZ,Male,FALSE,TRUE,TRUE,8,TRUE,TRUE,No,,,,,,,One year,FALSE,Mailed check,24.39999962,203.9499969,FALSE
2348,2683-JXWQQ,Male,FALSE,TRUE,TRUE,61,FALSE,,DSL,TRUE,FALSE,TRUE,FALSE,FALSE,FALSE,Month-to-month,FALSE,Bank transfer (automatic),33.59999847,2117.199951,FALSE
2349,9548-ZMVTX,Male,FALSE,TRUE,TRUE,72,TRUE,TRUE,Fiber optic,FALSE,TRUE,TRUE,TRUE,FALSE,FALSE,Two year,FALSE,Bank transfer (automatic),90.44999695,6565.850098,FALSE
2350,8739-XNIKG,Female,FALSE,FALSE,FALSE,5,TRUE,TRUE,Fiber optic,FALSE,FALSE,FALSE,FALSE,TRUE,FALSE,Month-to-month,TRUE,Electronic check,84,424.75,FALSE
2351,9755-JHNMN,Female,FALSE,FALSE,FALSE,49,TRUE,FALSE,DSL,TRUE,TRUE,TRUE,TRUE,FALSE,FALSE,Two year,FALSE,Bank transfer (automatic),67.40000153,3306.850098,FALSE
2352,3981-QSVQI,Male,FALSE,FALSE,FALSE,8,TRUE,FALSE,No,,,,,,,Month-to-month,TRUE,Bank transfer (automatic),19.70000076,168.8999939,FALSE
2353,2789-HQBOU,Male,FALSE,FALSE,FALSE,3,TRUE,FALSE,Fiber optic,FALSE,FALSE,FALSE,FALSE,FALSE,TRUE,Month-to-month,TRUE,Electronic check,80.34999847,253.8000031,FALSE
2354,9424-CMPOG,Male,FALSE,TRUE,TRUE,9,TRUE,FALSE,No,,,,,,,Two year,FALSE,Mailed check,19.60000038,197.3999939,FALSE
2355,5067-WJEUN,Male,FALSE,TRUE,TRUE,67,TRUE,FALSE,DSL,TRUE,TRUE,FALSE,FALSE,FALSE,FALSE,Two year,TRUE,Bank transfer (automatic),54.20000076,3838.199951,FALSE
2356,3450-WXOAT,Male,FALSE,FALSE,FALSE,46,TRUE,FALSE,DSL,FALSE,FALSE,FALSE,FALSE,FALSE,FALSE,Month-to-month,TRUE,Credit card (automatic),45.20000076,2065.149902,FALSE
2357,9251-WNSOD,Female,FALSE,TRUE,FALSE,67,TRUE,TRUE,DSL,TRUE,TRUE,TRUE,FALSE,FALSE,TRUE,One year,FALSE,Mailed check,75.09999847,5064.450195,FALSE
2358,6974-DAFLI,Female,FALSE,TRUE,FALSE,55,TRUE,FALSE,No,,,,,,,One year,FALSE,Electronic check,19.70000076,1140.050049,FALSE
2359,2616-UUTFK,Male,FALSE,TRUE,FALSE,33,TRUE,TRUE,DSL,TRUE,TRUE,TRUE,FALSE,TRUE,FALSE,Month-to-month,TRUE,Bank transfer (automatic),72.75,2447.449951,FALSE
2360,7064-JHXCE,Male,FALSE,TRUE,TRUE,62,TRUE,FALSE,No,,,,,,,Two year,FALSE,Credit card (automatic),20.04999924,1263.900024,FALSE
2361,5103-MHMHY,Female,FALSE,FALSE,TRUE,1,TRUE,FALSE,DSL,FALSE,FALSE,FALSE,FALSE,FALSE,FALSE,Month-to-month,FALSE,Mailed check,45.95000076,45.95000076,TRUE
2362,7989-AWGEH,Male,FALSE,TRUE,TRUE,49,FALSE,,DSL,TRUE,FALSE,FALSE,FALSE,FALSE,TRUE,Month-to-month,TRUE,Electronic check,39.20000076,1838.150024,FALSE
2363,4373-VVHQL,Male,FALSE,FALSE,FALSE,1,TRUE,FALSE,DSL,FALSE,FALSE,FALSE,FALSE,FALSE,FALSE,Month-to-month,TRUE,Electronic check,44.75,44.75,FALSE
2364,4559-UWIHT,Male,FALSE,TRUE,FALSE,14,TRUE,TRUE,Fiber optic,FALSE,TRUE,TRUE,FALSE,FALSE,FALSE,Month-to-month,TRUE,Electronic check,82.65000153,1185,FALSE
2365,7268-IGMFD,Male,TRUE,FALSE,FALSE,18,TRUE,TRUE,Fiber optic,FALSE,FALSE,TRUE,TRUE,TRUE,FALSE,Month-to-month,FALSE,Bank transfer (automatic),93.90000153,1743.900024,FALSE
2366,1846-XWOQN,Female,TRUE,FALSE,FALSE,1,TRUE,FALSE,Fiber optic,FALSE,FALSE,FALSE,FALSE,FALSE,FALSE,Month-to-month,TRUE,Electronic check,70.15000153,70.15000153,TRUE
2367,0235-KGSLC,Female,FALSE,FALSE,FALSE,1,TRUE,FALSE,Fiber optic,FALSE,FALSE,TRUE,FALSE,TRUE,FALSE,Month-to-month,TRUE,Credit card (automatic),85.55000305,85.55000305,TRUE
2368,6650-BWFRT,Female,FALSE,TRUE,FALSE,72,TRUE,TRUE,Fiber optic,TRUE,TRUE,TRUE,TRUE,TRUE,TRUE,Two year,TRUE,Credit card (automatic),117.1500015,8529.5,FALSE
2369,9570-KYEUA,Male,FALSE,FALSE,FALSE,64,TRUE,TRUE,Fiber optic,TRUE,FALSE,TRUE,TRUE,FALSE,TRUE,Two year,FALSE,Credit card (automatic),99.25,6549.450195,FALSE
2370,6993-YGFJV,Male,FALSE,TRUE,FALSE,69,TRUE,TRUE,Fiber optic,TRUE,TRUE,TRUE,TRUE,TRUE,TRUE,Two year,TRUE,Bank transfer (automatic),112.5500031,7806.5,FALSE
2371,2712-SYWAY,Female,FALSE,FALSE,FALSE,1,TRUE,TRUE,No,,,,,,,Month-to-month,TRUE,Electronic check,25.70000076,25.70000076,FALSE
2372,0730-BGQGF,Male,FALSE,TRUE,TRUE,71,TRUE,TRUE,DSL,TRUE,TRUE,TRUE,TRUE,TRUE,TRUE,Two year,FALSE,Credit card (automatic),90.30000305,6287.299805,FALSE
2373,5498-IBWPI,Female,FALSE,TRUE,TRUE,66,TRUE,FALSE,DSL,FALSE,FALSE,FALSE,TRUE,FALSE,FALSE,One year,TRUE,Credit card (automatic),49.40000153,3251.850098,FALSE
2374,9101-NTIXF,Male,FALSE,FALSE,FALSE,2,TRUE,FALSE,No,,,,,,,Month-to-month,FALSE,Mailed check,19.39999962,50.59999847,FALSE
2375,0013-SMEOE,Female,TRUE,TRUE,FALSE,71,TRUE,FALSE,Fiber optic,TRUE,TRUE,TRUE,TRUE,TRUE,TRUE,Two year,TRUE,Bank transfer (automatic),109.6999969,7904.25,FALSE
2376,9314-QDMDW,Male,FALSE,FALSE,FALSE,11,TRUE,FALSE,DSL,FALSE,TRUE,FALSE,FALSE,TRUE,FALSE,One year,TRUE,Electronic check,61.25,729.9500122,FALSE
2377,9308-ANMVE,Male,FALSE,FALSE,TRUE,47,TRUE,FALSE,DSL,TRUE,TRUE,FALSE,FALSE,FALSE,FALSE,Month-to-month,TRUE,Electronic check,55.29999924,2654.050049,FALSE
2378,2884-GBPFB,Female,FALSE,TRUE,FALSE,35,TRUE,FALSE,Fiber optic,FALSE,FALSE,FALSE,FALSE,FALSE,FALSE,Month-to-month,TRUE,Electronic check,70.30000305,2416.550049,TRUE
2379,3757-NJYBX,Male,TRUE,TRUE,FALSE,32,TRUE,TRUE,Fiber optic,FALSE,TRUE,TRUE,FALSE,TRUE,TRUE,Month-to-month,FALSE,Bank transfer (automatic),106.3499985,3520.75,TRUE
2380,3413-DHLPB,Male,FALSE,TRUE,TRUE,60,TRUE,TRUE,Fiber optic,FALSE,TRUE,FALSE,TRUE,TRUE,TRUE,Month-to-month,TRUE,Bank transfer (automatic),103.75,5969.950195,FALSE
2381,7649-PHJVR,Male,FALSE,FALSE,FALSE,11,TRUE,FALSE,No,,,,,,,One year,FALSE,Mailed check,19.5,226.8000031,FALSE
2382,6114-TCFID,Female,FALSE,FALSE,FALSE,29,FALSE,,DSL,TRUE,TRUE,FALSE,TRUE,FALSE,FALSE,One year,FALSE,Credit card (automatic),39.5,1082.75,FALSE
2383,3787-TRIAL,Male,FALSE,TRUE,TRUE,21,FALSE,,DSL,FALSE,FALSE,FALSE,FALSE,FALSE,FALSE,Month-to-month,TRUE,Electronic check,26.04999924,565.75,FALSE
2384,2573-GYRUU,Male,TRUE,TRUE,FALSE,48,TRUE,TRUE,Fiber optic,FALSE,FALSE,TRUE,FALSE,FALSE,TRUE,Month-to-month,TRUE,Credit card (automatic),91.05000305,4370.75,FALSE
2385,5156-UMKOW,Female,FALSE,FALSE,TRUE,3,FALSE,,DSL,FALSE,TRUE,FALSE,FALSE,FALSE,FALSE,Month-to-month,FALSE,Mailed check,29.64999962,90.05000305,FALSE
2386,1247-QBVSH,Female,FALSE,TRUE,TRUE,43,TRUE,FALSE,DSL,FALSE,TRUE,FALSE,FALSE,FALSE,FALSE,Month-to-month,FALSE,Mailed check,50.20000076,2169.399902,FALSE
2387,6734-GMPVK,Male,FALSE,FALSE,FALSE,5,TRUE,TRUE,Fiber optic,FALSE,TRUE,TRUE,FALSE,TRUE,TRUE,Month-to-month,FALSE,Electronic check,105.3000031,550.5999756,FALSE
2388,9822-OAOVB,Female,FALSE,FALSE,FALSE,1,TRUE,FALSE,DSL,FALSE,FALSE,FALSE,FALSE,FALSE,TRUE,Month-to-month,TRUE,Electronic check,55.45000076,55.45000076,FALSE
2389,6161-ERDGD,Male,FALSE,TRUE,TRUE,71,TRUE,TRUE,DSL,TRUE,FALSE,TRUE,TRUE,TRUE,TRUE,One year,FALSE,Electronic check,85.44999695,6300.850098,FALSE
2390,1226-JZNKR,Female,FALSE,TRUE,TRUE,8,TRUE,FALSE,No,,,,,,,One year,FALSE,Electronic check,19.79999924,160.0500031,FALSE
2391,7318-EIVKO,Male,FALSE,FALSE,FALSE,8,TRUE,TRUE,DSL,FALSE,FALSE,FALSE,FALSE,TRUE,FALSE,Month-to-month,TRUE,Electronic check,59.25,436.6000061,FALSE
2392,3771-PZOBW,Male,FALSE,FALSE,FALSE,20,TRUE,TRUE,Fiber optic,FALSE,FALSE,TRUE,FALSE,TRUE,FALSE,Month-to-month,TRUE,Credit card (automatic),90.69999695,1781.349976,FALSE
2393,5136-KCKGI,Female,FALSE,TRUE,TRUE,33,TRUE,TRUE,Fiber optic,TRUE,FALSE,TRUE,FALSE,TRUE,TRUE,One year,TRUE,Mailed check,103.6999969,3467,TRUE
2394,8231-BSWXX,Male,FALSE,FALSE,FALSE,71,TRUE,TRUE,Fiber optic,FALSE,TRUE,FALSE,FALSE,FALSE,FALSE,One year,TRUE,Credit card (automatic),79.05000305,5552.5,FALSE
2395,6486-LHTMA,Female,TRUE,TRUE,FALSE,31,TRUE,TRUE,Fiber optic,FALSE,FALSE,TRUE,FALSE,TRUE,FALSE,One year,TRUE,Electronic check,90.69999695,2835.5,FALSE
2396,4083-BFNYK,Female,TRUE,TRUE,FALSE,38,TRUE,TRUE,Fiber optic,TRUE,TRUE,FALSE,FALSE,FALSE,TRUE,One year,FALSE,Credit card (automatic),95,3591.25,FALSE
2397,3722-WPXTK,Male,FALSE,FALSE,FALSE,1,TRUE,FALSE,Fiber optic,FALSE,FALSE,FALSE,FALSE,TRUE,TRUE,Month-to-month,TRUE,Electronic check,88.34999847,88.34999847,TRUE
2398,7389-KBFIT,Female,FALSE,TRUE,TRUE,2,FALSE,,DSL,FALSE,TRUE,FALSE,FALSE,FALSE,FALSE,Month-to-month,TRUE,Mailed check,30.25,63.75,FALSE
2399,7176-WIONM,Female,FALSE,TRUE,FALSE,12,FALSE,,DSL,FALSE,FALSE,TRUE,FALSE,TRUE,TRUE,Month-to-month,TRUE,Bank transfer (automatic),49.84999847,617.1500244,FALSE
2400,5141-ZUVBH,Female,FALSE,FALSE,TRUE,9,TRUE,FALSE,Fiber optic,TRUE,FALSE,TRUE,TRUE,FALSE,TRUE,Month-to-month,FALSE,Bank transfer (automatic),93,870.25,FALSE
2401,1089-HDMKP,Male,TRUE,FALSE,TRUE,11,TRUE,FALSE,DSL,FALSE,TRUE,FALSE,TRUE,FALSE,FALSE,Month-to-month,TRUE,Electronic check,54.54999924,601.25,FALSE
2402,7623-HKYRK,Male,FALSE,FALSE,TRUE,6,TRUE,FALSE,No,,,,,,,Month-to-month,FALSE,Mailed check,19.70000076,111.6500015,FALSE
2403,0310-SUCIN,Female,FALSE,TRUE,FALSE,71,TRUE,FALSE,DSL,TRUE,TRUE,TRUE,TRUE,TRUE,TRUE,One year,TRUE,Bank transfer (automatic),84.80000305,6046.100098,FALSE
2404,5197-PYEPU,Female,FALSE,TRUE,TRUE,42,TRUE,TRUE,Fiber optic,TRUE,TRUE,FALSE,FALSE,TRUE,FALSE,One year,TRUE,Credit card (automatic),94.44999695,3923.800049,FALSE
2405,2929-ERCFZ,Female,FALSE,TRUE,TRUE,8,TRUE,FALSE,Fiber optic,FALSE,FALSE,TRUE,FALSE,TRUE,TRUE,Month-to-month,TRUE,Electronic check,94.19999695,777.2999878,TRUE
2406,7548-SEPYI,Female,FALSE,FALSE,FALSE,5,TRUE,FALSE,Fiber optic,FALSE,TRUE,FALSE,FALSE,TRUE,TRUE,Month-to-month,TRUE,Electronic check,96.25,512.4500122,TRUE
2407,8835-VSDSE,Female,FALSE,TRUE,FALSE,2,TRUE,FALSE,Fiber optic,FALSE,FALSE,FALSE,FALSE,FALSE,FALSE,Month-to-month,TRUE,Electronic check,70.69999695,141.4499969,TRUE
2408,6619-RPLQZ,Female,FALSE,TRUE,TRUE,45,TRUE,FALSE,No,,,,,,,Two year,FALSE,Mailed check,20.85000038,892.1500244,FALSE
2409,3275-RHRNE,Male,FALSE,TRUE,TRUE,28,FALSE,,DSL,FALSE,TRUE,TRUE,TRUE,TRUE,TRUE,One year,TRUE,Credit card (automatic),60,1682.050049,FALSE
2410,3503-TYDAY,Female,FALSE,TRUE,FALSE,43,TRUE,TRUE,Fiber optic,FALSE,TRUE,FALSE,FALSE,FALSE,FALSE,Month-to-month,FALSE,Electronic check,80.44999695,3398.899902,FALSE
2411,6901-GOGZG,Male,FALSE,FALSE,TRUE,60,TRUE,TRUE,DSL,TRUE,FALSE,TRUE,TRUE,TRUE,TRUE,Two year,TRUE,Electronic check,84.94999695,4984.850098,FALSE
2412,1623-NLDOT,Female,FALSE,TRUE,FALSE,42,FALSE,,DSL,FALSE,TRUE,FALSE,TRUE,FALSE,FALSE,One year,FALSE,Mailed check,33.54999924,1445.300049,TRUE
2413,7021-XSNYE,Male,FALSE,TRUE,TRUE,7,FALSE,,DSL,TRUE,FALSE,TRUE,TRUE,FALSE,TRUE,Two year,FALSE,Credit card (automatic),49.65000153,305.5499878,FALSE
2414,9621-OUPYD,Female,FALSE,TRUE,FALSE,25,TRUE,FALSE,No,,,,,,,One year,TRUE,Bank transfer (automatic),20.20000076,507.8999939,FALSE
2415,9898-KZQDZ,Female,TRUE,TRUE,TRUE,40,TRUE,TRUE,Fiber optic,FALSE,FALSE,FALSE,FALSE,TRUE,TRUE,Month-to-month,TRUE,Credit card (automatic),94.55000305,3640.449951,TRUE
2416,8982-NHAVY,Male,FALSE,FALSE,FALSE,27,TRUE,TRUE,Fiber optic,FALSE,FALSE,TRUE,FALSE,TRUE,TRUE,One year,TRUE,Bank transfer (automatic),100.5,2673.449951,FALSE
2417,4307-KWMXE,Male,FALSE,FALSE,FALSE,10,FALSE,,DSL,FALSE,TRUE,FALSE,TRUE,FALSE,FALSE,Month-to-month,FALSE,Electronic check,35.75,389.7999878,FALSE
2418,0141-YEAYS,Female,TRUE,FALSE,FALSE,27,TRUE,TRUE,Fiber optic,FALSE,TRUE,TRUE,FALSE,FALSE,FALSE,Month-to-month,TRUE,Bank transfer (automatic),86.44999695,2401.050049,FALSE
2419,2450-ZKEED,Female,FALSE,FALSE,FALSE,11,TRUE,FALSE,DSL,FALSE,FALSE,TRUE,TRUE,FALSE,FALSE,One year,FALSE,Bank transfer (automatic),53.79999924,651.5499878,FALSE
2420,3694-DELSO,Male,FALSE,TRUE,TRUE,4,FALSE,,DSL,TRUE,FALSE,FALSE,FALSE,TRUE,FALSE,Month-to-month,FALSE,Credit card (automatic),38.54999924,156.1000061,FALSE
2421,3893-JRNFS,Male,FALSE,FALSE,FALSE,68,FALSE,,DSL,FALSE,FALSE,TRUE,FALSE,FALSE,TRUE,Month-to-month,TRUE,Bank transfer (automatic),39.90000153,2796.350098,FALSE
2422,9603-OAIHC,Male,TRUE,FALSE,FALSE,1,TRUE,FALSE,Fiber optic,FALSE,FALSE,FALSE,FALSE,FALSE,FALSE,Month-to-month,TRUE,Electronic check,70.05000305,70.05000305,FALSE
2423,1133-KXCGE,Female,FALSE,FALSE,FALSE,18,TRUE,FALSE,No,,,,,,,One year,FALSE,Mailed check,20.10000038,407.0499878,FALSE
2424,5236-PERKL,Female,FALSE,FALSE,FALSE,57,TRUE,TRUE,Fiber optic,TRUE,TRUE,TRUE,FALSE,TRUE,TRUE,Two year,TRUE,Bank transfer (automatic),112.9499969,6465,TRUE
2425,0142-GVYSN,Male,FALSE,FALSE,FALSE,26,TRUE,FALSE,No,,,,,,,Month-to-month,TRUE,Electronic check,20.29999924,511.25,FALSE
2426,1049-FYSYG,Female,FALSE,TRUE,FALSE,17,FALSE,,DSL,FALSE,TRUE,TRUE,FALSE,FALSE,FALSE,Month-to-month,TRUE,Credit card (automatic),35.65000153,646.0499878,FALSE
2427,7854-FOKSF,Male,FALSE,FALSE,FALSE,1,FALSE,,DSL,FALSE,FALSE,FALSE,FALSE,FALSE,TRUE,Month-to-month,FALSE,Electronic check,35.90000153,35.90000153,TRUE
2428,2519-FAKOD,Male,FALSE,FALSE,TRUE,38,TRUE,TRUE,Fiber optic,FALSE,FALSE,TRUE,FALSE,TRUE,TRUE,Month-to-month,TRUE,Bank transfer (automatic),99.25,3777.149902,TRUE
2429,8406-LNMHF,Male,TRUE,TRUE,FALSE,59,TRUE,FALSE,Fiber optic,TRUE,TRUE,TRUE,FALSE,FALSE,FALSE,One year,TRUE,Credit card (automatic),82.94999695,4903.149902,FALSE
2430,1821-BUCWY,Male,FALSE,FALSE,FALSE,30,TRUE,FALSE,DSL,TRUE,FALSE,TRUE,FALSE,FALSE,FALSE,Two year,TRUE,Mailed check,55.65000153,1653.849976,FALSE
2431,8263-JQAIK,Male,TRUE,FALSE,FALSE,2,FALSE,,DSL,FALSE,FALSE,FALSE,FALSE,FALSE,FALSE,Month-to-month,TRUE,Mailed check,24.45000076,47.5,TRUE
2432,0023-UYUPN,Female,TRUE,TRUE,FALSE,50,TRUE,TRUE,No,,,,,,,One year,FALSE,Electronic check,25.20000076,1306.300049,FALSE
2433,8314-DPQHL,Male,FALSE,FALSE,FALSE,9,FALSE,,DSL,TRUE,FALSE,TRUE,TRUE,FALSE,TRUE,One year,FALSE,Mailed check,50.79999924,463.6000061,FALSE
2434,1465-WCZVT,Female,FALSE,TRUE,TRUE,3,TRUE,FALSE,No,,,,,,,Month-to-month,FALSE,Mailed check,19.64999962,60.65000153,FALSE
2435,9481-SFCQY,Female,FALSE,FALSE,TRUE,14,TRUE,FALSE,DSL,FALSE,FALSE,TRUE,FALSE,TRUE,FALSE,Month-to-month,TRUE,Credit card (automatic),59.79999924,824.8499756,FALSE
2436,6360-SVNWV,Female,TRUE,FALSE,FALSE,31,TRUE,FALSE,Fiber optic,TRUE,FALSE,FALSE,FALSE,FALSE,FALSE,Month-to-month,TRUE,Credit card (automatic),73.55000305,2094.649902,FALSE
2437,0567-GGCAC,Female,FALSE,FALSE,FALSE,7,TRUE,FALSE,DSL,TRUE,TRUE,TRUE,FALSE,FALSE,FALSE,Month-to-month,FALSE,Electronic check,61.40000153,438.8999939,FALSE
2438,7089-IVVAZ,Female,FALSE,FALSE,FALSE,8,TRUE,TRUE,Fiber optic,TRUE,FALSE,FALSE,TRUE,TRUE,TRUE,Month-to-month,TRUE,Bank transfer (automatic),103.3499985,847.2999878,TRUE
2439,8884-MRNSU,Male,FALSE,TRUE,TRUE,17,TRUE,FALSE,No,,,,,,,One year,FALSE,Bank transfer (automatic),19.89999962,329.75,FALSE
2440,2171-UDMFD,Male,FALSE,TRUE,TRUE,32,TRUE,FALSE,No,,,,,,,Month-to-month,TRUE,Credit card (automatic),19.45000076,674.5499878,FALSE
2441,9050-IKDZA,Female,TRUE,FALSE,FALSE,2,TRUE,FALSE,Fiber optic,FALSE,FALSE,FALSE,FALSE,TRUE,FALSE,Month-to-month,FALSE,Mailed check,81.5,162.5500031,FALSE
2442,2205-YMZZJ,Male,TRUE,FALSE,FALSE,7,TRUE,TRUE,Fiber optic,FALSE,FALSE,FALSE,FALSE,TRUE,FALSE,Month-to-month,TRUE,Electronic check,84.80000305,546.9500122,TRUE
2443,9802-CAQUT,Female,FALSE,TRUE,TRUE,72,TRUE,TRUE,Fiber optic,TRUE,TRUE,TRUE,FALSE,TRUE,TRUE,Two year,FALSE,Credit card (automatic),109.5500031,7887.25,FALSE
2444,1254-IZEYF,Female,TRUE,FALSE,FALSE,31,TRUE,TRUE,Fiber optic,FALSE,TRUE,FALSE,FALSE,TRUE,TRUE,Month-to-month,TRUE,Electronic check,99.94999695,3186.649902,TRUE
2445,0187-WZNAB,Female,FALSE,TRUE,TRUE,27,TRUE,FALSE,Fiber optic,TRUE,FALSE,FALSE,FALSE,FALSE,FALSE,Month-to-month,FALSE,Mailed check,74.40000153,1972.349976,FALSE
2446,9492-TOKRI,Female,FALSE,FALSE,FALSE,18,TRUE,TRUE,Fiber optic,FALSE,TRUE,FALSE,FALSE,TRUE,FALSE,Month-to-month,TRUE,Credit card (automatic),90,1527.349976,TRUE
2447,1475-VWVDO,Male,FALSE,FALSE,FALSE,7,TRUE,FALSE,Fiber optic,FALSE,FALSE,TRUE,FALSE,FALSE,FALSE,Month-to-month,TRUE,Electronic check,74.90000153,490.5499878,FALSE
2448,9221-OTIVJ,Female,TRUE,FALSE,FALSE,14,TRUE,TRUE,Fiber optic,FALSE,TRUE,TRUE,FALSE,TRUE,TRUE,Month-to-month,TRUE,Electronic check,104.8499985,1531.400024,TRUE
2449,1357-MVDOZ,Male,FALSE,TRUE,TRUE,11,TRUE,FALSE,DSL,FALSE,FALSE,TRUE,FALSE,TRUE,FALSE,Month-to-month,TRUE,Bank transfer (automatic),59.65000153,683.25,FALSE
2450,7602-MVRMB,Female,FALSE,TRUE,TRUE,72,TRUE,TRUE,Fiber optic,TRUE,FALSE,TRUE,TRUE,TRUE,TRUE,Two year,TRUE,Bank transfer (automatic),110.4499969,8058.850098,
2451,3325-FUYCG,Male,FALSE,TRUE,TRUE,28,TRUE,TRUE,Fiber optic,TRUE,TRUE,FALSE,FALSE,TRUE,TRUE,One year,FALSE,Electronic check,106.0999985,2847.399902,TRUE
2452,5908-QMGOE,Male,TRUE,FALSE,FALSE,15,TRUE,TRUE,Fiber optic,FALSE,FALSE,FALSE,FALSE,FALSE,FALSE,Month-to-month,TRUE,Credit card (automatic),74.19999695,1133.900024,TRUE
2453,1197-BVMVG,Female,TRUE,FALSE,FALSE,4,TRUE,TRUE,Fiber optic,FALSE,FALSE,FALSE,FALSE,FALSE,FALSE,Month-to-month,TRUE,Electronic check,74.44999695,294.4500122,FALSE
2454,5406-KGRMX,Female,FALSE,FALSE,FALSE,71,TRUE,TRUE,No,,,,,,,Two year,FALSE,Electronic check,24.54999924,1719.150024,FALSE
2455,8481-YYXWG,Female,FALSE,FALSE,FALSE,5,TRUE,FALSE,Fiber optic,FALSE,TRUE,FALSE,TRUE,FALSE,TRUE,Month-to-month,TRUE,Electronic check,89.34999847,461.7000122,TRUE
2456,5968-HYJRZ,Male,FALSE,TRUE,TRUE,47,TRUE,TRUE,No,,,,,,,Two year,FALSE,Mailed check,24.54999924,1160.449951,FALSE
2457,5198-EFNBM,Male,TRUE,TRUE,FALSE,57,TRUE,FALSE,Fiber optic,FALSE,TRUE,TRUE,FALSE,TRUE,FALSE,One year,TRUE,Electronic check,90.65000153,5199.799805,FALSE
2458,7516-GMHUV,Male,TRUE,TRUE,FALSE,50,TRUE,TRUE,Fiber optic,TRUE,FALSE,TRUE,FALSE,TRUE,TRUE,Two year,TRUE,Credit card (automatic),105.0500031,5163.299805,FALSE
2459,7140-ADSMJ,Male,FALSE,FALSE,FALSE,8,TRUE,FALSE,No,,,,,,,Month-to-month,TRUE,Credit card (automatic),20.45000076,162.3000031,FALSE
2460,2230-XTUWL,Female,FALSE,TRUE,TRUE,48,TRUE,FALSE,No,,,,,,,Two year,FALSE,Mailed check,19.54999924,883.3499756,FALSE
2461,7706-YLMQA,Female,FALSE,FALSE,FALSE,70,TRUE,FALSE,No,,,,,,,One year,FALSE,Bank transfer (automatic),19.70000076,1341.5,FALSE
2462,2585-KTFRE,Male,FALSE,FALSE,TRUE,1,TRUE,FALSE,DSL,TRUE,TRUE,FALSE,TRUE,FALSE,TRUE,Month-to-month,TRUE,Bank transfer (automatic),70.44999695,70.44999695,FALSE
2463,7994-UYIVZ,Male,FALSE,TRUE,FALSE,8,TRUE,TRUE,Fiber optic,FALSE,FALSE,FALSE,FALSE,FALSE,TRUE,Month-to-month,TRUE,Bank transfer (automatic),85.65000153,659.4500122,FALSE
2464,2609-IAICY,Female,FALSE,FALSE,FALSE,1,TRUE,TRUE,Fiber optic,FALSE,FALSE,FALSE,FALSE,FALSE,FALSE,Month-to-month,TRUE,Electronic check,77.15000153,77.15000153,TRUE
2465,1740-CSDJP,Male,FALSE,FALSE,FALSE,1,FALSE,,DSL,FALSE,FALSE,FALSE,FALSE,FALSE,TRUE,Month-to-month,TRUE,Bank transfer (automatic),35.25,35.25,TRUE
2466,7717-BICXI,Male,FALSE,TRUE,TRUE,60,TRUE,FALSE,No,,,,,,,Two year,FALSE,Mailed check,20.54999924,1205.050049,FALSE
2467,6559-RAKOZ,Male,FALSE,TRUE,TRUE,49,TRUE,TRUE,Fiber optic,FALSE,FALSE,FALSE,TRUE,TRUE,TRUE,One year,TRUE,Electronic check,97.94999695,4917.899902,FALSE
2468,2636-OHFMN,Male,FALSE,TRUE,FALSE,4,FALSE,,DSL,FALSE,TRUE,FALSE,FALSE,TRUE,TRUE,Month-to-month,TRUE,Electronic check,48.54999924,201,TRUE
2469,4716-MRVEN,Female,FALSE,FALSE,FALSE,29,TRUE,FALSE,No,,,,,,,One year,FALSE,Mailed check,20,599.2999878,FALSE
2470,2143-LJULT,Female,FALSE,TRUE,FALSE,67,TRUE,TRUE,No,,,,,,,Two year,TRUE,Credit card (automatic),25.25,1733.150024,FALSE
2471,1323-OOEPC,Female,FALSE,TRUE,FALSE,53,TRUE,TRUE,Fiber optic,FALSE,TRUE,FALSE,FALSE,TRUE,TRUE,Month-to-month,TRUE,Credit card (automatic),98.40000153,5149.5,TRUE
2472,3200-MNQTF,Male,FALSE,TRUE,FALSE,67,TRUE,TRUE,DSL,TRUE,TRUE,TRUE,TRUE,FALSE,FALSE,Two year,FALSE,Credit card (automatic),70.90000153,4677.100098,FALSE
2473,6164-HXUGH,Female,FALSE,TRUE,TRUE,6,TRUE,FALSE,No,,,,,,,Month-to-month,FALSE,Mailed check,19.85000038,119.3000031,FALSE
2474,5630-IXDXV,Female,FALSE,FALSE,FALSE,47,TRUE,TRUE,Fiber optic,FALSE,TRUE,TRUE,FALSE,TRUE,TRUE,Month-to-month,TRUE,Electronic check,106.3499985,4849.100098,FALSE
2475,0320-DWVTU,Female,FALSE,FALSE,FALSE,53,TRUE,FALSE,Fiber optic,TRUE,TRUE,TRUE,TRUE,FALSE,TRUE,Two year,FALSE,Mailed check,99.5,5424.25,FALSE
2476,9135-MGVPY,Male,FALSE,TRUE,FALSE,69,TRUE,FALSE,DSL,TRUE,TRUE,TRUE,TRUE,TRUE,TRUE,Two year,TRUE,Mailed check,84.69999695,5878.899902,FALSE
2477,1212-GLHMD,Male,FALSE,FALSE,FALSE,3,TRUE,FALSE,Fiber optic,TRUE,FALSE,FALSE,FALSE,FALSE,TRUE,Month-to-month,TRUE,Mailed check,86.05000305,244.8500061,FALSE
2478,7878-JGDKK,Male,FALSE,FALSE,FALSE,4,TRUE,FALSE,DSL,FALSE,FALSE,FALSE,FALSE,FALSE,FALSE,Month-to-month,FALSE,Mailed check,44.54999924,220.75,FALSE
2479,1088-AUUZZ,Male,FALSE,TRUE,TRUE,56,TRUE,TRUE,DSL,TRUE,TRUE,FALSE,TRUE,FALSE,TRUE,Two year,TRUE,Credit card (automatic),75.84999847,4261.200195,FALSE
2480,0397-GZBBC,Male,TRUE,TRUE,FALSE,59,TRUE,TRUE,Fiber optic,FALSE,FALSE,FALSE,FALSE,TRUE,TRUE,Month-to-month,TRUE,Bank transfer (automatic),93.84999847,5574.75,TRUE
2481,6614-YWYSC,Male,TRUE,TRUE,FALSE,61,TRUE,TRUE,No,,,,,,,Two year,FALSE,Bank transfer (automatic),25,1501.75,FALSE
2482,9588-OZDMQ,Female,FALSE,TRUE,FALSE,2,TRUE,FALSE,DSL,FALSE,FALSE,FALSE,FALSE,FALSE,,Month-to-month,TRUE,Electronic check,45,89.75,FALSE
2483,7641-EUYET,Male,TRUE,TRUE,TRUE,46,TRUE,TRUE,Fiber optic,TRUE,TRUE,TRUE,FALSE,TRUE,FALSE,Month-to-month,TRUE,Electronic check,100.6999969,4541.200195,TRUE
2484,6476-EPYZR,Male,FALSE,TRUE,TRUE,12,TRUE,FALSE,No,,,,,,,Month-to-month,FALSE,Mailed check,20.5,255.5,FALSE
2485,9921-ZVRHG,Female,FALSE,FALSE,FALSE,14,TRUE,TRUE,Fiber optic,FALSE,FALSE,TRUE,FALSE,FALSE,FALSE,Month-to-month,TRUE,Electronic check,80.44999695,1072,TRUE
2486,1174-FGIFN,Female,FALSE,TRUE,TRUE,28,TRUE,TRUE,Fiber optic,FALSE,FALSE,FALSE,TRUE,FALSE,TRUE,One year,TRUE,Electronic check,90.44999695,2509.25,FALSE
2487,6620-HVDUJ,Male,FALSE,FALSE,FALSE,24,TRUE,FALSE,DSL,TRUE,TRUE,FALSE,TRUE,FALSE,FALSE,Month-to-month,FALSE,Bank transfer (automatic),60.45000076,1440.75,FALSE
2488,4701-MLJPN,Male,FALSE,FALSE,FALSE,31,TRUE,FALSE,DSL,FALSE,FALSE,TRUE,TRUE,FALSE,FALSE,Month-to-month,TRUE,Electronic check,55.25,1715.650024,TRUE
2489,1032-MAELW,Female,FALSE,TRUE,TRUE,68,TRUE,TRUE,DSL,TRUE,TRUE,TRUE,TRUE,FALSE,TRUE,One year,TRUE,Electronic check,78.44999695,5333.350098,FALSE
2490,7641-TQFHN,Male,FALSE,FALSE,TRUE,39,TRUE,TRUE,Fiber optic,FALSE,FALSE,FALSE,TRUE,TRUE,TRUE,Two year,FALSE,Mailed check,100.5500031,3895.350098,FALSE
2491,1552-TKMXS,Female,FALSE,TRUE,FALSE,42,TRUE,FALSE,No,,,,,,,Month-to-month,FALSE,Credit card (automatic),20.35000038,869.9000244,FALSE
2492,9206-GVPEQ,Male,FALSE,TRUE,FALSE,13,FALSE,,DSL,TRUE,FALSE,FALSE,TRUE,TRUE,TRUE,Month-to-month,TRUE,Electronic check,54.45000076,706.8499756,TRUE
2493,8622-ZLFKO,Female,FALSE,TRUE,FALSE,6,TRUE,TRUE,Fiber optic,FALSE,TRUE,FALSE,FALSE,FALSE,TRUE,Month-to-month,TRUE,Electronic check,90.75,512.25,FALSE
2494,1596-BBVTG,Male,FALSE,FALSE,FALSE,35,TRUE,TRUE,Fiber optic,FALSE,FALSE,FALSE,FALSE,FALSE,FALSE,Month-to-month,FALSE,Credit card (automatic),75.34999847,2636.050049,TRUE
2495,6188-UXBBR,Female,FALSE,TRUE,FALSE,38,TRUE,FALSE,No,,,,,,,One year,TRUE,Credit card (automatic),20.25,814.75,FALSE
2496,2333-KWEWW,Male,FALSE,FALSE,FALSE,18,TRUE,FALSE,No,,,,,,,Two year,FALSE,Credit card (automatic),20.04999924,388.6000061,FALSE
2497,5702-SKUOB,Female,FALSE,TRUE,FALSE,4,TRUE,FALSE,No,,,,,,,Month-to-month,FALSE,Mailed check,19.60000038,93.44999695,FALSE
2498,1134-YWTYF,Male,FALSE,TRUE,FALSE,27,TRUE,FALSE,DSL,FALSE,TRUE,FALSE,TRUE,FALSE,FALSE,Month-to-month,TRUE,Electronic check,53.79999924,1389.849976,FALSE
2499,6061-GWWAV,Male,FALSE,FALSE,TRUE,41,TRUE,FALSE,DSL,TRUE,TRUE,TRUE,FALSE,TRUE,FALSE,One year,FALSE,Mailed check,70.19999695,2894.550049,FALSE
2500,0679-TDGAK,Male,FALSE,TRUE,TRUE,50,TRUE,FALSE,DSL,TRUE,FALSE,FALSE,TRUE,TRUE,TRUE,One year,FALSE,Electronic check,75.5,4025.600098,FALSE
2501,6585-WCEWR,Male,FALSE,TRUE,TRUE,72,TRUE,FALSE,No,,,,,,,Two year,FALSE,Electronic check,20.35000038,1354.400024,FALSE
2502,9067-YGSCA,Female,FALSE,FALSE,FALSE,70,TRUE,TRUE,No,,,,,,,One year,FALSE,Credit card (automatic),26.04999924,1856.400024,FALSE
2503,9067-SQTNS,Male,FALSE,TRUE,TRUE,44,TRUE,FALSE,No,,,,,,,One year,FALSE,Bank transfer (automatic),20.60000038,926,FALSE
2504,8433-WXGNA,Male,FALSE,FALSE,FALSE,2,TRUE,FALSE,Fiber optic,TRUE,FALSE,FALSE,FALSE,FALSE,FALSE,Month-to-month,TRUE,Electronic check,75.69999695,189.1999969,TRUE
2505,1776-SPBWV,Female,FALSE,TRUE,TRUE,34,TRUE,FALSE,No,,,,,,,One year,TRUE,Bank transfer (automatic),20.10000038,682.0999756,FALSE
2506,8735-SDUFN,Female,TRUE,TRUE,FALSE,72,TRUE,TRUE,No,,,,,,,Two year,FALSE,Bank transfer (automatic),24.29999924,1778.699951,FALSE
2507,9668-PUGNU,Male,FALSE,TRUE,FALSE,71,TRUE,TRUE,No,,,,,,,Two year,TRUE,Electronic check,24.5,1816.199951,FALSE
2508,9405-GPBBG,Female,FALSE,FALSE,FALSE,64,TRUE,TRUE,Fiber optic,FALSE,TRUE,TRUE,TRUE,TRUE,TRUE,Two year,TRUE,Credit card (automatic),110.5,7069.25,FALSE
2509,1926-QUZNN,Female,FALSE,TRUE,FALSE,72,TRUE,TRUE,No,,,,,,,Two year,TRUE,Bank transfer (automatic),25.25,1841.199951,FALSE
2510,3707-GNWHM,Male,FALSE,FALSE,FALSE,1,TRUE,TRUE,Fiber optic,FALSE,FALSE,FALSE,FALSE,FALSE,FALSE,Month-to-month,TRUE,Mailed check,74.25,74.25,TRUE
2511,7016-NVRIC,Male,TRUE,TRUE,FALSE,29,TRUE,FALSE,Fiber optic,TRUE,FALSE,TRUE,FALSE,FALSE,TRUE,One year,FALSE,Bank transfer (automatic),90.09999847,2656.699951,FALSE
2512,5829-NVSQN,Female,FALSE,TRUE,FALSE,23,TRUE,FALSE,DSL,TRUE,FALSE,TRUE,TRUE,FALSE,TRUE,One year,TRUE,Bank transfer (automatic),68.75,1689.449951,FALSE
2513,9565-AXSMR,Male,FALSE,TRUE,TRUE,52,TRUE,FALSE,No,,,,,,,Two year,FALSE,Mailed check,19.20000076,1054.75,FALSE
2514,8922-LIEGH,Female,TRUE,FALSE,FALSE,25,TRUE,TRUE,Fiber optic,FALSE,TRUE,FALSE,FALSE,FALSE,TRUE,Month-to-month,TRUE,Electronic check,89.69999695,2187.550049,TRUE
2515,8869-LIHMK,Female,FALSE,FALSE,FALSE,64,TRUE,TRUE,Fiber optic,TRUE,TRUE,TRUE,TRUE,TRUE,TRUE,Two year,TRUE,Bank transfer (automatic),115.0999985,7334.049805,FALSE
2516,8245-UMPYT,Female,TRUE,FALSE,FALSE,16,TRUE,TRUE,Fiber optic,FALSE,FALSE,FALSE,FALSE,TRUE,TRUE,Month-to-month,TRUE,Electronic check,96.40000153,1581.199951,TRUE
2517,5186-SAMNZ,Male,TRUE,FALSE,FALSE,1,TRUE,FALSE,Fiber optic,FALSE,FALSE,FALSE,FALSE,FALSE,FALSE,Month-to-month,TRUE,Bank transfer (automatic),69.5,69.5,TRUE
2518,0447-RXSGD,Male,FALSE,FALSE,FALSE,24,TRUE,TRUE,Fiber optic,FALSE,TRUE,FALSE,FALSE,TRUE,TRUE,Month-to-month,TRUE,Bank transfer (automatic),99.65000153,2404.850098,FALSE
2519,4927-WWOOZ,Male,FALSE,TRUE,FALSE,2,TRUE,TRUE,Fiber optic,FALSE,FALSE,TRUE,FALSE,TRUE,FALSE,Month-to-month,TRUE,Electronic check,91.44999695,171.4499969,FALSE
2520,5788-YPOEG,Female,FALSE,TRUE,TRUE,34,TRUE,FALSE,DSL,TRUE,TRUE,TRUE,TRUE,TRUE,TRUE,Two year,FALSE,Mailed check,84.75,2839.449951,FALSE
2521,5373-SFODM,Male,TRUE,TRUE,FALSE,36,TRUE,TRUE,Fiber optic,FALSE,FALSE,FALSE,FALSE,FALSE,TRUE,Month-to-month,TRUE,Credit card (automatic),85.25,3132.75,TRUE
2522,0661-KBKPA,Male,FALSE,TRUE,TRUE,53,TRUE,TRUE,DSL,FALSE,FALSE,TRUE,TRUE,TRUE,TRUE,One year,TRUE,Mailed check,78.75,3942.449951,FALSE
2523,9081-WWXKP,Female,FALSE,TRUE,TRUE,47,TRUE,FALSE,No,,,,,,,Two year,FALSE,Credit card (automatic),20.25,873.4000244,FALSE
2524,0784-ZQJZX,Male,FALSE,FALSE,TRUE,72,TRUE,FALSE,No,,,,,,,Two year,FALSE,Credit card (automatic),19.89999962,1529.650024,FALSE
2525,3133-PZNSR,Male,FALSE,TRUE,TRUE,72,TRUE,TRUE,Fiber optic,TRUE,TRUE,FALSE,TRUE,FALSE,TRUE,Two year,TRUE,Credit card (automatic),97.75,6991.600098,FALSE
2526,5766-ZJYBB,Male,FALSE,FALSE,FALSE,1,TRUE,FALSE,No,,,,,,,Month-to-month,FALSE,Mailed check,19.39999962,19.39999962,TRUE
2527,8931-GJJIQ,Female,FALSE,FALSE,FALSE,9,TRUE,TRUE,Fiber optic,FALSE,FALSE,FALSE,FALSE,FALSE,TRUE,Month-to-month,TRUE,Electronic check,83.30000305,803.2999878,TRUE
2528,4277-PVRAN,Female,FALSE,FALSE,FALSE,8,TRUE,FALSE,Fiber optic,FALSE,FALSE,FALSE,FALSE,TRUE,FALSE,Month-to-month,TRUE,Bank transfer (automatic),80.09999847,679.2999878,TRUE
2529,0022-TCJCI,Male,TRUE,FALSE,FALSE,45,TRUE,FALSE,DSL,TRUE,FALSE,TRUE,FALSE,FALSE,TRUE,One year,FALSE,Credit card (automatic),62.70000076,2791.5,TRUE
2530,0722-SVSFK,Female,FALSE,FALSE,FALSE,7,TRUE,FALSE,Fiber optic,FALSE,FALSE,TRUE,TRUE,TRUE,TRUE,Month-to-month,TRUE,Electronic check,100.4000015,715,FALSE
2531,3612-YVGSJ,Female,FALSE,TRUE,FALSE,71,TRUE,TRUE,No,,,,,,,Two year,TRUE,Credit card (automatic),24.45000076,1681.599976,FALSE
2532,9825-YCXWZ,Female,TRUE,FALSE,FALSE,41,TRUE,FALSE,Fiber optic,FALSE,FALSE,TRUE,TRUE,TRUE,TRUE,One year,TRUE,Bank transfer (automatic),101.0999985,4016.199951,FALSE
2533,5397-NSKQG,Male,FALSE,TRUE,TRUE,67,FALSE,,DSL,TRUE,FALSE,FALSE,FALSE,TRUE,TRUE,Two year,FALSE,Credit card (automatic),50.90000153,3281.649902,FALSE
2534,8565-HBFNN,Male,FALSE,TRUE,FALSE,69,TRUE,TRUE,Fiber optic,TRUE,TRUE,TRUE,TRUE,FALSE,TRUE,One year,TRUE,Credit card (automatic),107.1999969,7317.100098,FALSE
2535,2000-DHJUY,Female,TRUE,TRUE,FALSE,70,TRUE,TRUE,DSL,TRUE,TRUE,TRUE,TRUE,TRUE,TRUE,Two year,TRUE,Bank transfer (automatic),92.19999695,6474.450195,FALSE
2536,0203-HHYIJ,Male,FALSE,FALSE,FALSE,25,TRUE,TRUE,No,,,,,,,One year,FALSE,Bank transfer (automatic),25.29999924,676.3499756,TRUE
2537,8670-ERCJH,Male,FALSE,FALSE,FALSE,72,TRUE,TRUE,Fiber optic,TRUE,TRUE,TRUE,TRUE,TRUE,TRUE,Two year,FALSE,Bank transfer (automatic),113.4000015,8164.100098,FALSE
2538,7758-UJWYS,Male,FALSE,TRUE,TRUE,34,FALSE,,DSL,FALSE,FALSE,FALSE,TRUE,TRUE,FALSE,Two year,TRUE,Electronic check,40.54999924,1325.849976,FALSE
2539,2050-ONYDQ,Female,FALSE,TRUE,TRUE,65,TRUE,TRUE,No,,,,,,,Two year,FALSE,Credit card (automatic),26,1654.849976,FALSE
2540,7055-JCGNI,Female,FALSE,FALSE,FALSE,70,TRUE,TRUE,Fiber optic,TRUE,TRUE,TRUE,TRUE,TRUE,TRUE,Two year,TRUE,Credit card (automatic),111.9499969,7795.950195,FALSE
2541,0739-UUAJR,Female,FALSE,TRUE,TRUE,72,FALSE,,DSL,TRUE,FALSE,TRUE,FALSE,TRUE,TRUE,Two year,TRUE,Credit card (automatic),53.79999924,3952.449951,FALSE
2542,4826-DXMUP,Male,FALSE,FALSE,TRUE,35,TRUE,FALSE,DSL,FALSE,FALSE,FALSE,TRUE,TRUE,TRUE,One year,TRUE,Mailed check,72.09999847,2495.149902,FALSE
2543,0952-KMEEH,Male,FALSE,FALSE,FALSE,13,TRUE,TRUE,Fiber optic,TRUE,FALSE,FALSE,FALSE,TRUE,TRUE,Month-to-month,FALSE,Mailed check,98.15000153,1230.25,TRUE
2544,7285-KLOTR,Female,FALSE,TRUE,FALSE,12,TRUE,TRUE,DSL,TRUE,FALSE,TRUE,FALSE,TRUE,TRUE,One year,FALSE,Electronic check,78.84999847,876.75,FALSE
2545,0654-PQKDW,Female,FALSE,TRUE,TRUE,62,TRUE,FALSE,DSL,TRUE,FALSE,TRUE,TRUE,TRUE,FALSE,One year,TRUE,Bank transfer (automatic),70.75,4263.450195,FALSE
2546,7175-NTIXE,Female,FALSE,FALSE,FALSE,25,TRUE,FALSE,DSL,TRUE,FALSE,FALSE,TRUE,TRUE,TRUE,Month-to-month,TRUE,Credit card (automatic),76.15000153,1992.949951,FALSE
2547,7963-SHNDT,Female,FALSE,FALSE,FALSE,52,FALSE,,DSL,TRUE,TRUE,FALSE,TRUE,FALSE,FALSE,Two year,FALSE,Mailed check,39.09999847,1982.099976,FALSE
2548,9796-BPKIW,Male,TRUE,FALSE,FALSE,8,TRUE,FALSE,Fiber optic,FALSE,FALSE,FALSE,FALSE,FALSE,FALSE,Month-to-month,TRUE,Credit card (automatic),69.94999695,562.7000122,FALSE
2549,0188-GWFLE,Male,FALSE,FALSE,FALSE,2,TRUE,FALSE,No,,,,,,,Month-to-month,FALSE,Mailed check,20.04999924,33.70000076,FALSE
2550,8129-GMVGI,Female,FALSE,TRUE,TRUE,56,TRUE,FALSE,No,,,,,,,Two year,FALSE,Mailed check,20.04999924,1090.099976,FALSE
2551,2882-DDZPG,Female,FALSE,FALSE,FALSE,12,TRUE,FALSE,No,,,,,,,Month-to-month,FALSE,Bank transfer (automatic),19.45000076,227.4499969,FALSE
2552,3547-LQRIK,Female,FALSE,TRUE,FALSE,47,TRUE,TRUE,No,,,,,,,One year,FALSE,Electronic check,26.89999962,1250.849976,FALSE
2553,9137-NOQKA,Male,TRUE,FALSE,FALSE,2,TRUE,FALSE,No,,,,,,,Month-to-month,FALSE,Electronic check,19.20000076,37.20000076,FALSE
2554,5843-TTHGI,Female,FALSE,FALSE,FALSE,18,TRUE,FALSE,DSL,FALSE,FALSE,TRUE,FALSE,FALSE,FALSE,Month-to-month,TRUE,Mailed check,50,892.7000122,FALSE
2555,1849-RJYIG,Female,FALSE,FALSE,FALSE,8,TRUE,FALSE,DSL,TRUE,FALSE,FALSE,FALSE,TRUE,FALSE,Month-to-month,TRUE,Electronic check,60,487.75,FALSE
2556,8868-GAGIO,Male,FALSE,TRUE,FALSE,45,TRUE,TRUE,Fiber optic,TRUE,FALSE,TRUE,FALSE,FALSE,FALSE,Month-to-month,TRUE,Mailed check,84.55000305,3713.949951,FALSE
2557,4061-UKJWL,Male,FALSE,FALSE,FALSE,3,TRUE,FALSE,DSL,FALSE,FALSE,FALSE,FALSE,FALSE,FALSE,Month-to-month,FALSE,Mailed check,45.45000076,141.6999969,FALSE
2558,5380-XPJNZ,Female,FALSE,FALSE,FALSE,38,TRUE,FALSE,No,,,,,,,One year,FALSE,Mailed check,20.04999924,678.2000122,FALSE
2559,8263-QMNTJ,Male,FALSE,TRUE,FALSE,72,TRUE,TRUE,Fiber optic,TRUE,TRUE,TRUE,TRUE,TRUE,TRUE,Two year,TRUE,Electronic check,115.5500031,8425.299805,FALSE
2560,8178-EYZUO,Male,FALSE,FALSE,FALSE,46,TRUE,TRUE,Fiber optic,TRUE,TRUE,FALSE,FALSE,FALSE,TRUE,Month-to-month,TRUE,Electronic check,93.69999695,4154.799805,TRUE
2561,3230-JCNZS,Female,FALSE,TRUE,TRUE,71,TRUE,TRUE,Fiber optic,TRUE,TRUE,TRUE,FALSE,TRUE,FALSE,Two year,TRUE,Credit card (automatic),99,7061.649902,FALSE
2562,0277-ORXQS,Male,FALSE,TRUE,TRUE,66,FALSE,,DSL,FALSE,FALSE,FALSE,TRUE,TRUE,TRUE,Two year,FALSE,Bank transfer (automatic),50.54999924,3364.550049,FALSE
2563,5130-IEKQT,Male,TRUE,FALSE,FALSE,25,TRUE,TRUE,Fiber optic,FALSE,TRUE,TRUE,FALSE,TRUE,TRUE,Month-to-month,FALSE,Mailed check,105.9499969,2655.25,TRUE
2564,3230-WYKIR,Male,FALSE,FALSE,FALSE,18,TRUE,TRUE,DSL,FALSE,FALSE,TRUE,TRUE,TRUE,TRUE,One year,TRUE,Credit card (automatic),82,1425.449951,TRUE
2565,7996-BPXHY,Female,FALSE,TRUE,TRUE,13,TRUE,TRUE,No,,,,,,,Two year,TRUE,Bank transfer (automatic),25,332.5,FALSE
2566,3227-WLKLI,Female,FALSE,TRUE,TRUE,65,TRUE,TRUE,DSL,TRUE,TRUE,TRUE,TRUE,TRUE,TRUE,Two year,FALSE,Bank transfer (automatic),91.55000305,5963.950195,FALSE
2567,0407-BDJKB,Male,FALSE,TRUE,FALSE,60,TRUE,TRUE,Fiber optic,FALSE,TRUE,TRUE,FALSE,TRUE,FALSE,Month-to-month,TRUE,Electronic check,95.75,5742.899902,TRUE
2568,2266-FUBDZ,Male,FALSE,TRUE,TRUE,15,TRUE,FALSE,No,,,,,,,Two year,FALSE,Mailed check,19.35000038,278.8500061,FALSE
2569,8237-ULIXL,Female,FALSE,TRUE,FALSE,72,TRUE,TRUE,No,,,,,,,Two year,FALSE,Credit card (automatic),24.85000038,1871.849976,FALSE
2570,9600-UDOPK,Male,FALSE,TRUE,FALSE,30,TRUE,TRUE,Fiber optic,FALSE,FALSE,FALSE,FALSE,TRUE,TRUE,Month-to-month,TRUE,Credit card (automatic),94.05000305,2866.449951,TRUE
2571,8216-AZUUZ,Female,FALSE,TRUE,TRUE,42,TRUE,FALSE,Fiber optic,FALSE,FALSE,TRUE,TRUE,TRUE,TRUE,Two year,TRUE,Electronic check,100.4000015,4303.649902,FALSE
2572,9153-BTBVV,Female,FALSE,TRUE,FALSE,71,TRUE,TRUE,No,,,,,,,Two year,FALSE,Bank transfer (automatic),25,1753,FALSE
2573,4074-SJFFA,Female,FALSE,FALSE,FALSE,1,TRUE,FALSE,DSL,FALSE,FALSE,FALSE,FALSE,FALSE,TRUE,Month-to-month,TRUE,Mailed check,54.75,54.75,TRUE
2574,3269-ATYWD,Male,TRUE,FALSE,FALSE,39,TRUE,TRUE,Fiber optic,FALSE,FALSE,FALSE,FALSE,TRUE,TRUE,Month-to-month,TRUE,Bank transfer (automatic),95.65000153,3759.050049,TRUE
2575,5186-PEIZU,Female,FALSE,FALSE,FALSE,35,TRUE,FALSE,No,,,,,,,Month-to-month,FALSE,Bank transfer (automatic),19.25,617.6500244,FALSE
2576,1074-AMIOH,Female,FALSE,TRUE,TRUE,53,TRUE,FALSE,Fiber optic,FALSE,TRUE,TRUE,TRUE,TRUE,TRUE,Month-to-month,TRUE,Bank transfer (automatic),108.25,5935.100098,FALSE
2577,4910-GMJOT,Female,FALSE,FALSE,FALSE,1,TRUE,TRUE,Fiber optic,FALSE,FALSE,FALSE,FALSE,TRUE,TRUE,Month-to-month,TRUE,Electronic check,94.59999847,94.59999847,TRUE
2578,0354-WYROK,Female,TRUE,TRUE,TRUE,31,TRUE,FALSE,Fiber optic,FALSE,FALSE,TRUE,TRUE,TRUE,TRUE,Month-to-month,TRUE,Electronic check,98.90000153,2911.300049,TRUE
2579,4361-FEBGN,Male,FALSE,FALSE,FALSE,48,TRUE,FALSE,No,,,,,,,Two year,FALSE,Credit card (automatic),20.14999962,982.9500122,FALSE
2580,7748-UMTRK,Female,TRUE,FALSE,TRUE,30,TRUE,TRUE,Fiber optic,FALSE,FALSE,FALSE,TRUE,TRUE,TRUE,Month-to-month,TRUE,Electronic check,101.3000031,2974.5,FALSE
2581,0380-ZCSBI,Male,FALSE,FALSE,FALSE,10,TRUE,FALSE,No,,,,,,,Month-to-month,FALSE,Credit card (automatic),20,198.6999969,FALSE
2582,7145-FEJWU,Female,FALSE,FALSE,TRUE,12,TRUE,TRUE,Fiber optic,FALSE,TRUE,TRUE,FALSE,TRUE,TRUE,Month-to-month,TRUE,Electronic check,105.3000031,1275.650024,FALSE
2583,6463-MVYRY,Female,TRUE,FALSE,FALSE,57,TRUE,FALSE,DSL,TRUE,FALSE,TRUE,TRUE,TRUE,FALSE,Two year,FALSE,Bank transfer (automatic),69.84999847,4003,FALSE
2584,3969-JQABI,Female,FALSE,TRUE,FALSE,58,TRUE,FALSE,DSL,TRUE,TRUE,FALSE,FALSE,TRUE,FALSE,Month-to-month,TRUE,Credit card (automatic),65.25,3791.600098,FALSE
2585,9624-EGDEQ,Female,FALSE,FALSE,FALSE,37,TRUE,FALSE,No,,,,,,,Two year,FALSE,Mailed check,19.79999924,813.2999878,FALSE
2586,1051-EQPZR,Female,FALSE,TRUE,TRUE,44,TRUE,FALSE,No,,,,,,,Month-to-month,FALSE,Mailed check,19.60000038,780.25,FALSE
2587,5849-ASHZJ,Male,FALSE,FALSE,TRUE,27,TRUE,FALSE,No,,,,,,,One year,FALSE,Credit card (automatic),20.04999924,552.9000244,FALSE
2588,5780-INQIK,Female,FALSE,FALSE,FALSE,8,TRUE,FALSE,DSL,FALSE,FALSE,FALSE,TRUE,FALSE,FALSE,Month-to-month,FALSE,Electronic check,49.40000153,408.25,FALSE
2589,7576-OYWBN,Male,TRUE,FALSE,FALSE,3,TRUE,TRUE,Fiber optic,FALSE,FALSE,FALSE,FALSE,FALSE,FALSE,Month-to-month,TRUE,Electronic check,76.05000305,231.8000031,TRUE
2590,4526-ZJJTM,Female,TRUE,TRUE,FALSE,25,TRUE,FALSE,Fiber optic,FALSE,TRUE,TRUE,FALSE,FALSE,TRUE,Month-to-month,FALSE,Bank transfer (automatic),88.40000153,2191.149902,FALSE
2591,8384-FZBJK,Female,FALSE,TRUE,TRUE,57,TRUE,TRUE,Fiber optic,FALSE,TRUE,FALSE,FALSE,TRUE,TRUE,Month-to-month,TRUE,Electronic check,100.5999985,5611.700195,FALSE
2592,3750-RNQKR,Female,FALSE,FALSE,FALSE,12,TRUE,FALSE,No,,,,,,,Month-to-month,FALSE,Mailed check,19.45000076,246.25,FALSE
2593,0962-CQPWQ,Female,FALSE,TRUE,TRUE,62,TRUE,FALSE,No,,,,,,,Two year,FALSE,Bank transfer (automatic),20.29999924,1296.150024,FALSE
2594,,Female,FALSE,TRUE,FALSE,65,TRUE,TRUE,Fiber optic,FALSE,TRUE,TRUE,TRUE,TRUE,TRUE,Two year,TRUE,Bank transfer (automatic),107.6500015,7082.850098,FALSE
2595,1265-BCFEO,Female,FALSE,TRUE,FALSE,71,TRUE,TRUE,DSL,FALSE,FALSE,TRUE,TRUE,TRUE,TRUE,Two year,TRUE,Bank transfer (automatic),80.44999695,5662.25,FALSE
2596,5837-LXSDN,Female,FALSE,TRUE,TRUE,21,TRUE,FALSE,DSL,FALSE,TRUE,FALSE,FALSE,TRUE,FALSE,One year,TRUE,Credit card (automatic),58.84999847,1215.449951,FALSE
2597,5945-AZYHT,Male,FALSE,TRUE,FALSE,71,TRUE,TRUE,Fiber optic,TRUE,TRUE,TRUE,FALSE,TRUE,TRUE,One year,TRUE,Electronic check,109.5999985,7854.149902,FALSE
2598,8325-QRPZR,Female,FALSE,FALSE,FALSE,7,TRUE,FALSE,Fiber optic,FALSE,FALSE,TRUE,FALSE,FALSE,FALSE,Month-to-month,TRUE,Electronic check,75.15000153,525,FALSE
2599,6384-VMJHP,Female,FALSE,FALSE,FALSE,72,TRUE,FALSE,DSL,TRUE,TRUE,TRUE,TRUE,FALSE,TRUE,Two year,TRUE,Credit card (automatic),73,5265.200195,FALSE
2600,2262-SLNVK,Female,FALSE,FALSE,FALSE,1,TRUE,FALSE,Fiber optic,FALSE,FALSE,FALSE,FALSE,FALSE,FALSE,Month-to-month,FALSE,Electronic check,70.09999847,70.09999847,FALSE
2601,7730-CLDSV,Female,FALSE,TRUE,TRUE,72,TRUE,TRUE,Fiber optic,FALSE,TRUE,TRUE,TRUE,FALSE,TRUE,Two year,TRUE,Bank transfer (automatic),98.65000153,7129.450195,FALSE
2602,1135-HIORI,Female,FALSE,TRUE,TRUE,64,TRUE,TRUE,Fiber optic,FALSE,TRUE,TRUE,TRUE,TRUE,TRUE,One year,TRUE,Electronic check,111.4499969,7266.950195,FALSE
2603,0164-APGRB,Female,FALSE,FALSE,FALSE,72,TRUE,TRUE,Fiber optic,TRUE,TRUE,TRUE,TRUE,TRUE,TRUE,Two year,TRUE,Electronic check,114.9000015,8496.700195,FALSE
2604,6481-ESCNL,Female,FALSE,FALSE,FALSE,29,TRUE,TRUE,Fiber optic,FALSE,FALSE,TRUE,FALSE,TRUE,TRUE,Month-to-month,FALSE,Bank transfer (automatic),100.5500031,2878.75,FALSE
2605,1790-NESIO,Female,FALSE,FALSE,FALSE,13,TRUE,FALSE,No,,,,,,,Two year,TRUE,Mailed check,20.39999962,261.2999878,FALSE
2606,1550-EENBN,Female,FALSE,FALSE,FALSE,31,TRUE,TRUE,Fiber optic,TRUE,TRUE,FALSE,FALSE,TRUE,TRUE,Month-to-month,FALSE,Electronic check,104.3499985,3205.600098,FALSE
2607,5539-TMZLF,Male,TRUE,FALSE,FALSE,1,TRUE,FALSE,Fiber optic,FALSE,FALSE,FALSE,FALSE,FALSE,FALSE,Month-to-month,TRUE,Electronic check,69.75,69.75,TRUE
2608,4323-SADQS,Male,FALSE,TRUE,TRUE,7,FALSE,,DSL,TRUE,FALSE,FALSE,TRUE,FALSE,FALSE,Month-to-month,TRUE,Electronic check,34.5,279.25,TRUE
2609,4446-BZKHU,Male,FALSE,TRUE,FALSE,61,TRUE,TRUE,Fiber optic,FALSE,TRUE,TRUE,FALSE,TRUE,TRUE,Month-to-month,TRUE,Electronic check,105.5500031,6281.450195,TRUE
2610,5202-IVJNU,Female,FALSE,FALSE,TRUE,39,FALSE,,DSL,FALSE,FALSE,TRUE,FALSE,FALSE,FALSE,Month-to-month,FALSE,Credit card (automatic),30.10000038,1131.300049,TRUE
2611,5976-JCJRH,Male,FALSE,TRUE,FALSE,10,TRUE,FALSE,Fiber optic,FALSE,FALSE,FALSE,FALSE,FALSE,FALSE,Month-to-month,TRUE,Electronic check,70.30000305,738.2000122,TRUE
2612,8198-RKSZG,Female,FALSE,TRUE,TRUE,14,TRUE,TRUE,DSL,FALSE,TRUE,FALSE,TRUE,TRUE,TRUE,Month-to-month,FALSE,Credit card (automatic),80.44999695,1137.050049,FALSE
2613,0137-OCGAB,Female,FALSE,FALSE,FALSE,1,TRUE,TRUE,Fiber optic,FALSE,TRUE,FALSE,FALSE,FALSE,FALSE,Month-to-month,TRUE,Mailed check,80.19999695,80.19999695,TRUE
2614,3351-NQLDI,Female,FALSE,TRUE,TRUE,67,TRUE,TRUE,Fiber optic,TRUE,FALSE,FALSE,TRUE,FALSE,TRUE,One year,TRUE,Credit card (automatic),94.34999847,6341.450195,TRUE
2615,9297-EONCV,Female,FALSE,FALSE,FALSE,72,TRUE,TRUE,DSL,TRUE,TRUE,TRUE,TRUE,TRUE,TRUE,Two year,TRUE,Bank transfer (automatic),91.34999847,6697.200195,FALSE
2616,7593-JNWRU,Male,FALSE,TRUE,TRUE,6,TRUE,FALSE,DSL,FALSE,FALSE,FALSE,FALSE,FALSE,FALSE,Month-to-month,TRUE,Bank transfer (automatic),44.59999847,260.7999878,TRUE
2617,4588-YBNIB,Female,FALSE,FALSE,FALSE,1,TRUE,FALSE,No,,,,,,,Month-to-month,TRUE,Mailed check,19.60000038,19.60000038,TRUE
2618,1069-QJOEE,Male,FALSE,TRUE,TRUE,25,TRUE,FALSE,No,,,,,,,One year,FALSE,Electronic check,19.89999962,505.4500122,FALSE
2619,3336-JORSO,Female,TRUE,FALSE,FALSE,33,TRUE,TRUE,Fiber optic,FALSE,TRUE,TRUE,TRUE,TRUE,TRUE,Month-to-month,TRUE,Electronic check,110.4499969,3655.449951,TRUE
2620,7799-DSEWS,Male,FALSE,FALSE,FALSE,18,TRUE,FALSE,DSL,TRUE,FALSE,TRUE,TRUE,TRUE,FALSE,Month-to-month,TRUE,Electronic check,68.34999847,1299.800049,FALSE
2621,8766-PAFNE,Male,FALSE,TRUE,FALSE,71,TRUE,FALSE,DSL,FALSE,TRUE,TRUE,TRUE,TRUE,TRUE,Two year,TRUE,Credit card (automatic),79.09999847,5564.850098,FALSE
2622,5315-CKEQK,Male,TRUE,TRUE,TRUE,28,TRUE,TRUE,DSL,FALSE,FALSE,FALSE,FALSE,FALSE,FALSE,One year,TRUE,Electronic check,51,1381.800049,FALSE
2623,3130-ICDUP,Female,FALSE,FALSE,TRUE,2,TRUE,TRUE,Fiber optic,TRUE,FALSE,FALSE,FALSE,FALSE,FALSE,Month-to-month,FALSE,Credit card (automatic),80.55000305,188.1000061,FALSE
2624,0820-FNRNX,Male,FALSE,TRUE,TRUE,17,TRUE,TRUE,DSL,FALSE,TRUE,TRUE,TRUE,FALSE,FALSE,Month-to-month,TRUE,Mailed check,66.69999695,1077.050049,FALSE
2625,0880-FVFWF,Male,FALSE,FALSE,FALSE,56,TRUE,TRUE,Fiber optic,TRUE,TRUE,FALSE,FALSE,FALSE,FALSE,Month-to-month,TRUE,Electronic check,86.40000153,4922.399902,FALSE
2626,4611-ANLQC,Female,FALSE,TRUE,FALSE,60,FALSE,,DSL,TRUE,TRUE,TRUE,FALSE,FALSE,TRUE,One year,FALSE,Electronic check,50.04999924,2911.5,FALSE
2627,4213-HKBJO,Female,FALSE,FALSE,FALSE,33,TRUE,TRUE,No,,,,,,,Two year,FALSE,Credit card (automatic),25.70000076,826.0999756,FALSE
2628,2792-LSHWX,Female,FALSE,FALSE,FALSE,1,TRUE,FALSE,Fiber optic,TRUE,TRUE,FALSE,TRUE,FALSE,FALSE,Month-to-month,TRUE,Mailed check,83.40000153,83.40000153,FALSE
2629,5028-GZLDO,Male,FALSE,FALSE,FALSE,2,TRUE,FALSE,Fiber optic,FALSE,FALSE,FALSE,FALSE,FALSE,FALSE,Month-to-month,FALSE,Credit card (automatic),70.69999695,140.6999969,TRUE
2630,0014-BMAQU,Male,FALSE,TRUE,FALSE,63,TRUE,TRUE,Fiber optic,TRUE,FALSE,FALSE,TRUE,FALSE,FALSE,Two year,TRUE,Credit card (automatic),84.65000153,5377.799805,FALSE
2631,6861-XWTWQ,Male,TRUE,TRUE,FALSE,7,TRUE,TRUE,Fiber optic,FALSE,FALSE,TRUE,FALSE,TRUE,TRUE,Month-to-month,TRUE,Electronic check,99.25,665.4500122,TRUE
2632,9018-PCIOK,Female,FALSE,FALSE,FALSE,55,TRUE,FALSE,DSL,FALSE,TRUE,TRUE,FALSE,FALSE,TRUE,Two year,TRUE,Mailed check,64.75,3617.100098,FALSE
2633,4837-QUSFT,Female,FALSE,TRUE,FALSE,65,TRUE,TRUE,Fiber optic,TRUE,TRUE,FALSE,TRUE,TRUE,FALSE,One year,TRUE,Bank transfer (automatic),100.1500015,6643.5,FALSE
2634,6877-TJMBR,Male,FALSE,TRUE,FALSE,1,TRUE,FALSE,Fiber optic,FALSE,FALSE,FALSE,TRUE,TRUE,FALSE,Month-to-month,TRUE,Electronic check,84.80000305,84.80000305,TRUE
2635,9953-ZMKSM,Male,FALSE,FALSE,FALSE,63,TRUE,TRUE,No,,,,,,,Two year,FALSE,Mailed check,25.25,1559.300049,FALSE
2636,0907-HQNTS,Female,TRUE,TRUE,FALSE,70,TRUE,TRUE,Fiber optic,TRUE,TRUE,TRUE,TRUE,TRUE,TRUE,Two year,TRUE,Credit card (automatic),113,7987.600098,FALSE
2637,7665-NKLAV,Female,FALSE,TRUE,TRUE,36,FALSE,,DSL,TRUE,FALSE,TRUE,TRUE,FALSE,FALSE,Two year,FALSE,Credit card (automatic),40.65000153,1547.349976,FALSE
2638,6769-DCQLI,Male,FALSE,FALSE,FALSE,52,TRUE,FALSE,Fiber optic,FALSE,TRUE,TRUE,TRUE,TRUE,TRUE,One year,TRUE,Bank transfer (automatic),105,5426.850098,TRUE
2639,2433-KMEAS,Male,FALSE,FALSE,FALSE,22,TRUE,TRUE,DSL,TRUE,FALSE,FALSE,FALSE,FALSE,FALSE,Month-to-month,TRUE,Electronic check,54.45000076,1127.349976,TRUE
2640,4391-LNRXK,Male,FALSE,FALSE,FALSE,22,TRUE,FALSE,Fiber optic,FALSE,TRUE,TRUE,TRUE,FALSE,TRUE,Month-to-month,TRUE,Bank transfer (automatic),94.94999695,2142.800049,FALSE
2641,8250-ZNGGW,Female,TRUE,FALSE,FALSE,5,TRUE,FALSE,DSL,TRUE,TRUE,FALSE,TRUE,FALSE,FALSE,Month-to-month,FALSE,Credit card (automatic),59.90000153,287.8500061,FALSE
2642,2195-ZRVAX,Female,FALSE,TRUE,FALSE,47,TRUE,FALSE,Fiber optic,FALSE,FALSE,TRUE,FALSE,FALSE,TRUE,Month-to-month,TRUE,Electronic check,85.30000305,4045.649902,TRUE
2643,3550-SAHFP,Female,FALSE,FALSE,FALSE,33,TRUE,TRUE,Fiber optic,FALSE,FALSE,FALSE,FALSE,FALSE,TRUE,Month-to-month,TRUE,Electronic check,83.34999847,2757.850098,TRUE
2644,2011-TRQYE,Male,FALSE,FALSE,FALSE,18,FALSE,,DSL,FALSE,TRUE,TRUE,FALSE,FALSE,FALSE,Month-to-month,TRUE,Credit card (automatic),33.5,600,TRUE
2645,8562-GHPPI,Female,FALSE,FALSE,FALSE,1,TRUE,FALSE,No,,,,,,,Month-to-month,FALSE,Credit card (automatic),19.79999924,19.79999924,FALSE
2646,5893-PYOLZ,Male,FALSE,FALSE,FALSE,56,TRUE,FALSE,DSL,FALSE,TRUE,TRUE,TRUE,TRUE,TRUE,Two year,TRUE,Credit card (automatic),81.80000305,4534.450195,FALSE
2647,4986-MXSFP,Female,FALSE,FALSE,FALSE,2,TRUE,FALSE,No,,,,,,,Month-to-month,TRUE,Mailed check,20,40.90000153,FALSE
2648,6131-FOYAS,Male,FALSE,FALSE,FALSE,35,TRUE,TRUE,DSL,TRUE,FALSE,TRUE,FALSE,FALSE,FALSE,Month-to-month,TRUE,Electronic check,59.59999847,2094.899902,FALSE
2649,3027-YNWZU,Female,FALSE,TRUE,FALSE,64,TRUE,TRUE,No,,,,,,,Two year,FALSE,Credit card (automatic),25,1584.800049,FALSE
2650,5609-IMCGG,Female,FALSE,FALSE,FALSE,15,TRUE,TRUE,Fiber optic,TRUE,FALSE,TRUE,FALSE,FALSE,FALSE,Month-to-month,TRUE,Credit card (automatic),84.34999847,1302.650024,FALSE
2651,4873-ILOLJ,Male,FALSE,FALSE,FALSE,24,TRUE,FALSE,Fiber optic,FALSE,FALSE,FALSE,FALSE,TRUE,TRUE,Month-to-month,TRUE,Electronic check,90.34999847,2238.5,TRUE
2652,4727-MCYZG,Male,FALSE,FALSE,FALSE,1,TRUE,FALSE,DSL,FALSE,FALSE,FALSE,FALSE,FALSE,TRUE,Month-to-month,FALSE,Mailed check,55.54999924,55.54999924,FALSE
2653,9481-WHGWY,Female,FALSE,TRUE,TRUE,70,TRUE,FALSE,DSL,TRUE,FALSE,FALSE,TRUE,TRUE,TRUE,Two year,FALSE,Credit card (automatic),75.34999847,5437.75,FALSE
2654,2725-KXXWT,Male,FALSE,TRUE,FALSE,1,TRUE,FALSE,Fiber optic,FALSE,FALSE,FALSE,FALSE,TRUE,TRUE,Month-to-month,TRUE,Electronic check,90.75,90.75,TRUE
2655,9565-DJPIB,Female,FALSE,FALSE,TRUE,4,TRUE,TRUE,Fiber optic,FALSE,TRUE,FALSE,FALSE,TRUE,FALSE,Month-to-month,FALSE,Mailed check,89.59999847,365.6499939,TRUE
2656,4328-VUFWD,Female,FALSE,FALSE,FALSE,39,TRUE,FALSE,DSL,FALSE,FALSE,FALSE,TRUE,FALSE,TRUE,One year,FALSE,Electronic check,59.29999924,2209.149902,FALSE
2657,3301-LSLWQ,Female,FALSE,FALSE,FALSE,29,TRUE,TRUE,DSL,TRUE,FALSE,FALSE,FALSE,FALSE,TRUE,Month-to-month,TRUE,Electronic check,66.09999847,1912.150024,FALSE
2658,7473-ZBDSN,Female,FALSE,TRUE,TRUE,14,TRUE,FALSE,No,,,,,,,Two year,FALSE,Mailed check,18.79999924,255.5500031,FALSE
2659,3166-PNEOF,Female,FALSE,FALSE,FALSE,61,TRUE,TRUE,DSL,TRUE,FALSE,TRUE,TRUE,TRUE,TRUE,Two year,FALSE,Credit card (automatic),86.44999695,5175.299805,FALSE
2660,5639-NTUPK,Male,FALSE,FALSE,TRUE,13,TRUE,FALSE,DSL,TRUE,FALSE,FALSE,FALSE,FALSE,FALSE,Month-to-month,TRUE,Credit card (automatic),52.09999847,670.6500244,FALSE
2661,8780-YRMTT,Female,FALSE,FALSE,FALSE,66,FALSE,,DSL,TRUE,TRUE,TRUE,TRUE,FALSE,FALSE,Two year,TRUE,Mailed check,47.40000153,3177.25,FALSE
2662,8348-HFYIV,Male,FALSE,FALSE,FALSE,2,FALSE,,DSL,FALSE,FALSE,TRUE,FALSE,TRUE,TRUE,Month-to-month,TRUE,Electronic check,49.25,90.34999847,TRUE
2663,5140-FOMCQ,Female,FALSE,TRUE,FALSE,59,TRUE,TRUE,Fiber optic,TRUE,TRUE,TRUE,FALSE,TRUE,TRUE,One year,TRUE,Credit card (automatic),109.1500015,6557.75,FALSE
2664,6242-SGYTS,Male,FALSE,TRUE,TRUE,62,TRUE,TRUE,Fiber optic,TRUE,TRUE,FALSE,FALSE,TRUE,FALSE,One year,TRUE,Credit card (automatic),94.94999695,5791.850098,FALSE
2665,8166-ORCHU,Male,TRUE,TRUE,FALSE,33,TRUE,FALSE,Fiber optic,TRUE,TRUE,FALSE,TRUE,FALSE,TRUE,One year,TRUE,Electronic check,93.55000305,3055.5,FALSE
2666,8414-OOEEL,Male,FALSE,FALSE,TRUE,66,TRUE,FALSE,DSL,FALSE,TRUE,TRUE,TRUE,TRUE,TRUE,Two year,TRUE,Credit card (automatic),79.5,5196.100098,FALSE
2667,8454-AATJP,Female,FALSE,FALSE,FALSE,72,TRUE,TRUE,Fiber optic,TRUE,TRUE,TRUE,TRUE,TRUE,TRUE,Two year,FALSE,Credit card (automatic),115.0500031,8405,FALSE
2668,6849-WLEYG,Male,FALSE,FALSE,TRUE,1,TRUE,FALSE,No,,,,,,,Month-to-month,FALSE,Mailed check,19.75,19.75,TRUE
2669,4659-NZRUF,Female,FALSE,FALSE,FALSE,19,TRUE,TRUE,Fiber optic,TRUE,TRUE,FALSE,FALSE,FALSE,TRUE,Month-to-month,TRUE,Electronic check,95.15000153,1789.25,TRUE
2670,4531-AUZNK,Female,FALSE,TRUE,TRUE,51,TRUE,TRUE,Fiber optic,TRUE,FALSE,FALSE,TRUE,TRUE,FALSE,One year,TRUE,Mailed check,95.15000153,5000.049805,FALSE
2671,4191-XOVOM,Male,FALSE,FALSE,FALSE,63,TRUE,TRUE,Fiber optic,FALSE,TRUE,FALSE,TRUE,TRUE,TRUE,Month-to-month,FALSE,Electronic check,105.4000015,6713.200195,FALSE
2672,2150-OEGBV,Male,FALSE,FALSE,FALSE,27,TRUE,FALSE,No,,,,,,,One year,FALSE,Bank transfer (automatic),20.10000038,562.5999756,FALSE
2673,8429-XIBUM,Male,FALSE,FALSE,FALSE,22,TRUE,TRUE,Fiber optic,TRUE,FALSE,FALSE,FALSE,TRUE,TRUE,Month-to-month,TRUE,Bank transfer (automatic),101.3499985,2317.100098,TRUE
2674,1855-CFULU,Female,TRUE,FALSE,FALSE,4,TRUE,FALSE,No,,,,,,,Month-to-month,FALSE,Mailed check,20.04999924,91.44999695,FALSE
2675,4878-BUNFV,Male,FALSE,TRUE,TRUE,42,TRUE,FALSE,No,,,,,,,Two year,FALSE,Mailed check,20.70000076,828.8499756,FALSE
2676,1872-EBWSC,Female,FALSE,FALSE,FALSE,29,TRUE,FALSE,No,,,,,,,One year,FALSE,Mailed check,20.35000038,617.3499756,FALSE
2677,2608-BHKFN,Female,FALSE,FALSE,FALSE,4,TRUE,FALSE,Fiber optic,FALSE,FALSE,FALSE,FALSE,FALSE,FALSE,Month-to-month,TRUE,Credit card (automatic),70.05000305,266.8999939,TRUE
2678,7026-YMSBE,Male,FALSE,FALSE,FALSE,30,TRUE,FALSE,No,,,,,,,One year,FALSE,Mailed check,19.70000076,625.0499878,FALSE
2679,7341-LXCAF,Male,FALSE,TRUE,FALSE,4,TRUE,TRUE,Fiber optic,FALSE,FALSE,FALSE,FALSE,FALSE,FALSE,Month-to-month,TRUE,Electronic check,74.65000153,301.3999939,TRUE
2680,6997-UVGOX,Male,FALSE,TRUE,TRUE,71,TRUE,FALSE,DSL,TRUE,TRUE,TRUE,TRUE,TRUE,TRUE,Two year,FALSE,Bank transfer (automatic),85.44999695,6029.899902,FALSE
2681,9674-EHPPG,Male,FALSE,TRUE,FALSE,46,FALSE,,DSL,TRUE,FALSE,TRUE,TRUE,FALSE,FALSE,Two year,FALSE,Credit card (automatic),40.40000153,1842.699951,FALSE
2682,9462-MJUAW,Male,FALSE,FALSE,FALSE,4,TRUE,TRUE,DSL,FALSE,FALSE,FALSE,FALSE,FALSE,FALSE,Month-to-month,FALSE,Mailed check,50.40000153,206.6000061,TRUE
2683,8128-YVJRG,Female,FALSE,FALSE,FALSE,7,TRUE,TRUE,Fiber optic,TRUE,FALSE,FALSE,FALSE,FALSE,FALSE,Month-to-month,TRUE,Mailed check,79.65000153,604.7000122,TRUE
2684,5440-VHLUL,Male,FALSE,FALSE,FALSE,69,TRUE,TRUE,Fiber optic,FALSE,TRUE,FALSE,TRUE,TRUE,TRUE,One year,TRUE,Bank transfer (automatic),105.1999969,7386.049805,FALSE
2685,5781-BKHOP,Female,FALSE,TRUE,FALSE,72,TRUE,TRUE,Fiber optic,TRUE,TRUE,TRUE,FALSE,TRUE,FALSE,Two year,FALSE,Bank transfer (automatic),100.6500015,7334.049805,FALSE
2686,4283-FUTGF,Male,TRUE,FALSE,FALSE,19,TRUE,TRUE,Fiber optic,FALSE,FALSE,TRUE,FALSE,FALSE,FALSE,Month-to-month,TRUE,Electronic check,79.84999847,1471.75,TRUE
2687,5213-TWWJU,Male,FALSE,FALSE,FALSE,28,TRUE,FALSE,Fiber optic,FALSE,FALSE,TRUE,TRUE,FALSE,TRUE,Month-to-month,FALSE,Electronic check,91,2626.149902,FALSE
2688,1569-TTNYJ,Male,FALSE,TRUE,FALSE,5,TRUE,TRUE,Fiber optic,FALSE,TRUE,FALSE,FALSE,FALSE,FALSE,Month-to-month,TRUE,Electronic check,78.75,412.1000061,TRUE
2689,8628-MFKAX,Female,TRUE,TRUE,FALSE,72,TRUE,TRUE,Fiber optic,TRUE,TRUE,TRUE,TRUE,TRUE,TRUE,Two year,TRUE,Credit card (automatic),116.75,8277.049805,FALSE
2690,2397-BRLOM,Male,TRUE,TRUE,TRUE,8,TRUE,FALSE,Fiber optic,FALSE,FALSE,FALSE,FALSE,TRUE,FALSE,Month-to-month,TRUE,Credit card (automatic),80.44999695,583.4500122,TRUE
2691,7629-WIXZF,Female,FALSE,FALSE,FALSE,7,TRUE,FALSE,DSL,TRUE,FALSE,FALSE,FALSE,FALSE,TRUE,One year,TRUE,Electronic check,59.09999847,369.25,FALSE
2692,5445-GLVOT,Female,FALSE,FALSE,FALSE,22,TRUE,FALSE,DSL,TRUE,FALSE,FALSE,FALSE,FALSE,FALSE,Month-to-month,TRUE,Electronic check,49.79999924,1049.050049,FALSE
2693,3976-HXHCE,Male,FALSE,FALSE,FALSE,72,TRUE,FALSE,No,,,,,,,Two year,FALSE,Bank transfer (automatic),19.29999924,1414.800049,FALSE
2694,2466-NEJOJ,Male,FALSE,TRUE,TRUE,8,TRUE,FALSE,No,,,,,,,Month-to-month,FALSE,Credit card (automatic),19.64999962,169.75,FALSE
2695,0254-KCJGT,Male,FALSE,TRUE,FALSE,52,TRUE,TRUE,DSL,TRUE,TRUE,TRUE,TRUE,FALSE,TRUE,One year,TRUE,Credit card (automatic),81.40000153,4354.450195,FALSE
2696,5472-CVMDX,Female,FALSE,FALSE,FALSE,68,FALSE,,DSL,TRUE,FALSE,TRUE,TRUE,FALSE,FALSE,Two year,FALSE,Mailed check,38.90000153,2719.199951,FALSE
2697,6461-SZMCV,Female,FALSE,TRUE,FALSE,71,TRUE,TRUE,DSL,TRUE,TRUE,TRUE,TRUE,TRUE,TRUE,Two year,FALSE,Bank transfer (automatic),87.94999695,6365.350098,FALSE
2698,8150-QUDFX,Male,FALSE,FALSE,FALSE,2,TRUE,FALSE,No,,,,,,,Month-to-month,FALSE,Mailed check,19.85000038,51.59999847,FALSE
2699,9508-ILZDG,Female,TRUE,FALSE,FALSE,34,TRUE,TRUE,Fiber optic,FALSE,TRUE,FALSE,TRUE,TRUE,FALSE,Month-to-month,TRUE,Electronic check,96.34999847,3190.25,FALSE
2700,2346-DJQTB,Female,FALSE,FALSE,FALSE,35,FALSE,,DSL,FALSE,FALSE,FALSE,FALSE,FALSE,FALSE,Month-to-month,FALSE,Electronic check,24.14999962,812.5,FALSE
2701,1697-LYYYX,Female,FALSE,TRUE,TRUE,61,TRUE,FALSE,No,,,,,,,One year,FALSE,Credit card (automatic),19.10000038,1143.800049,FALSE
2702,1942-OQFRW,Male,FALSE,FALSE,FALSE,1,TRUE,FALSE,DSL,FALSE,FALSE,FALSE,FALSE,FALSE,FALSE,Month-to-month,FALSE,Electronic check,,44,FALSE
2703,4749-VFKVB,Female,FALSE,FALSE,FALSE,1,TRUE,TRUE,DSL,FALSE,FALSE,FALSE,FALSE,FALSE,FALSE,Month-to-month,TRUE,Mailed check,50.09999847,50.09999847,TRUE
2704,9640-ZSLDC,Female,FALSE,TRUE,TRUE,53,TRUE,FALSE,DSL,FALSE,FALSE,TRUE,FALSE,FALSE,TRUE,One year,FALSE,Credit card (automatic),60.59999847,3297,FALSE
2705,4231-LZUYM,Female,FALSE,TRUE,FALSE,72,TRUE,TRUE,No,,,,,,,Two year,FALSE,Bank transfer (automatic),25.64999962,1887,FALSE
2706,7598-UAASY,Male,FALSE,TRUE,FALSE,2,TRUE,FALSE,Fiber optic,FALSE,FALSE,TRUE,FALSE,FALSE,FALSE,Month-to-month,FALSE,Electronic check,76.40000153,151.8000031,TRUE
2707,7938-OUHIO,Male,FALSE,FALSE,FALSE,3,TRUE,FALSE,Fiber optic,FALSE,FALSE,TRUE,TRUE,TRUE,TRUE,Month-to-month,TRUE,Electronic check,98.69999695,293.6499939,TRUE
2708,8510-AWCXC,Female,TRUE,FALSE,FALSE,13,TRUE,TRUE,Fiber optic,TRUE,FALSE,FALSE,FALSE,TRUE,TRUE,Month-to-month,TRUE,Electronic check,100.8000031,1308.099976,TRUE
2709,6128-AQBMT,Male,TRUE,TRUE,FALSE,41,FALSE,,DSL,FALSE,TRUE,TRUE,FALSE,TRUE,TRUE,Month-to-month,TRUE,Electronic check,53.95000076,2215.399902,FALSE
2710,3594-BDSOA,Female,FALSE,TRUE,FALSE,24,TRUE,FALSE,No,,,,,,,One year,FALSE,Credit card (automatic),20.39999962,482.7999878,FALSE
2711,0431-APWVY,Female,FALSE,TRUE,TRUE,28,TRUE,FALSE,Fiber optic,FALSE,FALSE,FALSE,FALSE,TRUE,TRUE,One year,TRUE,Bank transfer (automatic),90.09999847,2598.949951,TRUE
2712,5133-VRSAB,Male,FALSE,FALSE,FALSE,8,FALSE,,DSL,TRUE,FALSE,FALSE,FALSE,FALSE,FALSE,Month-to-month,FALSE,Mailed check,29.35000038,216.4499969,FALSE
2713,5996-DAOQL,Male,FALSE,FALSE,FALSE,1,TRUE,FALSE,No,,,,,,,Month-to-month,TRUE,Mailed check,20.45000076,20.45000076,FALSE
2714,6838-YAUVY,Female,FALSE,FALSE,FALSE,54,TRUE,TRUE,Fiber optic,FALSE,FALSE,TRUE,TRUE,FALSE,TRUE,Two year,TRUE,Bank transfer (automatic),95.09999847,5064.850098,FALSE
2715,0484-JPBRU,Male,FALSE,FALSE,FALSE,41,TRUE,TRUE,No,,,,,,,Month-to-month,TRUE,Bank transfer (automatic),25.25,996.4500122,FALSE
2716,7883-ROJOC,Female,FALSE,TRUE,FALSE,19,TRUE,FALSE,DSL,FALSE,FALSE,FALSE,FALSE,FALSE,FALSE,Month-to-month,FALSE,Mailed check,44.90000153,839.6500244,FALSE
2717,0244-LGNFY,Female,FALSE,TRUE,TRUE,72,TRUE,TRUE,DSL,TRUE,TRUE,TRUE,TRUE,TRUE,TRUE,Two year,FALSE,Bank transfer (automatic),92.65000153,6733,FALSE
2718,7274-CGTOD,Male,FALSE,FALSE,FALSE,62,FALSE,,DSL,TRUE,TRUE,TRUE,TRUE,FALSE,FALSE,Two year,TRUE,Bank transfer (automatic),43.70000076,2618.300049,FALSE
2719,4295-YURET,Female,TRUE,TRUE,TRUE,56,TRUE,FALSE,DSL,TRUE,FALSE,FALSE,TRUE,TRUE,TRUE,Two year,TRUE,Credit card (automatic),72.59999847,4084.350098,FALSE
2720,3426-NIYYL,Male,FALSE,FALSE,FALSE,15,TRUE,TRUE,DSL,FALSE,FALSE,FALSE,FALSE,FALSE,FALSE,Month-to-month,FALSE,Electronic check,51.54999924,765.5,TRUE
2721,8225-BTJAU,Male,TRUE,FALSE,FALSE,10,TRUE,FALSE,Fiber optic,FALSE,FALSE,FALSE,FALSE,FALSE,TRUE,Month-to-month,TRUE,Electronic check,79.25,793.5499878,TRUE
2722,4635-EJYPD,Male,FALSE,TRUE,TRUE,32,TRUE,FALSE,No,,,,,,,Two year,FALSE,Mailed check,18.95000076,613.9500122,FALSE
2723,1866-ZSLJM,Male,FALSE,FALSE,FALSE,21,TRUE,FALSE,No,,,,,,,Month-to-month,FALSE,Credit card (automatic),20.5,402.8500061,FALSE
2724,4636-TVXVG,Male,FALSE,TRUE,TRUE,62,TRUE,FALSE,No,,,,,,,One year,FALSE,Bank transfer (automatic),19.95000076,1244.800049,FALSE
2725,4236-UJPWO,Female,FALSE,FALSE,FALSE,2,FALSE,,DSL,FALSE,FALSE,FALSE,FALSE,FALSE,FALSE,Month-to-month,FALSE,Electronic check,24.5,46.40000153,FALSE
2726,9392-XBGTD,Male,FALSE,FALSE,TRUE,27,TRUE,FALSE,No,,,,,,,Two year,FALSE,Mailed check,20.60000038,581.8499756,FALSE
2727,3387-VATUS,Male,FALSE,FALSE,FALSE,5,TRUE,TRUE,Fiber optic,FALSE,FALSE,FALSE,FALSE,TRUE,TRUE,Month-to-month,TRUE,Bank transfer (automatic),94.84999847,462.7999878,TRUE
2728,6402-SSEJG,Female,FALSE,FALSE,FALSE,25,FALSE,,DSL,TRUE,TRUE,TRUE,FALSE,TRUE,TRUE,One year,FALSE,Electronic check,61.04999924,1540.199951,FALSE
2729,1143-NMNQJ,Female,FALSE,FALSE,FALSE,2,TRUE,TRUE,Fiber optic,FALSE,FALSE,FALSE,FALSE,FALSE,TRUE,Month-to-month,TRUE,Electronic check,85.69999695,169.8000031,TRUE
2730,1169-SAOCL,Male,FALSE,FALSE,FALSE,49,TRUE,TRUE,Fiber optic,FALSE,TRUE,FALSE,TRUE,TRUE,TRUE,,TRUE,Bank transfer (automatic),106.6500015,5168.100098,FALSE
2731,1110-KYLGQ,Female,FALSE,FALSE,FALSE,63,TRUE,TRUE,Fiber optic,TRUE,TRUE,TRUE,FALSE,TRUE,TRUE,Month-to-month,FALSE,Credit card (automatic),108.25,6780.100098,FALSE
2732,9929-PLVPA,Female,FALSE,FALSE,TRUE,4,TRUE,FALSE,No,,,,,,,Month-to-month,FALSE,Credit card (automatic),20.39999962,94.5,FALSE
2733,3518-PZXZQ,Female,FALSE,TRUE,FALSE,1,TRUE,FALSE,DSL,FALSE,FALSE,FALSE,FALSE,TRUE,FALSE,Month-to-month,TRUE,Mailed check,55.29999924,55.29999924,FALSE
2734,2371-JUNGC,Male,FALSE,FALSE,FALSE,11,TRUE,FALSE,No,,,,,,,Month-to-month,FALSE,Mailed check,20.25,208,FALSE
2735,7693-QPEFS,Male,TRUE,FALSE,FALSE,52,TRUE,TRUE,Fiber optic,FALSE,FALSE,FALSE,FALSE,FALSE,FALSE,Month-to-month,TRUE,Bank transfer (automatic),72.94999695,3829.75,FALSE
2736,0924-BJCRC,Female,TRUE,TRUE,FALSE,60,TRUE,TRUE,Fiber optic,FALSE,TRUE,FALSE,FALSE,FALSE,TRUE,Month-to-month,FALSE,Electronic check,89.44999695,5294.600098,FALSE
2737,5074-FBGHB,Male,FALSE,FALSE,FALSE,64,TRUE,TRUE,Fiber optic,FALSE,FALSE,TRUE,TRUE,TRUE,TRUE,One year,TRUE,Credit card (automatic),104.6500015,6889.799805,FALSE
2738,2351-BKRZW,Female,FALSE,TRUE,TRUE,43,TRUE,FALSE,DSL,TRUE,FALSE,TRUE,FALSE,TRUE,TRUE,Two year,FALSE,Bank transfer (automatic),75.19999695,3254.350098,FALSE
2739,4455-BFSPD,Female,FALSE,TRUE,FALSE,61,TRUE,TRUE,Fiber optic,FALSE,FALSE,FALSE,TRUE,TRUE,TRUE,One year,FALSE,Bank transfer (automatic),101.1500015,6383.899902,FALSE
2740,0415-MOSGF,Female,FALSE,FALSE,FALSE,1,TRUE,FALSE,DSL,FALSE,FALSE,FALSE,FALSE,FALSE,FALSE,Month-to-month,FALSE,Mailed check,44.40000153,44.40000153,TRUE
2741,1724-BQUHA,Male,TRUE,FALSE,FALSE,5,TRUE,FALSE,Fiber optic,FALSE,FALSE,FALSE,FALSE,TRUE,TRUE,Month-to-month,TRUE,Electronic check,89.5,477.7000122,TRUE
2742,3948-KXDUF,Male,FALSE,FALSE,FALSE,66,TRUE,TRUE,DSL,TRUE,TRUE,TRUE,TRUE,FALSE,FALSE,Two year,FALSE,Bank transfer (automatic),68.75,4447.549805,FALSE
2743,2323-ARSVR,Male,FALSE,TRUE,FALSE,67,TRUE,FALSE,Fiber optic,TRUE,TRUE,TRUE,TRUE,TRUE,TRUE,Two year,TRUE,Electronic check,111.0500031,7321.049805,FALSE
2744,0815-MFZGM,Female,FALSE,TRUE,FALSE,42,TRUE,FALSE,Fiber optic,FALSE,FALSE,TRUE,TRUE,TRUE,TRUE,Two year,TRUE,Credit card (automatic),99,4135,FALSE
2745,4826-XTSOH,Male,TRUE,TRUE,FALSE,1,TRUE,TRUE,Fiber optic,FALSE,FALSE,FALSE,FALSE,TRUE,FALSE,Month-to-month,TRUE,Electronic check,86.05000305,86.05000305,TRUE
2746,5480-XTFFL,Female,FALSE,TRUE,TRUE,31,TRUE,FALSE,No,,,,,,,Two year,FALSE,Mailed check,21,697.7000122,FALSE
2747,8295-FHIVV,Male,FALSE,FALSE,FALSE,7,TRUE,FALSE,No,,,,,,,Month-to-month,TRUE,Mailed check,19.39999962,168.6499939,FALSE
2748,2495-INZWQ,Male,FALSE,FALSE,FALSE,4,FALSE,,DSL,FALSE,FALSE,FALSE,FALSE,TRUE,TRUE,Month-to-month,TRUE,Electronic check,44.54999924,174.3000031,TRUE
2749,9086-YJYXS,Male,FALSE,TRUE,TRUE,34,TRUE,TRUE,DSL,FALSE,FALSE,TRUE,FALSE,TRUE,TRUE,One year,FALSE,Bank transfer (automatic),77.19999695,2753.800049,FALSE
2750,1179-INLAT,Male,FALSE,FALSE,FALSE,3,TRUE,FALSE,No,,,,,,,One year,TRUE,Mailed check,19.45000076,69.25,FALSE
2751,7909-FIOIY,Female,FALSE,TRUE,TRUE,19,FALSE,,DSL,FALSE,FALSE,FALSE,FALSE,FALSE,FALSE,Month-to-month,TRUE,Mailed check,24.85000038,434.7999878,FALSE
2752,4139-SUGLD,Male,FALSE,TRUE,TRUE,31,FALSE,,DSL,TRUE,FALSE,FALSE,TRUE,FALSE,FALSE,Month-to-month,FALSE,Bank transfer (automatic),35.40000153,1077.5,TRUE
2753,6857-VWJDT,Female,FALSE,FALSE,FALSE,1,TRUE,TRUE,Fiber optic,FALSE,FALSE,FALSE,FALSE,TRUE,TRUE,Month-to-month,FALSE,Mailed check,95.65000153,95.65000153,TRUE
2754,6351-SCJKT,Male,FALSE,FALSE,FALSE,3,FALSE,,DSL,TRUE,FALSE,TRUE,TRUE,FALSE,FALSE,Month-to-month,FALSE,Mailed check,41.34999847,107.25,FALSE
2755,5468-BPMMO,Male,FALSE,TRUE,FALSE,46,TRUE,FALSE,No,,,,,,,Month-to-month,FALSE,Electronic check,19.60000038,851.2000122,FALSE
2756,5624-BQSSA,Female,FALSE,FALSE,FALSE,1,TRUE,FALSE,No,,,,,,,Month-to-month,FALSE,Mailed check,20.95000076,20.95000076,TRUE
2757,0197-PNKNK,Female,FALSE,TRUE,TRUE,69,TRUE,TRUE,Fiber optic,TRUE,FALSE,TRUE,FALSE,FALSE,FALSE,One year,FALSE,Bank transfer (automatic),84.44999695,5848.600098,FALSE
2758,2439-QKJUL,Male,FALSE,FALSE,FALSE,5,TRUE,FALSE,No,,,,,,,Month-to-month,FALSE,Mailed check,20.25,109.8000031,FALSE
2759,1194-SPVSP,Male,FALSE,FALSE,FALSE,1,TRUE,FALSE,No,,,,,,,Month-to-month,FALSE,Bank transfer (automatic),19.64999962,19.64999962,FALSE
2760,9534-NSXEM,Male,FALSE,FALSE,FALSE,26,TRUE,FALSE,No,,,,,,,One year,TRUE,Credit card (automatic),20.64999962,595.5,
2761,2408-WITXK,Female,TRUE,FALSE,FALSE,10,FALSE,,DSL,FALSE,FALSE,FALSE,FALSE,FALSE,TRUE,Month-to-month,TRUE,Electronic check,34.70000076,329.7999878,TRUE
2762,8929-KSWIH,Male,FALSE,FALSE,FALSE,25,TRUE,FALSE,Fiber optic,FALSE,FALSE,TRUE,TRUE,TRUE,TRUE,Two year,FALSE,Bank transfer (automatic),99.30000305,2513.5,FALSE
2763,2250-IVBWA,Male,,TRUE,TRUE,64,TRUE,FALSE,Fiber optic,TRUE,TRUE,FALSE,FALSE,FALSE,FALSE,Month-to-month,FALSE,Electronic check,81.05000305,5135.350098,FALSE
2764,1810-MVMAI,Male,FALSE,TRUE,TRUE,30,TRUE,TRUE,DSL,TRUE,TRUE,TRUE,TRUE,FALSE,FALSE,Month-to-month,FALSE,Electronic check,67.59999847,2000.199951,FALSE
2765,9506-UXUSK,Male,FALSE,FALSE,FALSE,13,TRUE,FALSE,Fiber optic,FALSE,FALSE,FALSE,FALSE,FALSE,FALSE,Month-to-month,TRUE,Electronic check,70.15000153,931.75,FALSE
2766,1229-RCALF,Female,FALSE,TRUE,FALSE,64,TRUE,TRUE,Fiber optic,TRUE,TRUE,TRUE,TRUE,TRUE,TRUE,One year,TRUE,Electronic check,115,7396.149902,FALSE
2767,3572-UOLYZ,Female,FALSE,FALSE,TRUE,46,TRUE,TRUE,Fiber optic,FALSE,FALSE,TRUE,TRUE,FALSE,FALSE,Month-to-month,TRUE,Bank transfer (automatic),84.80000305,3958.850098,FALSE
2768,1429-UYJSV,Female,FALSE,FALSE,FALSE,12,TRUE,FALSE,No,,,,,,,One year,FALSE,Mailed check,19.70000076,260.8999939,FALSE
2769,5577-OTWWW,Female,FALSE,FALSE,FALSE,15,TRUE,FALSE,No,,,,,,,Month-to-month,FALSE,Bank transfer (automatic),19.75,297.2999878,TRUE
2770,6100-QQHEB,Male,FALSE,TRUE,TRUE,17,TRUE,TRUE,Fiber optic,FALSE,FALSE,FALSE,FALSE,TRUE,TRUE,Month-to-month,TRUE,Electronic check,92.55000305,1515.099976,TRUE
2771,6366-XIVKZ,Female,FALSE,TRUE,TRUE,13,TRUE,FALSE,DSL,TRUE,FALSE,TRUE,FALSE,FALSE,TRUE,Month-to-month,TRUE,Mailed check,63.15000153,816.7999878,FALSE
2772,3470-OBUET,Female,FALSE,TRUE,TRUE,67,TRUE,TRUE,DSL,TRUE,TRUE,FALSE,TRUE,TRUE,FALSE,Two year,FALSE,Credit card (automatic),74,4868.399902,FALSE
2773,2770-NSVDG,Male,FALSE,TRUE,FALSE,24,FALSE,,DSL,FALSE,FALSE,TRUE,FALSE,FALSE,FALSE,Month-to-month,FALSE,Electronic check,29.10000038,688,FALSE
2774,9375-MHRRS,Male,FALSE,FALSE,FALSE,6,TRUE,FALSE,DSL,FALSE,FALSE,FALSE,TRUE,FALSE,FALSE,Month-to-month,FALSE,Mailed check,50.04999924,288.3500061,FALSE
2775,2634-HCZGT,Male,TRUE,,FALSE,53,TRUE,TRUE,DSL,TRUE,FALSE,FALSE,TRUE,FALSE,FALSE,One year,TRUE,Electronic check,60.04999924,3229.649902,TRUE
2776,7503-QQRVF,Male,TRUE,TRUE,FALSE,16,TRUE,FALSE,Fiber optic,FALSE,TRUE,FALSE,FALSE,FALSE,FALSE,Month-to-month,TRUE,Credit card (automatic),74.30000305,1178.25,TRUE
2777,4860-YZGZM,Male,FALSE,FALSE,FALSE,10,TRUE,FALSE,No,,,,,,,Month-to-month,FALSE,Electronic check,20,185.3999939,FALSE
2778,6599-GZWCM,Female,FALSE,FALSE,FALSE,13,TRUE,FALSE,Fiber optic,FALSE,TRUE,FALSE,FALSE,FALSE,FALSE,One year,TRUE,Mailed check,74.65000153,966.25,FALSE
2779,2691-NZETQ,Male,FALSE,FALSE,FALSE,9,TRUE,TRUE,Fiber optic,FALSE,FALSE,FALSE,FALSE,TRUE,FALSE,Month-to-month,TRUE,Electronic check,85.34999847,758.5999756,TRUE
2780,4404-HIBDJ,Female,FALSE,FALSE,FALSE,25,TRUE,FALSE,DSL,TRUE,TRUE,TRUE,TRUE,TRUE,FALSE,One year,FALSE,Mailed check,74.30000305,1863.800049,TRUE
2781,5533-NHFRF,Male,TRUE,FALSE,FALSE,7,FALSE,,DSL,FALSE,TRUE,FALSE,TRUE,FALSE,TRUE,Month-to-month,TRUE,Electronic check,44.40000153,265.7999878,FALSE
2782,7037-MTYVW,Male,FALSE,TRUE,TRUE,38,TRUE,TRUE,DSL,TRUE,FALSE,TRUE,TRUE,TRUE,TRUE,Two year,TRUE,Bank transfer (automatic),85.40000153,3297,FALSE
2783,4760-THGOT,Female,FALSE,TRUE,FALSE,43,TRUE,TRUE,Fiber optic,TRUE,TRUE,FALSE,FALSE,FALSE,TRUE,Month-to-month,TRUE,Electronic check,94.09999847,4107.299805,FALSE
2784,7295-JOMMD,Female,FALSE,FALSE,TRUE,4,TRUE,FALSE,Fiber optic,FALSE,FALSE,TRUE,TRUE,TRUE,TRUE,Month-to-month,TRUE,Bank transfer (automatic),98.09999847,396.2999878,TRUE
2785,4016-BJKTZ,Female,FALSE,FALSE,FALSE,25,TRUE,TRUE,Fiber optic,FALSE,TRUE,TRUE,TRUE,TRUE,TRUE,Two year,FALSE,Electronic check,108.9000015,2809.050049,FALSE
2786,6584-VQMYT,Male,FALSE,FALSE,TRUE,27,TRUE,FALSE,DSL,TRUE,TRUE,FALSE,FALSE,FALSE,FALSE,One year,FALSE,Mailed check,56.20000076,1567.550049,FALSE
2787,9838-BFCQT,Male,FALSE,TRUE,TRUE,72,TRUE,TRUE,No,,,,,,,Two year,FALSE,Mailed check,26.10000038,1851.449951,FALSE
2788,2790-XUYMV,Male,FALSE,FALSE,TRUE,71,TRUE,TRUE,Fiber optic,TRUE,TRUE,FALSE,FALSE,FALSE,FALSE,One year,TRUE,Credit card (automatic),85.44999695,6028.950195,FALSE
2789,0581-MDMPW,Female,FALSE,FALSE,FALSE,24,TRUE,TRUE,Fiber optic,FALSE,FALSE,TRUE,FALSE,TRUE,FALSE,Month-to-month,TRUE,Credit card (automatic),88.94999695,2072.75,FALSE
2790,5013-SBUIH,Female,FALSE,FALSE,FALSE,50,TRUE,TRUE,Fiber optic,TRUE,TRUE,FALSE,TRUE,TRUE,TRUE,Two year,TRUE,Electronic check,109.6500015,5551.149902,TRUE
2791,1023-BQXZE,Male,FALSE,FALSE,FALSE,57,TRUE,FALSE,DSL,TRUE,FALSE,TRUE,FALSE,TRUE,TRUE,Two year,TRUE,Bank transfer (automatic),74.34999847,4317.350098,FALSE
2792,9163-GHAYE,Female,FALSE,FALSE,FALSE,15,TRUE,FALSE,DSL,FALSE,TRUE,FALSE,FALSE,FALSE,FALSE,Month-to-month,FALSE,Electronic check,48.84999847,736.7999878,FALSE
2793,3904-UKFRE,Male,FALSE,FALSE,FALSE,4,TRUE,TRUE,Fiber optic,TRUE,FALSE,FALSE,FALSE,FALSE,FALSE,Month-to-month,TRUE,Electronic check,80.09999847,336.1499939,FALSE
2794,5353-WILCI,Female,FALSE,FALSE,FALSE,28,TRUE,FALSE,DSL,TRUE,TRUE,FALSE,FALSE,FALSE,FALSE,Month-to-month,FALSE,Electronic check,56.04999924,1522.650024,FALSE
2795,0709-TVGUR,Female,TRUE,FALSE,FALSE,9,TRUE,TRUE,Fiber optic,FALSE,FALSE,FALSE,FALSE,FALSE,FALSE,Month-to-month,TRUE,Electronic check,74.55000305,622.9000244,TRUE
2796,0058-EVZWM,Female,FALSE,TRUE,FALSE,55,TRUE,TRUE,Fiber optic,TRUE,FALSE,FALSE,FALSE,TRUE,FALSE,Month-to-month,TRUE,Bank transfer (automatic),89.80000305,4959.600098,FALSE
2797,6023-YEBUP,Male,FALSE,FALSE,FALSE,3,TRUE,TRUE,Fiber optic,FALSE,FALSE,TRUE,FALSE,TRUE,TRUE,Month-to-month,TRUE,Electronic check,100.9499969,329.9500122,TRUE
2798,7209-JCUDS,Male,FALSE,FALSE,FALSE,10,TRUE,FALSE,Fiber optic,FALSE,FALSE,TRUE,FALSE,TRUE,TRUE,Month-to-month,TRUE,Electronic check,94.90000153,1048.849976,TRUE
2799,7009-PCARS,Male,FALSE,FALSE,TRUE,55,TRUE,FALSE,No,,,,,,,One year,FALSE,Bank transfer (automatic),19.10000038,1001.5,FALSE
2800,0519-DRGTI,Female,FALSE,TRUE,TRUE,20,TRUE,FALSE,No,,,,,,,Month-to-month,FALSE,Mailed check,20.35000038,442.6000061,FALSE
2801,1017-FBQMM,Female,FALSE,TRUE,TRUE,62,TRUE,TRUE,Fiber optic,FALSE,TRUE,FALSE,TRUE,TRUE,TRUE,One year,TRUE,Credit card (automatic),106.0500031,6703.5,FALSE
2802,3001-CBHLQ,Male,TRUE,TRUE,FALSE,32,TRUE,TRUE,Fiber optic,FALSE,FALSE,TRUE,TRUE,TRUE,TRUE,Month-to-month,TRUE,Electronic check,104.9000015,3351.550049,TRUE
2803,1985-MBRYP,Female,FALSE,FALSE,FALSE,43,TRUE,FALSE,No,,,,,,,Two year,TRUE,Bank transfer (automatic),19.64999962,779.25,FALSE
2804,6158-DWPZT,Male,FALSE,TRUE,FALSE,9,FALSE,,DSL,FALSE,FALSE,FALSE,FALSE,FALSE,FALSE,One year,FALSE,Bank transfer (automatic),24.10000038,259.7999878,TRUE
2805,9372-TXXPS,Female,FALSE,TRUE,FALSE,60,TRUE,FALSE,DSL,TRUE,TRUE,FALSE,TRUE,FALSE,FALSE,Two year,FALSE,Bank transfer (automatic),59.84999847,3483.449951,FALSE
2806,3259-QMXUN,Male,FALSE,TRUE,FALSE,58,TRUE,TRUE,DSL,TRUE,TRUE,TRUE,FALSE,TRUE,TRUE,Two year,TRUE,Electronic check,86.09999847,4890.5,FALSE
2807,1015-JPFYW,Male,FALSE,FALSE,TRUE,7,TRUE,FALSE,No,,,,,,,One year,FALSE,Mailed check,19.45000076,136.75,FALSE
2808,6645-MXQJT,Male,FALSE,TRUE,TRUE,2,TRUE,FALSE,Fiber optic,TRUE,FALSE,FALSE,FALSE,TRUE,TRUE,Month-to-month,FALSE,Electronic check,97.09999847,184.1499939,FALSE
2809,4360-QRAVE,Male,TRUE,FALSE,FALSE,37,FALSE,,DSL,FALSE,TRUE,TRUE,FALSE,FALSE,FALSE,Month-to-month,FALSE,Electronic check,36.65000153,1315,FALSE
2810,8433-WPJTV,Female,TRUE,TRUE,TRUE,65,TRUE,TRUE,Fiber optic,FALSE,FALSE,TRUE,TRUE,TRUE,TRUE,One year,TRUE,Bank transfer (automatic),103.9000015,6767.100098,FALSE
2811,5804-JMYIO,Female,FALSE,TRUE,TRUE,39,TRUE,FALSE,No,,,,,,,Two year,FALSE,Mailed check,19.75,757.9500122,FALSE
2812,3763-GCZHZ,Male,FALSE,TRUE,FALSE,66,TRUE,TRUE,Fiber optic,FALSE,TRUE,FALSE,TRUE,TRUE,TRUE,One year,TRUE,Electronic check,104.0500031,6890,TRUE
2813,6484-LATFU,Male,FALSE,FALSE,FALSE,68,TRUE,TRUE,No,,,,,,,Two year,FALSE,Mailed check,24.54999924,1657.400024,FALSE
2814,7599-NTMDP,Female,FALSE,TRUE,TRUE,62,FALSE,,DSL,TRUE,TRUE,FALSE,TRUE,TRUE,FALSE,Two year,FALSE,Bank transfer (automatic),48.70000076,3008.550049,FALSE
2815,0772-GYEQQ,Male,FALSE,FALSE,FALSE,3,TRUE,FALSE,Fiber optic,FALSE,FALSE,TRUE,TRUE,TRUE,FALSE,Month-to-month,TRUE,Mailed check,88.34999847,262.0499878,TRUE
2816,0536-ACXIP,Female,FALSE,TRUE,FALSE,72,TRUE,TRUE,Fiber optic,TRUE,TRUE,TRUE,FALSE,TRUE,TRUE,Two year,TRUE,Electronic check,109.5500031,8165.100098,FALSE
2817,0936-NQLJU,Female,FALSE,TRUE,FALSE,41,TRUE,FALSE,No,,,,,,,Two year,FALSE,Credit card (automatic),20.64999962,875.5499878,FALSE
2818,4831-EOBFE,Male,FALSE,TRUE,TRUE,29,TRUE,FALSE,Fiber optic,TRUE,FALSE,FALSE,FALSE,TRUE,TRUE,Month-to-month,FALSE,Credit card (automatic),94.65000153,2649.149902,TRUE
2819,1575-KRZZE,Female,FALSE,FALSE,FALSE,4,TRUE,FALSE,DSL,TRUE,TRUE,FALSE,FALSE,FALSE,FALSE,Month-to-month,FALSE,Electronic check,55.20000076,220.6499939,FALSE
2820,3251-YMVWZ,Male,FALSE,FALSE,FALSE,53,TRUE,TRUE,No,,,,,,,One year,FALSE,Bank transfer (automatic),24.04999924,1301.900024,FALSE
2821,4102-OQUPX,Male,TRUE,TRUE,FALSE,1,TRUE,TRUE,Fiber optic,FALSE,FALSE,FALSE,FALSE,FALSE,FALSE,Month-to-month,TRUE,Electronic check,74.40000153,74.40000153,TRUE
2822,9170-GYZJC,Female,FALSE,TRUE,TRUE,41,TRUE,TRUE,DSL,TRUE,TRUE,TRUE,TRUE,FALSE,TRUE,Month-to-month,FALSE,Credit card (automatic),79.90000153,3326.199951,TRUE
2823,4884-LEVMQ,Male,FALSE,TRUE,FALSE,39,TRUE,FALSE,No,,,,,,,Two year,TRUE,Bank transfer (automatic),20.45000076,790,FALSE
2824,8857-CUPFQ,Male,FALSE,TRUE,FALSE,63,TRUE,FALSE,No,,,,,,,Two year,FALSE,Mailed check,19.25,1237.650024,FALSE
2825,7610-TVOPG,Male,FALSE,FALSE,FALSE,15,TRUE,TRUE,No,,,,,,,Month-to-month,TRUE,Electronic check,26.35000038,378.6000061,FALSE
2826,3638-DIMPH,Female,FALSE,TRUE,FALSE,13,TRUE,FALSE,DSL,FALSE,FALSE,FALSE,FALSE,FALSE,FALSE,One year,FALSE,Electronic check,43.79999924,592.6500244,FALSE
2827,1845-ZLLIG,Male,FALSE,FALSE,FALSE,1,TRUE,FALSE,DSL,FALSE,TRUE,FALSE,FALSE,FALSE,FALSE,Month-to-month,TRUE,Mailed check,50.15000153,50.15000153,FALSE
2828,8559-WNQZS,Male,FALSE,FALSE,FALSE,1,TRUE,FALSE,No,,,,,,,Two year,FALSE,Mailed check,20.45000076,20.45000076,FALSE
2829,3999-QGRJH,Male,TRUE,FALSE,FALSE,8,TRUE,FALSE,Fiber optic,FALSE,FALSE,FALSE,FALSE,FALSE,FALSE,Month-to-month,TRUE,Electronic check,69.69999695,560.8499756,TRUE
2830,1699-UOTXU,Male,FALSE,FALSE,FALSE,60,TRUE,FALSE,DSL,TRUE,TRUE,TRUE,FALSE,FALSE,FALSE,Two year,FALSE,Electronic check,61.40000153,3638.25,FALSE
2831,2454-RPBRZ,Female,TRUE,TRUE,FALSE,12,TRUE,TRUE,Fiber optic,FALSE,TRUE,TRUE,FALSE,TRUE,FALSE,Month-to-month,TRUE,Electronic check,98.09999847,1060.199951,TRUE
2832,0635-WKOLD,Male,FALSE,TRUE,FALSE,40,TRUE,TRUE,DSL,FALSE,TRUE,FALSE,TRUE,TRUE,FALSE,One year,FALSE,Credit card (automatic),70.75,2921.75,FALSE
2833,5993-JSUWV,Female,FALSE,FALSE,FALSE,66,TRUE,FALSE,DSL,TRUE,TRUE,TRUE,FALSE,FALSE,FALSE,Two year,TRUE,Bank transfer (automatic),61.15000153,4017.449951,FALSE
2834,4518-FZBSX,Male,FALSE,TRUE,TRUE,42,TRUE,FALSE,No,,,,,,,One year,FALSE,Mailed check,20.25,854.9000244,FALSE
2835,5387-ASZNZ,Female,TRUE,FALSE,FALSE,66,TRUE,TRUE,DSL,TRUE,TRUE,FALSE,TRUE,FALSE,FALSE,One year,TRUE,Credit card (automatic),63.84999847,4174.350098,FALSE
2836,6988-CJEYV,Male,FALSE,FALSE,FALSE,49,TRUE,TRUE,Fiber optic,FALSE,TRUE,FALSE,FALSE,TRUE,TRUE,Month-to-month,FALSE,Electronic check,98.69999695,4920.549805,FALSE
2837,2002-MZHWP,Female,FALSE,FALSE,FALSE,1,TRUE,FALSE,No,,,,,,,Month-to-month,FALSE,Mailed check,20.5,20.5,TRUE
2838,3097-FQTVJ,Female,FALSE,FALSE,FALSE,41,TRUE,FALSE,No,,,,,,,Two year,FALSE,Mailed check,20,810.2999878,FALSE
2839,5465-BUBFA,Female,FALSE,TRUE,TRUE,41,TRUE,FALSE,No,,,,,,,Two year,FALSE,Bank transfer (automatic),19.29999924,772.4000244,FALSE
2840,7299-GNVPL,Female,FALSE,TRUE,TRUE,23,TRUE,FALSE,Fiber optic,TRUE,TRUE,FALSE,TRUE,FALSE,FALSE,Month-to-month,FALSE,Mailed check,84.40000153,1936.849976,FALSE
2841,9743-DQKQW,Male,FALSE,FALSE,FALSE,3,FALSE,,DSL,FALSE,FALSE,FALSE,FALSE,FALSE,FALSE,Month-to-month,FALSE,Electronic check,25.10000038,79.80000305,FALSE
2842,1215-VFYVK,Female,FALSE,FALSE,FALSE,4,FALSE,,DSL,TRUE,FALSE,TRUE,TRUE,FALSE,TRUE,Month-to-month,FALSE,Mailed check,48.25,202.25,FALSE
2843,9371-BITHB,Female,FALSE,TRUE,TRUE,52,TRUE,FALSE,No,,,,,,,Two year,FALSE,Mailed check,19.85000038,1070.5,FALSE
2844,2265-CYWIV,Female,TRUE,TRUE,FALSE,4,TRUE,TRUE,Fiber optic,TRUE,FALSE,FALSE,FALSE,TRUE,TRUE,Month-to-month,TRUE,Electronic check,99.59999847,347.6499939,TRUE
2845,9093-FPDLG,Female,FALSE,FALSE,FALSE,11,TRUE,FALSE,Fiber optic,FALSE,TRUE,TRUE,TRUE,FALSE,TRUE,Month-to-month,TRUE,Electronic check,94.19999695,999.9000244,FALSE
2846,0541-FITGH,Female,FALSE,TRUE,FALSE,2,TRUE,FALSE,DSL,TRUE,FALSE,FALSE,FALSE,FALSE,TRUE,Month-to-month,TRUE,Mailed check,62.15000153,113.0999985,FALSE
2847,6985-HAYWX,Female,FALSE,TRUE,FALSE,26,TRUE,TRUE,Fiber optic,FALSE,TRUE,FALSE,FALSE,FALSE,FALSE,Month-to-month,FALSE,Bank transfer (automatic),79.30000305,2015.800049,FALSE
2848,7508-KBIMB,Male,FALSE,TRUE,TRUE,24,TRUE,FALSE,DSL,TRUE,FALSE,TRUE,FALSE,FALSE,FALSE,One year,TRUE,Credit card (automatic),56.25,1454.25,FALSE
2849,6838-HVLXG,Female,FALSE,FALSE,FALSE,12,TRUE,FALSE,No,,,,,,,Month-to-month,FALSE,Mailed check,20.29999924,246.6999969,FALSE
2850,2277-DJJDL,Male,TRUE,TRUE,FALSE,60,TRUE,TRUE,Fiber optic,FALSE,FALSE,FALSE,TRUE,TRUE,TRUE,Month-to-month,TRUE,Electronic check,99,6017.899902,FALSE
2851,1897-OKVMW,Female,FALSE,TRUE,TRUE,64,TRUE,TRUE,DSL,TRUE,TRUE,TRUE,TRUE,TRUE,TRUE,Two year,TRUE,Mailed check,90.59999847,5817.450195,FALSE
2852,5485-ITNPC,Male,FALSE,TRUE,FALSE,66,TRUE,FALSE,DSL,TRUE,TRUE,TRUE,TRUE,TRUE,TRUE,Two year,TRUE,Bank transfer (automatic),85.90000153,5595.299805,FALSE
2853,0233-FTHAV,Female,FALSE,FALSE,FALSE,60,TRUE,TRUE,Fiber optic,FALSE,FALSE,TRUE,FALSE,FALSE,FALSE,One year,TRUE,Bank transfer (automatic),79.19999695,4765,FALSE
2854,4644-PIZRT,Male,FALSE,TRUE,TRUE,17,TRUE,TRUE,DSL,TRUE,FALSE,TRUE,FALSE,TRUE,FALSE,One year,TRUE,Bank transfer (automatic),70.34999847,1201.650024,FALSE
2855,8922-NPKBJ,Male,FALSE,TRUE,TRUE,42,TRUE,FALSE,No,,,,,,,Two year,FALSE,Mailed check,19.35000038,867.2999878,FALSE
2856,2740-TVLFN,Male,FALSE,FALSE,FALSE,1,TRUE,TRUE,DSL,FALSE,FALSE,FALSE,FALSE,FALSE,FALSE,Month-to-month,TRUE,Electronic check,50.15000153,50.15000153,FALSE
2857,7771-CFQRQ,Female,FALSE,TRUE,TRUE,47,TRUE,FALSE,DSL,FALSE,TRUE,FALSE,TRUE,FALSE,TRUE,Two year,FALSE,Bank transfer (automatic),63.79999924,3007.25,FALSE
2858,9512-PHSMG,Female,FALSE,TRUE,FALSE,10,TRUE,FALSE,No,,,,,,,Month-to-month,TRUE,Mailed check,20.54999924,252.75,FALSE
2859,6963-EZQEE,Male,TRUE,TRUE,FALSE,70,TRUE,TRUE,DSL,TRUE,TRUE,TRUE,TRUE,TRUE,TRUE,Two year,TRUE,Credit card (automatic),88.55000305,6306.5,FALSE
2860,2452-KDRRH,Male,TRUE,FALSE,FALSE,67,TRUE,TRUE,Fiber optic,FALSE,FALSE,TRUE,FALSE,TRUE,TRUE,Month-to-month,TRUE,Credit card (automatic),101.4000015,6841.049805,FALSE
2861,2004-OCQXK,Female,FALSE,FALSE,FALSE,1,TRUE,FALSE,Fiber optic,FALSE,FALSE,FALSE,FALSE,FALSE,TRUE,Month-to-month,TRUE,Electronic check,81.94999695,81.94999695,TRUE
2862,5027-QPKTE,Male,FALSE,TRUE,FALSE,7,TRUE,FALSE,Fiber optic,FALSE,FALSE,FALSE,FALSE,FALSE,FALSE,Month-to-month,TRUE,Electronic check,69.34999847,451.1000061,TRUE
2863,4146-SVFUD,Male,FALSE,FALSE,FALSE,1,TRUE,FALSE,DSL,FALSE,FALSE,FALSE,FALSE,FALSE,FALSE,Month-to-month,FALSE,Mailed check,44.59999847,44.59999847,FALSE
2864,1564-HJUVY,Male,FALSE,FALSE,FALSE,4,TRUE,FALSE,DSL,FALSE,TRUE,FALSE,TRUE,TRUE,FALSE,Month-to-month,TRUE,Bank transfer (automatic),63.75,226.1999969,FALSE
2865,3617-XLSGQ,Female,FALSE,TRUE,TRUE,66,TRUE,TRUE,Fiber optic,TRUE,TRUE,TRUE,FALSE,TRUE,TRUE,Two year,FALSE,Bank transfer (automatic),109.25,7082.5,FALSE
2866,7517-LDMPS,Female,FALSE,FALSE,FALSE,12,TRUE,FALSE,Fiber optic,FALSE,TRUE,FALSE,FALSE,FALSE,TRUE,Month-to-month,TRUE,Electronic check,84.59999847,1017.349976,FALSE
2867,7244-KXYZN,Female,FALSE,FALSE,FALSE,24,TRUE,FALSE,No,,,,,,,One year,FALSE,Credit card (automatic),20.45000076,527.3499756,FALSE
2868,5226-NOZFC,Male,FALSE,FALSE,FALSE,26,TRUE,FALSE,Fiber optic,FALSE,TRUE,FALSE,FALSE,TRUE,FALSE,Month-to-month,TRUE,Electronic check,85.75,2146.5,FALSE
2869,2672-HUYVI,Female,FALSE,FALSE,FALSE,6,TRUE,FALSE,Fiber optic,FALSE,FALSE,FALSE,FALSE,TRUE,TRUE,Month-to-month,TRUE,Electronic check,91.09999847,455.2999878,TRUE
2870,1400-WIVLL,Male,FALSE,TRUE,FALSE,57,TRUE,TRUE,Fiber optic,FALSE,FALSE,TRUE,TRUE,TRUE,TRUE,Two year,FALSE,Electronic check,107.9499969,5969.850098,FALSE
2871,7508-MYBOG,Male,FALSE,TRUE,FALSE,14,TRUE,TRUE,Fiber optic,FALSE,FALSE,FALSE,FALSE,TRUE,FALSE,Month-to-month,TRUE,Electronic check,86.09999847,1235.550049,TRUE
2872,8148-NLEGT,Female,FALSE,TRUE,TRUE,42,TRUE,TRUE,No,,,,,,,Two year,FALSE,Electronic check,22.95000076,1014.25,FALSE
2873,0148-DCDOS,Male,FALSE,FALSE,FALSE,25,TRUE,TRUE,Fiber optic,FALSE,FALSE,FALSE,FALSE,TRUE,TRUE,Month-to-month,TRUE,Bank transfer (automatic),94.69999695,2362.100098,TRUE
2874,8347-GDTMP,Female,FALSE,TRUE,FALSE,64,TRUE,FALSE,No,,,,,,,Two year,FALSE,Credit card (automatic),19.45000076,1225.650024,FALSE
2875,9992-RRAMN,Male,FALSE,TRUE,FALSE,22,TRUE,TRUE,Fiber optic,FALSE,FALSE,FALSE,FALSE,FALSE,TRUE,Month-to-month,TRUE,Electronic check,85.09999847,1873.699951,TRUE
2876,6746-WAUWT,Male,FALSE,FALSE,FALSE,19,TRUE,FALSE,No,,,,,,,One year,TRUE,Credit card (automatic),19.70000076,386.5,FALSE
2877,0310-MVLET,Female,FALSE,TRUE,TRUE,61,TRUE,TRUE,Fiber optic,FALSE,TRUE,FALSE,FALSE,TRUE,TRUE,Month-to-month,TRUE,Electronic check,99.15000153,6010.049805,TRUE
2878,0428-IKYCP,Male,FALSE,TRUE,FALSE,22,TRUE,FALSE,Fiber optic,FALSE,FALSE,TRUE,FALSE,TRUE,FALSE,Month-to-month,TRUE,Bank transfer (automatic),87,1850.650024,FALSE
2879,4550-VBOFE,Male,TRUE,TRUE,FALSE,70,TRUE,TRUE,Fiber optic,FALSE,TRUE,TRUE,FALSE,TRUE,TRUE,Month-to-month,TRUE,Electronic check,102.9499969,7101.5,TRUE
2880,2187-PKZAY,Male,FALSE,FALSE,FALSE,12,TRUE,FALSE,Fiber optic,FALSE,FALSE,FALSE,FALSE,FALSE,TRUE,Month-to-month,TRUE,Bank transfer (automatic),79.94999695,1043.400024,FALSE
2881,4003-OCTMP,Female,FALSE,TRUE,FALSE,31,TRUE,FALSE,DSL,TRUE,FALSE,FALSE,TRUE,FALSE,TRUE,One year,TRUE,Electronic check,64,1910.75,FALSE
2882,6652-YFFJO,Female,FALSE,FALSE,FALSE,11,TRUE,FALSE,DSL,FALSE,FALSE,FALSE,FALSE,TRUE,TRUE,Month-to-month,TRUE,Electronic check,64.90000153,716.0999756,FALSE
2883,7225-IILWY,Male,FALSE,TRUE,TRUE,68,TRUE,TRUE,No,,,,,,,Two year,FALSE,Mailed check,25.75,1686.150024,FALSE
2884,5248-RPYWW,Female,TRUE,TRUE,TRUE,72,TRUE,TRUE,DSL,TRUE,TRUE,TRUE,TRUE,TRUE,TRUE,Two year,TRUE,Bank transfer (automatic),90.15000153,6716.450195,FALSE
2885,7923-IYJWY,Male,TRUE,FALSE,FALSE,67,TRUE,TRUE,Fiber optic,TRUE,TRUE,TRUE,TRUE,TRUE,TRUE,Two year,TRUE,Credit card (automatic),116.0999985,7839.850098,FALSE
2886,3170-GWYKC,Female,FALSE,FALSE,FALSE,60,TRUE,FALSE,Fiber optic,TRUE,FALSE,TRUE,TRUE,TRUE,TRUE,Month-to-month,TRUE,Bank transfer (automatic),104.9499969,6236.75,FALSE
2887,5696-QURRL,Male,FALSE,FALSE,FALSE,1,TRUE,FALSE,DSL,FALSE,FALSE,FALSE,FALSE,FALSE,FALSE,Month-to-month,TRUE,Mailed check,45.04999924,45.04999924,TRUE
2888,7409-KIUTL,Female,TRUE,FALSE,TRUE,1,TRUE,FALSE,Fiber optic,FALSE,FALSE,FALSE,FALSE,FALSE,FALSE,Month-to-month,TRUE,Electronic check,71,71,TRUE
2889,9830-ECLEN,Male,FALSE,TRUE,TRUE,58,FALSE,,DSL,TRUE,TRUE,TRUE,FALSE,TRUE,FALSE,One year,FALSE,Mailed check,50,2919.850098,FALSE
2890,1732-VHUBQ,Female,TRUE,TRUE,TRUE,47,TRUE,FALSE,Fiber optic,FALSE,FALSE,FALSE,FALSE,FALSE,FALSE,Month-to-month,FALSE,Bank transfer (automatic),70.55000305,3309.25,TRUE
2891,0495-RVCBF,Female,FALSE,FALSE,FALSE,1,TRUE,FALSE,Fiber optic,FALSE,FALSE,FALSE,FALSE,FALSE,TRUE,Month-to-month,TRUE,Electronic check,79.69999695,79.69999695,TRUE
2892,2668-TZSPS,Male,FALSE,FALSE,FALSE,1,TRUE,FALSE,No,,,,,,,Month-to-month,FALSE,Mailed check,20.45000076,20.45000076,FALSE
2893,7854-EDSSA,Male,FALSE,FALSE,FALSE,22,TRUE,TRUE,DSL,TRUE,TRUE,FALSE,FALSE,FALSE,FALSE,Month-to-month,FALSE,Electronic check,59,1254.699951,TRUE
2894,8869-TORSS,Female,FALSE,FALSE,FALSE,48,TRUE,FALSE,DSL,TRUE,FALSE,TRUE,TRUE,FALSE,FALSE,One year,TRUE,Credit card (automatic),60.34999847,2896.399902,TRUE
2895,7446-SFAOA,Female,FALSE,TRUE,FALSE,37,TRUE,FALSE,No,,,,,,,One year,TRUE,Bank transfer (automatic),19.85000038,717.5,FALSE
2896,9522-ZSINC,Male,FALSE,FALSE,FALSE,13,TRUE,FALSE,No,,,,,,,One year,TRUE,Electronic check,19.95000076,253.8000031,FALSE
2897,8234-GSZYK,Male,FALSE,FALSE,FALSE,43,TRUE,TRUE,No,,,,,,,Two year,FALSE,Bank transfer (automatic),26.45000076,1110.050049,FALSE
2898,6505-OZNPG,Female,FALSE,FALSE,FALSE,6,FALSE,,DSL,TRUE,TRUE,TRUE,TRUE,TRUE,TRUE,Two year,TRUE,Mailed check,63.40000153,348.7999878,FALSE
2899,6164-HAQTX,Male,FALSE,FALSE,FALSE,71,FALSE,,DSL,TRUE,TRUE,TRUE,TRUE,TRUE,FALSE,Two year,FALSE,Bank transfer (automatic),53.95000076,3888.649902,FALSE
2900,0679-IDSTG,Female,TRUE,TRUE,TRUE,1,TRUE,FALSE,Fiber optic,FALSE,FALSE,FALSE,FALSE,FALSE,FALSE,Month-to-month,TRUE,Electronic check,69.25,69.25,TRUE
2901,7765-LWVVH,Female,FALSE,TRUE,TRUE,72,TRUE,TRUE,Fiber optic,TRUE,TRUE,FALSE,FALSE,TRUE,FALSE,Two year,TRUE,Electronic check,95.09999847,6843.149902,FALSE
2902,1658-TJVOA,Female,TRUE,FALSE,FALSE,6,TRUE,FALSE,Fiber optic,TRUE,FALSE,FALSE,FALSE,FALSE,FALSE,,TRUE,Electronic check,74.09999847,450.8999939,FALSE
2903,0953-LGOVU,Male,FALSE,TRUE,TRUE,12,FALSE,,DSL,FALSE,TRUE,FALSE,TRUE,FALSE,FALSE,Month-to-month,FALSE,Mailed check,35.5,432.25,FALSE
2904,2115-BFTIW,Male,FALSE,FALSE,FALSE,25,TRUE,FALSE,Fiber optic,FALSE,FALSE,FALSE,FALSE,FALSE,FALSE,Month-to-month,FALSE,Mailed check,70.94999695,1767.349976,TRUE
2905,4692-NNQRU,Female,FALSE,TRUE,FALSE,21,TRUE,FALSE,Fiber optic,FALSE,FALSE,TRUE,TRUE,FALSE,FALSE,One year,FALSE,Electronic check,79.19999695,1742.449951,FALSE
2906,7742-MYPGI,Female,FALSE,TRUE,TRUE,6,TRUE,FALSE,DSL,FALSE,FALSE,FALSE,TRUE,FALSE,FALSE,Month-to-month,TRUE,Mailed check,48.79999924,297.3500061,FALSE
2907,0611-DFXKO,Male,FALSE,TRUE,FALSE,20,TRUE,FALSE,Fiber optic,FALSE,FALSE,FALSE,FALSE,TRUE,TRUE,Month-to-month,TRUE,Mailed check,89,1820.449951,TRUE
2908,7780-OTDSO,Male,FALSE,TRUE,FALSE,18,TRUE,TRUE,Fiber optic,,FALSE,FALSE,FALSE,TRUE,TRUE,Month-to-month,TRUE,Electronic check,99.40000153,1742.949951,TRUE
2909,9619-GSATL,Female,FALSE,FALSE,FALSE,43,TRUE,FALSE,DSL,FALSE,TRUE,FALSE,TRUE,FALSE,FALSE,One year,FALSE,Electronic check,55.45000076,2444.25,FALSE
2910,5622-UEJFI,Female,FALSE,TRUE,TRUE,35,TRUE,TRUE,No,,,,,,,Two year,TRUE,Credit card (automatic),25.39999962,949.7999878,FALSE
2911,9747-DDZOS,Female,FALSE,FALSE,FALSE,1,TRUE,FALSE,Fiber optic,FALSE,FALSE,TRUE,FALSE,FALSE,FALSE,Month-to-month,FALSE,Bank transfer (automatic),73.5,73.5,TRUE
2912,0674-DGMAQ,Male,TRUE,TRUE,FALSE,32,TRUE,TRUE,Fiber optic,FALSE,TRUE,TRUE,FALSE,FALSE,TRUE,Month-to-month,TRUE,Electronic check,93.5,2970.800049,FALSE
2913,6203-HBZPA,Male,FALSE,FALSE,FALSE,52,FALSE,,DSL,TRUE,TRUE,TRUE,TRUE,TRUE,TRUE,Two year,FALSE,Credit card (automatic),63.90000153,3334.949951,FALSE
2914,0484-FFVBJ,Male,FALSE,FALSE,FALSE,32,TRUE,FALSE,DSL,FALSE,FALSE,FALSE,FALSE,TRUE,TRUE,One year,TRUE,Bank transfer (automatic),64.84999847,2010.949951,FALSE
2915,0301-FIDRB,Female,FALSE,TRUE,TRUE,72,FALSE,,DSL,TRUE,TRUE,TRUE,TRUE,TRUE,TRUE,Two year,TRUE,Bank transfer (automatic),63.79999924,4684.299805,FALSE
2916,4139-JPIAM,Male,FALSE,FALSE,FALSE,51,FALSE,,DSL,TRUE,FALSE,FALSE,TRUE,FALSE,TRUE,Month-to-month,TRUE,Credit card (automatic),44.45000076,2181.550049,FALSE
2917,2181-TIDSV,Male,FALSE,TRUE,TRUE,68,TRUE,FALSE,No,,,,,,,Two year,TRUE,Bank transfer (automatic),19.95000076,1303.25,FALSE
2918,2761-XECQW,Male,TRUE,TRUE,FALSE,8,FALSE,,DSL,FALSE,TRUE,TRUE,FALSE,FALSE,TRUE,Month-to-month,TRUE,Mailed check,43.34999847,371.3999939,FALSE
2919,1936-CZAKF,Male,FALSE,TRUE,FALSE,49,FALSE,,DSL,FALSE,TRUE,FALSE,FALSE,TRUE,TRUE,Two year,FALSE,Credit card (automatic),49.65000153,2409.899902,FALSE
2920,9453-PATOS,Female,FALSE,TRUE,FALSE,72,TRUE,FALSE,DSL,TRUE,TRUE,TRUE,TRUE,TRUE,TRUE,Two year,FALSE,Mailed check,85.09999847,6155.399902,FALSE
2921,0564-JJHGS,Male,FALSE,FALSE,FALSE,9,TRUE,TRUE,Fiber optic,FALSE,FALSE,FALSE,FALSE,TRUE,TRUE,Month-to-month,TRUE,Electronic check,95.5,829.0999756,TRUE
2922,3348-CFRNX,Female,FALSE,TRUE,FALSE,28,TRUE,FALSE,Fiber optic,TRUE,FALSE,FALSE,FALSE,TRUE,TRUE,Month-to-month,TRUE,Mailed check,92.34999847,2602.899902,TRUE
2923,4402-FTBXC,Male,FALSE,FALSE,FALSE,54,TRUE,FALSE,Fiber optic,TRUE,FALSE,TRUE,FALSE,TRUE,FALSE,Month-to-month,FALSE,Mailed check,89.80000305,4667,FALSE
2924,1428-GTBJJ,Male,FALSE,FALSE,FALSE,11,TRUE,FALSE,Fiber optic,FALSE,TRUE,FALSE,FALSE,FALSE,FALSE,Month-to-month,TRUE,Electronic check,74.55000305,824.75,TRUE
2925,2931-XIQBR,Female,FALSE,TRUE,TRUE,50,TRUE,FALSE,Fiber optic,FALSE,FALSE,TRUE,TRUE,TRUE,TRUE,One year,FALSE,Mailed check,103.0500031,5153.5,FALSE
2926,0106-UGRDO,Female,FALSE,TRUE,FALSE,69,TRUE,TRUE,Fiber optic,TRUE,TRUE,TRUE,TRUE,TRUE,TRUE,Two year,TRUE,Electronic check,116,8182.850098,FALSE
2927,5542-TBBWB,Male,FALSE,FALSE,FALSE,1,TRUE,FALSE,Fiber optic,FALSE,FALSE,FALSE,FALSE,FALSE,FALSE,Month-to-month,TRUE,Electronic check,69.90000153,69.90000153,FALSE
2928,1930-QPBVZ,Male,FALSE,TRUE,TRUE,68,TRUE,FALSE,Fiber optic,TRUE,TRUE,FALSE,TRUE,FALSE,TRUE,Two year,FALSE,Bank transfer (automatic),95.09999847,6683.399902,FALSE
2929,2606-PKWJB,Male,FALSE,FALSE,TRUE,40,FALSE,,DSL,TRUE,TRUE,FALSE,TRUE,FALSE,FALSE,One year,FALSE,Mailed check,40.25,1564.050049,FALSE
2930,5322-ZSMZY,Male,FALSE,TRUE,TRUE,31,TRUE,TRUE,No,,,,,,,Two year,FALSE,Mailed check,25.75,755.5999756,FALSE
2931,8059-UDZFY,Female,TRUE,FALSE,TRUE,33,TRUE,TRUE,Fiber optic,FALSE,TRUE,TRUE,FALSE,TRUE,TRUE,Month-to-month,TRUE,Bank transfer (automatic),105.3499985,3465.050049,FALSE
2932,7740-BTPUX,Male,TRUE,TRUE,FALSE,55,TRUE,TRUE,Fiber optic,FALSE,TRUE,TRUE,TRUE,TRUE,TRUE,Two year,TRUE,Electronic check,113.5999985,6292.700195,FALSE
2933,5220-AGAAX,Male,FALSE,TRUE,TRUE,68,TRUE,TRUE,No,,,,,,,Two year,TRUE,Bank transfer (automatic),24,1664.300049,FALSE
2934,0208-BPQEJ,Female,FALSE,TRUE,TRUE,12,TRUE,FALSE,No,,,,,,,Month-to-month,FALSE,Bank transfer (automatic),19.39999962,198.1000061,FALSE
2935,9435-JMLSX,Male,FALSE,TRUE,FALSE,71,TRUE,FALSE,DSL,TRUE,TRUE,TRUE,TRUE,TRUE,TRUE,Two year,TRUE,Bank transfer (automatic),86.09999847,6045.899902,FALSE
2936,3352-ALMCK,Male,FALSE,FALSE,FALSE,40,TRUE,TRUE,Fiber optic,FALSE,TRUE,TRUE,FALSE,TRUE,TRUE,Month-to-month,TRUE,Mailed check,102.6500015,4108.149902,FALSE
2937,5312-IRCFR,Female,FALSE,TRUE,TRUE,64,TRUE,TRUE,Fiber optic,FALSE,TRUE,TRUE,FALSE,FALSE,TRUE,One year,TRUE,Electronic check,92.84999847,5980.75,FALSE
2938,5294-IMHHT,Male,FALSE,TRUE,FALSE,53,TRUE,TRUE,Fiber optic,FALSE,TRUE,FALSE,TRUE,FALSE,TRUE,One year,FALSE,Bank transfer (automatic),97.75,5043.200195,FALSE
2939,8802-UNOJF,Male,TRUE,FALSE,FALSE,12,TRUE,FALSE,Fiber optic,FALSE,TRUE,TRUE,TRUE,FALSE,FALSE,Month-to-month,TRUE,Mailed check,83.80000305,1029.75,TRUE
2940,6313-GIDIT,Male,TRUE,FALSE,FALSE,53,FALSE,,DSL,FALSE,TRUE,TRUE,FALSE,TRUE,TRUE,Month-to-month,TRUE,Electronic check,54.45000076,2854.550049,TRUE
2941,6176-YJWAS,Male,FALSE,TRUE,FALSE,72,TRUE,TRUE,Fiber optic,TRUE,TRUE,TRUE,FALSE,TRUE,FALSE,Two year,TRUE,Credit card (automatic),97.94999695,7114.25,FALSE
2942,5310-NOOVA,Male,FALSE,FALSE,FALSE,46,TRUE,FALSE,No,,,,,,,Two year,FALSE,Electronic check,19.95000076,907.0499878,FALSE
2943,4526-EXKKN,Male,FALSE,FALSE,FALSE,40,TRUE,TRUE,No,,,,,,,Two year,TRUE,Mailed check,24.60000038,973.9500122,FALSE
2944,5311-IHLEI,Male,FALSE,FALSE,FALSE,12,FALSE,,DSL,TRUE,TRUE,FALSE,TRUE,TRUE,FALSE,Month-to-month,TRUE,Bank transfer (automatic),50.95000076,605.75,FALSE
2945,3987-KQDDU,Male,FALSE,FALSE,FALSE,9,TRUE,FALSE,Fiber optic,TRUE,FALSE,FALSE,FALSE,FALSE,FALSE,Month-to-month,FALSE,Electronic check,75.59999847,661.5499878,FALSE
2946,3404-JNXAX,Female,FALSE,TRUE,TRUE,51,TRUE,TRUE,Fiber optic,FALSE,FALSE,FALSE,TRUE,FALSE,FALSE,Month-to-month,TRUE,Electronic check,80.75,4116.899902,FALSE
2947,5131-PONJI,Male,FALSE,TRUE,TRUE,49,TRUE,FALSE,Fiber optic,FALSE,TRUE,TRUE,FALSE,TRUE,FALSE,Month-to-month,TRUE,Credit card (automatic),90.40000153,4494.649902,FALSE
2948,2845-AFFTX,Male,TRUE,TRUE,FALSE,41,TRUE,TRUE,Fiber optic,FALSE,FALSE,TRUE,FALSE,TRUE,TRUE,Month-to-month,TRUE,Electronic check,99.80000305,4259.299805,TRUE
2949,3489-VSFRD,Female,FALSE,FALSE,FALSE,56,TRUE,FALSE,DSL,TRUE,FALSE,TRUE,TRUE,FALSE,FALSE,One year,TRUE,Credit card (automatic),60.25,3282.75,FALSE
2950,3345-JHUEO,Male,FALSE,FALSE,FALSE,4,TRUE,FALSE,No,,,,,,,Month-to-month,TRUE,Electronic check,20.20000076,55.70000076,FALSE
2951,5815-HGGHV,Male,FALSE,TRUE,FALSE,20,TRUE,FALSE,DSL,TRUE,FALSE,FALSE,TRUE,FALSE,TRUE,One year,TRUE,Mailed check,64.15000153,1274.449951,FALSE
2952,5260-UMPWX,Female,FALSE,TRUE,TRUE,26,TRUE,FALSE,No,,,,,,,Month-to-month,TRUE,Credit card (automatic),20.25,493.9500122,FALSE
2953,2249-YPRNG,Female,FALSE,TRUE,TRUE,20,TRUE,TRUE,Fiber optic,FALSE,TRUE,TRUE,FALSE,TRUE,TRUE,Month-to-month,TRUE,Bank transfer (automatic),105.8499985,2239.649902,TRUE
2954,7410-YTJIK,Female,FALSE,FALSE,FALSE,7,TRUE,TRUE,Fiber optic,FALSE,FALSE,FALSE,FALSE,FALSE,FALSE,Month-to-month,FALSE,Mailed check,75.44999695,480.75,TRUE
2955,4626-GYCZP,Male,FALSE,FALSE,FALSE,7,TRUE,TRUE,Fiber optic,FALSE,FALSE,FALSE,FALSE,TRUE,TRUE,Month-to-month,TRUE,Electronic check,93.84999847,635.5999756,TRUE
2956,5649-RXQTV,Male,FALSE,FALSE,FALSE,51,TRUE,FALSE,Fiber optic,FALSE,TRUE,TRUE,FALSE,TRUE,TRUE,Month-to-month,TRUE,Electronic check,99,5038.149902,FALSE
2957,2674-MIAHT,Female,FALSE,FALSE,FALSE,4,TRUE,TRUE,Fiber optic,FALSE,TRUE,FALSE,FALSE,FALSE,FALSE,Month-to-month,TRUE,Mailed check,80.30000305,324.2000122,FALSE
2958,2576-HXMPA,Female,FALSE,FALSE,FALSE,1,TRUE,FALSE,No,,,,,,,Month-to-month,FALSE,Credit card (automatic),19.54999924,19.54999924,FALSE
2959,7587-AOVVU,Male,FALSE,TRUE,TRUE,27,TRUE,TRUE,Fiber optic,TRUE,TRUE,FALSE,TRUE,TRUE,FALSE,Month-to-month,FALSE,Electronic check,100.75,2793.550049,FALSE
2960,5590-BYNII,Male,FALSE,FALSE,FALSE,22,TRUE,TRUE,Fiber optic,TRUE,FALSE,FALSE,FALSE,TRUE,TRUE,Month-to-month,TRUE,Electronic check,100.75,2095,TRUE
2961,6898-MDLZW,Male,FALSE,FALSE,FALSE,12,TRUE,FALSE,DSL,FALSE,TRUE,FALSE,TRUE,FALSE,FALSE,Month-to-month,TRUE,Mailed check,53.75,648.6500244,FALSE
2962,3237-AJGEH,Female,FALSE,TRUE,TRUE,3,FALSE,,DSL,FALSE,FALSE,FALSE,TRUE,FALSE,FALSE,Month-to-month,TRUE,Mailed check,31,95.05000305,TRUE
2963,4707-YNOQA,Female,FALSE,TRUE,TRUE,34,TRUE,TRUE,No,,,,,,,One year,TRUE,Credit card (automatic),25.60000038,917.1500244,FALSE
2964,9357-UJRUN,Male,FALSE,TRUE,FALSE,24,TRUE,TRUE,DSL,TRUE,FALSE,FALSE,TRUE,FALSE,FALSE,One year,TRUE,Electronic check,58.34999847,1346.900024,FALSE
2965,1591-NFNLQ,Male,FALSE,FALSE,FALSE,51,TRUE,TRUE,Fiber optic,FALSE,FALSE,TRUE,FALSE,FALSE,FALSE,Month-to-month,FALSE,Credit card (automatic),80,4242.350098,TRUE
2966,8648-PFRMP,Female,TRUE,FALSE,FALSE,14,FALSE,,DSL,FALSE,FALSE,FALSE,FALSE,TRUE,TRUE,Month-to-month,TRUE,Electronic check,46.34999847,672.7000122,FALSE
2967,7663-CUXZB,Male,FALSE,TRUE,FALSE,59,TRUE,TRUE,Fiber optic,TRUE,TRUE,TRUE,TRUE,TRUE,TRUE,Two year,FALSE,Electronic check,113.75,6561.25,FALSE
2968,0258-NOKBL,Male,FALSE,FALSE,FALSE,3,TRUE,FALSE,Fiber optic,FALSE,TRUE,TRUE,FALSE,FALSE,TRUE,Month-to-month,FALSE,Electronic check,90.40000153,268.4500122,FALSE
2969,1163-VIPRI,Female,FALSE,TRUE,TRUE,65,TRUE,TRUE,Fiber optic,TRUE,FALSE,TRUE,TRUE,TRUE,TRUE,Two year,FALSE,Electronic check,109.3000031,7337.549805,FALSE
2970,2815-CPTUL,Male,TRUE,FALSE,FALSE,5,TRUE,FALSE,Fiber optic,FALSE,FALSE,FALSE,FALSE,FALSE,FALSE,Month-to-month,TRUE,Mailed check,70.25,331.8999939,TRUE
2971,9348-ROUAI,Female,FALSE,TRUE,TRUE,59,TRUE,TRUE,DSL,TRUE,TRUE,TRUE,TRUE,TRUE,TRUE,Two year,FALSE,Credit card (automatic),90.30000305,5194.049805,FALSE
2972,9443-JUBUO,Male,FALSE,TRUE,TRUE,72,FALSE,,DSL,TRUE,TRUE,TRUE,TRUE,TRUE,TRUE,Two year,TRUE,Credit card (automatic),65.25,4478.850098,FALSE
2973,0596-BQCEQ,Female,FALSE,TRUE,TRUE,62,TRUE,FALSE,Fiber optic,FALSE,TRUE,TRUE,FALSE,TRUE,TRUE,Month-to-month,TRUE,Electronic check,100.1500015,6283.299805,TRUE
2974,1481-ZUWZA,Male,FALSE,FALSE,FALSE,28,TRUE,TRUE,Fiber optic,TRUE,TRUE,FALSE,FALSE,FALSE,TRUE,Month-to-month,TRUE,Credit card (automatic),94.5,2659.399902,TRUE
2975,3043-TYBNO,Male,FALSE,FALSE,FALSE,3,TRUE,FALSE,DSL,FALSE,FALSE,FALSE,TRUE,FALSE,TRUE,Month-to-month,FALSE,Mailed check,60.65000153,196.8999939,FALSE
2976,4830-FAXFM,Male,FALSE,FALSE,TRUE,19,TRUE,TRUE,No,,,,,,,Month-to-month,TRUE,Credit card (automatic),24.10000038,439.2000122,FALSE
2977,5906-BFOZT,Male,FALSE,FALSE,FALSE,1,TRUE,FALSE,No,,,,,,,Month-to-month,TRUE,Mailed check,19.5,19.5,FALSE
2978,2960-NKRSO,Male,FALSE,FALSE,FALSE,24,TRUE,FALSE,Fiber optic,FALSE,TRUE,TRUE,TRUE,FALSE,FALSE,Month-to-month,TRUE,Electronic check,85.94999695,2107.149902,FALSE
2979,8996-ZROXE,Male,TRUE,FALSE,FALSE,57,TRUE,FALSE,DSL,FALSE,FALSE,TRUE,TRUE,FALSE,FALSE,One year,TRUE,Electronic check,53.5,3035.800049,FALSE
2980,5598-IKHQQ,Female,FALSE,FALSE,FALSE,72,TRUE,TRUE,No,,,,,,,Two year,FALSE,Credit card (automatic),25.45000076,1866.449951,FALSE
2981,0397-ZXWQF,Male,FALSE,FALSE,FALSE,67,TRUE,FALSE,No,,,,,,,Two year,FALSE,Bank transfer (automatic),20.5,1430.949951,FALSE
2982,5266-PFRQK,Male,FALSE,TRUE,TRUE,52,TRUE,FALSE,No,,,,,,,One year,TRUE,Credit card (automatic),20.85000038,1071.599976,FALSE
2983,4674-HGNUA,Male,FALSE,TRUE,TRUE,71,TRUE,TRUE,DSL,TRUE,TRUE,TRUE,TRUE,TRUE,TRUE,Two year,FALSE,Credit card (automatic),89.90000153,6457.149902,FALSE
2984,6765-MBQNU,Female,FALSE,TRUE,FALSE,26,TRUE,TRUE,No,,,,,,,One year,FALSE,Mailed check,26,684.0499878,FALSE
2985,9786-IJYDL,Female,FALSE,FALSE,FALSE,35,TRUE,TRUE,Fiber optic,TRUE,TRUE,TRUE,TRUE,TRUE,TRUE,Two year,TRUE,Mailed check,113.1999969,3914.050049,FALSE
2986,1303-SRDOK,Female,FALSE,TRUE,TRUE,55,TRUE,FALSE,Fiber optic,FALSE,FALSE,FALSE,FALSE,FALSE,FALSE,Two year,TRUE,Credit card (automatic),69.05000305,3842.600098,FALSE
2987,3769-MHZNV,Female,FALSE,TRUE,TRUE,33,TRUE,FALSE,No,,,,,,,Two year,FALSE,Mailed check,20.10000038,670.3499756,FALSE
2988,6295-OSINB,Male,FALSE,TRUE,FALSE,72,TRUE,TRUE,Fiber optic,TRUE,TRUE,TRUE,FALSE,TRUE,TRUE,Two year,TRUE,Electronic check,109.6500015,7880.25,
2989,3308-MHOOC,Male,FALSE,FALSE,TRUE,1,TRUE,FALSE,No,,,,,,,Month-to-month,TRUE,Mailed check,19.20000076,19.20000076,FALSE
2990,2309-OSFEU,Male,FALSE,FALSE,FALSE,10,FALSE,,DSL,FALSE,FALSE,FALSE,FALSE,FALSE,TRUE,Month-to-month,TRUE,Mailed check,33.90000153,298.4500122,TRUE
2991,2207-QPJED,Female,TRUE,TRUE,FALSE,37,TRUE,FALSE,Fiber optic,FALSE,FALSE,TRUE,TRUE,TRUE,FALSE,Month-to-month,FALSE,Electronic check,90,3371.75,FALSE
2992,4177-JPDFU,Male,FALSE,FALSE,FALSE,12,FALSE,,DSL,FALSE,TRUE,FALSE,TRUE,FALSE,FALSE,Month-to-month,FALSE,Mailed check,34,442.4500122,FALSE
2993,2239-CFOUJ,Male,FALSE,TRUE,TRUE,1,TRUE,FALSE,No,,,,,,,One year,FALSE,Mailed check,20.39999962,20.39999962,FALSE
2994,8046-DNVTL,Male,FALSE,TRUE,FALSE,62,FALSE,,DSL,TRUE,TRUE,FALSE,TRUE,FALSE,FALSE,Two year,TRUE,Credit card (automatic),38.59999847,2345.550049,FALSE
2995,2209-XADXF,Female,FALSE,FALSE,FALSE,1,FALSE,,DSL,FALSE,FALSE,FALSE,FALSE,FALSE,FALSE,Month-to-month,FALSE,Bank transfer (automatic),25.25,25.25,FALSE
2996,6620-JDYNW,Female,FALSE,FALSE,FALSE,18,TRUE,TRUE,DSL,TRUE,FALSE,TRUE,FALSE,FALSE,FALSE,Month-to-month,TRUE,Mailed check,60.59999847,1156.349976,FALSE
2997,1891-FZYSA,Male,TRUE,TRUE,FALSE,69,TRUE,TRUE,Fiber optic,FALSE,TRUE,FALSE,FALSE,TRUE,FALSE,Month-to-month,TRUE,Electronic check,89.94999695,6143.149902,TRUE
2998,4770-UEZOX,Male,FALSE,FALSE,FALSE,2,TRUE,FALSE,Fiber optic,FALSE,TRUE,FALSE,FALSE,FALSE,FALSE,Month-to-month,TRUE,Electronic check,74.75,144.8000031,FALSE
2999,1A1:U3001038-RQOST,Male,FALSE,TRUE,TRUE,19,TRUE,FALSE,No,,,,,,,Month-to-month,FALSE,Mailed check,20.60000038,414.9500122,FALSE
0,5600-PDUJF,Male,0,No,No,6,Yes,No,DSL,No,No,No,Yes,No,No,Month-to-month,Yes,Credit card (automatic),49.5,312.7,No
1,8292-TYSPY,Male,0,No,No,19,Yes,No,DSL,No,No,Yes,Yes,No,No,Month-to-month,Yes,Credit card (automatic),55,1046.5,Yes
2,0567-XRHCU,Female,0,Yes,Yes,69,No,No phone service,DSL,Yes,No,Yes,No,No,Yes,Two year,Yes,Credit card (automatic),43.95,2960.1,No
3,1867-BDVFH,Male,0,Yes,Yes,11,Yes,Yes,Fiber optic,No,No,No,No,No,No,Month-to-month,Yes,Electronic check,74.35,834.2,Yes
4,2067-QYTCF,Female,0,Yes,No,64,Yes,Yes,Fiber optic,No,Yes,Yes,Yes,Yes,Yes,Month-to-month,Yes,Electronic check,111.15,6953.4,No
5,2359-QWQUL,Female,0,Yes,No,39,Yes,No,Fiber optic,Yes,No,Yes,Yes,Yes,Yes,One year,Yes,Credit card (automatic),104.7,4134.85,Yes
6,9103-TCIHJ,Female,0,No,No,15,Yes,Yes,DSL,Yes,No,No,No,No,No,Month-to-month,Yes,Mailed check,55.7,899.8,Yes
7,7407-SUJIZ,Male,0,No,No,25,Yes,No,No,No internet service,No internet service,No internet service,No internet service,No internet service,No internet service,Month-to-month,No,Mailed check,20.6,541.5,No
8,9150-KPBJQ,Female,0,No,No,6,Yes,No,No,No internet service,No internet service,No internet service,No internet service,No internet service,No internet service,Two year,No,Credit card (automatic),19.65,116.85,No
9,0052-DCKON,Male,0,Yes,No,66,Yes,Yes,Fiber optic,Yes,Yes,Yes,Yes,Yes,Yes,One year,No,Bank transfer (automatic),115.8,7942.15,No
10,3654-ARMGP,Female,0,No,No,61,Yes,Yes,DSL,No,Yes,Yes,Yes,Yes,Yes,Two year,No,Credit card (automatic),88.65,5321.25,No
11,9699-UBQFS,Female,1,Yes,No,43,Yes,Yes,Fiber optic,Yes,Yes,No,No,Yes,No,Month-to-month,Yes,Electronic check,94.5,4156.8,No
12,9367-TCUYN,Female,0,No,No,12,Yes,No,No,No internet service,No internet service,No internet service,No internet service,No internet service,No internet service,Month-to-month,No,Mailed check,20.1,223.6,No
13,1261-FWTTE,Male,1,No,No,23,No,No phone service,DSL,No,No,No,No,No,Yes,Month-to-month,Yes,Bank transfer (automatic),34.65,768.45,No
14,3528-HFRIQ,Male,1,Yes,No,71,No,No phone service,DSL,No,Yes,Yes,No,Yes,Yes,Month-to-month,Yes,Bank transfer (automatic),52.3,3765.05,No
15,0708-SJDIS,Female,0,No,No,34,Yes,Yes,DSL,No,No,No,Yes,Yes,No,Month-to-month,No,Mailed check,65,2157.5,No
16,4140-WJAWW,Female,0,No,No,5,Yes,No,No,No internet service,No internet service,No internet service,No internet service,No internet service,No internet service,Month-to-month,No,Credit card (automatic),19.85,108.05,Yes
17,2073-QBVBI,Female,0,Yes,No,41,No,No phone service,DSL,No,Yes,No,Yes,No,No,One year,No,Mailed check,35.45,1391.65,No
18,6928-ONTRW,Female,0,Yes,Yes,72,Yes,No,No,No internet service,No internet service,No internet service,No internet service,No internet service,No internet service,Two year,No,Credit card (automatic),19.7,1379.8,No
19,3320-VEOYC,Male,1,No,No,14,Yes,Yes,Fiber optic,No,No,No,No,Yes,Yes,Month-to-month,Yes,Electronic check,95.6,1273.3,No
20,5231-FIQPA,Female,0,No,No,41,Yes,No,No,No internet service,No internet service,No internet service,No internet service,No internet service,No internet service,Two year,Yes,Mailed check,19.85,810.45,No
21,6617-WLBQC,Female,0,Yes,Yes,23,Yes,Yes,Fiber optic,Yes,No,No,No,No,No,One year,No,Credit card (automatic),81.85,1810.85,No
22,2599-CIPQE,Male,0,Yes,Yes,71,Yes,No,Fiber optic,Yes,Yes,Yes,Yes,Yes,Yes,Two year,No,Credit card (automatic),109.3,7782.85,No
23,6653-CBBOM,Female,0,No,No,1,Yes,No,Fiber optic,No,No,No,No,No,No,Month-to-month,Yes,Electronic check,70.3,70.3,Yes
24,8774-GSBUN,Male,0,Yes,No,72,Yes,Yes,No,No internet service,No internet service,No internet service,No internet service,No internet service,No internet service,Two year,No,Mailed check,25.4,1797.1,No
25,7326-RIGQZ,Male,0,Yes,Yes,6,Yes,No,Fiber optic,No,No,No,No,No,No,Month-to-month,Yes,Electronic check,69.8,377.85,No
26,1401-FTHFQ,Male,0,Yes,Yes,23,Yes,No,No,No internet service,No internet service,No internet service,No internet service,No internet service,No internet service,One year,Yes,Credit card (automatic),20,445.3,No
27,3247-ZVOUO,Male,1,Yes,No,10,Yes,Yes,Fiber optic,No,No,No,No,No,Yes,Month-to-month,No,Electronic check,85.55,851.75,Yes
28,0254-FNMCI,Female,0,No,No,72,Yes,No,Fiber optic,Yes,Yes,Yes,Yes,Yes,Yes,Two year,Yes,Electronic check,109.9,7624.2,No
29,1848-LBZHY,Female,0,Yes,No,7,Yes,No,DSL,Yes,No,No,No,No,No,Month-to-month,Yes,Bank transfer (automatic),50.3,355.1,No
30,6101-IMRMM,Male,0,No,Yes,6,Yes,No,Fiber optic,No,No,Yes,No,Yes,Yes,Month-to-month,No,Mailed check,94.5,575.45,Yes
31,8118-TJAFG,Male,0,Yes,Yes,9,Yes,No,Fiber optic,No,Yes,No,Yes,Yes,Yes,Month-to-month,Yes,Electronic check,101.5,906.85,No
32,5429-LWCMV,Female,0,No,No,12,Yes,Yes,Fiber optic,No,Yes,No,No,No,Yes,Month-to-month,Yes,Electronic check,89.15,1057.55,No
33,7298-IZWLY,Female,0,No,No,1,Yes,No,No,No internet service,No internet service,No internet service,No internet service,No internet service,No internet service,Month-to-month,Yes,Mailed check,19.4,19.4,No
34,9758-MFWGD,Female,1,Yes,Yes,48,No,No phone service,DSL,No,Yes,No,No,No,No,One year,No,Bank transfer (automatic),29.9,1388.75,No
35,3955-JBZZM,Male,0,No,No,20,Yes,No,Fiber optic,No,No,No,No,Yes,No,Month-to-month,No,Electronic check,78.8,1641.3,No
36,1268-ASBGA,Female,1,Yes,No,16,Yes,Yes,Fiber optic,No,No,No,No,No,Yes,Month-to-month,Yes,Credit card (automatic),85.35,1375.15,Yes
37,8943-URTMR,Female,0,No,No,2,Yes,No,Fiber optic,No,No,No,No,Yes,No,Month-to-month,Yes,Mailed check,79.65,152.7,Yes
38,4815-TUMEQ,Female,0,No,No,10,Yes,No,No,No internet service,No internet service,No internet service,No internet service,No internet service,No internet service,One year,Yes,Mailed check,19.3,185.2,No
39,4713-LZDRV,Female,1,No,No,2,Yes,No,Fiber optic,No,No,No,No,No,Yes,Month-to-month,Yes,Electronic check,79.6,195.05,Yes
40,9909-IDLEK,Male,0,Yes,Yes,20,Yes,Yes,Fiber optic,No,Yes,No,Yes,Yes,No,Month-to-month,No,Mailed check,96.8,1826.7,No
41,4092-OFQZS,Male,0,Yes,No,20,Yes,No,No,No internet service,No internet service,No internet service,No internet service,No internet service,No internet service,One year,No,Mailed check,20.65,417.5,No
42,1561-BWHIN,Male,0,Yes,Yes,19,Yes,No,No,No internet service,No internet service,No internet service,No internet service,No internet service,No internet service,One year,No,Mailed check,19.8,344.5,No
43,4325-NFSKC,Male,1,No,No,19,Yes,Yes,Fiber optic,Yes,No,No,No,Yes,No,Month-to-month,Yes,Electronic check,90.6,1660,Yes
44,9927-DSWDF,Male,0,Yes,No,22,Yes,No,Fiber optic,Yes,Yes,No,Yes,Yes,Yes,Month-to-month,Yes,Electronic check,104.6,2180.55,No
45,9500-LTVBP,Female,0,No,No,35,Yes,Yes,Fiber optic,No,No,No,Yes,No,No,Month-to-month,No,Credit card (automatic),80.05,2835.9,No
46,7252-NTGSS,Female,0,No,No,1,Yes,No,DSL,No,No,No,No,No,No,Month-to-month,No,Mailed check,45.15,45.15,No
47,8149-AIQCG,Male,0,No,No,39,Yes,Yes,Fiber optic,No,No,No,No,No,No,Month-to-month,Yes,Credit card (automatic),73.15,2730.85,No
48,1360-JYXKQ,Female,1,Yes,No,54,Yes,No,Fiber optic,No,No,Yes,Yes,Yes,Yes,One year,Yes,Electronic check,99.1,5437.1,No
49,2955-PSXOE,Female,0,No,No,1,Yes,No,No,No internet service,No internet service,No internet service,No internet service,No internet service,No internet service,Month-to-month,Yes,Bank transfer (automatic),20.2,20.2,Yes
50,7762-URZQH,Male,0,Yes,No,66,Yes,Yes,Fiber optic,Yes,No,Yes,No,Yes,Yes,Two year,Yes,Credit card (automatic),106.05,6981.35,Yes
51,0899-WZRSD,Male,0,No,No,56,Yes,Yes,Fiber optic,Yes,No,No,Yes,Yes,Yes,Month-to-month,Yes,Mailed check,105.35,5794.45,No
52,3255-GRXMG,Male,0,No,Yes,18,Yes,No,DSL,No,No,No,No,No,No,Month-to-month,Yes,Credit card (automatic),45.65,747.2,No
53,4828-FAZPK,Female,0,Yes,Yes,16,Yes,Yes,Fiber optic,No,Yes,No,No,No,No,Month-to-month,Yes,Credit card (automatic),79.95,1267.95,No
54,6094-ZIVKX,Female,0,No,No,68,Yes,No,DSL,Yes,No,Yes,No,No,No,One year,Yes,Credit card (automatic),54.45,3674.95,No
55,6925-BAYGL,Female,1,Yes,No,53,Yes,Yes,No,No internet service,No internet service,No internet service,No internet service,No internet service,No internet service,Two year,No,Credit card (automatic),25.1,1275.6,No
56,3262-EIDHV,Female,0,Yes,Yes,72,Yes,Yes,DSL,Yes,No,Yes,Yes,Yes,Yes,Two year,No,Credit card (automatic),84.7,5893.9,No
57,7354-OIJLX,Male,0,No,No,9,Yes,Yes,Fiber optic,No,No,No,No,No,No,Month-to-month,Yes,Electronic check,75.85,724.65,No
58,1376-HHBDV,Female,0,No,No,30,Yes,No,DSL,Yes,No,No,No,No,No,Month-to-month,Yes,Mailed check,48.8,1536.75,No
59,6907-NZZIJ,Female,0,No,No,36,Yes,Yes,Fiber optic,No,Yes,No,No,Yes,Yes,Month-to-month,Yes,Electronic check,99.15,3615.6,Yes
60,6133-OZILE,Female,0,No,No,18,No,No phone service,DSL,No,No,Yes,Yes,No,No,Month-to-month,Yes,Electronic check,35.2,607.3,No
61,4135-FRWKJ,Female,1,Yes,Yes,55,Yes,Yes,DSL,Yes,No,Yes,Yes,Yes,No,One year,No,Electronic check,76.25,4154.55,No
62,2911-UREFD,Female,0,Yes,No,39,No,No phone service,DSL,Yes,No,Yes,No,Yes,Yes,Month-to-month,No,Electronic check,55.9,2184.35,Yes
63,3744-ZRRDZ,Male,0,No,No,21,Yes,Yes,Fiber optic,No,Yes,No,No,No,No,Month-to-month,Yes,Electronic check,82.35,1852.85,Yes
64,5673-TIYIB,Male,0,No,,2,No,No phone service,DSL,No,Yes,Yes,Yes,No,No,Month-to-month,Yes,Credit card (automatic),40.4,77.15,Yes
65,6551-ZCOTS,Male,1,No,No,33,Yes,Yes,No,No internet service,No internet service,No internet service,No internet service,No internet service,No internet service,One year,Yes,Bank transfer (automatic),24.9,847.8,No
66,7191-ADRGF,Male,0,Yes,No,44,No,No phone service,DSL,No,Yes,Yes,No,Yes,Yes,Two year,No,Bank transfer (automatic),54.3,2390.45,No
67,5018-LXQQG,Female,0,Yes,Yes,30,Yes,No,DSL,Yes,No,No,Yes,No,Yes,Month-to-month,No,Bank transfer (automatic),66.3,1923.5,No
68,6892-BOGQE,Female,0,Yes,No,71,Yes,No,No,No internet service,No internet service,No internet service,No internet service,No internet service,No internet service,Two year,Yes,Bank transfer (automatic),20.9,1493.2,No
69,1602-IJQQE,Female,0,No,No,4,Yes,Yes,Fiber optic,No,No,No,No,No,No,Month-to-month,No,Electronic check,75.35,338.1,Yes
70,4628-WQCQQ,Male,0,No,Yes,35,Yes,No,Fiber optic,No,No,Yes,No,Yes,No,One year,Yes,Electronic check,85.15,3030.6,Yes
71,1746-TGTWV,Male,0,Yes,No,1,Yes,No,Fiber optic,No,No,Yes,No,No,No,Month-to-month,No,Credit card (automatic),75.35,75.35,No
72,5995-SNNEW,Male,1,Yes,No,23,Yes,Yes,Fiber optic,No,Yes,Yes,No,Yes,Yes,Month-to-month,Yes,Electronic check,104.45,2184.85,No
73,8050-WYBND,Female,0,No,Yes,22,No,No phone service,DSL,No,No,Yes,No,Yes,Yes,One year,Yes,Credit card (automatic),49.45,1031.4,No
74,2821-WARNZ,Female,0,No,Yes,49,Yes,No,No,No internet service,No internet service,No internet service,No internet service,No internet service,No internet service,One year,No,Credit card (automatic),19.45,921.3,No
75,4879-GZLFH,Female,0,Yes,Yes,42,Yes,No,Fiber optic,No,No,Yes,No,Yes,Yes,Month-to-month,Yes,,92.15,3875.4,No
76,1644-IRKSF,Female,0,Yes,Yes,33,Yes,No,Fiber optic,No,No,Yes,No,Yes,Yes,One year,Yes,Electronic check,93.8,3124.5,Yes
77,8314-HTWVE,Female,0,Yes,Yes,7,Yes,No,No,No internet service,No internet service,No internet service,No internet service,No internet service,No internet service,Two year,No,Mailed check,19.85,144.15,No
78,9402-ROUMJ,Female,0,Yes,Yes,67,Yes,Yes,Fiber optic,Yes,No,Yes,Yes,No,Yes,One year,Yes,Bank transfer (automatic),100.25,6689,No
79,2507-QZPQS,Male,0,No,No,15,Yes,Yes,Fiber optic,No,Yes,No,Yes,No,Yes,Month-to-month,No,Electronic check,95.7,1451.1,No
80,7159-NOKYQ,Male,0,Yes,No,67,Yes,Yes,Fiber optic,No,Yes,Yes,No,No,Yes,Two year,Yes,Electronic check,93.15,6368.2,No
81,5707-ZMDJP,Male,0,Yes,Yes,53,Yes,No,DSL,Yes,Yes,No,Yes,Yes,No,Two year,Yes,Mailed check,69.7,3729.6,No
82,8779-YIQQA,Male,0,Yes,Yes,21,Yes,No,No,No internet service,No internet service,No internet service,No internet service,No internet service,No internet service,One year,No,Mailed check,19.8,350.1,No
83,7136-IHZJA,Female,0,Yes,Yes,40,Yes,No,DSL,Yes,Yes,No,Yes,No,Yes,Month-to-month,Yes,Mailed check,71.35,2847.2,No
84,8966-OIQHG,Female,0,Yes,Yes,22,Yes,No,No,No internet service,No internet service,No internet service,No internet service,No internet service,No internet service,One year,No,Bank transfer (automatic),20.75,452.35,No
85,7074-STDCN,Male,0,No,No,39,No,No phone service,DSL,No,No,No,Yes,No,Yes,Month-to-month,Yes,Electronic check,40.6,1494.5,No
86,3705-PSNGL,Male,0,No,No,45,Yes,No,No,No internet service,No internet service,No internet service,No internet service,No internet service,No internet service,One year,Yes,Electronic check,20.4,930.45,Yes
87,8739-QOTTN,Female,0,Yes,No,2,Yes,No,No,No internet service,No internet service,No internet service,No internet service,No internet service,No internet service,Month-to-month,No,Mailed check,20.35,41.85,No
88,1399-OUPJN,Female,0,Yes,Yes,57,Yes,No,No,No internet service,No internet service,No internet service,No internet service,No internet service,No internet service,Two year,No,Bank transfer (automatic),19.75,1272.05,No
89,0277-BKSQP,Male,0,Yes,Yes,8,Yes,No,DSL,,No,No,No,Yes,No,Month-to-month,Yes,Electronic check,54.4,475.1,No
90,6502-HCJTI,Male,1,Yes,No,7,Yes,Yes,Fiber optic,Yes,Yes,No,No,No,Yes,Month-to-month,Yes,Credit card (automatic),94.7,673.1,Yes
91,2606-RMDHZ,Male,0,No,No,6,No,No phone service,DSL,No,Yes,No,No,No,No,Month-to-month,Yes,Credit card (automatic),30.5,208.7,Yes
92,5774-XZTQC,Female,0,Yes,Yes,7,Yes,No,No,No internet service,No internet service,No internet service,No internet service,No internet service,No internet service,Month-to-month,No,Mailed check,20.45,150.75,No
93,2676-SSLTO,Male,0,No,No,49,Yes,Yes,DSL,No,No,No,Yes,Yes,No,Two year,Yes,Bank transfer (automatic),66.15,3199,No
94,6266-QHOJZ,Female,0,No,No,65,Yes,Yes,Fiber optic,Yes,Yes,No,Yes,No,No,One year,Yes,Electronic check,89.85,5844.65,No
95,7269-JISCY,Female,0,No,No,55,Yes,No,DSL,No,No,No,No,No,No,One year,No,Bank transfer (automatic),45.05,2462.6,No
96,0363-SVHYR,Male,0,Yes,Yes,71,Yes,Yes,DSL,Yes,Yes,Yes,Yes,Yes,Yes,Two year,No,Bank transfer (automatic),86.85,6263.8,No
97,8547-NSBBO,Male,0,No,No,35,Yes,Yes,Fiber optic,Yes,Yes,Yes,Yes,No,No,Month-to-month,Yes,Mailed check,96.75,3403.4,No
98,8258-GSTJK,Male,1,No,No,3,Yes,Yes,Fiber optic,No,No,No,No,No,No,Month-to-month,Yes,Electronic check,77,237.75,Yes
99,6861-OKBCE,Female,0,No,Yes,11,Yes,No,No,No internet service,No internet service,No internet service,No internet service,No internet service,No internet service,Month-to-month,No,Credit card (automatic),20.1,221.35,Yes
100,9940-RHLFB,Female,0,No,No,1,Yes,No,Fiber optic,No,No,Yes,No,No,No,Month-to-month,No,Electronic check,75.3,75.3,Yes
101,6591-QGOYB,Male,0,No,No,17,Yes,Yes,Fiber optic,Yes,Yes,Yes,Yes,Yes,No,Month-to-month,Yes,Bank transfer (automatic),106.65,1672.1,No
102,9070-BCKQP,Female,0,Yes,No,72,Yes,Yes,Fiber optic,Yes,No,Yes,Yes,Yes,Yes,Two year,Yes,Credit card (automatic),110.15,7881.2,No
103,6421-SZVEM,Female,0,Yes,Yes,28,Yes,No,Fiber optic,Yes,No,No,No,No,Yes,One year,Yes,Bank transfer (automatic),82.85,2320.8,No
104,1328-EUZHC,Female,0,Yes,No,18,Yes,No,No,No internet service,No internet service,No internet service,No internet service,No internet service,No internet service,Two year,No,Mailed check,20.1,370.5,No
105,2995-UPRYS,Female,1,Yes,No,40,Yes,No,Fiber optic,No,Yes,No,Yes,Yes,Yes,One year,Yes,Credit card (automatic),99.2,4062.2,Yes
106,8878-RYUKI,Female,0,No,No,52,Yes,No,DSL,No,No,Yes,No,No,Yes,Month-to-month,Yes,Electronic check,59.45,3043.7,No
107,9633-DENPU,Female,0,Yes,No,47,Yes,No,DSL,No,Yes,No,No,Yes,No,Month-to-month,Yes,Bank transfer (automatic),58.6,2723.4,No
108,7811-JIVPF,Female,0,No,No,23,Yes,No,DSL,No,No,Yes,No,No,No,Month-to-month,No,Credit card (automatic),49.7,1081.25,No
109,7113-HIPFI,Male,0,Yes,Yes,66,Yes,No,DSL,Yes,Yes,Yes,Yes,No,No,Two year,No,Mailed check,65.85,4097.05,No
110,8541-QVFKM,Female,0,No,No,8,Yes,Yes,Fiber optic,No,No,No,No,No,No,Month-to-month,Yes,Electronic check,73.5,632.2,No
111,6686-YPGHK,Male,1,No,No,47,Yes,No,Fiber optic,Yes,No,No,No,No,Yes,Month-to-month,No,Mailed check,85.5,4042.3,Yes
112,1383-EZRWL,Female,0,No,No,7,Yes,No,No,No internet service,No internet service,No internet service,No internet service,No internet service,No internet service,Month-to-month,No,Mailed check,20.05,164.85,Yes
113,9258-CNWAC,Female,0,Yes,Yes,71,Yes,Yes,Fiber optic,Yes,Yes,Yes,Yes,Yes,Yes,Two year,No,Credit card (automatic),113.65,8166.8,No
114,5371-VYLSX,Female,1,No,No,50,Yes,Yes,Fiber optic,Yes,Yes,No,No,No,No,Month-to-month,Yes,Electronic check,83.4,4113.7,No
115,6374-AFWOX,Male,0,Yes,No,46,Yes,No,DSL,Yes,Yes,Yes,Yes,No,No,Two year,No,Mailed check,65.65,3047.15,No
116,4759-TRPLW,Male,0,No,No,1,Yes,No,Fiber optic,No,No,No,No,No,No,Month-to-month,No,Electronic check,70.4,70.4,Yes
117,5317-FLPJF,Female,0,No,No,66,No,No phone service,DSL,Yes,No,Yes,Yes,Yes,Yes,Two year,Yes,Bank transfer (automatic),61.35,4193.4,No
118,7621-VPNET,Female,0,Yes,No,42,Yes,Yes,Fiber optic,No,No,Yes,Yes,No,No,Month-to-month,Yes,Credit card (automatic),85.9,3729.75,No
119,6034-YMTOB,Female,0,No,No,5,Yes,No,Fiber optic,No,No,No,Yes,No,No,Month-to-month,Yes,Mailed check,75.65,399.45,No
120,8563-IIOXK,Male,0,Yes,Yes,7,Yes,No,DSL,Yes,No,No,No,No,No,One year,Yes,Electronic check,49.75,331.3,Yes
121,4903-CNOZC,Male,0,No,No,29,Yes,Yes,DSL,No,Yes,Yes,No,No,Yes,One year,No,Credit card (automatic),70.9,1964.6,No
122,4353-HYOJD,Female,0,Yes,Yes,27,Yes,No,DSL,No,Yes,No,No,No,No,Month-to-month,No,Mailed check,49.85,1336.15,No
123,8020-BWHYL,Female,1,No,No,15,Yes,No,Fiber optic,No,Yes,No,No,No,No,Month-to-month,Yes,Credit card (automatic),75.3,1147.45,Yes
124,7267-FRMJW,Female,0,Yes,Yes,25,Yes,No,No,No internet service,No internet service,No internet service,No internet service,No internet service,No internet service,Two year,No,Mailed check,20.1,486.05,No
125,2982-VPSGI,Female,0,Yes,No,11,Yes,Yes,Fiber optic,No,No,No,No,Yes,Yes,Month-to-month,Yes,Electronic check,94,1078.9,Yes
126,4188-FRABG,Male,0,Yes,No,57,Yes,Yes,Fiber optic,Yes,Yes,Yes,Yes,Yes,No,Month-to-month,Yes,Electronic check,103.05,5925.75,No
127,8199-ZLLSA,Male,0,No,No,67,Yes,Yes,Fiber optic,Yes,Yes,Yes,Yes,Yes,Yes,One year,Yes,Bank transfer (automatic),118.35,7804.15,Yes
128,4128-ETESU,Female,1,Yes,No,47,Yes,Yes,Fiber optic,No,No,Yes,No,Yes,Yes,Month-to-month,No,Electronic check,99.7,4747.2,No
129,0620-DLSLK,Female,0,No,No,13,Yes,No,Fiber optic,No,No,No,No,Yes,No,Month-to-month,Yes,Mailed check,81.9,1028.9,No
130,4625-EWPTF,Male,0,No,No,8,No,No phone service,DSL,Yes,No,No,No,No,No,Month-to-month,Yes,Electronic check,30.45,226.45,Yes
131,5980-NOPLP,Female,0,Yes,No,44,Yes,Yes,Fiber optic,No,No,No,No,Yes,Yes,Month-to-month,Yes,Electronic check,96.1,4364.1,Yes
132,3850-OKINF,Male,0,Yes,Yes,71,Yes,Yes,DSL,Yes,No,No,No,Yes,No,One year,Yes,Electronic check,66.2,4692.55,No
133,6892-XPFPU,Male,1,Yes,No,24,Yes,Yes,Fiber optic,No,Yes,Yes,No,Yes,Yes,Month-to-month,Yes,Electronic check,104.25,2433.9,Yes
134,8010-EZLOU,Male,1,No,No,15,Yes,Yes,Fiber optic,No,Yes,No,No,No,No,Month-to-month,Yes,Electronic check,80.2,1217.25,Yes
135,1156-ZFYDO,Female,0,No,No,1,Yes,No,No,No internet service,No internet service,No internet service,No internet service,No internet service,No internet service,Month-to-month,No,Electronic check,19.75,19.75,No
136,3295-YVUSR,Male,1,No,No,2,Yes,Yes,Fiber optic,No,No,No,No,No,No,Month-to-month,Yes,Mailed check,72.6,154.3,No
137,8016-NCFVO,Male,1,No,No,55,Yes,Yes,Fiber optic,Yes,Yes,Yes,Yes,Yes,Yes,Month-to-month,Yes,Electronic check,116.5,6382.55,No
138,4119-ZYPZY,Male,1,No,No,71,Yes,Yes,Fiber optic,No,Yes,No,Yes,Yes,Yes,Two year,Yes,Electronic check,106.8,7623.2,No
139,5549-ZGHFB,Male,0,Yes,Yes,50,Yes,Yes,No,No internet service,No internet service,No internet service,No internet service,No internet service,No internet service,Two year,No,Mailed check,24.95,1261.45,No
140,7577-SWIFR,Male,0,No,No,1,Yes,No,Fiber optic,No,No,No,No,Yes,Yes,Month-to-month,Yes,Electronic check,89.25,89.25,No
141,0303-WMMRN,Male,0,No,No,5,Yes,No,No,No internet service,No internet service,No internet service,No internet service,No internet service,No internet service,Month-to-month,Yes,Mailed check,19.25,86.05,No
142,6408-OTUBZ,Female,0,No,No,66,Yes,Yes,Fiber optic,Yes,Yes,Yes,Yes,Yes,No,One year,Yes,Bank transfer (automatic),104.55,6779.05,No
143,5204-HMGYF,Female,0,Yes,Yes,49,Yes,No,DSL,Yes,Yes,Yes,Yes,Yes,Yes,One year,Yes,Mailed check,87.2,4345,No
144,1078-TDCRN,Female,1,Yes,No,3,No,No phone service,DSL,No,Yes,No,No,No,No,Month-to-month,Yes,Electronic check,30.75,82.85,No
145,3727-OVPRY,Male,0,Yes,Yes,66,Yes,Yes,No,No internet service,No internet service,No internet service,No internet service,No internet service,No internet service,One year,Yes,Credit card (automatic),25.7,1714.55,No
146,3797-FKOGQ,Male,0,No,Yes,11,Yes,Yes,Fiber optic,No,No,No,No,No,Yes,Month-to-month,No,Electronic check,86.2,893.2,No
147,7622-NXQZR,Male,0,No,No,28,No,No phone service,DSL,No,No,No,Yes,No,No,Month-to-month,Yes,Credit card (automatic),30.1,810.85,No
148,6196-HBOBZ,Male,0,Yes,No,65,Yes,Yes,Fiber optic,Yes,Yes,Yes,No,Yes,No,Two year,Yes,Electronic check,99.35,6347.55,No
149,3970-XGJDU,Female,0,No,No,62,Yes,No,No,No internet service,No internet service,No internet service,No internet service,No internet service,No internet service,Two year,Yes,Credit card (automatic),19.2,1123.65,No
150,7017-VFULY,Female,0,Yes,No,2,Yes,No,No,No internet service,No internet service,No internet service,No internet service,No internet service,No internet service,Month-to-month,No,Bank transfer (automatic),20.1,43.15,No
151,5562-YJQGT,Female,0,No,No,2,Yes,No,No,No internet service,No internet service,No internet service,No internet service,No internet service,No internet service,Month-to-month,No,Credit card (automatic),20.35,35.1,No
152,8807-OPMBM,Female,0,Yes,Yes,55,Yes,Yes,No,No internet service,No internet service,No internet service,No internet service,No internet service,No internet service,Two year,Yes,Credit card (automatic),25.65,1388,No
153,5439-WIKXB,Male,1,Yes,No,41,Yes,No,Fiber optic,No,Yes,No,No,Yes,Yes,Month-to-month,Yes,Electronic check,94.55,3851.45,No
154,9874-QLCLH,Female,0,Yes,Yes,17,Yes,Yes,Fiber optic,Yes,No,Yes,No,Yes,Yes,Month-to-month,Yes,Electronic check,104.2,1743.5,Yes
155,8294-UIMBA,Female,0,No,No,30,Yes,No,Fiber optic,No,No,No,Yes,Yes,Yes,One year,Yes,Bank transfer (automatic),94.4,2638.1,No
156,8109-YUOHE,Male,0,No,No,17,Yes,No,DSL,Yes,Yes,No,No,No,No,One year,No,Mailed check,56.1,946.95,No
157,5840-NVDCG,Female,0,Yes,Yes,16,Yes,No,DSL,Yes,Yes,No,Yes,No,Yes,Two year,No,Bank transfer (automatic),68.25,1114.85,No
158,8092-NLTGF,Male,0,No,No,72,Yes,Yes,No,No internet service,No internet service,No internet service,No internet service,No internet service,No internet service,Two year,No,Bank transfer (automatic),24.75,1777.6,No
159,5928-QLDHB,Male,0,No,No,9,Yes,Yes,Fiber optic,No,No,No,No,No,No,Month-to-month,Yes,Electronic check,76.25,684.85,No
160,9840-EFJQB,Female,0,No,No,1,Yes,No,Fiber optic,No,Yes,No,No,No,No,Month-to-month,No,Electronic check,74.35,74.35,No
161,0696-UKTOX,Male,0,No,Yes,23,Yes,No,DSL,No,Yes,No,Yes,No,No,Month-to-month,No,Electronic check,54.15,1312.45,No
162,4801-KFYKL,Male,0,No,Yes,8,Yes,No,No,No internet service,No internet service,No internet service,No internet service,No internet service,No internet service,Month-to-month,No,Bank transfer (automatic),19.45,159.2,No
163,3472-OAOOR,Male,0,Yes,Yes,19,No,No phone service,DSL,Yes,Yes,No,No,No,No,Month-to-month,Yes,Mailed check,34.95,610.2,No
164,6135-OZQVA,Female,0,No,No,7,Yes,Yes,DSL,Yes,No,No,No,No,No,Month-to-month,Yes,Electronic check,53.65,404.35,No
165,8062-YBDOE,Male,1,No,No,1,Yes,No,Fiber optic,No,No,No,No,No,No,Month-to-month,Yes,Electronic check,69.65,69.65,Yes
166,2252-JHJGE,Male,0,No,No,61,Yes,Yes,Fiber optic,Yes,No,Yes,No,Yes,Yes,One year,No,Electronic check,104,6363.45,No
167,4188-PCPIG,Female,0,Yes,No,57,Yes,No,DSL,Yes,Yes,No,Yes,Yes,No,Two year,Yes,Credit card (automatic),70.35,4124.65,No
168,6000-APYLU,Male,0,No,No,9,Yes,No,Fiber optic,No,No,No,No,No,Yes,Month-to-month,Yes,Electronic check,80.8,713.1,Yes
169,7105-BENQF,Male,0,No,Yes,15,Yes,No,DSL,Yes,No,Yes,No,No,Yes,One year,No,Mailed check,64.85,950.75,No
170,7721-DVEKZ,Female,0,No,No,1,Yes,No,No,No internet service,No internet service,No internet service,No internet service,No internet service,No internet service,Month-to-month,No,Mailed check,19.65,19.65,No
171,3566-VVORZ,Female,0,Yes,No,12,Yes,No,DSL,No,No,No,No,No,No,Month-to-month,No,Bank transfer (automatic),45.9,505.95,No
172,9507-HSMMZ,Male,0,No,No,54,Yes,No,No,No internet service,No internet service,No internet service,No internet service,No internet service,No internet service,Two year,No,Mailed check,20,1149.65,No
173,2480-SQIOB,Male,0,Yes,Yes,4,Yes,No,DSL,No,No,No,No,No,No,Month-to-month,No,Electronic check,44.8,169.65,No
174,0947-IDHRQ,Female,0,No,No,7,Yes,No,Fiber optic,No,No,No,No,Yes,No,Month-to-month,Yes,Mailed check,80.3,526.7,Yes
175,7813-TKCVO,Female,0,Yes,No,20,Yes,No,No,No internet service,No internet service,No internet service,No internet service,No internet service,No internet service,One year,No,Mailed check,20.35,393.15,No
176,0128-MKWSG,Female,0,No,Yes,26,No,No phone service,DSL,Yes,No,No,Yes,No,Yes,Month-to-month,No,Mailed check,45.8,1147,No
177,3672-YITQD,Male,1,Yes,No,36,Yes,Yes,Fiber optic,No,No,No,No,No,Yes,Month-to-month,Yes,Electronic check,84.1,3021.6,Yes
178,4350-ZTLPI,Female,0,Yes,No,53,Yes,Yes,Fiber optic,No,Yes,Yes,Yes,Yes,Yes,One year,Yes,Bank transfer (automatic),108.95,5718.2,No
179,9048-JVYVF,Male,0,No,No,3,Yes,No,DSL,No,No,No,Yes,Yes,Yes,Month-to-month,Yes,Electronic check,69.35,191.35,Yes
180,0361-HJRDX,Female,0,No,No,68,No,No phone service,DSL,Yes,Yes,Yes,Yes,Yes,Yes,Two year,No,Credit card (automatic),64.35,4539.6,No
181,5727-MYATE,Male,0,Yes,Yes,72,Yes,Yes,DSL,Yes,Yes,Yes,Yes,Yes,Yes,Two year,Yes,Credit card (automatic),90.8,6397.6,No
182,3823-KYNQY,Male,0,No,No,12,Yes,Yes,No,No internet service,No internet service,No internet service,No internet service,No internet service,No internet service,One year,No,Credit card (automatic),24.95,280.4,No
183,8988-ECPJR,Female,1,Yes,Yes,34,Yes,Yes,Fiber optic,No,Yes,No,No,No,No,Month-to-month,Yes,Mailed check,79.6,2718.3,Yes
184,7570-WELNY,Female,0,Yes,No,68,Yes,Yes,Fiber optic,Yes,Yes,No,No,No,No,Two year,Yes,Bank transfer (automatic),84.7,5711.05,No
185,3021-VLNRJ,Female,0,No,Yes,50,Yes,No,DSL,Yes,No,Yes,Yes,Yes,No,One year,Yes,Credit card (automatic),70.8,3478.15,No
186,3776-EKTKM,Female,1,No,No,1,No,No phone service,DSL,No,No,No,No,Yes,No,Month-to-month,Yes,Electronic check,36.45,36.45,Yes
187,2080-CAZNM,Female,1,No,No,41,Yes,Yes,Fiber optic,No,Yes,Yes,No,Yes,Yes,Month-to-month,Yes,Electronic check,104.4,4133.95,No
188,1028-FFNJK,Male,1,Yes,No,30,Yes,Yes,Fiber optic,No,No,No,Yes,Yes,Yes,Month-to-month,Yes,Electronic check,101.5,2917.65,No
189,6907-FLBER,Male,0,No,No,1,Yes,Yes,DSL,No,Yes,No,No,No,No,Month-to-month,No,Electronic check,54.3,54.3,No
190,3001-UNBTL,Male,1,Yes,Yes,29,Yes,Yes,Fiber optic,No,No,Yes,No,Yes,Yes,Month-to-month,Yes,Electronic check,103.95,2964.8,No
191,5982-PSMKW,Female,0,Yes,Yes,23,Yes,Yes,DSL,Yes,Yes,Yes,Yes,Yes,Yes,Two year,Yes,Credit card (automatic),91.1,2198.3,No
192,3507-GASNP,Male,0,No,Yes,60,Yes,No,No,No internet service,No internet service,No internet service,No internet service,No internet service,No internet service,Two year,No,Mailed check,19.95,1189.9,No
193,7096-ZNBZI,Female,0,Yes,No,72,Yes,Yes,No,No internet service,No internet service,No internet service,No internet service,No internet service,No internet service,Two year,No,Credit card (automatic),26.45,1914.5,No
194,1902-XBTFB,Male,0,No,Yes,22,Yes,No,Fiber optic,No,Yes,Yes,No,Yes,No,Month-to-month,Yes,Electronic check,89.4,2001.5,Yes
195,1676-MQAOA,Male,0,No,No,72,Yes,No,DSL,Yes,Yes,Yes,Yes,Yes,No,Two year,Yes,Bank transfer (automatic),75.1,5336.35,No
196,0786-IVLAW,Female,1,No,No,66,Yes,Yes,Fiber optic,No,Yes,Yes,No,Yes,Yes,One year,No,Bank transfer (automatic),108.1,7238.6,No
197,7566-DSRLQ,Female,0,Yes,No,72,Yes,Yes,Fiber optic,No,Yes,Yes,Yes,Yes,Yes,Two year,Yes,Electronic check,110.15,7998.8,No
198,0643-OKLRP,Female,1,Yes,No,47,Yes,Yes,Fiber optic,Yes,No,No,No,No,No,Month-to-month,No,Electronic check,80.35,3825.85,Yes
199,7245-JMTTQ,Female,0,No,No,51,Yes,Yes,Fiber optic,No,Yes,Yes,Yes,Yes,Yes,One year,Yes,Electronic check,111.5,5703.25,No
200,6050-IJRHS,Female,0,Yes,Yes,70,Yes,Yes,Fiber optic,No,Yes,Yes,No,Yes,Yes,One year,Yes,Electronic check,106.5,7397,No
201,6202-JVYEU,Male,0,No,No,9,Yes,No,No,No internet service,No internet service,No internet service,No internet service,No internet service,No internet service,One year,Yes,Electronic check,19.9,164.6,No
202,8591-TKMZH,Male,0,Yes,Yes,59,Yes,Yes,Fiber optic,Yes,Yes,No,Yes,Yes,Yes,Two year,Yes,Mailed check,111.1,6555.2,No
203,0734-OXWBT,Male,0,No,Yes,3,Yes,No,DSL,No,No,No,Yes,Yes,Yes,Month-to-month,No,Mailed check,70.7,225.65,No
204,4282-ACRXS,Male,1,Yes,No,38,No,No phone service,DSL,No,No,No,No,No,No,Month-to-month,Yes,Electronic check,24.85,955.75,No
205,0365-TRTPY,Female,0,No,No,37,Yes,Yes,Fiber optic,Yes,Yes,Yes,No,No,No,Month-to-month,No,Bank transfer (automatic),91.2,3382.3,No
206,7349-ALMUX,Male,0,No,No,37,Yes,No,DSL,Yes,Yes,Yes,Yes,No,No,Two year,No,Bank transfer (automatic),65.6,2313.8,No
207,9381-NDKME,Female,1,Yes,No,24,No,No phone service,DSL,No,No,Yes,No,No,Yes,Month-to-month,Yes,Credit card (automatic),40.65,933.3,Yes
208,6502-KUGLL,Female,0,Yes,Yes,14,Yes,No,DSL,Yes,Yes,No,Yes,No,No,Month-to-month,No,Bank transfer (automatic),59.45,780.85,No
209,1841-YSJGV,Male,0,Yes,No,72,Yes,Yes,Fiber optic,Yes,Yes,No,Yes,Yes,Yes,Two year,Yes,Credit card (automatic),109.95,7852.4,No
210,2794-XIMMO,Male,0,Yes,No,53,No,No phone service,DSL,No,Yes,Yes,Yes,Yes,Yes,One year,Yes,Electronic check,60.45,3184.25,Yes
211,8382-SHQEH,Female,0,Yes,No,8,Yes,Yes,Fiber optic,No,No,No,No,No,Yes,Month-to-month,Yes,Electronic check,84.9,764.95,Yes
212,3511-BFTJW,Male,0,Yes,Yes,72,No,No phone service,DSL,Yes,Yes,Yes,No,No,No,Two year,No,Credit card (automatic),38.5,2763,No
213,7668-XCFYV,Female,1,Yes,No,17,Yes,Yes,Fiber optic,No,No,No,No,Yes,Yes,Month-to-month,Yes,Electronic check,92.55,1614.7,No
214,2983-ZANRP,Female,0,Yes,Yes,2,Yes,No,Fiber optic,No,Yes,No,No,No,No,Month-to-month,Yes,Bank transfer (automatic),73.55,145.4,Yes
215,7845-URHJN,Female,0,Yes,No,8,Yes,No,No,No internet service,No internet service,No internet service,No internet service,No internet service,No internet service,Month-to-month,No,Bank transfer (automatic),20.15,156.25,Yes
216,3034-ZBEQN,Female,0,Yes,No,48,No,No phone service,DSL,No,Yes,Yes,No,No,No,One year,No,Mailed check,34.7,1604.5,Yes
217,5018-HEKFO,Female,0,No,No,10,Yes,Yes,No,No internet service,No internet service,No internet service,No internet service,No internet service,No internet service,Month-to-month,Yes,Mailed check,24.5,270.15,No
218,2923-ARZLG,Male,0,Yes,Yes,0,Yes,No,No,No internet service,No internet service,No internet service,No internet service,No internet service,No internet service,One year,Yes,Mailed check,19.7, ,No
219,3976-NLDEZ,Male,0,No,No,1,Yes,No,No,No internet service,No internet service,No internet service,No internet service,No internet service,No internet service,Month-to-month,No,Mailed check,20.6,20.6,No
220,2282-YGNOR,Female,0,No,No,29,Yes,No,DSL,Yes,No,Yes,Yes,No,No,One year,No,Credit card (automatic),58,1734.5,No
221,5336-UFNZP,Female,1,Yes,Yes,65,Yes,Yes,Fiber optic,No,Yes,Yes,No,Yes,Yes,One year,Yes,Electronic check,107.45,7047.5,No
222,6854-EXGSF,Female,0,No,No,8,Yes,Yes,DSL,Yes,Yes,Yes,No,No,No,Month-to-month,Yes,Bank transfer (automatic),65.5,573.15,No
223,1241-EZFMJ,Male,0,Yes,No,61,Yes,Yes,No,No internet service,No internet service,No internet service,No internet service,No internet service,No internet service,Two year,No,Bank transfer (automatic),25.45,1538.6,No
224,9233-PSYHO,Female,1,No,No,45,Yes,Yes,Fiber optic,No,No,Yes,No,Yes,Yes,One year,Yes,Bank transfer (automatic),100.15,4459.8,No
225,5376-PCKNB,Male,0,Yes,Yes,72,Yes,Yes,Fiber optic,No,Yes,Yes,No,Yes,Yes,One year,Yes,Credit card (automatic),104.45,7459,No
226,8044-BGWPI,Male,0,Yes,Yes,12,Yes,No,No,No internet service,No internet service,No internet service,No internet service,No internet service,No internet service,Month-to-month,Yes,Electronic check,21.15,306.05,No
227,4060-LDNLU,Male,0,No,No,7,Yes,Yes,Fiber optic,No,No,No,No,Yes,Yes,Month-to-month,No,Electronic check,96.2,639.7,No
228,3589-PPVKW,Male,0,No,No,9,Yes,No,DSL,No,No,No,No,No,No,Month-to-month,Yes,Mailed check,44.4,348.15,No
229,8327-LZKAS,Female,1,Yes,No,43,Yes,Yes,Fiber optic,No,No,Yes,Yes,Yes,Yes,One year,Yes,Electronic check,107.55,4533.9,Yes
230,5887-IKKYO,Male,0,Yes,Yes,58,Yes,Yes,Fiber optic,No,No,Yes,Yes,No,Yes,Two year,No,Bank transfer (automatic),94.35,5563.65,No
231,1075-BGWOH,Male,1,Yes,No,16,Yes,Yes,Fiber optic,No,No,Yes,No,Yes,Yes,Month-to-month,Yes,Electronic check,98.75,1587.55,Yes
232,1755-RMCXH,Male,0,Yes,Yes,2,Yes,No,No,No internet service,No internet service,No internet service,No internet service,No internet service,No internet service,Month-to-month,No,Mailed check,20.3,40.25,No
233,0302-JOIVN,Female,0,Yes,No,8,Yes,No,Fiber optic,No,Yes,Yes,No,Yes,Yes,Month-to-month,No,Electronic check,101.15,842.9,Yes
234,3858-XHYJO,Female,0,Yes,No,40,Yes,Yes,Fiber optic,Yes,No,Yes,No,Yes,Yes,One year,No,Bank transfer (automatic),105.75,4228.55,No
235,4299-SIMNS,Male,0,No,No,9,Yes,Yes,Fiber optic,Yes,No,No,No,No,No,Month-to-month,Yes,Electronic check,81.15,784.45,No
236,7025-IWFHT,Male,0,No,No,41,Yes,No,Fiber optic,No,Yes,No,Yes,Yes,No,One year,Yes,Electronic check,89.55,3729.75,No
237,6261-LHRTG,Female,0,No,No,26,Yes,No,DSL,No,Yes,Yes,No,No,No,Month-to-month,Yes,Credit card (automatic),54.75,1406.9,No
238,7841-FCRQD,Female,0,Yes,No,33,Yes,No,DSL,No,Yes,No,Yes,No,No,One year,Yes,Credit card (automatic),53.75,1857.3,No
239,2056-EVGZL,Male,0,Yes,Yes,68,Yes,No,Fiber optic,No,Yes,Yes,Yes,Yes,Yes,One year,No,Credit card (automatic),105.75,7322.5,No
240,8777-MBMTS,Female,1,Yes,No,65,Yes,No,Fiber optic,No,Yes,Yes,Yes,Yes,Yes,Two year,Yes,Credit card (automatic),105.85,6725.5,No
241,7753-USQYQ,Male,0,No,No,55,Yes,No,DSL,No,Yes,No,Yes,No,Yes,One year,Yes,Electronic check,64.2,3627.3,No
242,5366-IJEQJ,Male,0,No,No,20,Yes,Yes,Fiber optic,No,No,Yes,No,Yes,No,Month-to-month,Yes,Electronic check,88.7,1761.45,Yes
243,7661-CPURM,Male,0,No,No,19,Yes,No,Fiber optic,No,No,No,Yes,No,Yes,One year,Yes,Credit card (automatic),87.7,1725.95,No
244,6233-HXJMX,Female,0,No,No,45,Yes,Yes,Fiber optic,No,No,Yes,No,No,Yes,Month-to-month,Yes,Credit card (automatic),89.3,4192.15,No
245,5902-WBLSE,Female,0,Yes,Yes,70,Yes,No,No,No internet service,No internet service,No internet service,No internet service,No internet service,No internet service,Two year,Yes,Credit card (automatic),20.15,1411.2,No
246,1981-INRFU,Female,0,No,No,2,Yes,No,Fiber optic,No,No,No,No,Yes,No,Month-to-month,Yes,Electronic check,79.75,,Yes
247,4971-PUYQO,Female,0,No,No,27,Yes,Yes,Fiber optic,No,No,No,No,Yes,Yes,Month-to-month,Yes,Mailed check,94.55,2724.6,Yes
248,3239-TPHPZ,Female,0,Yes,No,12,Yes,No,No,No internet service,No internet service,No internet service,No internet service,No internet service,No internet service,Two year,Yes,Electronic check,20.05,264.55,No
249,5115-GZDEL,Male,0,No,Yes,72,No,No phone service,DSL,Yes,Yes,Yes,Yes,Yes,Yes,Two year,No,Credit card (automatic),67.2,4671.7,No
250,3338-CVVEH,Male,0,No,No,12,Yes,Yes,Fiber optic,No,No,No,No,Yes,Yes,Month-to-month,No,Electronic check,94.55,1173.55,No
251,8485-GJCDN,Female,1,No,No,5,Yes,No,Fiber optic,No,No,No,No,No,No,Month-to-month,Yes,Mailed check,69.05,318.5,Yes
252,2615-YVMYX,Male,1,Yes,No,71,Yes,Yes,Fiber optic,Yes,Yes,Yes,No,Yes,Yes,Month-to-month,Yes,Electronic check,107.5,7713.55,No
253,2851-STERV,Male,1,No,No,35,Yes,No,DSL,No,No,Yes,,Yes,Yes,One year,Yes,Electronic check,73,2471.25,No
254,4393-GEADV,Male,0,Yes,Yes,70,Yes,Yes,Fiber optic,Yes,Yes,Yes,Yes,Yes,Yes,Two year,No,Credit card (automatic),114.75,7842.3,No
255,8486-AYEQH,Female,0,No,No,31,Yes,Yes,Fiber optic,No,No,No,No,No,No,Month-to-month,Yes,Electronic check,76.05,2227.8,No
256,1527-SXDPN,Male,0,Yes,Yes,52,Yes,Yes,Fiber optic,No,No,Yes,Yes,No,Yes,Two year,Yes,Bank transfer (automatic),96.25,4990.25,Yes
257,6029-WTIPC,Male,1,No,No,37,Yes,Yes,Fiber optic,No,No,Yes,No,Yes,Yes,Month-to-month,Yes,Electronic check,101.1,3744.05,Yes
258,8634-CILSZ,Male,0,No,No,69,Yes,Yes,Fiber optic,No,Yes,No,Yes,Yes,Yes,One year,Yes,Bank transfer (automatic),104.7,7220.35,Yes
259,5419-JKZNQ,Male,1,Yes,No,30,Yes,Yes,Fiber optic,No,No,No,No,No,No,Month-to-month,No,Mailed check,77.9,2351.45,No
260,2495-KZNFB,Female,0,No,No,33,Yes,Yes,Fiber optic,Yes,No,No,No,No,Yes,Month-to-month,Yes,Electronic check,90.65,2989.6,No
261,1409-PHXTF,Male,1,Yes,No,54,Yes,Yes,Fiber optic,No,Yes,Yes,Yes,Yes,Yes,Two year,Yes,Electronic check,110.45,6077.75,No
262,4560-WQAQW,Female,0,No,No,59,Yes,Yes,DSL,Yes,No,No,Yes,No,Yes,One year,No,Bank transfer (automatic),68.7,4070.95,No
263,9591-YVTEB,Male,1,No,No,55,No,No phone service,DSL,Yes,Yes,No,No,Yes,No,Month-to-month,Yes,Electronic check,44.85,2479.05,No
264,9309-BZGNT,Male,1,Yes,No,69,No,No phone service,DSL,No,No,Yes,No,No,No,One year,Yes,Credit card (automatic),29.8,2134.3,No
265,4274-DRSQT,Female,0,No,No,66,Yes,Yes,Fiber optic,No,Yes,No,No,Yes,No,One year,Yes,Bank transfer (automatic),88.9,6000.1,No
266,2027-DNKIV,Male,0,Yes,Yes,37,Yes,No,DSL,Yes,No,Yes,Yes,No,No,One year,Yes,Mailed check,58.75,2203.1,No
267,8075-GXIUB,Male,1,Yes,No,9,Yes,No,No,No internet service,No internet service,No internet service,No internet service,No internet service,No internet service,One year,No,Credit card (automatic),19.85,183.15,No
268,2885-HIJDH,Male,0,Yes,Yes,69,Yes,Yes,DSL,Yes,No,Yes,Yes,Yes,Yes,Two year,No,Bank transfer (automatic),86.9,6194.1,No
269,5424-RLQLC,Male,0,No,No,10,Yes,No,DSL,No,Yes,No,No,Yes,No,Month-to-month,Yes,Mailed check,59.65,638.95,No
270,6682-QJDGB,Male,0,No,Yes,40,Yes,No,DSL,Yes,Yes,No,No,No,No,Month-to-month,Yes,Mailed check,55.25,2139.2,Yes
271,6507-DTJZV,Male,0,No,Yes,13,Yes,No,DSL,No,No,No,No,Yes,Yes,Month-to-month,No,Credit card (automatic),66.4,831.75,No
272,8780-IXSTS,Female,0,No,No,6,Yes,Yes,Fiber optic,No,Yes,No,No,Yes,No,Month-to-month,Yes,Electronic check,90.1,521.3,Yes
273,7673-BQGKU,Female,0,Yes,Yes,69,Yes,No,No,No internet service,No internet service,No internet service,No internet service,No internet service,No internet service,Two year,No,Bank transfer (automatic),20.15,1337.5,No
274,6723-WSNTY,Female,1,Yes,No,66,Yes,Yes,Fiber optic,No,Yes,Yes,Yes,Yes,Yes,One year,Yes,Credit card (automatic),108.1,7181.95,No
275,9530-EHPOH,Male,0,No,No,11,Yes,Yes,DSL,No,No,Yes,No,No,No,Month-to-month,No,Electronic check,53.75,608,Yes
276,2725-IWWBA,Male,0,Yes,Yes,46,Yes,No,DSL,Yes,No,Yes,Yes,No,No,One year,No,Mailed check,56.9,2560.1,No
277,0345-HKJVM,Female,0,No,No,6,Yes,No,Fiber optic,No,No,No,No,Yes,Yes,Month-to-month,No,Electronic check,89.3,577.6,Yes
278,1061-PNTHC,Female,0,Yes,Yes,56,Yes,Yes,Fiber optic,Yes,No,Yes,Yes,Yes,Yes,Month-to-month,Yes,Mailed check,109.6,5953,No
279,0394-YONDK,Male,0,Yes,Yes,70,Yes,Yes,No,No internet service,No internet service,No internet service,No internet service,No internet service,No internet service,Two year,No,Credit card (automatic),25.15,1790.15,No
280,6574-MCOEH,Female,0,Yes,Yes,33,Yes,Yes,DSL,No,No,Yes,Yes,Yes,Yes,One year,Yes,Electronic check,79.15,2531.4,No
281,7399-QHBJS,Female,0,Yes,Yes,72,Yes,Yes,DSL,Yes,Yes,No,Yes,No,No,Two year,No,Credit card (automatic),66.75,4760.3,No
282,3049-SOLAY,Female,0,Yes,No,3,Yes,Yes,Fiber optic,No,No,No,No,Yes,Yes,Month-to-month,Yes,Electronic check,95.2,292.85,Yes
283,0997-YTLNY,Female,0,No,Yes,19,Yes,No,DSL,No,No,No,Yes,No,No,Month-to-month,No,Mailed check,48.8,953.65,No
284,3317-HRTNN,Female,1,No,No,5,No,No phone service,DSL,No,No,No,No,Yes,Yes,Month-to-month,No,Electronic check,45.7,198,Yes
285,9479-HYNYL,Female,0,Yes,No,71,Yes,No,DSL,No,Yes,Yes,Yes,Yes,Yes,Two year,Yes,Credit card (automatic),80.7,5705.05,No
286,3235-ETOOB,Male,0,Yes,No,8,Yes,No,Fiber optic,Yes,No,No,No,No,No,Month-to-month,Yes,Electronic check,74.5,609.9,Yes
287,9708-KFDBY,Male,0,No,No,1,Yes,No,No,No internet service,No internet service,No internet service,No internet service,No internet service,No internet service,Month-to-month,No,Credit card (automatic),20.55,20.55,No
288,8058-INTPH,Female,0,No,No,1,Yes,No,Fiber optic,No,No,No,No,Yes,No,Month-to-month,Yes,Electronic check,79.65,79.65,Yes
289,3642-GKTCT,Female,0,No,No,61,Yes,Yes,Fiber optic,Yes,Yes,Yes,Yes,Yes,Yes,One year,Yes,Mailed check,115.1,6993.65,No
290,0774-RMNUW,Female,0,Yes,Yes,71,No,No phone service,DSL,Yes,Yes,No,Yes,Yes,Yes,Two year,No,Bank transfer (automatic),59.7,4122.65,No
291,1334-PDUKM,Female,0,Yes,No,68,Yes,Yes,Fiber optic,No,Yes,Yes,No,No,No,One year,No,Credit card (automatic),86.45,5762.95,No
292,0756-MPZRL,Male,0,No,No,46,No,No phone service,DSL,No,No,Yes,Yes,No,No,One year,No,Credit card (automatic),33.7,1537.85,No
293,2242-MFOTG,Male,0,No,No,33,Yes,Yes,Fiber optic,Yes,No,No,No,No,No,One year,No,Bank transfer (automatic),80.1,2603.3,No
294,2927-CVULT,Female,0,Yes,Yes,53,Yes,Yes,Fiber optic,Yes,Yes,Yes,Yes,No,Yes,Two year,Yes,Bank transfer (automatic),104.05,5566.4,No
295,2144-BFDSO,Female,1,Yes,No,50,Yes,Yes,Fiber optic,Yes,Yes,Yes,No,Yes,Yes,Month-to-month,No,Bank transfer (automatic),108.75,5431.9,No
296,8745-PVESG,Female,0,No,No,57,No,No phone service,DSL,Yes,No,Yes,Yes,No,No,One year,Yes,Credit card (automatic),41.1,2258.25,No
297,7647-GYYKX,Female,0,Yes,Yes,54,Yes,No,No,No internet service,No internet service,No internet service,No internet service,No internet service,No internet service,Two year,Yes,Bank transfer (automatic),20.35,1092.35,No
298,5647-FXOTP,Female,1,Yes,No,60,Yes,Yes,Fiber optic,No,Yes,Yes,No,Yes,Yes,Month-to-month,Yes,Electronic check,105.9,6401.25,No
299,5569-OUICF,Female,1,Yes,No,28,Yes,Yes,Fiber optic,No,No,No,Yes,Yes,Yes,Month-to-month,Yes,Credit card (automatic),101.3,2812.2,Yes
300,8821-XNHVZ,Female,0,Yes,Yes,1,Yes,No,Fiber optic,No,No,No,No,Yes,No,Month-to-month,Yes,Mailed check,80.05,80.05,Yes
301,2082-OJVTK,Male,0,Yes,Yes,29,Yes,Yes,Fiber optic,No,No,Yes,No,No,Yes,Month-to-month,Yes,Electronic check,89.2,2698.35,Yes
302,9700-ISPUP,Female,0,Yes,Yes,10,Yes,No,DSL,No,Yes,No,Yes,No,Yes,Month-to-month,Yes,Electronic check,65.5,616.9,No
303,9839-ETQOE,Male,0,No,Yes,43,No,No phone service,DSL,Yes,Yes,Yes,No,No,No,Month-to-month,Yes,Electronic check,40.45,1912.85,No
304,6078-VESFR,Male,1,Yes,No,13,Yes,No,Fiber optic,No,No,No,No,No,No,Month-to-month,No,Bank transfer (automatic),70.45,849.1,No
305,9027-TMATR,Female,0,Yes,No,,Yes,No,DSL,Yes,No,Yes,Yes,Yes,Yes,Two year,Yes,Electronic check,78.8,3460.3,No
306,5940-NFXKV,Male,0,Yes,Yes,19,Yes,Yes,Fiber optic,No,No,No,No,No,Yes,Month-to-month,Yes,Electronic check,83.65,1465.75,Yes
307,1941-HOSAM,Male,0,Yes,Yes,1,Yes,No,Fiber optic,No,No,No,No,Yes,Yes,Month-to-month,Yes,Electronic check,90.1,90.1,No
308,9110-HSGTV,Female,0,No,No,69,Yes,No,DSL,Yes,No,Yes,Yes,Yes,Yes,Two year,Yes,Credit card (automatic),82.45,5555.3,No
309,0704-VCUMB,Female,0,Yes,No,61,Yes,No,No,No internet service,No internet service,No internet service,No internet service,No internet service,No internet service,Two year,No,Credit card (automatic),20.25,1278.8,No
310,6171-ZTVYB,Male,0,Yes,No,43,Yes,Yes,DSL,Yes,Yes,No,Yes,No,No,Month-to-month,No,Bank transfer (automatic),66.25,2907.35,No
311,8053-WWDRO,Female,0,Yes,No,6,Yes,No,No,No internet service,No internet service,No internet service,No internet service,No internet service,No internet service,Month-to-month,No,Bank transfer (automatic),19.5,146.3,Yes
312,9564-KCLHR,Male,0,No,No,1,Yes,No,DSL,No,No,No,Yes,No,No,Month-to-month,No,Mailed check,51.25,51.25,Yes
313,1935-IMVBB,Male,0,Yes,No,56,Yes,No,Fiber optic,No,No,No,No,Yes,Yes,Month-to-month,No,Mailed check,89.7,4952.95,No
314,2535-PBCGC,Female,0,Yes,No,70,No,No phone service,DSL,Yes,Yes,Yes,Yes,Yes,Yes,Two year,No,Bank transfer (automatic),64.55,4504.9,No
315,2082-CEFLT,Male,0,No,No,1,Yes,No,DSL,No,No,No,No,No,No,Month-to-month,Yes,Electronic check,45.6,45.6,Yes
316,1470-PSXNM,Male,0,Yes,Yes,49,Yes,Yes,Fiber optic,No,Yes,Yes,No,Yes,No,One year,Yes,Electronic check,93.65,4520.15,No
317,1213-NGCUN,Female,0,No,No,6,Yes,No,DSL,No,No,No,Yes,No,No,Month-to-month,Yes,Bank transfer (automatic),49.65,267.35,Yes
318,2498-XLDZR,Female,0,Yes,Yes,32,Yes,No,DSL,Yes,Yes,Yes,Yes,No,Yes,Two year,No,Mailed check,73.6,2316.85,No
319,9866-OCCKE,Female,1,Yes,No,72,Yes,Yes,Fiber optic,Yes,No,Yes,Yes,Yes,Yes,Two year,Yes,Mailed check,109.75,8075.35,No
320,5338-YHWYT,Male,0,No,Yes,37,Yes,No,DSL,Yes,Yes,No,Yes,No,No,Two year,No,Credit card (automatic),61.45,2302.35,No
321,7718-UPSKJ,Female,0,Yes,No,69,Yes,No,Fiber optic,Yes,Yes,No,Yes,Yes,Yes,One year,Yes,Credit card (automatic),106.4,7251.9,No
322,8731-WBBMB,Female,0,Yes,No,26,Yes,No,DSL,No,Yes,Yes,Yes,Yes,Yes,Month-to-month,No,Bank transfer (automatic),81.9,2078.55,No
323,1448-CYWKC,Female,0,Yes,Yes,58,Yes,Yes,Fiber optic,No,Yes,Yes,No,Yes,Yes,One year,Yes,Credit card (automatic),105.2,6225.4,No
324,7901-IIDQV,Male,0,No,No,24,Yes,Yes,DSL,No,No,No,Yes,No,No,One year,No,Bank transfer (automatic),54.6,1242.25,No
325,2690-DVRVK,Male,0,Yes,Yes,5,Yes,No,No,No internet service,No internet service,No internet service,No internet service,No internet service,No internet service,One year,No,Electronic check,20.55,99.45,No
326,5688-KZTSN,Male,0,Yes,Yes,15,Yes,No,No,No internet service,No internet service,No internet service,No internet service,No internet service,No internet service,Month-to-month,Yes,Electronic check,20,288.05,Yes
327,1270-XKUCC,Female,0,Yes,Yes,30,Yes,No,No,No internet service,No internet service,No internet service,No internet service,No internet service,No internet service,Two year,No,Mailed check,19.7,599.25,No
328,0334-ZFJSR,Female,0,Yes,No,55,Yes,Yes,DSL,Yes,Yes,No,Yes,No,No,One year,Yes,Credit card (automatic),66.05,3462.1,No
329,2894-QOJRX,Female,0,Yes,No,25,No,No phone service,DSL,No,No,No,No,Yes,No,Month-to-month,Yes,Bank transfer (automatic),34,853,Yes
330,5747-PMBSQ,Male,1,Yes,No,10,Yes,No,Fiber optic,No,Yes,Yes,Yes,Yes,No,Month-to-month,Yes,Mailed check,92.5,934.1,Yes
331,5583-EJXRD,Male,0,Yes,Yes,44,No,No phone service,DSL,Yes,Yes,Yes,Yes,No,Yes,Two year,Yes,Credit card (automatic),54.05,2375.2,No
332,4565-EVZMJ,Female,0,No,No,47,Yes,No,DSL,Yes,Yes,No,Yes,No,No,One year,Yes,Mailed check,58.9,2813.05,No
333,3143-JQEGI,Female,0,Yes,Yes,13,Yes,No,Fiber optic,No,No,No,No,Yes,Yes,Month-to-month,No,Electronic check,88.35,1222.8,Yes
334,6386-SZZKH,Female,0,Yes,Yes,49,Yes,Yes,Fiber optic,No,Yes,Yes,Yes,Yes,Yes,Two year,Yes,Bank transfer (automatic),107.95,5293.2,Yes
335,3327-YBAKM,Female,0,Yes,No,64,Yes,No,Fiber optic,Yes,No,No,Yes,Yes,Yes,One year,Yes,Mailed check,96.9,6314.35,No
336,9441-QHEVC,Male,0,No,No,1,Yes,No,No,No internet service,No internet service,No internet service,No internet service,No internet service,No internet service,Month-to-month,No,Mailed check,19.1,19.1,No
337,6705-LNMDD,Male,0,No,No,20,Yes,No,DSL,No,No,No,Yes,No,No,Month-to-month,No,Mailed check,50,1003.05,No
338,2580-ASVVY,Female,0,Yes,No,37,No,No phone service,DSL,Yes,No,No,Yes,Yes,No,Two year,No,Electronic check,45.4,1593.1,
339,3370-GQEAL,Male,0,Yes,Yes,30,Yes,Yes,Fiber optic,No,No,No,No,Yes,No,Month-to-month,No,Electronic check,85.45,2509.95,No
340,5032-USPKF,Female,0,No,No,38,Yes,Yes,DSL,Yes,Yes,Yes,No,Yes,Yes,One year,No,Bank transfer (automatic),84.1,3187.65,No
341,2982-IHMFT,Female,1,No,No,1,Yes,Yes,Fiber optic,No,No,No,No,No,No,Month-to-month,Yes,Mailed check,74.45,74.45,Yes
342,3521-SYVOR,Female,0,No,No,37,Yes,No,DSL,No,No,No,No,Yes,Yes,Month-to-month,Yes,Electronic check,64.75,2345.2,Yes
343,4254-QPEDE,Female,0,Yes,No,52,No,No phone service,DSL,Yes,Yes,Yes,Yes,Yes,Yes,Two year,No,Credit card (automatic),66.25,3330.1,No
344,6283-GITPX,Male,0,No,Yes,71,Yes,No,DSL,Yes,Yes,Yes,Yes,Yes,No,Two year,Yes,Credit card (automatic),76.9,5522.7,No
345,9526-JAWYF,Male,0,No,No,26,Yes,No,Fiber optic,No,Yes,Yes,No,Yes,No,Month-to-month,No,Electronic check,89.8,2335.3,Yes
346,0771-CHWSK,Male,0,No,No,66,Yes,Yes,DSL,Yes,Yes,Yes,No,No,Yes,Two year,Yes,Credit card (automatic),74.6,4798.4,No
347,9788-HNGUT,Male,0,Yes,No,72,Yes,Yes,Fiber optic,Yes,Yes,Yes,Yes,Yes,Yes,Two year,Yes,Credit card (automatic),116.95,8594.4,No
348,9495-REDIY,Male,0,No,Yes,25,No,No phone service,DSL,Yes,No,No,No,Yes,No,One year,Yes,Credit card (automatic),40.65,970.55,No
349,5375-XLDOF,Male,0,Yes,Yes,69,Yes,Yes,Fiber optic,Yes,Yes,Yes,Yes,Yes,Yes,Two year,Yes,Bank transfer (automatic),114.35,7665.8,No
350,1172-VIYBP,Male,0,Yes,Yes,53,Yes,Yes,DSL,Yes,Yes,No,No,No,Yes,Two year,No,Bank transfer (automatic),69.7,3686.05,No
351,5649-VUKMC,Female,0,No,No,12,Yes,No,Fiber optic,No,No,Yes,No,Yes,Yes,One year,No,Mailed check,95.5,1115.15,Yes
352,6559-PDZLR,Male,0,No,No,26,Yes,No,Fiber optic,No,No,Yes,Yes,Yes,Yes,Month-to-month,Yes,Electronic check,98.65,2537,No
353,8992-OBVDG,Male,0,No,No,21,Yes,No,DSL,No,No,Yes,No,No,Yes,Month-to-month,No,Mailed check,61.65,1393.6,No
354,4273-MBHYA,Female,0,No,Yes,1,Yes,No,Fiber optic,No,No,No,No,Yes,Yes,Month-to-month,Yes,Electronic check,89.35,89.35,No
355,4724-WXVWF,Male,0,No,No,48,Yes,Yes,Fiber optic,Yes,No,No,Yes,No,Yes,Month-to-month,Yes,Electronic check,95.4,4445.3,No
356,5701-GUXDC,Female,0,Yes,No,26,No,No phone service,DSL,Yes,No,Yes,No,No,No,One year,No,Credit card (automatic),35.4,978.6,No
357,1460-UZPRJ,Male,0,Yes,No,60,Yes,No,No,No internet service,No internet service,No internet service,No internet service,No internet service,No internet service,Two year,No,Mailed check,19.95,1258.15,No
358,6082-GLJIX,Male,0,No,No,18,Yes,No,No,No internet service,No internet service,No internet service,No internet service,No internet service,No internet service,Month-to-month,No,Mailed check,19.25,331.35,No
359,5143-EGQFK,Female,1,No,No,10,No,No phone service,DSL,No,No,No,Yes,No,No,Month-to-month,Yes,Electronic check,29.65,291.4,Yes
360,4919-IKATY,Male,0,Yes,Yes,5,Yes,Yes,Fiber optic,Yes,No,Yes,No,No,No,Month-to-month,Yes,Electronic check,84.5,453.75,Yes
361,2495-TTHBQ,Female,0,No,Yes,4,Yes,No,No,No internet service,No internet service,No internet service,No internet service,No internet service,No internet service,One year,Yes,Mailed check,20.4,84.75,No
362,0485-ZBSLN,Male,0,Yes,Yes,65,Yes,Yes,No,No internet service,No internet service,No internet service,No internet service,No internet service,No internet service,Two year,No,Credit card (automatic),24.75,1715.1,No
363,3810-PJUHR,Male,0,Yes,Yes,70,Yes,Yes,No,No internet service,No internet service,No internet service,No internet service,No internet service,No internet service,Two year,No,Mailed check,25.35,1715.15,No
364,9050-QLROH,Male,0,No,No,18,Yes,Yes,Fiber optic,No,No,Yes,No,No,Yes,Month-to-month,Yes,Credit card (automatic),90.7,1597.25,Yes
365,0847-HGRML,Male,0,No,Yes,62,Yes,No,No,No internet service,No internet service,No internet service,No internet service,No internet service,No internet service,Two year,No,Bank transfer (automatic),20,1250.1,No
366,8232-CTLKO,Female,0,Yes,Yes,66,Yes,No,DSL,Yes,No,No,No,Yes,No,Two year,Yes,Electronic check,59.75,3996.8,No
367,9227-YBAXE,Female,0,Yes,Yes,65,Yes,Yes,DSL,Yes,Yes,No,Yes,Yes,Yes,Two year,Yes,Bank transfer (automatic),82.5,5215.1,No
368,6168-WFVVF,Female,1,No,No,3,Yes,No,Fiber optic,No,No,No,No,No,No,Month-to-month,Yes,Electronic check,70.3,235.5,Yes
369,9860-LISIZ,Female,0,No,No,34,Yes,No,No,No internet service,No internet service,No internet service,No internet service,No internet service,No internet service,Month-to-month,No,Mailed check,20.35,673.2,No
370,0112-QAWRZ,Male,0,Yes,Yes,16,Yes,Yes,Fiber optic,No,No,Yes,No,Yes,No,Month-to-month,Yes,Bank transfer (automatic),90.8,1442.2,No
371,0877-SDMBN,Female,0,No,No,54,Yes,Yes,Fiber optic,Yes,No,Yes,No,Yes,Yes,One year,Yes,Bank transfer (automatic),103.95,5639.05,Yes
372,2786-GCDPI,Female,1,No,No,50,Yes,Yes,Fiber optic,No,No,Yes,Yes,Yes,Yes,Month-to-month,Yes,Electronic check,104.95,5222.35,No
373,4043-MKDTV,Male,0,Yes,No,71,Yes,No,Fiber optic,No,Yes,Yes,Yes,Yes,Yes,Two year,Yes,Electronic check,105.25,7291.75,No
374,8065-YKXKD,Female,0,No,No,10,Yes,Yes,Fiber optic,No,No,No,No,No,No,Month-to-month,Yes,Electronic check,74.75,799.65,Yes
375,9637-EIHEQ,Female,0,No,No,1,Yes,No,DSL,No,No,No,Yes,No,No,Month-to-month,Yes,Electronic check,50.8,50.8,Yes
376,9229-RQABD,Male,0,No,No,18,Yes,Yes,No,No internet service,No internet service,No internet service,No internet service,No internet service,No internet service,One year,No,Mailed check,23.75,424.5,No
377,8313-KTIHG,Male,0,No,No,4,Yes,No,DSL,No,No,No,Yes,Yes,No,Month-to-month,Yes,Electronic check,61.3,249.4,No
378,5320-BRKGK,Female,0,Yes,Yes,58,Yes,Yes,DSL,Yes,No,Yes,Yes,Yes,No,Two year,No,Mailed check,75.8,4415.75,No
379,6284-KMNUF,Female,0,Yes,No,56,Yes,Yes,Fiber optic,Yes,No,No,No,Yes,Yes,One year,Yes,Electronic check,98,5270.6,No
380,9689-PTNPG,Male,0,No,No,2,Yes,No,Fiber optic,No,No,No,No,Yes,No,Month-to-month,Yes,Electronic check,80.25,144.55,Yes
381,9465-RWMXL,Male,0,Yes,No,32,Yes,Yes,Fiber optic,No,No,Yes,No,No,No,Month-to-month,Yes,Electronic check,78.9,2447.95,Yes
382,6229-UOLQL,Male,0,Yes,Yes,56,No,No phone service,DSL,Yes,Yes,No,Yes,Yes,No,One year,Yes,Mailed check,52,2884.9,No
383,2362-IBOOY,Male,0,No,No,36,Yes,Yes,Fiber optic,No,No,No,No,No,Yes,Month-to-month,Yes,Electronic check,84.75,3050.15,Yes
384,3137-LUPIX,Female,0,No,No,4,Yes,Yes,DSL,No,No,No,Yes,Yes,No,Month-to-month,Yes,Mailed check,64.4,253,No
385,0843-WTBXE,Male,0,No,No,53,Yes,Yes,Fiber optic,No,No,No,No,Yes,No,Month-to-month,No,Bank transfer (automatic),85.45,4517.25,Yes
386,6143-JQKEA,Male,0,No,No,10,Yes,No,DSL,No,No,No,No,No,No,Month-to-month,Yes,Credit card (automatic),45.8,436.2,No
387,8676-OOQEJ,Male,0,No,No,4,No,No phone service,DSL,No,No,No,Yes,No,No,Month-to-month,No,Electronic check,30.5,118.4,No
388,5515-IDEJJ,Male,0,Yes,Yes,1,Yes,No,No,No internet service,No internet service,No internet service,No internet service,No internet service,No internet service,Month-to-month,No,Mailed check,19.9,19.9,Yes
389,9701-CDXHR,Female,0,Yes,No,51,Yes,No,Fiber optic,No,No,No,No,No,No,Month-to-month,No,Mailed check,69.15,3649.6,No
390,7450-NWRTR,Male,1,No,No,12,Yes,Yes,Fiber optic,No,No,Yes,No,Yes,Yes,Month-to-month,Yes,Electronic check,99.45,1200.15,Yes
391,8124-NZVGJ,Female,0,No,No,6,No,No phone service,DSL,No,No,No,Yes,Yes,Yes,One year,Yes,Mailed check,49.25,255.6,No
392,2162-FRZAA,Male,0,Yes,Yes,63,No,No phone service,DSL,No,Yes,Yes,Yes,No,No,Two year,No,Bank transfer (automatic),39.35,2395.05,No
393,5376-DEQCP,Female,0,No,No,1,Yes,No,Fiber optic,No,No,No,No,No,No,Month-to-month,Yes,Electronic check,70.6,70.6,Yes
394,5118-MUEYH,Female,0,Yes,No,48,Yes,Yes,Fiber optic,No,Yes,No,Yes,Yes,Yes,Month-to-month,Yes,Credit card (automatic),105.1,5083.55,No
395,9095-HFAFX,Female,0,No,No,5,Yes,No,Fiber optic,No,No,No,No,Yes,No,Month-to-month,Yes,Credit card (automatic),81,389.6,Yes
396,5627-TVBPP,Female,0,No,Yes,35,Yes,No,No,No internet service,No internet service,No internet service,No internet service,No internet service,No internet service,One year,Yes,Credit card (automatic),20.1,644.5,No
397,2379-ENZGV,Male,0,No,No,6,Yes,No,Fiber optic,No,Yes,No,No,Yes,No,Month-to-month,Yes,Electronic check,84.85,523.5,Yes
398,3936-QQFLL,Male,0,No,No,2,Yes,No,No,No internet service,No internet service,No internet service,No internet service,No internet service,No internet service,Month-to-month,No,Mailed check,19.75,39.3,No
399,2589-AYCRP,Female,0,No,No,50,Yes,No,No,No internet service,No internet service,No internet service,No internet service,No internet service,No internet service,One year,No,Bank transfer (automatic),19.75,989.05,No
400,4067-HLYQI,Female,0,No,No,33,Yes,No,Fiber optic,No,No,No,No,No,No,Month-to-month,Yes,Bank transfer (automatic),70.4,2406.1,No
401,5124-EOGYE,Male,0,No,No,31,Yes,No,No,No internet service,No internet service,No internet service,No internet service,No internet service,No internet service,Two year,No,Mailed check,20.45,638.55,No
402,5057-RKGLH,Female,0,Yes,Yes,9,Yes,No,No,No internet service,No internet service,No internet service,No internet service,No internet service,No internet service,Two year,No,Mailed check,20.35,191.1,No
403,0292-WEGCH,Female,0,Yes,Yes,54,Yes,Yes,DSL,No,Yes,Yes,Yes,Yes,Yes,Month-to-month,Yes,Electronic check,86.2,4524.05,No
404,8910-ICHIU,Female,0,No,No,46,Yes,No,Fiber optic,Yes,Yes,Yes,No,Yes,No,One year,Yes,Credit card (automatic),95.65,4664.2,No
405,4097-YODCF,Male,0,No,Yes,34,Yes,Yes,Fiber optic,Yes,Yes,No,No,Yes,Yes,One year,Yes,Electronic check,103.8,3470.8,No
406,9715-WZCLW,Male,0,Yes,Yes,71,Yes,Yes,Fiber optic,Yes,No,No,No,Yes,Yes,Two year,Yes,Electronic check,97.2,6910.3,No
407,9786-YWNHU,Female,0,Yes,Yes,63,Yes,No,DSL,Yes,Yes,Yes,Yes,No,No,Two year,No,Mailed check,63.55,4014.2,No
408,6407-GSJNL,Female,0,No,No,51,Yes,Yes,No,No internet service,No internet service,No internet service,No internet service,No internet service,No internet service,Two year,No,Bank transfer (automatic),24.95,1288,No
409,6005-OBZPH,Female,1,No,No,26,Yes,Yes,Fiber optic,No,Yes,No,No,Yes,No,Month-to-month,Yes,Electronic check,89.15,2277.65,Yes
410,4049-ZPALD,Female,0,Yes,No,64,Yes,No,Fiber optic,Yes,No,Yes,No,Yes,Yes,Two year,Yes,Bank transfer (automatic),99,6375.8,No
411,7932-WPTDS,Female,1,Yes,No,1,No,No phone service,DSL,No,No,No,No,No,No,Month-to-month,Yes,Electronic check,24.8,24.8,Yes
412,3733-UOCWF,Male,1,Yes,No,61,Yes,Yes,Fiber optic,No,Yes,No,Yes,No,No,One year,Yes,Bank transfer (automatic),85.55,5251.75,No
413,6833-JMZYP,Female,0,No,No,15,Yes,No,Fiber optic,No,No,Yes,No,Yes,Yes,Month-to-month,Yes,Credit card (automatic),94,1505.45,No
414,2722-VOJQL,Male,0,No,No,64,Yes,Yes,Fiber optic,No,Yes,No,Yes,Yes,Yes,One year,Yes,Credit card (automatic),105.65,6903.1,Yes
415,1310-QRITU,Female,0,No,No,18,Yes,Yes,DSL,No,No,No,No,No,No,Month-to-month,Yes,Electronic check,50.3,913.3,No
416,8961-QDZZJ,Female,0,Yes,Yes,57,Yes,No,Fiber optic,No,Yes,No,No,Yes,Yes,One year,Yes,Electronic check,95,5535.8,No
417,9715-SBVSU,Male,0,Yes,Yes,14,Yes,No,DSL,Yes,Yes,No,No,No,Yes,Two year,Yes,Bank transfer (automatic),61.4,815.55,No
418,8490-BXHEO,Male,1,No,No,18,Yes,Yes,Fiber optic,No,Yes,No,No,No,No,Month-to-month,Yes,Credit card (automatic),80.55,1411.65,No
419,7173-TETGO,Female,1,Yes,No,72,Yes,Yes,Fiber optic,Yes,No,No,No,No,No,Two year,No,Bank transfer (automatic),78.5,5602.25,No
420,7929-SKFGK,Male,0,Yes,No,70,Yes,Yes,Fiber optic,Yes,Yes,Yes,Yes,Yes,Yes,Two year,No,Credit card (automatic),114.3,8244.3,No
421,2300-RQGOI,Female,0,No,No,38,Yes,No,No,No internet service,No internet service,No internet service,No internet service,No internet service,No internet service,Two year,No,Mailed check,20.05,741.5,No
422,3563-SVYLG,Male,0,Yes,Yes,68,Yes,No,DSL,Yes,Yes,Yes,Yes,No,No,Two year,No,Credit card (automatic),62.65,4375.8,No
423,5228-EXCET,Male,0,No,No,13,Yes,No,Fiber optic,No,No,No,No,No,Yes,Month-to-month,Yes,Electronic check,80.85,1008.7,Yes
424,6435-VWCCY,Male,1,Yes,No,65,Yes,Yes,Fiber optic,Yes,Yes,No,No,Yes,No,Two year,Yes,Credit card (automatic),92.7,5968.4,No
425,4998-IKFSE,Female,0,No,No,30,Yes,Yes,Fiber optic,No,No,Yes,No,Yes,Yes,Month-to-month,No,Electronic check,100.45,3096.9,No
426,8630-QSGXK,Male,0,Yes,No,51,Yes,Yes,DSL,No,No,No,Yes,Yes,Yes,Two year,Yes,Bank transfer (automatic),75.2,3901.25,No
427,2455-USLMV,Female,0,No,No,31,Yes,Yes,Fiber optic,Yes,No,Yes,No,No,No,Month-to-month,Yes,Credit card (automatic),84.75,2613.4,No
428,7394-FKDNK,Female,0,Yes,No,9,Yes,No,Fiber optic,No,No,No,No,Yes,Yes,Month-to-month,No,Electronic check,89.45,853.1,Yes
429,9488-FVZCC,Female,0,Yes,Yes,72,Yes,Yes,DSL,Yes,Yes,Yes,Yes,No,Yes,Two year,Yes,Bank transfer (automatic),79.5,5661.7,No
430,6331-LWDTQ,Male,0,No,No,10,Yes,Yes,DSL,No,No,No,No,Yes,Yes,Month-to-month,Yes,Credit card (automatic),72.15,794.25,Yes
431,5995-WWKKG,Female,0,No,No,37,Yes,No,No,No internet service,No internet service,No internet service,No internet service,No internet service,No internet service,One year,Yes,Electronic check,19.8,695.05,No
432,1597-FZREH,Female,0,No,No,2,Yes,No,DSL,No,No,Yes,Yes,Yes,Yes,Month-to-month,No,Electronic check,76.4,160.8,Yes
433,7879-CGSFV,Male,0,No,No,55,Yes,No,Fiber optic,Yes,Yes,No,No,Yes,Yes,One year,Yes,Mailed check,100.9,5552.05,No
434,9921-EZKBY,Male,0,No,Yes,33,Yes,Yes,Fiber optic,Yes,No,Yes,No,No,Yes,Month-to-month,Yes,Bank transfer (automatic),95.3,3275.15,No
435,7432-FFVAR,Female,0,Yes,Yes,46,Yes,No,Fiber optic,No,No,Yes,Yes,No,Yes,One year,No,Bank transfer (automatic),90.95,4236.6,No
436,7246-ZGQDF,Female,0,No,Yes,1,Yes,No,DSL,Yes,No,No,Yes,No,No,Month-to-month,No,Electronic check,54.5,54.5,No
437,7000-WCEVQ,Female,1,No,No,20,Yes,Yes,DSL,No,No,No,No,No,Yes,Month-to-month,Yes,Mailed check,61.6,1174.35,Yes
438,0727-IWKVK,Male,0,Yes,No,9,Yes,No,Fiber optic,No,Yes,Yes,No,No,No,Month-to-month,Yes,Electronic check,79.9,741.7,Yes
439,5959-BELXA,Male,1,No,No,32,Yes,Yes,Fiber optic,No,No,No,No,Yes,Yes,Month-to-month,Yes,Credit card (automatic),96.15,3019.25,Yes
440,4456-RHSNB,Female,0,Yes,Yes,19,Yes,No,DSL,No,No,Yes,No,No,No,Month-to-month,Yes,Bank transfer (automatic),49.6,962.9,No
441,3512-IZIKN,Female,0,Yes,No,70,Yes,Yes,DSL,Yes,No,Yes,Yes,No,No,Two year,No,Credit card (automatic),65.3,4759.75,Yes
442,2481-SBOYW,Female,0,No,Yes,61,Yes,Yes,No,No internet service,No internet service,No internet service,No internet service,No internet service,No internet service,Two year,Yes,Credit card (automatic),25,1498.35,No
443,7109-MFBYV,Male,0,No,No,26,Yes,No,DSL,No,No,No,No,No,No,Month-to-month,No,Electronic check,45.45,1233.15,No
444,1833-TCXKK,Male,0,Yes,No,45,Yes,Yes,Fiber optic,No,Yes,Yes,No,Yes,Yes,Month-to-month,Yes,Bank transfer (automatic),107.75,4882.8,No
445,1832-PEUTS,Male,0,Yes,Yes,62,Yes,Yes,Fiber optic,No,No,Yes,No,Yes,No,Two year,Yes,Credit card (automatic),89.1,5411.65,No
446,6141-OOXUQ,Male,0,No,No,1,Yes,No,No,No internet service,No internet service,No internet service,No internet service,No internet service,No internet service,Month-to-month,No,Mailed check,19.65,19.65,Yes
447,8660-BUETV,Female,0,No,No,3,Yes,No,DSL,No,No,No,No,No,No,Month-to-month,No,Mailed check,44.75,148.05,No
448,0580-PIQHM,Female,0,Yes,Yes,41,Yes,Yes,Fiber optic,Yes,Yes,Yes,No,No,Yes,One year,Yes,Bank transfer (automatic),101.6,3930.55,No
449,5696-CEIQJ,Male,0,Yes,Yes,67,Yes,No,Fiber optic,No,Yes,Yes,Yes,Yes,Yes,Two year,No,Bank transfer (automatic),103.15,6895.5,No
450,7503-ZGUZJ,Male,0,No,No,1,Yes,Yes,Fiber optic,No,No,No,No,Yes,No,Month-to-month,Yes,Mailed check,84.65,84.65,Yes
451,1696-HXOWK,Female,0,Yes,No,71,Yes,Yes,Fiber optic,Yes,Yes,No,No,Yes,No,One year,No,Mailed check,95.65,6856.95,No
452,3026-ATZYV,Female,0,Yes,Yes,37,Yes,No,DSL,Yes,Yes,No,No,Yes,Yes,One year,No,Bank transfer (automatic),75.1,2658.8,No
453,4012-YCFAI,Male,0,Yes,No,60,Yes,No,DSL,Yes,Yes,No,Yes,No,No,Two year,Yes,Mailed check,61.35,3766.2,No
454,2506-TNFCO,Female,1,Yes,No,1,Yes,No,Fiber optic,No,No,No,No,No,No,Month-to-month,Yes,Electronic check,69.55,69.55,Yes
455,9970-QBCDA,Female,0,No,No,6,Yes,No,No,No internet service,No internet service,No internet service,No internet service,No internet service,No internet service,Month-to-month,No,Credit card (automatic),19.7,129.55,No
456,8718-PTMEZ,Female,0,No,No,13,No,No phone service,DSL,No,Yes,No,No,No,No,Month-to-month,Yes,Electronic check,31.05,347.25,Yes
457,9496-IVVRP,Female,0,Yes,Yes,11,Yes,No,DSL,Yes,No,No,No,No,No,Month-to-month,No,Bank transfer (automatic),51,581.7,No
458,2207-OBZNX,Male,0,No,No,7,Yes,No,DSL,Yes,No,No,No,No,No,Month-to-month,Yes,Mailed check,51,354.05,Yes
459,2657-VPXTA,Female,0,Yes,Yes,10,Yes,No,Fiber optic,No,No,No,No,Yes,Yes,Month-to-month,Yes,Electronic check,88.85,929.45,No
460,6551-VLJMV,Male,0,Yes,No,34,Yes,No,No,No internet service,No internet service,No internet service,No internet service,No internet service,No internet service,Two year,No,Credit card (automatic),20.05,679,No
461,1221-GHZEP,Female,0,No,No,62,Yes,No,DSL,Yes,No,No,Yes,No,Yes,Two year,Yes,Mailed check,65.1,3846.75,No
462,9289-LBQVU,Male,0,Yes,No,64,Yes,Yes,DSL,No,Yes,No,Yes,No,Yes,One year,Yes,Mailed check,70.15,4480.7,No
463,6142-VSJQO,Female,0,Yes,Yes,1,Yes,No,DSL,No,No,No,No,No,No,Month-to-month,Yes,Bank transfer (automatic),44.35,44.35,Yes
464,3458-IDMFK,Male,0,No,No,25,Yes,No,No,No internet service,No internet service,No internet service,No internet service,No internet service,No internet service,Two year,Yes,Mailed check,20.75,499.4,No
465,6933-FHBZC,Female,0,No,No,26,Yes,No,DSL,No,Yes,Yes,No,No,No,One year,Yes,Mailed check,56.05,1553.2,No
466,0221-NAUXK,Male,0,No,Yes,10,Yes,No,No,No internet service,No internet service,No internet service,No internet service,No internet service,No internet service,One year,Yes,Bank transfer (automatic),19.95,219.5,No
467,9770-KXGQU,Female,0,No,No,53,Yes,Yes,Fiber optic,Yes,Yes,Yes,No,Yes,No,One year,No,Mailed check,98.6,5311.85,No
468,6437-UKHMV,Female,0,No,No,7,Yes,No,Fiber optic,No,No,No,No,Yes,No,Month-to-month,Yes,Electronic check,79.7,586.05,Yes
469,6538-POCHL,Male,0,No,No,33,Yes,No,Fiber optic,No,Yes,Yes,No,No,No,Month-to-month,Yes,Credit card (automatic),79,2576.8,No
470,6726-NNFWD,Female,1,Yes,No,71,Yes,No,Fiber optic,No,Yes,Yes,No,No,Yes,Two year,No,Credit card (automatic),89.45,6435.25,No
471,3002-WQZWT,Female,0,No,No,29,Yes,Yes,Fiber optic,No,No,No,No,No,No,Month-to-month,Yes,Electronic check,74.2,1993.25,No
472,4277-UDIEF,Male,0,Yes,Yes,24,Yes,Yes,DSL,Yes,No,No,Yes,Yes,Yes,Month-to-month,No,Bank transfer (automatic),81,1923.85,No
473,1208-NBVFH,Male,0,Yes,Yes,20,Yes,No,DSL,No,No,Yes,No,No,No,Month-to-month,Yes,Electronic check,49.6,939.8,No
474,4912-PIGUY,Female,0,No,No,1,Yes,Yes,Fiber optic,No,No,No,No,Yes,No,Month-to-month,Yes,Electronic check,84.6,84.6,No
475,1114-CENIM,Male,0,No,Yes,54,Yes,Yes,DSL,No,Yes,No,No,No,No,Month-to-month,Yes,Credit card (automatic),55,3092.65,Yes
476,6060-DRTNL,Female,1,No,No,5,Yes,No,Fiber optic,No,No,Yes,No,Yes,No,Month-to-month,Yes,Mailed check,84.85,415.55,Yes
477,2725-TTRIQ,Female,0,Yes,Yes,72,Yes,Yes,DSL,Yes,No,Yes,Yes,Yes,Yes,Two year,Yes,Bank transfer (automatic),84.2,5986.55,No
478,3374-TTZTK,Male,0,Yes,No,52,Yes,No,Fiber optic,Yes,Yes,Yes,Yes,Yes,Yes,Two year,Yes,Electronic check,106.3,5487,No
479,8990-ZXLSU,Female,0,No,No,9,Yes,No,Fiber optic,No,No,No,No,No,No,Month-to-month,No,Electronic check,69.05,651.5,No
480,2275-RBYQS,Female,0,No,No,1,Yes,No,DSL,No,No,No,No,No,No,Month-to-month,Yes,Mailed check,45.4,45.4,No
481,8473-VUVJN,Male,1,No,No,1,Yes,Yes,Fiber optic,No,No,No,No,No,No,Month-to-month,Yes,Electronic check,73.65,73.65,Yes
482,6289-CPNLD,Male,0,Yes,Yes,33,Yes,No,DSL,No,No,Yes,Yes,Yes,Yes,One year,Yes,Mailed check,73.9,2405.05,Yes
483,5536-SLHPM,Female,0,Yes,No,55,Yes,Yes,Fiber optic,No,No,Yes,No,No,No,Month-to-month,Yes,Electronic check,77.75,4458.15,Yes
484,4419-UJMUS,Male,0,Yes,Yes,69,Yes,Yes,Fiber optic,No,No,No,Yes,Yes,Yes,Two year,Yes,Electronic check,99.35,6856.45,No
485,7794-JASDG,Male,0,No,No,1,Yes,No,DSL,Yes,No,No,No,No,No,Month-to-month,Yes,Mailed check,50.75,50.75,No
486,7609-YBPXG,Male,0,No,No,54,Yes,Yes,DSL,Yes,No,Yes,Yes,Yes,Yes,Two year,No,Bank transfer (automatic),87.1,4735.2,No
487,5519-TEEUH,Male,0,No,Yes,33,Yes,No,No,No internet service,No internet service,No internet service,No internet service,No internet service,No internet service,One year,Yes,Mailed check,20.15,682.15,No
488,7856-GANIL,Male,1,Yes,No,45,Yes,Yes,Fiber optic,No,Yes,Yes,Yes,Yes,No,One year,Yes,Bank transfer (automatic),98.7,4525.8,No
489,0804-XBFBV,Female,0,No,Yes,11,No,No phone service,DSL,No,No,No,No,No,No,Month-to-month,No,Electronic check,25.2,321.05,No
490,2676-OXPPQ,Male,0,No,No,6,Yes,No,DSL,Yes,Yes,No,No,No,No,Month-to-month,Yes,Bank transfer (automatic),55.7,335.65,No
491,3703-TTEPD,Male,0,No,No,21,Yes,No,DSL,Yes,No,Yes,No,Yes,No,Month-to-month,No,Bank transfer (automatic),65.35,1424.4,No
492,2799-TSLAG,Female,0,Yes,Yes,65,Yes,Yes,No,No internet service,No internet service,No internet service,No internet service,No internet service,No internet service,Two year,Yes,Bank transfer (automatic),25.3,1748.55,No
493,0196-VULGZ,Female,1,Yes,No,6,Yes,Yes,Fiber optic,No,No,No,No,No,Yes,Month-to-month,Yes,Electronic check,84.35,474.9,Yes
494,8837-VVWLQ,Female,0,No,No,8,Yes,No,Fiber optic,Yes,No,No,No,Yes,No,Month-to-month,No,Electronic check,84.95,668.4,Yes
495,2696-NARTR,Male,0,No,No,11,Yes,No,Fiber optic,No,No,No,Yes,No,No,Month-to-month,Yes,Electronic check,73.85,926.25,Yes
496,2208-NKVVH,Male,0,Yes,Yes,43,Yes,Yes,No,No internet service,No internet service,No internet service,No internet service,No internet service,No internet service,Two year,No,Mailed check,24.25,1077.95,No
497,7614-QVWQL,Male,0,Yes,Yes,49,No,No phone service,DSL,No,Yes,No,No,Yes,Yes,One year,Yes,Bank transfer (automatic),51.8,2541.25,Yes
498,1976-CFOCS,Female,1,Yes,No,1,Yes,No,DSL,No,No,No,No,No,No,Month-to-month,No,Electronic check,46,46,Yes
499,4631-OACRM,Male,1,No,No,15,Yes,No,Fiber optic,No,No,No,No,No,Yes,Month-to-month,Yes,Electronic check,79.4,1156.1,Yes
500,7139-JZFVG,Male,0,Yes,Yes,60,Yes,No,DSL,Yes,Yes,Yes,No,No,No,Two year,No,Bank transfer (automatic),60.5,3694.45,No
501,4987-GQWPO,Male,0,No,No,17,No,No phone service,DSL,No,No,No,No,No,No,Month-to-month,No,Credit card (automatic),25.1,382.8,No
502,3755-JBMNH,Male,1,Yes,No,16,Yes,No,Fiber optic,No,No,No,No,No,No,Month-to-month,Yes,Bank transfer (automatic),,1167.8,Yes
503,1757-TCATG,Male,0,Yes,Yes,35,Yes,No,No,No internet service,No internet service,No internet service,No internet service,No internet service,No internet service,One year,No,Bank transfer (automatic),20.05,746.75,No
504,6345-ULYRW,Male,1,Yes,No,44,Yes,Yes,Fiber optic,No,Yes,No,No,No,Yes,One year,No,Mailed check,88.4,3912.9,Yes
505,4776-XSKYQ,Female,0,Yes,Yes,12,No,No phone service,DSL,No,No,No,Yes,No,No,One year,No,Credit card (automatic),30.25,368.85,No
506,8048-DSDFQ,Male,0,No,No,1,Yes,No,No,No internet service,No internet service,No internet service,No internet service,No internet service,No internet service,Month-to-month,No,Mailed check,20.2,20.2,No
507,5753-QQWPW,Female,0,No,No,28,Yes,No,DSL,Yes,Yes,No,Yes,No,No,One year,Yes,Electronic check,59.9,1654.7,No
508,6010-DDPPW,Male,0,Yes,No,70,Yes,Yes,No,No internet service,No internet service,No internet service,No internet service,No internet service,No internet service,Two year,No,Bank transfer (automatic),25.15,1940.85,No
509,1809-DMJHQ,Female,0,No,Yes,5,Yes,No,DSL,No,No,No,No,No,No,Month-to-month,No,Mailed check,46,221.7,Yes
510,6693-FRIRW,Male,0,No,No,18,Yes,No,Fiber optic,No,Yes,Yes,No,Yes,Yes,Month-to-month,No,Credit card (automatic),101.3,1794.65,No
511,6586-MYGKD,Male,0,Yes,No,70,Yes,Yes,DSL,Yes,No,No,Yes,Yes,Yes,Two year,Yes,Credit card (automatic),76.95,5289.8,No
512,3173-NVMPX,Female,0,Yes,Yes,9,Yes,Yes,DSL,No,Yes,No,No,No,No,Month-to-month,Yes,Mailed check,55.3,501.2,No
513,0248-PGHBZ,Female,1,No,No,67,Yes,No,Fiber optic,Yes,Yes,No,Yes,Yes,No,Two year,Yes,Bank transfer (automatic),92.45,6140.85,No
514,0623-GDISB,Female,0,No,No,1,Yes,No,DSL,Yes,No,No,No,No,No,Month-to-month,Yes,Bank transfer (automatic),48.45,48.45,No
515,2892-GESUL,Female,0,Yes,Yes,18,Yes,No,No,No internet service,No internet service,No internet service,No internet service,No internet service,No internet service,Two year,No,Mailed check,19.35,309.25,No
516,6923-EFPNL,Male,0,No,No,4,Yes,Yes,DSL,No,No,No,No,No,No,Month-to-month,No,Credit card (automatic),51.75,201.1,Yes
517,7472-EQOAV,Male,1,Yes,Yes,71,Yes,No,Fiber optic,Yes,Yes,Yes,No,No,No,One year,Yes,Bank transfer (automatic),86.7,6179.35,No
518,9574-RKJIF,Male,0,Yes,Yes,30,Yes,Yes,Fiber optic,Yes,Yes,No,No,Yes,No,Month-to-month,Yes,Electronic check,94.4,2838.7,Yes
519,2043-WVTQJ,Male,0,Yes,No,1,Yes,No,DSL,Yes,No,Yes,No,No,No,Month-to-month,No,Mailed check,55.7,55.7,No
520,8034-RYTVV,Female,0,No,No,55,Yes,Yes,Fiber optic,Yes,No,Yes,No,No,No,One year,Yes,Credit card (automatic),84.25,4589.85,No
521,3863-QSTYI,Male,0,No,No,59,Yes,No,DSL,No,No,Yes,Yes,Yes,No,Month-to-month,Yes,Electronic check,64.65,3735.45,No
522,2619-WFQWU,Female,0,No,No,1,Yes,No,Fiber optic,No,No,No,No,No,No,Month-to-month,Yes,Mailed check,70.15,70.15,Yes
523,5044-LRQAQ,Female,0,Yes,No,7,Yes,No,Fiber optic,No,No,No,No,No,No,Month-to-month,Yes,Bank transfer (automatic),69.2,477.55,No
524,1716-LSAMB,Male,0,Yes,Yes,45,Yes,No,DSL,Yes,No,No,Yes,No,No,Two year,No,Bank transfer (automatic),54.65,2553.7,No
525,1333-PBMXB,Female,0,Yes,Yes,54,Yes,Yes,No,No internet service,No internet service,No internet service,No internet service,No internet service,No internet service,One year,Yes,Bank transfer (automatic),24.75,1342.15,No
526,6546-OPBBH,Male,0,Yes,Yes,51,Yes,Yes,No,No internet service,No internet service,No internet service,No internet service,No internet service,No internet service,One year,Yes,Mailed check,23.95,1216.35,No
527,5985-BEHZK,Female,1,Yes,No,72,Yes,Yes,Fiber optic,No,Yes,Yes,No,Yes,Yes,One year,No,Credit card (automatic),105,7578.05,No
528,9127-QRZMH,Male,0,Yes,No,44,Yes,No,DSL,Yes,Yes,No,Yes,No,No,One year,Yes,Bank transfer (automatic),59.85,2603.95,No
529,5919-VCZYM,Male,0,No,No,2,Yes,No,No,No internet service,No internet service,No internet service,No internet service,No internet service,No internet service,Month-to-month,No,Mailed check,20.05,42.7,No
530,9644-KVCNC,Female,0,No,No,66,Yes,Yes,Fiber optic,No,No,Yes,No,Yes,No,One year,Yes,Bank transfer (automatic),92.15,6056.9,No
531,2137-DQMEV,Male,0,Yes,Yes,68,No,No phone service,DSL,Yes,Yes,No,No,Yes,No,One year,No,Mailed check,44.8,2983.65,No
532,8174-LNWMW,Female,0,No,No,31,Yes,No,No,No internet service,No internet service,No internet service,No internet service,No internet service,No internet service,Two year,No,Credit card (automatic),20.9,689.35,No
533,9279-CJEOJ,Female,1,No,No,21,Yes,Yes,Fiber optic,No,No,No,No,Yes,Yes,Month-to-month,Yes,Bank transfer (automatic),95.4,2025.1,No
534,7964-VEXDG,Male,0,No,Yes,21,Yes,Yes,Fiber optic,Yes,No,No,No,No,No,Month-to-month,No,Electronic check,80.35,1747.2,No
535,2404-JIBFC,Female,0,Yes,Yes,55,Yes,Yes,DSL,Yes,No,Yes,Yes,Yes,Yes,Two year,Yes,Bank transfer (automatic),85.1,4657.95,No
536,0778-NELLA,Male,0,No,No,9,No,No phone service,DSL,No,No,No,No,Yes,No,Month-to-month,Yes,Credit card (automatic),34.7,296.1,Yes
537,8029-XYPWT,Male,1,Yes,No,71,Yes,Yes,Fiber optic,Yes,Yes,Yes,Yes,Yes,Yes,Two year,Yes,Bank transfer (automatic),115.05,8016.6,No
538,4614-NUVZD,Female,0,No,No,1,Yes,No,Fiber optic,No,No,No,No,No,Yes,Month-to-month,Yes,Electronic check,81.1,81.1,Yes
539,4632-PAOYU,Male,0,Yes,Yes,22,Yes,No,No,No internet service,No internet service,No internet service,No internet service,No internet service,No internet service,One year,No,Mailed check,19.95,433.5,No
540,3803-KMQFW,Female,0,Yes,Yes,1,Yes,No,No,No internet service,No internet service,No internet service,No internet service,No internet service,No internet service,Month-to-month,No,Mailed check,20.55,20.55,Yes
541,6804-GDMOI,Female,0,No,No,61,Yes,Yes,Fiber optic,No,No,Yes,Yes,Yes,Yes,Two year,Yes,Electronic check,106.6,6428.4,Yes
542,2990-OGYTD,Female,0,Yes,No,67,Yes,Yes,DSL,No,Yes,Yes,Yes,Yes,Yes,Two year,No,Bank transfer (automatic),86.15,5883.85,No
543,6646-JPPHA,Female,1,No,No,14,Yes,No,Fiber optic,Yes,Yes,No,No,No,No,Month-to-month,No,Electronic check,78.85,1043.8,No
544,9572-MTILT,Male,0,Yes,No,59,Yes,Yes,Fiber optic,Yes,Yes,Yes,Yes,Yes,No,Month-to-month,Yes,Electronic check,106.75,6252.9,Yes
545,7658-UYUQS,Male,1,Yes,No,21,Yes,No,Fiber optic,No,No,Yes,No,Yes,No,Month-to-month,No,Bank transfer (automatic),86.55,1857.25,No
546,7880-XSOJX,Male,0,No,No,4,No,No phone service,DSL,Yes,Yes,No,Yes,No,No,Month-to-month,No,Mailed check,42.4,146.4,No
547,9611-CTWIH,Female,0,No,No,3,Yes,No,Fiber optic,No,No,No,No,Yes,Yes,Month-to-month,Yes,Electronic check,89.45,240.45,Yes
548,4589-IUAJB,Male,0,Yes,No,70,Yes,Yes,No,No internet service,No internet service,No internet service,No internet service,No internet service,No internet service,Two year,No,Bank transfer (automatic),24.25,1724.15,No
549,0329-GTIAJ,Female,0,No,No,3,Yes,No,Fiber optic,No,Yes,No,Yes,Yes,Yes,Month-to-month,Yes,Electronic check,97.9,315.3,Yes
550,8746-BFOAJ,Male,1,No,No,21,Yes,No,No,No internet service,No internet service,No internet service,No internet service,No internet service,No internet service,One year,No,Bank transfer (automatic),20.5,429.55,No
551,8457-XIGKN,Male,0,No,No,20,Yes,No,No,No internet service,No internet service,No internet service,No internet service,No internet service,No internet service,Month-to-month,Yes,Credit card (automatic),19.6,356.15,No
552,6072-NUQCB,Male,0,Yes,Yes,22,Yes,No,No,No internet service,No internet service,No internet service,No internet service,No internet service,No internet service,One year,No,Bank transfer (automatic),20.25,488.25,No
553,6629-CZTTH,Male,0,No,No,1,Yes,No,DSL,No,No,No,No,No,Yes,Month-to-month,Yes,Mailed check,55.7,55.7,Yes
554,8838-GPHZP,Female,0,No,No,63,Yes,No,No,No internet service,No internet service,No internet service,No internet service,No internet service,No internet service,Two year,Yes,Mailed check,20.6,1298.7,No
555,8750-QWZAJ,Female,0,Yes,Yes,70,Yes,No,No,No internet service,No internet service,No internet service,No internet service,No internet service,No internet service,Two year,No,Bank transfer (automatic),19.8,1378.75,No
556,5364-EVNIB,Male,0,No,No,13,Yes,No,Fiber optic,No,Yes,Yes,No,No,No,Month-to-month,Yes,Electronic check,79.8,973.45,Yes
557,6918-UMQCG,Female,0,No,No,5,Yes,No,Fiber optic,No,No,No,No,Yes,No,Month-to-month,No,Electronic check,80.2,384.25,No
558,0675-NCDYU,Female,0,Yes,Yes,72,Yes,Yes,Fiber optic,Yes,Yes,Yes,Yes,Yes,Yes,Two year,Yes,Credit card (automatic),116.4,8543.25,No
559,6339-DKLMK,Female,0,No,No,13,No,No phone service,DSL,No,Yes,No,No,No,No,Month-to-month,Yes,Electronic check,31.65,389.95,No
560,1346-PJWTK,Male,0,Yes,No,61,Yes,No,Fiber optic,No,Yes,Yes,Yes,No,Yes,Month-to-month,No,Credit card (automatic),94.15,5731.85,No
561,5088-QZLRL,Male,0,No,No,1,Yes,No,No,No internet service,No internet service,No internet service,No internet service,No internet service,No internet service,Month-to-month,No,Electronic check,20.65,20.65,No
562,8023-QHAIO,Female,1,Yes,No,56,Yes,Yes,Fiber optic,No,No,No,Yes,No,No,Month-to-month,Yes,Bank transfer (automatic),76.85,4275.75,No
563,4397-FRLTA,Female,0,No,No,4,Yes,No,No,No internet service,No internet service,No internet service,No internet service,No internet service,No internet service,Month-to-month,No,Mailed check,20.15,84.5,No
564,3057-VJJQE,Male,0,No,No,35,Yes,Yes,DSL,Yes,No,No,No,No,No,Two year,No,Mailed check,55.25,1924.1,No
565,5087-SUURX,Female,0,Yes,No,18,No,No phone service,DSL,No,No,Yes,No,Yes,No,Month-to-month,Yes,Electronic check,39.05,669.85,Yes
566,2302-OUZXB,Male,0,Yes,No,72,Yes,Yes,DSL,No,Yes,Yes,No,Yes,Yes,Two year,No,Bank transfer (automatic),82.15,5784.3,No
567,8133-ANHHJ,Female,1,No,No,49,Yes,Yes,Fiber optic,Yes,Yes,Yes,Yes,No,Yes,One year,No,Bank transfer (automatic),103,5166.2,No
568,2270-CHBFN,Female,0,Yes,No,44,Yes,Yes,Fiber optic,Yes,Yes,Yes,Yes,No,No,Month-to-month,Yes,Credit card (automatic),95.1,4060.55,No
569,0013-EXCHZ,Female,1,Yes,No,3,Yes,No,Fiber optic,No,No,No,Yes,Yes,No,Month-to-month,Yes,Mailed check,83.9,267.4,Yes
570,5982-FPVQN,Female,0,Yes,Yes,37,Yes,Yes,Fiber optic,No,Yes,Yes,No,No,Yes,Month-to-month,Yes,Electronic check,95.15,3532.85,No
571,9107-UKCKY,Male,0,Yes,No,61,Yes,Yes,DSL,No,Yes,Yes,No,Yes,Yes,One year,Yes,Electronic check,79.8,4914.8,No
572,4654-ULTTN,Male,0,Yes,No,70,Yes,Yes,DSL,Yes,No,Yes,Yes,No,Yes,Two year,Yes,Credit card (automatic),74.8,5315.8,No
573,5550-VFRLC,Female,1,No,No,1,Yes,No,Fiber optic,No,No,No,No,No,No,Month-to-month,Yes,Electronic check,69.85,69.85,Yes
574,5546-BYZSM,Female,0,No,No,41,Yes,No,No,No internet service,No internet service,No internet service,No internet service,No internet service,No internet service,Month-to-month,No,Electronic check,20.45,775.6,No
575,1492-KGETH,Male,0,Yes,Yes,70,Yes,Yes,DSL,Yes,Yes,Yes,Yes,No,Yes,One year,No,Bank transfer (automatic),78.35,5445.95,No
576,4929-BSTRX,Female,0,No,No,1,Yes,No,DSL,No,No,No,No,Yes,No,Month-to-month,Yes,Mailed check,53.55,53.55,Yes
577,4163-HFTUK,Male,0,No,No,51,Yes,No,No,No internet service,No internet service,No internet service,No internet service,No internet service,No internet service,One year,No,Electronic check,19.1,1007.8,No
578,8215-NGSPE,Female,0,Yes,Yes,42,Yes,No,No,No internet service,No internet service,No internet service,No internet service,No internet service,No internet service,Two year,No,Mailed check,20,833.55,No
579,2225-ZRGSG,Female,0,Yes,Yes,70,Yes,Yes,Fiber optic,Yes,Yes,Yes,Yes,No,No,Two year,No,Bank transfer (automatic),93.9,6579.05,Yes
580,8859-YSTWS,Male,0,No,No,48,Yes,No,No,No internet service,No internet service,No internet service,No internet service,No internet service,No internet service,One year,No,Bank transfer (automatic),19.95,1004.5,No
581,5271-YNWVR,Male,0,Yes,Yes,68,Yes,Yes,Fiber optic,Yes,Yes,Yes,Yes,Yes,Yes,Two year,Yes,Electronic check,113.15,7856,Yes
582,7601-DHFWZ,Female,0,No,No,48,Yes,Yes,No,No internet service,No internet service,No internet service,No internet service,No internet service,No internet service,Two year,No,Credit card (automatic),24,1183.05,No
583,2657-ALMWY,Female,1,Yes,No,26,Yes,No,Fiber optic,No,Yes,No,No,No,Yes,Month-to-month,No,Electronic check,84.95,2169.75,Yes
584,6330-JKLPC,Male,0,Yes,No,11,Yes,Yes,Fiber optic,No,Yes,No,No,No,No,Month-to-month,Yes,Bank transfer (automatic),80.5,896.9,Yes
585,4667-OHGKG,Male,0,No,No,1,Yes,No,No,No internet service,No internet service,No internet service,No internet service,No internet service,No internet service,Month-to-month,Yes,Mailed check,19.3,19.3,Yes
586,1998-VHJHK,Female,0,No,No,27,Yes,No,No,No internet service,No internet service,No internet service,No internet service,No internet service,No internet service,One year,No,Mailed check,19.15,501.35,No
587,1707-HABPF,Female,1,No,No,46,Yes,No,Fiber optic,No,Yes,Yes,No,Yes,No,One year,Yes,Bank transfer (automatic),91.3,4126.35,No
588,1660-HSOOQ,Male,0,No,No,1,Yes,No,DSL,No,No,Yes,No,No,No,Month-to-month,Yes,Mailed check,49.65,49.65,Yes
589,7253-UVNDW,Female,0,No,No,46,Yes,No,DSL,No,No,Yes,Yes,No,No,Two year,No,Credit card (automatic),54.35,2460.15,Yes
590,0487-VVUVK,Male,0,Yes,Yes,25,Yes,No,No,No internet service,No internet service,No internet service,No internet service,No internet service,No internet service,Month-to-month,Yes,Mailed check,19.15,477.6,No
591,7228-OMTPN,Male,0,No,No,4,Yes,No,Fiber optic,No,No,No,No,Yes,Yes,Month-to-month,Yes,Electronic check,88.45,370.65,Yes
592,5063-IUOKK,Male,0,No,No,13,Yes,No,No,No internet service,No internet service,No internet service,No internet service,No internet service,No internet service,Two year,No,Mailed check,19.75,265.75,No
593,4508-OEBEY,Male,0,Yes,No,31,Yes,No,DSL,Yes,Yes,Yes,Yes,No,Yes,One year,Yes,Credit card (automatic),75.5,2424.45,No
594,0027-KWYKW,Female,0,Yes,Yes,23,Yes,Yes,Fiber optic,No,No,No,No,Yes,No,Month-to-month,Yes,Electronic check,83.75,1849.95,No
595,2308-STERM,Female,0,No,No,2,Yes,No,No,No internet service,No internet service,No internet service,No internet service,No internet service,No internet service,Month-to-month,No,Mailed check,19.4,61.05,No
596,5982-XMDEX,Female,0,No,No,65,Yes,Yes,No,No internet service,No internet service,No internet service,No internet service,No internet service,No internet service,Two year,No,Bank transfer (automatic),26.5,1698.55,No
597,6284-AHOOQ,Male,1,No,No,22,Yes,Yes,Fiber optic,No,No,No,Yes,Yes,No,Month-to-month,Yes,Bank transfer (automatic),90.5,1910.6,Yes
598,6051-PTVNS,Female,0,Yes,Yes,55,Yes,No,No,No internet service,No internet service,No internet service,No internet service,No internet service,No internet service,One year,No,Credit card (automatic),19.15,998.1,No
599,2344-JMOGN,Male,0,Yes,No,9,Yes,No,Fiber optic,No,Yes,Yes,Yes,Yes,No,Month-to-month,Yes,Mailed check,94.85,890.6,Yes
600,3799-ISUZQ,Male,0,Yes,Yes,7,Yes,No,Fiber optic,No,No,No,No,No,No,Month-to-month,Yes,Bank transfer (automatic),69.95,529.5,Yes
601,2877-VDUER,Female,0,Yes,Yes,35,No,No phone service,DSL,No,No,No,Yes,Yes,No,One year,No,Mailed check,40.9,1383.6,No
602,9152-AMKAK,Male,0,No,No,6,Yes,No,DSL,Yes,No,Yes,Yes,Yes,Yes,Two year,Yes,Mailed check,80.25,493.4,No
603,1794-HBQTJ,Female,0,No,No,1,Yes,No,DSL,Yes,No,No,No,No,No,Month-to-month,Yes,Credit card (automatic),48.6,48.6,Yes
604,9432-VOFYX,Male,0,No,No,17,Yes,No,Fiber optic,No,No,No,No,No,No,Month-to-month,Yes,Electronic check,70.8,1207,No
605,8049-WJCLQ,Male,0,Yes,Yes,10,Yes,No,DSL,No,No,Yes,No,Yes,No,Month-to-month,No,Mailed check,60.2,563.5,No
606,6586-PSJOX,Male,0,No,Yes,15,Yes,No,DSL,No,No,Yes,Yes,No,No,One year,No,Credit card (automatic),55.2,864.55,No
607,2460-FPSYH,Female,1,No,No,40,No,No phone service,DSL,Yes,Yes,No,No,Yes,Yes,Month-to-month,Yes,Electronic check,55.8,2109.35,Yes
608,9705-ZJBCG,Female,0,Yes,Yes,13,Yes,No,DSL,Yes,No,No,Yes,No,No,One year,No,Bank transfer (automatic),54.15,701.05,No
609,4818-DRBQT,Male,0,Yes,No,29,Yes,Yes,Fiber optic,No,Yes,No,No,No,No,Month-to-month,Yes,Bank transfer (automatic),80.15,2265.25,Yes
610,1320-HTRDR,Female,0,No,No,3,Yes,Yes,Fiber optic,No,No,No,No,No,No,Month-to-month,Yes,Electronic check,75.5,220.6,Yes
611,6847-KJLTS,Female,1,Yes,No,58,Yes,Yes,Fiber optic,No,No,No,Yes,Yes,Yes,Month-to-month,Yes,Bank transfer (automatic),100.4,5749.8,No
612,9670-BPNXF,Female,0,No,No,45,Yes,No,DSL,Yes,Yes,No,Yes,No,No,One year,Yes,Credit card (automatic),62.55,2796.45,No
613,3913-FCUUW,Female,0,Yes,Yes,72,Yes,Yes,DSL,Yes,Yes,Yes,Yes,No,No,Two year,Yes,Bank transfer (automatic),70.45,5165.7,No
614,3301-VKTGC,Male,0,Yes,Yes,68,Yes,Yes,Fiber optic,Yes,Yes,No,No,No,No,One year,Yes,Bank transfer (automatic),85.5,5696.6,No
615,1493-AMTIE,Male,0,No,No,1,Yes,No,No,No internet service,No internet service,No internet service,No internet service,No internet service,No internet service,Month-to-month,Yes,Bank transfer (automatic),20.2,20.2,Yes
616,9555-SAHUZ,Female,0,Yes,Yes,38,Yes,No,DSL,Yes,Yes,No,No,No,No,Month-to-month,No,Electronic check,54.5,2076.05,No
617,0816-TSPHQ,Male,0,No,No,2,Yes,No,No,No internet service,No internet service,No internet service,No internet service,No internet service,No internet service,Month-to-month,No,Mailed check,20.75,44.2,No
618,9932-WBWIK,Male,0,No,No,11,Yes,No,No,No internet service,No internet service,No internet service,No internet service,No internet service,No internet service,Month-to-month,No,Mailed check,20.35,215.25,No
619,4619-EVPHY,Female,1,Yes,No,20,Yes,No,Fiber optic,No,No,No,No,Yes,Yes,One year,Yes,Bank transfer (automatic),91,1859.5,No
620,5286-YHCVC,Male,0,Yes,No,72,Yes,Yes,Fiber optic,No,Yes,Yes,No,Yes,Yes,Two year,Yes,Bank transfer (automatic),104.8,7470.1,No
621,6424-ELEYH,Female,0,Yes,No,3,Yes,Yes,Fiber optic,No,No,No,No,No,No,Month-to-month,Yes,Credit card (automatic),74.75,229.5,Yes
622,4391-RESHN,Male,0,No,No,23,Yes,Yes,Fiber optic,No,No,Yes,Yes,Yes,Yes,Month-to-month,Yes,Mailed check,104.05,2470.1,Yes
623,9115-YQHGA,Male,0,No,No,40,Yes,No,DSL,No,No,No,Yes,No,No,Month-to-month,Yes,Electronic check,51.1,2092.9,No
624,4462-CYWMH,Male,1,Yes,No,62,Yes,Yes,Fiber optic,No,Yes,No,No,No,Yes,Month-to-month,Yes,Bank transfer (automatic),89.8,5629.55,No
625,8963-MQVYN,Female,0,No,Yes,22,Yes,No,No,No internet service,No internet service,No internet service,No internet service,No internet service,No internet service,Month-to-month,Yes,Electronic check,20.55,469.85,No
626,2458-EOMRE,Female,0,No,No,11,Yes,No,DSL,Yes,No,Yes,No,No,Yes,Month-to-month,No,Bank transfer (automatic),64.05,733.95,No
627,9334-GWGOW,Male,1,Yes,No,7,Yes,Yes,Fiber optic,No,No,No,No,No,No,Month-to-month,Yes,Electronic check,74.85,485.25,No
628,6821-BUXUX,Female,0,No,No,13,Yes,Yes,Fiber optic,Yes,Yes,No,No,Yes,No,Month-to-month,Yes,Electronic check,96.65,1244.5,Yes
629,5028-HTLJB,Male,1,No,No,1,Yes,No,No,No internet service,No internet service,No internet service,No internet service,No internet service,No internet service,Month-to-month,No,Mailed check,20.05,20.05,Yes
630,9801-GDWGV,Female,0,No,No,39,Yes,Yes,Fiber optic,No,Yes,Yes,No,Yes,Yes,Month-to-month,Yes,Electronic check,103.45,3994.45,Yes
631,6542-LWGXJ,Male,0,Yes,No,3,No,No phone service,DSL,No,No,No,No,No,No,Month-to-month,No,Mailed check,25,78.25,No
632,5567-GZKQY,Male,0,No,No,58,Yes,No,No,No internet service,No internet service,No internet service,No internet service,No internet service,No internet service,Two year,No,Credit card (automatic),20.3,1131.5,No
633,1222-LRYKO,Male,0,No,Yes,6,Yes,Yes,No,No internet service,No internet service,No internet service,No internet service,No internet service,No internet service,Month-to-month,No,Mailed check,26.35,184.05,No
634,2320-JRSDE,Female,0,Yes,Yes,1,Yes,No,No,No internet service,No internet service,No internet service,No internet service,No internet service,No internet service,Month-to-month,Yes,Electronic check,19.9,19.9,Yes
635,2087-QAREY,Female,0,Yes,No,22,Yes,No,DSL,No,Yes,Yes,No,No,No,Month-to-month,Yes,Mailed check,54.7,1178.75,No
636,0601-WZHJF,Male,0,Yes,No,14,No,No phone service,DSL,No,No,No,No,Yes,Yes,Month-to-month,No,Electronic check,46.35,667.7,Yes
637,4423-JWZJN,Male,0,Yes,Yes,64,Yes,Yes,Fiber optic,No,No,Yes,No,No,Yes,One year,No,Credit card (automatic),90.25,5629.15,No
638,5143-WMWOG,Male,0,No,No,1,Yes,No,No,No internet service,No internet service,No internet service,No internet service,No internet service,No internet service,Month-to-month,No,Electronic check,19.95,19.95,Yes
639,6490-FGZAT,Male,0,No,No,6,Yes,No,No,No internet service,No internet service,No internet service,No internet service,No internet service,No internet service,Month-to-month,No,Mailed check,20.65,109.3,No
640,5393-RXQSZ,Male,0,No,No,1,Yes,No,Fiber optic,No,No,No,No,No,Yes,Month-to-month,No,Electronic check,79.6,79.6,Yes
641,7452-FOLON,Male,0,No,Yes,39,Yes,Yes,No,No internet service,No internet service,No internet service,No internet service,No internet service,No internet service,One year,No,Bank transfer (automatic),25.45,958.45,No
642,2320-TZRRH,Female,0,No,No,20,Yes,No,No,No internet service,No internet service,No internet service,No internet service,No internet service,No internet service,One year,No,Mailed check,19.5,403.15,No
643,0231-LXVAP,Male,0,No,No,1,Yes,No,Fiber optic,No,No,No,Yes,No,No,Month-to-month,Yes,Electronic check,75.9,75.9,Yes
644,9444-JTXHZ,Male,0,Yes,No,1,Yes,No,Fiber optic,No,No,Yes,No,No,No,Month-to-month,No,Electronic check,76.2,76.2,Yes
645,4942-VZZOM,Male,0,Yes,No,64,Yes,Yes,DSL,Yes,No,No,No,Yes,No,One year,Yes,Credit card (automatic),66.15,4392.5,No
646,5510-BOIUJ,Male,0,No,Yes,1,Yes,No,No,No internet service,No internet service,No internet service,No internet service,No internet service,No internet service,Month-to-month,No,Mailed check,19.25,19.25,Yes
647,7502-BNYGS,Female,0,Yes,No,46,Yes,No,DSL,No,Yes,No,No,Yes,Yes,Month-to-month,Yes,Credit card (automatic),69.1,3168,No
648,4291-HYEBC,Female,1,Yes,Yes,28,No,No phone service,DSL,No,Yes,No,No,No,,One year,Yes,Electronic check,39.1,1096.6,No
649,6147-CBCRA,Female,0,Yes,No,33,Yes,No,No,No internet service,No internet service,,No internet service,No internet service,No internet service,Month-to-month,No,Mailed check,20.05,669.45,No
650,6047-SUHPR,Male,0,Yes,Yes,39,Yes,No,DSL,Yes,Yes,Yes,No,No,No,One year,No,Electronic check,59.8,2343.85,No
651,4471-KXAUH,Female,0,Yes,No,42,Yes,Yes,Fiber optic,No,No,Yes,Yes,No,No,Month-to-month,Yes,Electronic check,84.3,3588.4,Yes
652,9752-ZNQUT,Female,0,No,No,1,Yes,No,DSL,No,Yes,No,No,No,No,Month-to-month,Yes,Electronic check,48.6,48.6,No
653,7638-QVMVY,Female,0,No,No,7,Yes,No,Fiber optic,No,No,No,No,Yes,No,Month-to-month,Yes,Electronic check,79,522.95,Yes
654,1576-PFZIW,Male,1,Yes,No,70,Yes,No,Fiber optic,Yes,Yes,Yes,No,Yes,Yes,Two year,No,Credit card (automatic),105.35,7511.9,No
655,5666-MBJPT,Male,0,No,No,65,Yes,Yes,No,No internet service,No internet service,No internet service,No internet service,No internet service,No internet service,Two year,Yes,Bank transfer (automatic),25.1,1725,No
656,,Male,0,No,No,1,Yes,No,DSL,Yes,No,No,No,No,No,Month-to-month,No,Electronic check,49.75,49.75,No
657,3096-GKWEB,Male,0,Yes,No,18,Yes,Yes,Fiber optic,No,No,No,No,Yes,Yes,Month-to-month,Yes,Electronic check,94.75,1691.9,No
658,2371-JQHZZ,Male,0,Yes,No,24,Yes,Yes,Fiber optic,No,No,No,No,Yes,Yes,Month-to-month,Yes,Electronic check,93,2248.05,No
659,0674-GCDXG,Male,0,No,No,63,Yes,Yes,DSL,Yes,No,Yes,Yes,No,Yes,Two year,Yes,Bank transfer (automatic),71.9,4479.2,No
660,1121-QSIVB,Female,0,No,Yes,44,Yes,Yes,DSL,No,Yes,No,No,Yes,Yes,One year,Yes,Mailed check,77.55,3471.1,No
661,4396-KLSEH,Male,0,No,No,4,Yes,No,No,No internet service,No internet service,No internet service,No internet service,No internet service,No internet service,Month-to-month,Yes,Electronic check,19.85,63,No
662,3244-DCJWY,Female,0,No,No,1,Yes,No,Fiber optic,No,No,No,No,No,No,Month-to-month,Yes,Electronic check,70.25,70.25,Yes
663,2824-MYYBN,Female,0,Yes,Yes,37,Yes,Yes,Fiber optic,No,No,No,No,Yes,Yes,Month-to-month,Yes,Electronic check,95.25,3314.15,No
664,0875-CABNR,Female,1,No,No,10,Yes,No,Fiber optic,No,No,Yes,No,No,Yes,Month-to-month,Yes,Credit card (automatic),84.6,865.55,Yes
665,6345-HOVES,Male,0,No,No,34,No,No phone service,DSL,No,No,No,No,No,No,Month-to-month,Yes,Bank transfer (automatic),25.05,852.7,No
666,8318-LCNBW,Male,0,Yes,No,35,No,No phone service,DSL,Yes,No,Yes,No,Yes,Yes,One year,No,Credit card (automatic),53.15,1930.9,No
667,6469-QJKZW,Female,0,Yes,No,4,Yes,No,No,No internet service,No internet service,No internet service,No internet service,No internet service,No internet service,Month-to-month,No,Electronic check,20.15,91.4,No
668,0147-ESWWR,Female,1,Yes,No,39,Yes,Yes,Fiber optic,No,No,No,Yes,Yes,Yes,Month-to-month,Yes,Electronic check,101.25,3949.15,No
669,1217-VASWC,Male,1,Yes,No,43,Yes,No,Fiber optic,No,Yes,Yes,No,Yes,Yes,One year,Yes,Bank transfer (automatic),100.55,4304,No
670,7812-FZHPE,Female,0,Yes,Yes,17,Yes,Yes,No,No internet service,No internet service,No internet service,No internet service,No internet service,No internet service,Month-to-month,No,Mailed check,24.1,409.9,Yes
671,6370-ZVHDV,Female,0,Yes,No,61,Yes,Yes,No,No internet service,No internet service,No internet service,No internet service,No internet service,No internet service,Two year,No,Bank transfer (automatic),25.3,1554.9,No
672,5915-DGNVC,Female,0,Yes,No,49,Yes,Yes,DSL,Yes,Yes,Yes,No,No,Yes,One year,No,Electronic check,71.8,3472.05,No
673,6260-XLACS,Male,0,No,No,4,Yes,No,No,No internet service,No internet service,No internet service,No internet service,No internet service,No internet service,One year,No,Mailed check,19.7,117.8,No
674,3566-CAAYU,Female,0,Yes,Yes,64,No,No phone service,DSL,No,Yes,Yes,Yes,No,Yes,Two year,No,Electronic check,49.85,3210.35,No
675,4983-CCWMC,Male,0,No,No,3,Yes,No,Fiber optic,No,No,No,No,No,No,Month-to-month,Yes,Mailed check,69.6,207.4,No
676,9103-CXVOK,Male,0,Yes,Yes,1,Yes,No,No,No internet service,No internet service,No internet service,No internet service,No internet service,No internet service,Month-to-month,No,Electronic check,19.75,19.75,No
677,2896-TBNBE,Male,0,Yes,No,40,Yes,,Fiber optic,No,Yes,Yes,No,No,No,One year,No,Electronic check,80.8,3132.75,No
678,4797-AXPXK,Female,0,No,Yes,1,Yes,No,DSL,Yes,Yes,No,Yes,No,No,Month-to-month,Yes,Electronic check,60,60,Yes
679,5229-PRWKT,Male,0,No,No,8,Yes,Yes,Fiber optic,No,No,No,No,No,Yes,Month-to-month,Yes,Electronic check,86.55,649.65,Yes
680,6982-UQZLY,Female,1,Yes,No,1,Yes,No,No,No internet service,No internet service,No internet service,No internet service,No internet service,No internet service,Month-to-month,Yes,Mailed check,20.85,20.85,Yes
681,2522-WLNSF,Female,1,Yes,No,34,Yes,No,DSL,No,No,Yes,Yes,Yes,No,One year,No,Bank transfer (automatic),64.2,2106.3,No
682,3841-CONLJ,Female,0,Yes,No,1,No,No phone service,DSL,No,No,No,No,No,Yes,Month-to-month,No,Electronic check,35,35,No
683,5057-LCOUI,Female,0,No,No,39,No,No phone service,DSL,No,No,Yes,No,Yes,Yes,Month-to-month,Yes,Electronic check,50.75,2011.4,Yes
684,0193-ESZXP,Female,1,Yes,No,58,Yes,No,Fiber optic,Yes,Yes,No,Yes,Yes,Yes,One year,Yes,Credit card (automatic),105.5,6205.5,Yes
685,4475-NVTLU,Male,0,Yes,Yes,45,Yes,No,No,No internet service,No internet service,No internet service,No internet service,No internet service,No internet service,Two year,No,Electronic check,19.2,903.7,No
686,4369-HTUIF,Male,1,No,No,6,Yes,No,Fiber optic,Yes,No,No,No,Yes,No,Month-to-month,Yes,Bank transfer (automatic),85.15,503.6,Yes
687,9386-LDCZR,Male,0,No,No,43,Yes,No,Fiber optic,Yes,Yes,Yes,Yes,No,No,One year,Yes,Credit card (automatic),90.65,3882.3,No
688,9585-KKMFD,Male,0,Yes,Yes,41,Yes,No,No,No internet service,No internet service,No internet service,No internet service,No internet service,No internet service,Two year,Yes,Mailed check,20,879.8,No
689,5399-ZIMKF,Male,0,No,No,5,Yes,No,Fiber optic,No,Yes,No,No,No,No,Month-to-month,Yes,Electronic check,74.65,383.65,No
690,0336-KXKFK,Male,0,No,No,72,No,No phone service,DSL,Yes,No,Yes,Yes,Yes,Yes,Two year,Yes,Credit card (automatic),61.2,4390.25,No
691,5619-XZZKR,Male,0,No,No,4,Yes,No,No,No internet service,No internet service,No internet service,No internet service,No internet service,No internet service,One year,No,Mailed check,19.95,68.2,No
692,3948-FVVRP,Male,0,Yes,Yes,9,Yes,No,DSL,No,Yes,No,Yes,No,No,Month-to-month,No,Mailed check,54.8,452.8,No
693,5327-XOKKY,Male,1,Yes,No,72,Yes,Yes,DSL,No,No,Yes,No,Yes,Yes,Two year,Yes,Credit card (automatic),73.45,5329,No
694,0983-TATYJ,Female,0,Yes,No,33,Yes,No,DSL,No,No,No,Yes,No,No,One year,Yes,Mailed check,51.45,1758.9,No
695,1813-JYWTO,Female,0,Yes,No,72,Yes,Yes,Fiber optic,Yes,No,No,No,No,No,Two year,No,Bank transfer (automatic),80.45,5737.6,No
696,0156-FVPTA,Male,0,Yes,No,22,Yes,No,DSL,Yes,No,No,Yes,No,No,Month-to-month,Yes,Electronic check,54.2,1152.7,Yes
697,1984-FCOWB,Female,0,Yes,No,70,Yes,Yes,Fiber optic,No,Yes,Yes,Yes,Yes,Yes,One year,Yes,Electronic check,109.5,7674.55,Yes
698,0654-HMSHN,Male,0,Yes,Yes,21,Yes,Yes,Fiber optic,No,Yes,Yes,No,Yes,Yes,Month-to-month,No,Electronic check,104.4,2157.95,Yes
699,6719-OXYBR,Male,0,No,No,15,Yes,No,Fiber optic,No,No,Yes,No,Yes,No,Month-to-month,No,Electronic check,85.3,1219.85,No
,3312-ZWLGF,Male,1,Yes,No,29,Yes,Yes,Fiber optic,No,No,No,Yes,No,No,Month-to-month,Yes,Electronic check,79.3,2414.55,No
701,6476-YHMGA,Female,0,Yes,Yes,15,Yes,No,DSL,No,Yes,Yes,Yes,Yes,Yes,Month-to-month,No,Bank transfer (automatic),76.5,1155.6,No
702,5287-QWLKY,Male,1,Yes,Yes,71,Yes,Yes,Fiber optic,Yes,Yes,No,No,Yes,Yes,Month-to-month,Yes,Credit card (automatic),105.1,7548.1,Yes
,0795-XCCTE,Male,1,No,No,72,Yes,Yes,No,No internet service,No internet service,No internet service,No internet service,No internet service,No internet service,Two year,No,Bank transfer (automatic),25.4,1809.35,No
704,0168-XZKBB,Female,0,Yes,No,19,Yes,Yes,Fiber optic,No,No,No,No,Yes,No,Month-to-month,Yes,Electronic check,86.85,1564.4,No
705,3785-NRHYR,Male,0,No,No,1,Yes,No,No,No internet service,No internet service,No internet service,No internet service,No internet service,No internet service,Month-to-month,No,Mailed check,19.65,19.65,No
706,5196-SGOAK,Female,0,No,No,1,Yes,No,Fiber optic,No,Yes,No,No,No,No,Month-to-month,Yes,Electronic check,75.7,75.7,Yes
707,4537-DKTAL,Female,0,No,No,2,Yes,No,DSL,No,No,No,No,No,No,Month-to-month,No,Electronic check,45.55,84.4,No
708,7072-MBHEV,Female,1,Yes,Yes,11,Yes,Yes,Fiber optic,No,No,Yes,No,No,No,Month-to-month,Yes,Credit card (automatic),78.1,864.85,No
709,5602-BVFMK,Female,0,No,No,12,Yes,No,No,No internet service,No internet service,No internet service,No internet service,No internet service,No internet service,One year,No,Mailed check,19.3,228.75,No
710,6297-NOOPG,Female,0,Yes,No,70,Yes,Yes,Fiber optic,No,Yes,Yes,Yes,Yes,Yes,Two year,Yes,Electronic check,110.5,7752.05,No
711,1891-UAWWU,Female,1,Yes,No,20,Yes,Yes,Fiber optic,No,No,Yes,No,Yes,No,Month-to-month,No,Electronic check,90.8,1951,Yes
712,8204-TIFGJ,Female,0,No,No,23,Yes,No,No,No internet service,No internet service,No internet service,No internet service,No internet service,No internet service,Month-to-month,Yes,Bank transfer (automatic),20.3,470.6,No
713,8050-DVOJX,Male,1,No,No,49,Yes,Yes,DSL,Yes,Yes,Yes,Yes,No,Yes,Two year,No,Credit card (automatic),81.35,4060.9,No
714,6108-OQZDQ,Female,0,Yes,Yes,4,Yes,Yes,Fiber optic,No,Yes,No,No,Yes,Yes,Month-to-month,Yes,Electronic check,97.95,384.5,Yes
715,0363-QJVFX,Male,0,No,No,32,Yes,Yes,Fiber optic,Yes,Yes,No,Yes,Yes,Yes,Month-to-month,Yes,Credit card (automatic),108.15,3432.9,Yes
716,8903-XEBGX,Male,0,No,Yes,2,Yes,No,DSL,No,No,No,No,No,Yes,Month-to-month,Yes,,55.3,108.65,No
717,8169-SAEJD,Male,1,Yes,No,69,No,No phone service,DSL,Yes,Yes,No,No,Yes,Yes,Two year,No,Credit card (automatic),56.55,3952.65,No
718,9840-DVNDC,Male,0,No,No,6,Yes,No,Fiber optic,No,No,No,No,Yes,No,Month-to-month,Yes,Credit card (automatic),80.5,463.05,Yes
719,1089-XZWHH,Female,0,Yes,Yes,24,Yes,No,No,No internet service,No internet service,No internet service,No internet service,No internet service,No internet service,Two year,Yes,Mailed check,19.7,494.05,No
720,2325-WINES,Female,0,No,No,32,Yes,Yes,Fiber optic,No,Yes,Yes,No,Yes,Yes,One year,Yes,Credit card (automatic),104.05,3416.85,No
721,6064-ZATLR,Female,0,No,No,27,Yes,No,DSL,Yes,Yes,No,No,No,No,Two year,No,Bank transfer (automatic),52.85,1498.65,No
722,3096-JRDSO,Female,1,Yes,No,27,Yes,Yes,Fiber optic,Yes,No,No,Yes,Yes,Yes,Month-to-month,Yes,Bank transfer (automatic),104.3,2867.75,Yes
723,7824-PANSQ,Male,0,No,No,58,Yes,Yes,Fiber optic,No,No,No,Yes,No,No,Month-to-month,No,Bank transfer (automatic),80.65,4807.35,No
724,8042-JVNFH,Male,0,No,No,1,Yes,No,Fiber optic,No,No,No,No,No,No,Month-to-month,Yes,Mailed check,71.35,71.35,Yes
725,9648-BCHKM,Female,0,Yes,Yes,18,Yes,Yes,No,No internet service,No internet service,No internet service,No internet service,No internet service,No internet service,Two year,Yes,Credit card (automatic),24.65,471.35,No
726,2888-ADFAO,Female,0,Yes,Yes,47,Yes,No,No,No internet service,No internet service,No internet service,No internet service,No internet service,No internet service,Two year,Yes,Bank transfer (automatic),21.3,1041.8,No
727,8707-HOEDG,Female,0,Yes,Yes,70,Yes,Yes,Fiber optic,No,Yes,Yes,Yes,Yes,Yes,Two year,Yes,Electronic check,110.2,7689.8,No
728,3374-LXDEV,Female,0,No,No,13,Yes,Yes,Fiber optic,No,Yes,Yes,Yes,No,No,Month-to-month,No,Electronic check,89.4,1132.35,Yes
729,4072-IPYLT,Female,0,Yes,Yes,36,Yes,No,DSL,Yes,No,No,No,No,No,Month-to-month,No,Credit card (automatic),51.05,1815,No
730,7167-PCEYD,Male,0,No,No,67,Yes,No,No,No internet service,No internet service,No internet service,No internet service,No internet service,No internet service,Two year,Yes,Mailed check,19.8,1311.3,No
731,4936-YPJNK,Female,0,No,No,10,Yes,No,No,No internet service,No internet service,No internet service,No internet service,No internet service,No internet service,Month-to-month,Yes,Mailed check,19.9,199.45,No
732,1580-BMCMR,Male,1,No,No,19,Yes,No,Fiber optic,Yes,No,No,No,No,Yes,Month-to-month,Yes,Electronic check,87.3,1637.3,No
733,4817-KEQSP,Female,,Yes,Yes,71,Yes,No,No,No internet service,No internet service,No internet service,No internet service,No internet service,No internet service,Two year,No,Bank transfer (automatic),19.85,1326.35,No
734,6408-WHTEF,Male,0,Yes,Yes,72,Yes,Yes,DSL,Yes,Yes,Yes,Yes,Yes,Yes,Two year,Yes,Mailed check,89.4,6376.55,No
735,9251-AWQGT,Female,0,Yes,Yes,48,Yes,No,No,No internet service,No internet service,No internet service,No internet service,No internet service,No internet service,Two year,No,Mailed check,20,935.9,No
736,8749-CLJXC,Male,0,No,No,1,Yes,No,No,No internet service,No internet service,No internet service,No internet service,No internet service,No internet service,Month-to-month,No,Mailed check,20.05,20.05,No
737,7989-VCQOH,Male,0,Yes,Yes,18,Yes,No,DSL,Yes,No,Yes,Yes,Yes,Yes,Month-to-month,No,Electronic check,83.25,1611.15,No
738,5049-GLYVG,Male,0,No,No,1,Yes,No,No,No internet service,No internet service,No internet service,No internet service,No internet service,No internet service,Month-to-month,No,Mailed check,20.6,20.6,Yes
739,4199-QHJNM,Male,1,Yes,No,67,Yes,Yes,Fiber optic,No,Yes,No,Yes,Yes,Yes,Two year,No,Bank transfer (automatic),102.9,6989.7,No
740,8882-TLVRW,Male,0,Yes,Yes,69,No,No phone service,DSL,Yes,No,Yes,Yes,No,No,Two year,No,Mailed check,39.1,2779.5,No
741,5883-GTGVD,Male,0,No,No,19,Yes,Yes,Fiber optic,No,Yes,No,No,Yes,Yes,Month-to-month,Yes,Electronic check,99.95,1931.75,Yes
742,5135-GRQJV,Male,1,Yes,No,72,Yes,Yes,Fiber optic,Yes,Yes,Yes,Yes,Yes,Yes,Two year,Yes,Mailed check,114.5,8331.95,No
743,2384-OVPSA,Female,1,No,No,38,Yes,No,No,No internet service,No internet service,No internet service,No internet service,No internet service,No internet service,Two year,No,Mailed check,20.2,735.9,No
744,1371-WEPDS,Male,1,Yes,No,40,Yes,No,DSL,No,No,No,No,No,Yes,One year,No,Electronic check,55.8,2283.3,No
745,3580-GICBM,Female,0,Yes,Yes,61,Yes,Yes,No,No internet service,No internet service,No internet service,No internet service,No internet service,No internet service,Two year,Yes,Mailed check,24.2,1445.2,No
746,4817-QRJSX,Female,0,No,No,10,Yes,Yes,Fiber optic,No,,No,No,No,No,Month-to-month,Yes,Credit card (automatic),81,818.05,Yes
747,9730-DRTMJ,Male,0,Yes,No,32,Yes,Yes,DSL,Yes,No,No,Yes,Yes,No,One year,Yes,Credit card (automatic),72.8,2333.05,No
748,4686-UXDML,Female,0,No,No,21,Yes,Yes,Fiber optic,No,Yes,No,No,Yes,Yes,Month-to-month,Yes,Credit card (automatic),99.85,1992.55,No
749,3349-ANQNH,Female,1,,No,59,Yes,Yes,Fiber optic,No,No,Yes,No,,Yes,One year,Yes,Electronic check,99.5,5890,No
750,2398-YPMUR,Female,1,Yes,No,13,Yes,No,Fiber optic,No,No,No,No,No,No,Month-to-month,Yes,Electronic check,70.15,916.75,Yes
751,0932-YIXYU,Female,0,No,No,47,Yes,No,No,No internet service,No internet service,No internet service,No internet service,No internet service,No internet service,Two year,No,Credit card (automatic),20.25,1029.8,No
752,7480-SPLEF,Male,0,Yes,Yes,69,Yes,Yes,No,No internet service,No internet service,No internet service,No internet service,No internet service,No internet service,Two year,Yes,Bank transfer (automatic),26,1796.55,No
753,7636-XUHWW,Male,0,No,No,2,Yes,No,No,No internet service,No internet service,No internet service,No internet service,No internet service,No internet service,Month-to-month,Yes,Credit card (automatic),19.9,33.7,No
754,1431-CYWMH,Female,0,Yes,Yes,22,Yes,No,No,No internet service,No internet service,No internet service,No internet service,No internet service,No internet service,Month-to-month,No,Bank transfer (automatic),19.05,454.05,No
755,5937-EORGB,Male,1,Yes,No,15,Yes,Yes,Fiber optic,Yes,No,Yes,No,Yes,No,Month-to-month,Yes,Electronic check,96.5,1392.25,No
756,6349-JDHQP,Female,0,No,No,53,Yes,No,No,No internet service,No internet service,No internet service,No internet service,No internet service,No internet service,Two year,No,Credit card (automatic),19.85,1049.6,No
757,5539-HIVAK,Female,1,Yes,No,28,Yes,Yes,No,No internet service,No internet service,No internet service,No internet service,No internet service,No internet service,Month-to-month,No,Mailed check,25.7,734.6,No
758,5847-MXBEO,Male,0,No,No,22,Yes,No,No,No internet service,No internet service,No internet service,No internet service,No internet service,No internet service,One year,No,Mailed check,20.3,475.1,No
759,9985-MWVIX,Female,0,No,No,1,Yes,No,Fiber optic,No,No,No,No,No,No,Month-to-month,Yes,Mailed check,70.15,70.15,Yes
760,4583-PARNH,Male,1,Yes,No,16,Yes,No,Fiber optic,No,No,Yes,Yes,No,Yes,Month-to-month,Yes,Electronic check,91.55,1540.05,No
761,1116-FRYVH,Female,0,Yes,Yes,48,No,No phone service,DSL,Yes,Yes,No,Yes,No,No,Two year,No,Mailed check,39.4,1978.65,No
762,1421-HCERK,Male,1,Yes,No,30,Yes,Yes,Fiber optic,Yes,Yes,Yes,Yes,Yes,No,Month-to-month,Yes,Bank transfer (automatic),105.7,3181.8,No
763,9633-XQABV,Female,0,No,No,3,Yes,No,Fiber optic,No,No,No,No,No,No,Month-to-month,Yes,Electronic check,70.25,229.7,No
764,0716-BQNDX,Male,1,No,No,57,Yes,Yes,Fiber optic,Yes,No,No,Yes,No,Yes,Two year,No,Electronic check,93.75,5625.55,No
765,1265-XTECC,Female,1,Yes,No,68,Yes,Yes,Fiber optic,Yes,Yes,No,No,No,Yes,One year,Yes,Credit card (automatic),96.55,6581.9,Yes
766,1183-CANVH,Female,0,Yes,No,23,Yes,No,DSL,No,No,No,Yes,Yes,No,One year,No,Bank transfer (automatic),60,1347.15,No
767,1972-XMUWV,Female,0,Yes,No,65,Yes,No,DSL,No,No,No,Yes,Yes,No,Two year,Yes,Credit card (automatic),59.8,3808.2,No
768,8679-LZBMD,Male,0,Yes,No,44,Yes,No,Fiber optic,No,No,No,No,Yes,Yes,One year,Yes,Bank transfer (automatic),90.65,3974.15,No
769,3407-JMJQQ,Female,0,Yes,Yes,71,Yes,Yes,Fiber optic,Yes,Yes,Yes,No,Yes,Yes,Two year,Yes,Bank transfer (automatic),109,7661.8,No
770,6252-DFGTK,Female,0,Yes,No,37,Yes,Yes,DSL,Yes,No,Yes,Yes,No,No,One year,No,Credit card (automatic),68.1,2479.25,No
771,1539-LNKHM,Female,0,No,No,12,Yes,No,No,No internet service,No internet service,No internet service,No internet service,No internet service,No internet service,Month-to-month,No,Mailed check,20.4,266.6,No
772,8645-KOMJQ,Male,0,Yes,Yes,69,Yes,Yes,DSL,No,Yes,Yes,Yes,Yes,Yes,Two year,Yes,Bank transfer (automatic),81.95,5601.4,No
773,0289-IVARM,Female,0,No,No,35,Yes,No,DSL,Yes,Yes,Yes,No,No,No,Month-to-month,No,Electronic check,60.55,1982.6,No
774,9761-XUJWD,Male,0,No,No,5,Yes,No,DSL,No,Yes,No,Yes,No,Yes,Month-to-month,Yes,Bank transfer (automatic),65.6,339.9,No
,4057-FKCZK,Male,0,Yes,Yes,58,Yes,Yes,Fiber optic,No,No,No,No,Yes,No,Two year,No,Bank transfer (automatic),82.5,4828.05,No
776,4291-TPNFG,Male,0,Yes,No,72,Yes,Yes,DSL,Yes,Yes,Yes,Yes,No,Yes,Two year,Yes,Bank transfer (automatic),82.3,,No
777,6087-YPWHO,Male,0,Yes,No,72,Yes,Yes,DSL,Yes,Yes,Yes,Yes,No,No,Two year,No,Mailed check,68.15,4808.7,No
778,3090-QFUVD,Female,0,No,No,1,Yes,No,No,No internet service,No internet service,No internet service,No internet service,No internet service,No internet service,Month-to-month,No,Credit card (automatic),20.3,20.3,No
779,2237-ZFSMY,Female,0,No,No,39,Yes,No,Fiber optic,Yes,No,Yes,Yes,Yes,No,One year,Yes,Electronic check,95.55,3692.85,Yes
780,1722-LDZJS,Male,0,Yes,Yes,53,Yes,No,No,No internet service,No internet service,No internet service,No internet service,No internet service,No internet service,One year,No,Credit card (automatic),20.2,1068.15,No
781,1818-ESQMW,Female,0,No,No,27,Yes,No,Fiber optic,No,No,Yes,Yes,No,Yes,Month-to-month,Yes,Electronic check,89.2,2383.6,No
782,4871-JTKJF,Female,1,No,No,1,Yes,No,Fiber optic,No,No,No,No,No,No,Month-to-month,Yes,Electronic check,69.65,69.65,Yes
783,1415-YFWLT,Female,1,No,No,1,Yes,No,Fiber optic,No,No,No,No,Yes,Yes,Month-to-month,Yes,Electronic check,89.3,89.3,Yes
784,7401-RUBNK,Female,0,Yes,No,18,Yes,No,Fiber optic,Yes,No,No,No,No,No,Month-to-month,No,Electronic check,74.8,1438.05,No
785,0506-YLVKJ,Male,0,Yes,Yes,46,Yes,No,No,No internet service,No internet service,No internet service,No internet service,No internet service,No internet service,Two year,Yes,Mailed check,20.2,917.45,No
786,8661-BOYNW,Female,0,Yes,No,72,Yes,Yes,DSL,Yes,No,Yes,Yes,Yes,Yes,Two year,Yes,Credit card (automatic),84.4,6096.45,No
787,6711-VTNRE,Female,0,No,No,36,Yes,No,Fiber optic,No,No,Yes,Yes,No,Yes,Month-to-month,Yes,Electronic check,87.55,3078.1,Yes
788,4815-GBTCD,Female,0,Yes,No,4,No,No phone service,DSL,No,No,No,No,No,No,Month-to-month,Yes,Electronic check,25.15,99.95,No
789,2805-AUFQN,Female,0,No,No,25,Yes,No,No,No internet service,No internet service,No internet service,No internet service,No internet service,No internet service,Two year,No,Credit card (automatic),19.8,475.2,No
790,0980-PVMRC,Female,0,Yes,Yes,40,No,No phone service,DSL,No,Yes,No,,Yes,Yes,Month-to-month,Yes,Electronic check,50.85,2036.55,No
791,7233-DRTRF,Male,0,Yes,No,63,Yes,Yes,Fiber optic,No,Yes,Yes,No,Yes,Yes,Month-to-month,Yes,Electronic check,102.4,6444.05,No
792,3500-RMZLT,Female,1,No,No,15,Yes,No,Fiber optic,Yes,No,Yes,Yes,No,Yes,Month-to-month,Yes,Mailed check,96.3,1426.75,Yes
793,3873-NFTGI,Male,0,No,No,14,Yes,Yes,DSL,No,Yes,No,No,No,No,Month-to-month,Yes,Credit card (automatic),55.5,767.55,No
794,1162-ECVII,Male,1,Yes,No,72,Yes,Yes,Fiber optic,No,Yes,Yes,Yes,Yes,Yes,Two year,Yes,Bank transfer (automatic),109.75,7932.5,No
795,7048-GXDAY,Male,0,No,No,39,Yes,Yes,Fiber optic,Yes,Yes,No,No,Yes,Yes,Month-to-month,Yes,Electronic check,106.4,4040.65,No
796,8571-ZCMCX,Female,0,Yes,Yes,47,No,No phone service,DSL,Yes,Yes,Yes,No,Yes,Yes,Two year,Yes,Credit card (automatic),60,2768.65,No
797,1169-WCVAK,Male,0,Yes,No,19,Yes,Yes,Fiber optic,Yes,Yes,No,Yes,No,No,Month-to-month,Yes,Credit card (automatic),88.8,1672.35,No
798,4548-SDBKE,Female,0,No,No,5,Yes,Yes,Fiber optic,No,No,No,No,Yes,No,Month-to-month,Yes,Electronic check,85.2,474.8,Yes
799,8066-POXGX,Female,0,No,No,13,No,No phone service,DSL,No,No,No,No,No,Yes,Month-to-month,Yes,Electronic check,35.1,446.1,Yes
800,7129-CAKJW,Female,0,No,No,17,Yes,Yes,Fiber optic,No,No,Yes,No,No,No,Month-to-month,No,Bank transfer (automatic),80.05,1345.65,No
801,8695-ARGXZ,Male,1,Yes,No,34,Yes,Yes,Fiber optic,No,No,No,No,No,No,Month-to-month,Yes,Electronic check,75.55,2425.4,No
802,3570-YUEKJ,Female,0,No,No,42,Yes,No,DSL,No,Yes,No,No,No,No,Month-to-month,Yes,Electronic check,49.55,2077.95,No
803,4143-OOBWZ,Male,0,Yes,No,5,Yes,Yes,Fiber optic,No,Yes,No,No,No,No,Month-to-month,Yes,Electronic check,81.3,416.3,Yes
804,1555-HAPSU,Female,0,Yes,Yes,71,Yes,Yes,No,No internet service,No internet service,No internet service,No internet service,No internet service,No internet service,Two year,No,Credit card (automatic),23.9,1663.5,No
805,1697-NVVGY,Male,1,Yes,No,19,Yes,No,DSL,Yes,No,Yes,No,Yes,No,Month-to-month,No,Bank transfer (automatic),66.4,1286.05,No
806,7854-EKTJL,Female,0,No,Yes,2,Yes,No,No,No internet service,No internet service,No internet service,No internet service,No internet service,No internet service,Month-to-month,Yes,Electronic check,19.6,35.85,Yes
807,8464-EETCQ,Male,0,No,No,57,Yes,No,No,No internet service,No internet service,No internet service,No internet service,No internet service,No internet service,Two year,No,Credit card (automatic),18.8,1094.35,No
808,2419-FSORS,Male,0,Yes,No,72,Yes,Yes,Fiber optic,No,Yes,Yes,Yes,Yes,Yes,Two year,Yes,Electronic check,108.4,7719.5,No
809,8132-YPVBX,Female,0,No,No,6,Yes,No,Fiber optic,No,Yes,No,No,No,Yes,Month-to-month,Yes,Mailed check,85.95,514.6,No
810,9102-IAYHT,Female,0,Yes,Yes,17,Yes,Yes,Fiber optic,No,No,No,No,No,Yes,Month-to-month,Yes,Electronic check,85.45,1451.6,Yes
811,6754-LZUKA,Male,0,Yes,No,61,Yes,Yes,DSL,No,Yes,Yes,No,Yes,Yes,Two year,No,Bank transfer (automatic),80.9,4932.5,No
812,3422-LYEPQ,Male,0,Yes,Yes,1,Yes,No,Fiber optic,No,No,No,No,No,No,Month-to-month,Yes,Electronic check,71,71,Yes
813,8099-MZPUJ,Male,0,Yes,Yes,48,Yes,Yes,Fiber optic,Yes,Yes,Yes,Yes,Yes,Yes,Two year,No,Credit card (automatic),111.8,5443.65,No
814,0787-LHDYT,Male,0,No,No,16,Yes,No,No,No internet service,No internet service,No internet service,No internet service,No internet service,No internet service,Month-to-month,Yes,Credit card (automatic),20.6,330.25,No
815,2642-DTVCO,Male,1,No,No,9,Yes,Yes,Fiber optic,No,No,No,No,No,Yes,Month-to-month,Yes,Electronic check,85.05,746.5,Yes
816,0374-IOEGQ,Female,0,No,No,3,Yes,No,DSL,No,No,No,No,No,No,Month-to-month,No,Electronic check,44.6,122.7,No
817,4361-JEIVL,Male,0,No,Yes,1,Yes,No,DSL,No,No,No,No,No,No,Month-to-month,Yes,Electronic check,44.4,44.4,Yes
818,3197-NNYNB,Male,0,No,No,65,Yes,Yes,Fiber optic,No,Yes,Yes,No,Yes,Yes,Two year,No,Credit card (automatic),105.1,6631.85,No
819,3396-DKDEL,Female,0,Yes,Yes,70,Yes,Yes,Fiber optic,Yes,Yes,Yes,Yes,Yes,Yes,Two year,Yes,Credit card (automatic),115.15,8250,No
820,1752-OZXFY,Male,0,Yes,No,60,Yes,No,DSL,Yes,No,No,No,Yes,No,One year,Yes,Mailed check,59.8,3561.15,No
821,9066-QRSDU,Female,0,Yes,No,69,Yes,Yes,No,No internet service,No internet service,No internet service,No internet service,No internet service,No internet service,One year,Yes,Electronic check,26.3,1763.55,No
822,9112-WSNPU,Female,1,No,No,35,Yes,No,Fiber optic,No,No,No,No,No,No,Month-to-month,No,Electronic check,70.55,2419,No
823,9867-NNXLC,Female,0,No,No,22,Yes,No,No,No internet service,No internet service,No internet service,No internet service,No internet service,No internet service,Month-to-month,Yes,Mailed check,20.05,470.2,No
824,5321-NTRKC,Male,0,Yes,Yes,66,Yes,Yes,DSL,No,Yes,Yes,No,Yes,Yes,Two year,No,Bank transfer (automatic),79.85,5234.95,No
825,1363-TXLSL,Male,1,Yes,No,1,Yes,No,Fiber optic,No,No,No,No,No,No,Month-to-month,Yes,Electronic check,70.3,70.3,Yes
826,9507-EXLTT,Female,0,Yes,No,1,Yes,No,Fiber optic,No,No,No,No,Yes,No,Month-to-month,Yes,Bank transfer (automatic),79.35,79.35,Yes
827,3161-GETRM,Male,0,Yes,Yes,34,Yes,Yes,Fiber optic,No,No,Yes,No,No,Yes,Month-to-month,Yes,Credit card (automatic),90.05,3097,No
828,0402-OAMEN,Female,0,Yes,Yes,72,Yes,Yes,No,No internet service,No internet service,No internet service,No internet service,No internet service,No internet service,Two year,No,Bank transfer (automatic),24.45,1709.1,No
829,6933-VLYFX,Male,0,Yes,Yes,31,No,No phone service,DSL,Yes,No,Yes,Yes,Yes,Yes,One year,No,Electronic check,59.95,1848.8,No
830,6754-WKSHP,Male,0,No,Yes,30,Yes,Yes,No,No internet service,No internet service,No internet service,No internet service,No internet service,No internet service,One year,No,Bank transfer (automatic),25.35,723.3,No
831,9846-GKXAS,Female,0,No,No,9,Yes,No,Fiber optic,No,No,No,No,Yes,Yes,Month-to-month,Yes,Bank transfer (automatic),90.8,809.75,Yes
832,6017-PPLPX,Male,0,Yes,Yes,20,Yes,No,Fiber optic,No,No,No,No,No,No,Month-to-month,Yes,Electronic check,70.45,1470.95,Yes
833,4976-LNFVV,Male,1,Yes,No,19,No,No phone service,DSL,No,Yes,Yes,No,No,No,Month-to-month,Yes,Credit card (automatic),34.3,577.15,No
834,5055-MGMGF,Female,0,Yes,No,65,Yes,Yes,Fiber optic,Yes,No,Yes,No,Yes,Yes,Month-to-month,Yes,Electronic check,105.05,6914.95,No
835,4641-FROLU,Female,0,Yes,Yes,30,Yes,No,No,No internet service,No internet service,No internet service,No internet service,No internet service,No internet service,Two year,No,Mailed check,19.3,602.9,No
836,2862-JVEOY,Male,0,No,No,6,Yes,,No,No internet service,No internet service,No internet service,No internet service,No internet service,No internet service,One year,No,Mailed check,19.15,124.4,No
837,2969-QWUBZ,Female,0,No,No,2,No,No phone service,DSL,No,Yes,No,No,Yes,Yes,Month-to-month,No,Electronic check,51.4,96.8,No
838,9822-BIIGN,Male,0,Yes,Yes,53,Yes,Yes,DSL,Yes,No,No,Yes,No,Yes,Month-to-month,No,Electronic check,71.85,3827.9,No
839,2077-MPJQO,Male,1,Yes,No,7,Yes,Yes,Fiber optic,No,No,No,No,No,No,Month-to-month,Yes,Electronic check,75.4,533.05,No
840,1534-OULXE,Female,0,Yes,Yes,61,Yes,No,DSL,Yes,No,No,No,No,No,One year,Yes,Bank transfer (automatic),49.7,2961.4,No
841,7136-RVDTZ,Male,1,No,No,70,No,No phone service,DSL,No,No,No,No,Yes,Yes,One year,Yes,Electronic check,45.25,3264.45,Yes
842,2971-SGAFL,Female,0,No,No,13,Yes,Yes,DSL,Yes,No,Yes,No,Yes,Yes,Month-to-month,Yes,Electronic check,78.75,995.35,No
843,1480-IVEVR,Male,1,Yes,No,35,Yes,Yes,Fiber optic,No,No,Yes,No,No,No,One year,Yes,Bank transfer (automatic),81.6,2815.25,No
844,2905-KFQUV,Female,0,Yes,No,2,Yes,No,Fiber optic,No,No,No,No,No,No,Month-to-month,Yes,Credit card (automatic),70.4,154.8,No
845,4581-SSPWD,Female,0,No,No,3,Yes,Yes,Fiber optic,No,No,No,No,No,No,Month-to-month,Yes,Electronic check,75.8,246.3,Yes
846,3370-HXOPH,Female,0,No,No,3,Yes,Yes,Fiber optic,No,No,No,No,No,No,Month-to-month,No,Electronic check,76.1,257.6,No
847,9391-YZEJW,Female,0,No,No,62,Yes,Yes,Fiber optic,No,No,No,No,Yes,Yes,One year,Yes,Bank transfer (automatic),94,5757.2,No
848,9958-MEKUC,Male,0,Yes,Yes,72,Yes,Yes,Fiber optic,Yes,Yes,Yes,Yes,No,Yes,Two year,No,Credit card (automatic),103.95,7517.7,No
849,0281-CNTZX,Male,0,Yes,No,63,Yes,No,No,No internet service,No internet service,No internet service,No internet service,No internet service,No internet service,Two year,Yes,Bank transfer (automatic),19.95,1234.8,No
850,6927-WTFIV,Male,1,No,No,20,Yes,No,Fiber optic,No,No,No,No,No,No,Month-to-month,No,Credit card (automatic),71.3,1389.2,Yes
851,4118-CEVPF,Female,1,No,No,35,Yes,Yes,Fiber optic,Yes,Yes,Yes,Yes,Yes,Yes,One year,Yes,Bank transfer (automatic),110.8,3836.3,No
852,3398-ZOUAA,Male,1,Yes,No,21,Yes,No,Fiber optic,No,No,No,No,No,No,Month-to-month,Yes,Electronic check,69.1,1474.75,Yes
853,9114-VEPUF,Male,0,Yes,No,62,Yes,Yes,Fiber optic,Yes,Yes,No,No,No,Yes,One year,No,Electronic check,96.1,6001.45,No
854,7876-BEUTG,Female,0,No,No,15,Yes,Yes,DSL,No,No,No,No,No,No,Month-to-month,Yes,Mailed check,48.8,720.1,No
855,2338-BQEZT,Female,0,No,No,55,Yes,No,DSL,Yes,No,No,No,No,No,Month-to-month,Yes,Credit card (automatic),50.55,2832.75,No
856,9873-MNDKV,Female,0,No,No,11,Yes,No,DSL,No,No,No,No,No,No,Month-to-month,Yes,Mailed check,44.65,472.25,No
857,0378-NHQXU,Female,0,Yes,Yes,17,Yes,Yes,Fiber optic,No,No,Yes,No,Yes,No,Month-to-month,No,Electronic check,88.25,1460.65,Yes
858,8241-JUIQO,Female,0,No,No,61,Yes,No,No,No internet service,No internet service,No internet service,No internet service,No internet service,No internet service,One year,No,Bank transfer (automatic),19.45,1336.35,No
859,2194-IIQOF,Female,0,Yes,No,71,Yes,Yes,DSL,Yes,Yes,Yes,Yes,Yes,Yes,Two year,No,Credit card (automatic),89.3,6388.65,No
860,4512-ZUIYL,Female,0,No,No,2,Yes,No,Fiber optic,No,No,No,No,No,No,Month-to-month,No,Bank transfer (automatic),70,153.05,Yes
861,9631-RXVJM,Male,0,No,No,35,Yes,No,No,No internet service,No internet service,No internet service,No internet service,No internet service,No internet service,Two year,No,Mailed check,19.25,677.9,No
862,9584-EXCDZ,Female,0,No,No,17,Yes,No,Fiber optic,No,No,No,No,No,No,Month-to-month,No,Bank transfer (automatic),70.5,1165.6,No
863,7969-AULMZ,Female,0,No,No,21,Yes,Yes,Fiber optic,No,No,No,No,Yes,Yes,Month-to-month,Yes,Electronic check,97.35,2119.5,Yes
864,5093-FEGLU,Female,0,Yes,No,47,Yes,No,No,No internet service,No internet service,No internet service,No internet service,No internet service,No internet service,Two year,No,Bank transfer (automatic),19.65,921.55,No
865,2621-UDNLU,Female,0,Yes,No,3,Yes,No,No,No internet service,No internet service,No internet service,No internet service,No internet service,No internet service,Month-to-month,No,Mailed check,20.85,72,No
866,7526-IVLYU,Male,0,No,No,3,Yes,No,No,No internet service,No internet service,No internet service,No internet service,No internet service,No internet service,Month-to-month,Yes,Mailed check,19.65,68.35,No
867,2428-HYUNX,Male,1,Yes,No,44,Yes,No,No,No internet service,No internet service,No internet service,No internet service,No internet service,No internet service,Two year,Yes,Credit card (automatic),19.35,847.25,No
868,9214-EKVXR,Female,0,No,No,1,Yes,No,DSL,No,No,No,No,No,No,Month-to-month,Yes,Mailed check,44,44,No
869,3410-MHHUM,Female,0,Yes,Yes,44,Yes,Yes,Fiber optic,No,Yes,Yes,No,No,Yes,One year,No,Electronic check,94.4,4295.35,No
870,0568-ONFPC,Male,0,Yes,Yes,5,Yes,Yes,No,No internet service,No internet service,No internet service,No internet service,No internet service,No internet service,Month-to-month,Yes,Bank transfer (automatic),25.9,135,Yes
871,0733-VUNUW,Male,0,No,No,24,Yes,Yes,DSL,Yes,No,No,No,No,No,Month-to-month,Yes,Bank transfer (automatic),55.65,1400.55,Yes
872,4550-EVXNY,Female,0,No,Yes,1,Yes,No,Fiber optic,No,No,No,No,No,No,Month-to-month,Yes,Electronic check,69.65,69.65,Yes
873,2122-YWVYA,Female,0,No,No,18,Yes,No,Fiber optic,Yes,No,No,No,No,No,Month-to-month,Yes,Electronic check,75.4,1380.4,No
874,2968-SSGAA,Female,0,No,No,10,Yes,Yes,Fiber optic,No,No,Yes,No,Yes,Yes,Month-to-month,Yes,Electronic check,100.6,1060.2,Yes
875,2296-DKZFP,Female,0,Yes,No,65,Yes,No,DSL,Yes,Yes,Yes,No,No,Yes,Two year,No,Bank transfer (automatic),71,4386.2,No
876,4844-JJWUY,Female,1,No,No,1,Yes,No,Fiber optic,No,Yes,No,No,No,Yes,Month-to-month,Yes,Electronic check,86,86,Yes
877,6777-TGHTM,Female,0,No,No,53,Yes,Yes,Fiber optic,Yes,No,Yes,No,Yes,Yes,One year,Yes,Credit card (automatic),106.95,5785.5,Yes
878,8909-BOLNL,Male,0,No,No,3,Yes,No,No,No internet service,No internet service,No internet service,No internet service,No internet service,No internet service,One year,No,Mailed check,21.2,52.05,No
879,6603-YRDCJ,Male,0,Yes,No,33,Yes,No,DSL,Yes,Yes,No,Yes,No,No,Two year,Yes,Mailed check,61.05,2018.4,No
880,3538-WZPHD,Male,0,No,No,3,No,No phone service,DSL,No,Yes,No,No,No,No,Month-to-month,Yes,Electronic check,29.6,79.45,Yes
881,3229-USWAR,Female,0,No,No,34,Yes,No,DSL,Yes,No,Yes,Yes,Yes,Yes,One year,Yes,Bank transfer (automatic),79.95,2727.3,No
882,2138-VFAPZ,Female,0,Yes,Yes,14,Yes,No,No,No internet service,No internet service,No internet service,No internet service,No internet service,No internet service,Two year,Yes,Mailed check,19.7,263.65,No
883,6131-JLWZM,Female,0,No,No,13,Yes,No,No,No internet service,No internet service,No internet service,No internet service,No internet service,No internet service,Month-to-month,Yes,Mailed check,20.3,275.4,No
884,4785-QRJHC,Male,1,Yes,No,46,No,No phone service,DSL,No,Yes,Yes,Yes,Yes,Yes,One year,Yes,Bank transfer (automatic),59.9,2816.65,Yes
885,0269-XFESX,Male,0,Yes,Yes,23,Yes,Yes,No,No internet service,No internet service,No internet service,No internet service,No internet service,No internet service,One year,No,Mailed check,24.35,538.5,No
886,1709-EJDOX,Female,0,Yes,Yes,47,Yes,No,No,No internet service,No internet service,No internet service,No internet service,No internet service,No internet service,Two year,No,Mailed check,19.75,948.9,No
887,4316-XCSLJ,Male,0,No,Yes,17,Yes,No,DSL,Yes,No,No,No,No,No,Month-to-month,Yes,Mailed check,50.3,846.8,No
888,8610-WFCJF,Female,0,Yes,Yes,49,Yes,Yes,Fiber optic,No,No,No,No,Yes,Yes,Month-to-month,Yes,Electronic check,95.6,4783.5,Yes
889,9693-XMUOB,Male,1,Yes,No,59,No,No phone service,DSL,No,Yes,No,No,Yes,Yes,Month-to-month,Yes,Electronic check,50.25,2997.45,No
890,0383-CLDDA,Female,0,No,No,69,Yes,Yes,DSL,Yes,No,Yes,Yes,Yes,Yes,Two year,Yes,Credit card (automatic),85.35,5897.4,No
891,4905-JEFDW,Male,0,No,No,11,No,No phone service,DSL,No,No,Yes,No,Yes,No,One year,Yes,Electronic check,41.6,470.6,Yes
892,2709-UQGNP,Male,0,No,No,10,Yes,No,DSL,Yes,No,No,No,No,No,Month-to-month,Yes,Mailed check,51.65,524.5,No
893,3549-ZTMNH,Male,0,Yes,Yes,12,Yes,Yes,No,No internet service,No internet service,No internet service,No internet service,No internet service,No internet service,Two year,Yes,Bank transfer (automatic),24,269.65,No
894,7881-INRLC,Male,0,No,No,45,Yes,Yes,Fiber optic,No,Yes,No,No,Yes,Yes,Month-to-month,Yes,Credit card (automatic),100.85,4740,Yes
895,8033-ATFAS,Female,0,Yes,Yes,39,Yes,No,DSL,No,No,Yes,No,Yes,No,Month-to-month,Yes,Mailed check,59.85,2341.5,No
896,1635-NZATJ,Male,1,Yes,No,71,Yes,Yes,No,No internet service,No internet service,No internet service,No internet service,No internet service,No internet service,Two year,No,Credit card (automatic),25.45,1789.65,No
897,0562-HKHML,Male,0,Yes,Yes,71,Yes,Yes,No,No internet service,No internet service,No internet service,No internet service,No internet service,No internet service,Two year,No,Credit card (automatic),23.9,1626.4,No
898,8277-RVRSV,Female,0,Yes,Yes,33,Yes,Yes,No,No internet service,No internet service,No internet service,No internet service,No internet service,No internet service,One year,No,Credit card (automatic),24.15,800.3,No
899,9943-VSZUV,Male,1,No,No,67,Yes,Yes,Fiber optic,No,No,No,No,No,No,Month-to-month,Yes,Mailed check,75.7,5060.85,No
900,0117-LFRMW,Male,0,Yes,Yes,37,No,No phone service,DSL,Yes,Yes,Yes,No,No,No,Month-to-month,No,Bank transfer (automatic),40.2,1448.8,Yes
901,6172-FECYY,Male,0,Yes,Yes,49,Yes,Yes,Fiber optic,No,No,No,No,Yes,No,Month-to-month,No,Electronic check,84.5,4254.85,Yes
902,7054-ENNGU,Female,0,Yes,No,9,Yes,No,DSL,No,Yes,No,No,No,No,Month-to-month,No,Mailed check,50.85,466.6,No
903,1455-HFBXA,Male,0,Yes,No,52,Yes,Yes,Fiber optic,Yes,No,Yes,Yes,No,No,Two year,Yes,Credit card (automatic),91.6,4627.8,No
904,9402-CXWPL,Female,0,No,No,70,Yes,Yes,Fiber optic,No,Yes,No,No,Yes,Yes,One year,No,Electronic check,98.9,6838.6,No
905,1628-BIZYP,Male,0,No,No,1,Yes,No,Fiber optic,No,Yes,No,No,No,Yes,Month-to-month,Yes,Electronic check,85,85,No
906,1965-AKTSX,Female,1,No,No,14,Yes,Yes,Fiber optic,No,Yes,No,No,No,No,Month-to-month,Yes,Electronic check,78.95,1101.85,Yes
907,0082-LDZUE,Male,0,No,No,1,Yes,No,DSL,No,No,No,No,No,No,Month-to-month,Yes,Mailed check,44.3,44.3,No
908,4786-UKSNZ,Male,0,No,No,1,Yes,No,No,No internet service,No internet service,No internet service,No internet service,No internet service,No internet service,Month-to-month,No,Mailed check,20.2,20.2,Yes
909,5343-SGUBI,Female,0,No,No,52,Yes,Yes,Fiber optic,No,Yes,No,No,No,No,One year,Yes,Mailed check,80.2,4297.6,No
910,0856-NAOES,Male,0,No,No,6,Yes,No,DSL,No,No,Yes,No,Yes,No,Month-to-month,No,Mailed check,60.9,414.1,No
911,1976-AZZPJ,Male,0,Yes,No,7,No,No phone service,DSL,Yes,Yes,No,No,No,No,Month-to-month,No,Mailed check,34.2,256.6,No
912,7248-VZQLC,Female,1,No,No,47,Yes,Yes,Fiber optic,No,Yes,Yes,No,No,No,Month-to-month,Yes,Bank transfer (automatic),85.2,3969.35,Yes
913,6156-UZDLF,Female,0,No,No,26,Yes,No,Fiber optic,Yes,No,Yes,Yes,No,No,One year,Yes,Credit card (automatic),87.15,2274.1,No
914,3099-OONVS,Male,0,Yes,Yes,25,Yes,No,DSL,Yes,No,No,Yes,No,No,Month-to-month,No,Electronic check,54.3,1296.8,No
915,9500-WBGRP,Male,0,No,No,69,Yes,No,No,No internet service,No internet service,No internet service,No internet service,No internet service,No internet service,Two year,Yes,Mailed check,19.1,1268.85,No
916,5183-KLYEM,Female,0,No,No,72,Yes,Yes,Fiber optic,Yes,Yes,Yes,Yes,Yes,Yes,Two year,Yes,Credit card (automatic),112.75,8192.6,No
917,5144-PQCDZ,Male,0,No,No,4,Yes,No,No,No internet service,No internet service,No internet service,No internet service,No internet service,No internet service,Month-to-month,Yes,Mailed check,19.95,59.25,No
918,8514-VZHEB,Male,0,Yes,Yes,59,Yes,No,No,No internet service,No internet service,No internet service,No internet service,No internet service,No internet service,Two year,No,Mailed check,19.5,1147.85,No
919,6625-IUTTT,Male,0,No,No,67,Yes,No,DSL,Yes,No,Yes,No,No,Yes,Two year,No,Bank transfer (automatic),65.55,4361.55,No
920,9355-NPPFS,Female,1,No,No,26,Yes,No,Fiber optic,No,No,No,No,No,Yes,Month-to-month,Yes,Electronic check,78.8,2006.1,No
921,0068-FIGTF,Female,0,No,No,27,Yes,No,DSL,No,Yes,Yes,Yes,Yes,Yes,One year,No,Mailed check,78.2,2078.95,No
922,5965-GGPRW,Male,0,Yes,Yes,72,Yes,Yes,Fiber optic,Yes,No,Yes,No,Yes,Yes,Two year,No,Bank transfer (automatic),105.25,7609.75,No
923,8035-PWSEV,Female,0,No,No,6,Yes,No,Fiber optic,No,No,Yes,Yes,No,Yes,Month-to-month,Yes,Electronic check,89.25,487.05,No
924,2236-HILPA,Male,0,Yes,Yes,62,Yes,No,No,No internet service,No internet service,No internet service,No internet service,No internet service,No internet service,Two year,No,Credit card (automatic),20.65,1218.45,No
925,1840-BIUOG,Male,0,No,No,20,Yes,Yes,DSL,No,Yes,No,Yes,Yes,No,One year,Yes,Electronic check,68.7,1416.2,No
926,1356-MKYSK,Male,0,No,No,6,Yes,No,DSL,Yes,No,Yes,Yes,Yes,Yes,Month-to-month,No,Credit card (automatic),78.65,483.3,No
927,6080-LNESI,Male,0,No,No,51,Yes,Yes,No,No internet service,No internet service,No internet service,No internet service,No internet service,No internet service,Two year,No,Mailed check,24.75,1234.6,No
928,1830-IPXVJ,Female,0,Yes,Yes,61,Yes,No,No,No internet service,No internet service,No internet service,No internet service,No internet service,No internet service,Two year,No,Credit card (automatic),19.75,1311.6,No
929,5828-DWPIL,Male,1,Yes,No,62,Yes,Yes,Fiber optic,Yes,,Yes,No,No,No,Month-to-month,Yes,Electronic check,89.1,5618.3,No
930,8398-TBIYD,Female,0,No,No,72,Yes,Yes,Fiber optic,Yes,No,No,Yes,No,No,Two year,Yes,Bank transfer (automatic),84.7,6185.15,No
931,0011-IGKFF,Male,1,Yes,No,13,Yes,No,Fiber optic,No,Yes,Yes,No,Yes,Yes,Month-to-month,Yes,Electronic check,98,1237.85,Yes
932,4192-GORJT,Male,0,Yes,No,5,Yes,No,Fiber optic,No,No,Yes,No,Yes,Yes,Month-to-month,Yes,Electronic check,94.45,498.1,Yes
933,6496-SLWHQ,Male,1,No,No,3,Yes,Yes,Fiber optic,No,Yes,Yes,No,Yes,Yes,Month-to-month,Yes,Electronic check,105,294.45,Yes
934,9912-GVSEQ,Female,1,Yes,No,26,Yes,Yes,Fiber optic,No,Yes,Yes,No,No,Yes,Month-to-month,Yes,Electronic check,93.85,2381.55,Yes
935,2931-FSOHN,Male,1,No,No,13,Yes,No,DSL,No,Yes,No,No,Yes,No,Month-to-month,Yes,Electronic check,59.9,788.35,No
936,9418-RUKPH,Female,0,Yes,Yes,38,Yes,No,No,No internet service,No internet service,No internet service,No internet service,No internet service,No internet service,Two year,Yes,Mailed check,19.95,756.4,No
937,5383-MMTWC,Female,1,Yes,No,8,Yes,Yes,Fiber optic,No,No,No,No,No,Yes,Month-to-month,Yes,Electronic check,84,613.4,Yes
938,9971-ZWPBF,Male,1,Yes,Yes,34,Yes,Yes,Fiber optic,No,Yes,Yes,Yes,Yes,Yes,Month-to-month,Yes,Electronic check,108.9,3625.2,No
939,4712-AUQZO,Male,0,No,No,18,No,No phone service,DSL,Yes,No,Yes,No,No,No,Month-to-month,No,Mailed check,33.6,550.35,No
940,9711-FJTBX,Male,0,Yes,Yes,56,Yes,No,Fiber optic,No,Yes,Yes,Yes,No,No,One year,Yes,Mailed check,85.85,4793.8,No
941,2908-ZTPNF,Female,0,No,No,36,No,No phone service,DSL,No,Yes,No,Yes,No,No,Month-to-month,Yes,Bank transfer (automatic),34.85,1267.2,No
942,7240-ETPTR,Female,0,Yes,No,9,No,No phone service,DSL,No,No,Yes,No,Yes,Yes,Month-to-month,Yes,Electronic check,48.75,442.2,Yes
943,2202-CUYXZ,Male,0,No,No,1,Yes,No,Fiber optic,No,No,Yes,No,Yes,No,Month-to-month,Yes,Electronic check,84.85,84.85,Yes
944,5995-OIGLP,Male,0,No,No,12,Yes,No,DSL,Yes,No,No,Yes,No,No,Month-to-month,No,Mailed check,56.65,654.85,Yes
945,8421-WZOOW,Female,1,Yes,Yes,57,Yes,No,Fiber optic,No,Yes,Yes,Yes,Yes,No,Month-to-month,Yes,Credit card (automatic),95.3,5567.45,No
946,6261-RCVNS,Female,0,No,No,42,Yes,No,DSL,Yes,Yes,Yes,Yes,No,Yes,One year,No,Credit card (automatic),73.9,3160.55,Yes
947,7951-QKZPL,Female,0,Yes,Yes,33,Yes,Yes,No,No internet service,No internet service,No internet service,No internet service,No internet service,No internet service,Two year,Yes,Mailed check,24.5,740.3,Yes
948,1414-YADCW,Male,0,Yes,No,70,Yes,No,Fiber optic,Yes,Yes,No,Yes,No,No,Two year,No,Bank transfer (automatic),84.6,5706.2,No
949,8756-RDDLT,Female,0,No,No,68,No,No phone service,DSL,No,Yes,No,Yes,No,Yes,Month-to-month,No,Electronic check,44.95,3085.35,No
950,2862-PFNIK,Male,0,No,Yes,1,No,No phone service,DSL,No,No,No,No,No,No,Month-to-month,Yes,Electronic check,24.7,24.7,No
951,5816-QVHRX,Female,0,No,No,37,Yes,Yes,Fiber optic,No,No,No,Yes,Yes,Yes,Month-to-month,No,Credit card (automatic),100.3,3541.4,No
952,4430-YHXGG,Female,0,No,Yes,4,Yes,Yes,No,No internet service,No internet service,No internet service,No internet service,No internet service,No internet service,Month-to-month,Yes,Mailed check,25.45,84.2,No
953,6888-SBYAI,Male,0,No,No,1,Yes,No,DSL,Yes,No,No,No,No,No,Month-to-month,Yes,Mailed check,50.7,50.7,No
954,7395-XWZOY,Male,0,No,No,20,No,No phone service,DSL,Yes,Yes,Yes,Yes,Yes,No,Month-to-month,Yes,Credit card (automatic),55,1165.55,No
955,7169-YWAMK,Male,0,Yes,Yes,72,Yes,No,DSL,Yes,Yes,No,Yes,Yes,No,Two year,No,Bank transfer (automatic),68.4,4855.35,No
956,3640-PHQXK,Female,0,No,No,31,Yes,Yes,Fiber optic,No,No,Yes,No,No,Yes,Month-to-month,Yes,Electronic check,89.9,2806.9,Yes
957,6877-LGWXO,Male,1,Yes,No,18,Yes,No,Fiber optic,No,No,No,No,No,Yes,Month-to-month,No,Electronic check,78.55,1422.65,Yes
958,6859-RKMZJ,Male,0,Yes,No,11,Yes,No,DSL,No,No,No,No,Yes,No,Month-to-month,Yes,Bank transfer (automatic),55.05,608.15,No
959,2729-VNVAP,Female,0,Yes,Yes,33,Yes,No,No,No internet service,No internet service,No internet service,No internet service,No internet service,No internet service,Two year,No,Credit card (automatic),19.8,641.35,No
960,2957-JIRMN,Female,1,No,No,62,Yes,Yes,Fiber optic,No,No,No,No,Yes,No,One year,No,Electronic check,84.45,4959.15,No
961,2049-BAFNW,Female,0,No,No,1,No,No phone service,DSL,No,No,Yes,Yes,No,No,Month-to-month,No,Mailed check,35.9,35.9,No
962,3842-QTGDL,Male,0,Yes,No,16,Yes,No,Fiber optic,Yes,Yes,No,No,No,No,Month-to-month,No,Bank transfer (automatic),80.75,1321.3,No
963,7163-OCEQI,Male,0,Yes,Yes,22,Yes,Yes,DSL,No,No,Yes,Yes,Yes,Yes,One year,Yes,Mailed check,78.65,1663.75,No
964,9782-LGXMC,Female,0,Yes,Yes,49,Yes,No,DSL,Yes,No,Yes,Yes,No,No,Month-to-month,No,Bank transfer (automatic),61.75,3024.15,No
965,5975-BAICR,Male,0,Yes,Yes,36,Yes,No,DSL,Yes,No,Yes,No,No,Yes,One year,Yes,Credit card (automatic),63.7,2188.5,No
966,8019-ENHXU,Male,0,Yes,No,42,Yes,Yes,Fiber optic,No,Yes,Yes,Yes,No,Yes,Month-to-month,Yes,Electronic check,99.45,4138.05,Yes
967,5167-GBFRE,Male,1,No,No,4,No,No phone service,DSL,No,No,No,No,No,No,Month-to-month,Yes,Bank transfer (automatic),25.2,102.5,Yes
968,9033-EOXWV,Female,0,No,No,12,Yes,Yes,DSL,No,No,No,Yes,Yes,Yes,One year,No,Mailed check,74.05,872.65,Yes
969,4673-KKSLS,Female,0,No,No,31,Yes,No,Fiber optic,Yes,No,Yes,Yes,No,No,Month-to-month,No,Electronic check,87.6,2724.25,No
970,4853-OITSN,Male,0,Yes,No,5,Yes,Yes,Fiber optic,Yes,No,No,No,No,Yes,Month-to-month,Yes,Electronic check,89.15,413.25,No
971,9800-OUIGR,Male,0,Yes,Yes,66,Yes,No,No,No internet service,No internet service,No internet service,No internet service,No internet service,No internet service,Two year,No,Credit card (automatic),20,1374.2,No
972,1324-NLTJE,Female,1,No,No,15,Yes,Yes,DSL,No,No,No,Yes,No,No,Month-to-month,No,Credit card (automatic),55,757.1,Yes
973,2324-EFHVG,Male,0,No,No,64,Yes,Yes,Fiber optic,No,Yes,Yes,No,Yes,Yes,Two year,Yes,Bank transfer (automatic),104.4,6692.65,No
974,7094-MSZAO,Male,0,Yes,Yes,10,Yes,No,No,No internet service,No internet service,No internet service,No internet service,No internet service,No internet service,Month-to-month,Yes,Credit card (automatic),20.05,218.5,No
975,1522-VVDMG,Male,0,Yes,Yes,7,Yes,No,Fiber optic,No,Yes,No,Yes,Yes,No,Month-to-month,Yes,Electronic check,89.75,608.8,Yes
976,6907-CQGPN,Male,0,No,No,29,No,No phone service,DSL,No,Yes,No,Yes,No,No,Month-to-month,No,Electronic check,34.3,1004.75,No
977,0780-XNZFN,Male,0,No,No,57,Yes,No,No,No internet service,No internet service,No internet service,No internet service,No internet service,No internet service,Two year,No,Bank transfer (automatic),20.65,1125.6,No
978,0239-OXEXL,Female,0,No,No,46,Yes,Yes,Fiber optic,Yes,Yes,No,No,No,No,Month-to-month,No,Mailed check,84.25,3847.6,No
979,2675-IJRGJ,Male,0,No,No,53,Yes,No,No,No internet service,No internet service,No internet service,No internet service,No internet service,No internet service,Two year,No,Bank transfer (automatic),19.65,978,No
980,7049-GKVZY,Female,0,No,No,17,Yes,No,DSL,Yes,Yes,No,Yes,Yes,Yes,One year,No,Credit card (automatic),79.85,1387.35,No
981,8577-QSOCG,Female,0,Yes,Yes,38,Yes,No,No,No internet service,No internet service,No internet service,No internet service,No internet service,No internet service,Two year,Yes,Mailed check,20.2,746.05,No
982,3721-CNZHX,Male,0,No,No,15,Yes,No,No,No internet service,No internet service,No internet service,No internet service,No internet service,No internet service,One year,No,Mailed check,19.8,304.6,No
983,0212-ISBBF,Female,0,No,No,22,No,No phone service,DSL,No,Yes,No,No,Yes,Yes,Month-to-month,Yes,Electronic check,50.35,1098.85,No
984,9185-TQCVP,Male,0,Yes,No,14,Yes,Yes,Fiber optic,No,No,No,No,No,Yes,Month-to-month,Yes,Electronic check,85.15,1139.2,Yes
985,3585-YNADK,Female,0,Yes,No,57,Yes,Yes,DSL,No,Yes,Yes,Yes,Yes,No,One year,No,Bank transfer (automatic),74.6,4368.95,No
986,5271-DBYSJ,Male,1,No,No,11,Yes,No,Fiber optic,No,No,No,No,No,Yes,Month-to-month,Yes,Credit card (automatic),79.15,827.7,No
987,1099-GODLO,Female,0,Yes,Yes,1,Yes,No,No,No internet service,No internet service,No internet service,No internet service,No internet service,No internet service,Two year,No,Mailed check,20.35,20.35,No
988,6828-HMKWP,Male,0,Yes,Yes,12,Yes,No,No,No internet service,No internet service,No internet service,No internet service,No internet service,No internet service,Two year,No,Bank transfer (automatic),21.05,262.05,No
989,5567-WSELE,Male,1,Yes,No,3,Yes,Yes,Fiber optic,No,No,No,No,Yes,Yes,Month-to-month,Yes,Electronic check,94.6,279.55,Yes
990,1472-TNCWL,Male,0,No,Yes,36,Yes,No,Fiber optic,No,Yes,No,No,Yes,Yes,Month-to-month,Yes,Electronic check,94.7,3512.5,No
991,8063-RJYNF,Male,0,No,No,16,Yes,No,Fiber optic,Yes,No,No,No,Yes,Yes,Month-to-month,Yes,Electronic check,94.25,1483.25,Yes
992,0687-ZVTHB,Male,0,Yes,Yes,65,Yes,Yes,DSL,Yes,Yes,Yes,No,No,Yes,One year,No,Credit card (automatic),72.45,4653.85,Yes
993,2080-GKCWQ,Male,0,No,No,2,Yes,No,Fiber optic,No,Yes,No,No,No,No,Month-to-month,No,Electronic check,74.95,151.75,No
994,9661-ACXBS,Female,0,No,No,42,Yes,Yes,Fiber optic,Yes,No,Yes,No,Yes,Yes,Month-to-month,Yes,Electronic check,105.2,4400.75,Yes
995,2193-SFWQW,Male,0,Yes,Yes,72,Yes,No,Fiber optic,Yes,Yes,Yes,Yes,Yes,Yes,Two year,No,Bank transfer (automatic),111.95,8033.1,No
996,5656-JAMLX,Male,0,No,No,62,Yes,No,No,No internet service,No internet service,No internet service,No internet service,No internet service,No internet service,Two year,No,Bank transfer (automatic),19.85,1253.65,No
997,3462-BJQQA,Female,0,No,No,6,Yes,Yes,Fiber optic,No,Yes,No,No,Yes,No,Month-to-month,Yes,Electronic check,89.75,552.65,No
998,0442-TDYUO,Male,0,Yes,No,48,Yes,No,No,No internet service,No internet service,No internet service,No internet service,No internet service,No internet service,Two year,Yes,Mailed check,20.05,1036,No
999,6733-LRIZX,Male,0,No,No,35,Yes,Yes,Fiber optic,Yes,No,Yes,Yes,Yes,Yes,Two year,Yes,Electronic check,108.95,4025.5,No
1000,9503-XJUME,Male,0,No,Yes,52,Yes,No,No,No internet service,No internet service,No internet service,No internet service,No internet service,No internet service,One year,No,Credit card (automatic),19.65,928.4,No
1001,4367-NHWMM,Female,0,No,No,1,No,No phone service,DSL,No,No,No,No,No,No,Month-to-month,Yes,Mailed check,24.9,24.9,No
1002,3727-RJMEO,Male,0,Yes,No,6,Yes,Yes,Fiber optic,No,No,No,No,Yes,No,Month-to-month,Yes,Electronic check,82.85,460.25,Yes
1003,3779-OSWCF,Female,0,Yes,No,71,Yes,Yes,DSL,Yes,Yes,Yes,Yes,Yes,Yes,Two year,No,Credit card (automatic),93.2,6506.15,No
1004,6736-DHUQI,Female,0,Yes,Yes,67,Yes,No,Fiber optic,Yes,Yes,Yes,No,No,No,One year,No,Bank transfer (automatic),84.8,5598.3,No
1005,3915-ODIYG,Male,1,No,No,60,Yes,Yes,DSL,Yes,Yes,No,No,No,Yes,One year,Yes,Electronic check,71.75,4374.55,No
1006,1360-RCYRT,Male,0,Yes,Yes,23,No,No phone service,DSL,No,No,No,Yes,No,No,Month-to-month,Yes,Bank transfer (automatic),30.35,678.75,No
1007,2724-FJDYW,Male,0,No,Yes,39,No,No phone service,DSL,No,No,Yes,Yes,Yes,Yes,One year,No,Bank transfer (automatic),54.85,2191.7,No
1008,4451-RWASJ,Male,0,Yes,Yes,15,Yes,No,No,No internet service,No internet service,No internet service,No internet service,No internet service,No internet service,One year,Yes,Mailed check,19.5,239.75,No
1009,6646-VRFOL,Male,1,Yes,No,53,Yes,Yes,Fiber optic,No,Yes,Yes,No,Yes,Yes,Month-to-month,Yes,Electronic check,103.85,5485.5,Yes
1010,3460-TJBWI,Male,0,Yes,Yes,24,Yes,Yes,No,No internet service,No internet service,No internet service,No internet service,No internet service,No internet service,Two year,No,Mailed check,24.2,609.05,No
1011,5917-HBSDW,Female,0,Yes,Yes,37,Yes,No,No,No internet service,No internet service,No internet service,No internet service,No internet service,No internet service,Month-to-month,No,Electronic check,19.35,683.75,No
1012,5685-IIXLY,Female,0,Yes,Yes,5,Yes,No,Fiber optic,No,Yes,No,No,No,Yes,Month-to-month,Yes,Electronic check,83.6,404.2,Yes
1013,5671-UUNXD,Female,1,Yes,No,50,Yes,Yes,Fiber optic,No,No,No,Yes,Yes,Yes,One year,Yes,Electronic check,100.65,5189.75,No
1014,0956-ACVZC,Female,0,No,No,54,Yes,No,Fiber optic,No,No,Yes,No,Yes,Yes,One year,Yes,Credit card (automatic),94.1,5060.9,No
1015,2325-NBPZG,Female,0,No,No,3,Yes,No,Fiber optic,Yes,No,No,No,No,No,Month-to-month,Yes,Electronic check,74.55,233.65,No
1016,4250-ZBWLV,Male,0,No,No,68,Yes,Yes,Fiber optic,No,Yes,Yes,Yes,Yes,Yes,One year,No,Electronic check,108.45,7176.55,Yes
1017,4482-FTFFX,Male,0,No,No,5,Yes,No,DSL,No,No,Yes,Yes,No,No,Month-to-month,No,Electronic check,56.15,291.45,No
1018,8859-DZTGQ,Male,0,No,No,33,Yes,No,No,No internet service,No internet service,No internet service,No internet service,No internet service,No internet service,Two year,No,Mailed check,20.35,689.75,No
1019,0440-MOGPM,Female,0,No,No,41,Yes,Yes,DSL,No,Yes,Yes,No,Yes,Yes,One year,Yes,Electronic check,80.55,3263.9,No
1020,0020-JDNXP,Female,0,Yes,Yes,34,No,No phone service,DSL,Yes,No,Yes,Yes,Yes,Yes,One year,No,Mailed check,61.25,1993.2,No
1021,3752-CQSJI,Female,0,Yes,Yes,13,Yes,No,No,No internet service,No internet service,No internet service,No internet service,No internet service,No internet service,Month-to-month,Yes,Mailed check,20.45,254.5,No
1022,5025-GOOKI,Female,0,No,No,20,Yes,No,No,No internet service,No internet service,No internet service,No internet service,No internet service,No internet service,Month-to-month,Yes,Credit card (automatic),18.9,347.65,No
1023,4698-KVLLG,Female,1,No,No,51,Yes,No,No,No internet service,No internet service,No internet service,No internet service,No internet service,No internet service,Two year,No,Credit card (automatic),19.6,967.9,No
1024,5095-AESKG,Female,0,Yes,No,3,Yes,Yes,Fiber optic,No,Yes,No,No,No,Yes,Month-to-month,Yes,Credit card (automatic),91.5,242.95,Yes
1025,2887-JPYLU,Female,0,No,Yes,41,Yes,No,DSL,No,No,No,No,No,No,Month-to-month,No,Bank transfer (automatic),45.2,1841.9,No
1026,4770-QAZXN,Female,0,No,No,13,Yes,No,No,No internet service,No internet service,No internet service,No internet service,No internet service,No internet service,Month-to-month,No,Credit card (automatic),19.45,232.1,No
1027,4896-CPRPF,Male,0,Yes,Yes,35,Yes,Yes,No,No internet service,No internet service,No internet service,No internet service,No internet service,No internet service,Two year,No,Bank transfer (automatic),25.45,809.25,No
1028,1871-MOWRM,Male,0,Yes,No,12,Yes,No,Fiber optic,Yes,No,No,Yes,No,No,Month-to-month,No,Bank transfer (automatic),80.85,866.45,Yes
1029,9714-EDSUC,Male,0,No,No,4,Yes,No,Fiber optic,Yes,Yes,No,Yes,No,Yes,Month-to-month,Yes,Mailed check,94.9,360.55,No
1030,2027-OAQQC,Female,0,No,No,43,No,No phone service,DSL,No,No,Yes,No,Yes,Yes,Month-to-month,Yes,Bank transfer (automatic),49.05,2076.2,Yes
1031,0282-NVSJS,Female,1,Yes,Yes,12,No,No phone service,DSL,No,No,No,Yes,No,No,Month-to-month,Yes,Mailed check,29.3,355.9,No
1032,9090-SGQXL,Male,1,Yes,No,68,Yes,Yes,Fiber optic,No,Yes,Yes,No,Yes,Yes,Month-to-month,Yes,Electronic check,105.3,7299.65,Yes
1033,6595-YGXIT,Male,1,No,No,25,Yes,Yes,Fiber optic,No,Yes,No,No,Yes,No,Month-to-month,Yes,Electronic check,88.95,2291.2,Yes
1034,7353-YOWFP,Female,0,No,No,7,Yes,No,No,No internet service,No internet service,No internet service,No internet service,No internet service,No internet service,One year,No,Mailed check,20.25,129.15,No
1035,9835-ZIITK,Male,1,Yes,No,66,Yes,Yes,Fiber optic,No,Yes,Yes,Yes,Yes,Yes,One year,Yes,Electronic check,110.85,7491.75,Yes
1036,8008-ESFLK,Female,0,Yes,No,53,Yes,No,Fiber optic,Yes,Yes,Yes,Yes,Yes,Yes,One year,No,Electronic check,110.5,5835.5,No
1037,7537-CBQUZ,Male,1,No,No,63,Yes,Yes,Fiber optic,Yes,Yes,Yes,No,Yes,Yes,Month-to-month,Yes,Bank transfer (automatic),109.4,7031.45,No
1038,1555-DJEQW,Female,0,Yes,Yes,70,Yes,Yes,Fiber optic,Yes,Yes,Yes,Yes,Yes,Yes,Two year,Yes,Bank transfer (automatic),114.2,7723.9,Yes
1039,5649-TJHOV,Male,1,Yes,No,27,No,No phone service,DSL,No,No,No,No,No,Yes,Month-to-month,No,Bank transfer (automatic),36.5,1032,Yes
1040,0519-XUZJU,Female,0,No,No,1,Yes,No,Fiber optic,No,No,No,No,No,No,Month-to-month,No,Mailed check,70.75,70.75,Yes
1041,3363-EWLGO,Female,0,No,No,5,Yes,No,No,No internet service,No internet service,No internet service,No internet service,No internet service,No internet service,Month-to-month,No,Mailed check,19.95,109.6,No
1042,4750-UKWJK,Female,1,Yes,No,37,Yes,No,No,No internet service,No internet service,No internet service,No internet service,No internet service,No internet service,One year,No,Mailed check,19.6,727.8,No
1043,6338-AVWCY,Male,0,No,No,3,No,No phone service,DSL,No,No,Yes,No,Yes,No,Month-to-month,Yes,Mailed check,40.15,130.75,Yes
1044,1689-YQBYY,Female,0,No,Yes,12,Yes,Yes,Fiber optic,No,No,No,No,No,No,Month-to-month,Yes,Electronic check,76.6,893,No
1045,4487-ZYJZK,Female,0,Yes,Yes,38,Yes,No,No,No internet service,No internet service,No internet service,No internet service,No internet service,No internet service,One year,No,Credit card (automatic),19.6,763.1,No
1046,2959-FENLU,Female,0,No,No,9,Yes,No,Fiber optic,No,No,Yes,No,No,Yes,Month-to-month,Yes,Credit card (automatic),85.3,781.4,No
1047,0708-LGSMF,Male,0,Yes,No,13,Yes,Yes,DSL,Yes,No,No,No,No,Yes,Month-to-month,Yes,Electronic check,65.85,902.25,No
1048,9253-QXKBE,Male,1,Yes,No,29,Yes,Yes,Fiber optic,No,No,No,No,Yes,Yes,Month-to-month,Yes,Electronic check,94.45,2653.65,Yes
1049,7634-HLQJR,Female,0,Yes,Yes,47,Yes,No,No,No internet service,No internet service,No internet service,No internet service,No internet service,No internet service,Two year,No,Credit card (automatic),20.05,1016.7,No
1050,0487-RPVUM,Male,0,Yes,No,61,Yes,Yes,Fiber optic,Yes,No,Yes,Yes,Yes,No,Month-to-month,No,Bank transfer (automatic),99.4,5943.65,No
1051,4079-ULGFR,Male,0,No,No,16,Yes,No,No,No internet service,No internet service,No internet service,No internet service,No internet service,No internet service,Month-to-month,No,Mailed check,20,275.7,No
1052,2516-XSJKX,Female,0,Yes,Yes,41,Yes,No,DSL,Yes,Yes,No,Yes,Yes,Yes,Two year,No,Electronic check,78.45,3126.45,No
1053,0057-QBUQH,Female,0,No,Yes,43,Yes,Yes,No,No internet service,No internet service,No internet service,No internet service,No internet service,No internet service,Two year,Yes,Electronic check,25.1,1070.15,No
1054,9445-SZLCH,Female,0,Yes,Yes,36,Yes,Yes,Fiber optic,No,Yes,Yes,No,Yes,No,Month-to-month,Yes,Bank transfer (automatic),97.35,3457.9,Yes
1055,6599-SFQVE,Female,0,No,No,6,Yes,No,DSL,No,No,No,No,No,Yes,Month-to-month,Yes,Electronic check,55,340.4,No
1056,8331-ZXFOE,Female,0,No,No,58,Yes,Yes,DSL,Yes,Yes,Yes,Yes,No,No,One year,Yes,Credit card (automatic),71.1,4299.2,No
1057,4003-FUSHP,Male,0,No,No,19,Yes,No,DSL,No,No,No,Yes,Yes,No,Month-to-month,Yes,Credit card (automatic),61.55,1093.2,No
1058,0356-ERHVT,Male,0,Yes,No,11,Yes,No,DSL,No,No,No,No,No,No,Month-to-month,Yes,Bank transfer (automatic),45.9,521.9,No
1059,7325-ENZFI,Female,0,No,No,39,No,No phone service,DSL,Yes,Yes,No,Yes,No,No,One year,Yes,Bank transfer (automatic),40.3,1630.4,No
1060,4884-ZTHVF,Female,1,No,No,8,Yes,No,Fiber optic,No,Yes,No,No,Yes,No,Month-to-month,Yes,Electronic check,87.1,713.6,No
1061,3920-HIHMQ,Female,0,No,Yes,26,Yes,Yes,DSL,No,No,No,No,No,No,Month-to-month,Yes,Mailed check,49.5,1265.65,No
1062,3055-OYMSE,Female,1,No,No,53,Yes,No,Fiber optic,No,Yes,No,No,No,No,Month-to-month,Yes,Credit card (automatic),73.8,4003.85,No
1063,0613-WUXUM,Female,0,Yes,Yes,70,Yes,No,No,No internet service,No internet service,No internet service,No internet service,No internet service,No internet service,Two year,Yes,Mailed check,19.2,1401.4,No
1064,7568-PODML,Male,0,No,No,1,No,No phone service,DSL,No,No,No,No,Yes,Yes,Month-to-month,Yes,Mailed check,45.3,45.3,Yes
1065,4458-KVRBJ,Male,0,No,No,59,Yes,Yes,No,No internet service,No internet service,No internet service,No internet service,No internet service,No internet service,Two year,No,Mailed check,25,1510.5,No
1066,5349-IECLD,Male,0,No,No,2,Yes,No,Fiber optic,No,No,Yes,No,Yes,Yes,Month-to-month,No,Electronic check,94.95,178.1,Yes
1067,1397-XKKWR,Male,0,No,No,7,No,No phone service,DSL,Yes,No,Yes,No,No,No,One year,No,Mailed check,35.3,264.8,No
1068,3945-GFWQL,Female,0,No,Yes,12,Yes,No,DSL,No,No,No,No,No,No,Month-to-month,Yes,Electronic check,44.55,480.6,Yes
1069,8097-OMULG,Male,0,Yes,Yes,59,Yes,No,DSL,No,Yes,Yes,Yes,Yes,Yes,One year,No,Credit card (automatic),76.75,4541.9,No
1070,6013-BHCAW,Male,0,Yes,Yes,61,Yes,Yes,DSL,No,,Yes,Yes,Yes,Yes,Two year,Yes,Bank transfer (automatic),81,4976.15,No
1071,0401-WDBXM,Male,0,Yes,Yes,72,Yes,Yes,Fiber optic,Yes,No,Yes,No,Yes,Yes,Two year,Yes,Bank transfer (automatic),105.55,7542.25,No
1072,3387-PLKUI,Female,0,Yes,Yes,13,Yes,No,No,No internet service,No internet service,No internet service,No internet service,No internet service,No internet service,Month-to-month,No,Mailed check,18.8,251.25,No
1073,6096-EGVTU,Female,0,Yes,Yes,64,Yes,Yes,No,No internet service,No internet service,No internet service,No internet service,No internet service,No internet service,One year,No,Mailed check,24.9,1595.5,No
1074,3797-VTIDR,Male,0,Yes,No,1,No,No phone service,DSL,No,No,No,No,No,No,Month-to-month,Yes,Electronic check,23.45,23.45,Yes
1075,5081-NWSUP,Female,0,No,No,10,Yes,No,DSL,No,Yes,No,Yes,No,Yes,One year,No,Mailed check,64.9,685.55,No
1076,2580-ATZSQ,Female,0,Yes,Yes,65,Yes,No,DSL,Yes,Yes,Yes,No,No,No,One year,No,Bank transfer (automatic),61.35,3874.1,No
1077,8085-MSNLK,Female,0,Yes,No,62,Yes,Yes,Fiber optic,Yes,Yes,Yes,Yes,Yes,Yes,Two year,No,Mailed check,113.95,6891.4,No
1078,9691-HKOVS,Female,0,Yes,No,55,Yes,Yes,DSL,Yes,Yes,Yes,Yes,Yes,Yes,One year,Yes,Electronic check,90.15,4916.95,No
1079,9881-VCZEP,Female,0,Yes,No,25,Yes,Yes,DSL,No,Yes,No,No,No,No,Month-to-month,No,Electronic check,54.1,1373,No
1080,9526-BIHHD,Male,0,No,No,1,No,No phone service,DSL,Yes,No,No,No,No,No,Month-to-month,No,Mailed check,29.7,29.7,Yes
1081,8757-TFHHJ,Male,0,No,No,1,Yes,No,DSL,Yes,No,No,No,No,No,Month-to-month,Yes,Credit card (automatic),49.8,49.8,No
1082,4523-WXCEF,Female,0,Yes,No,59,Yes,Yes,Fiber optic,No,Yes,No,No,Yes,Yes,Month-to-month,No,Electronic check,101.1,6039.9,Yes
1083,1468-DEFNC,Male,1,Yes,Yes,64,Yes,Yes,No,No internet service,No internet service,No internet service,No internet service,No internet service,No internet service,Two year,Yes,Bank transfer (automatic),24.4,1548.65,No
1084,5119-KEPFY,Male,0,Yes,No,36,Yes,Yes,Fiber optic,No,No,No,No,Yes,Yes,Month-to-month,Yes,Bank transfer (automatic),95,3440.25,No
1085,8364-TRMMK,Female,0,No,No,3,Yes,Yes,DSL,No,No,No,No,No,No,Month-to-month,Yes,Mailed check,50.65,151.3,Yes
1086,0916-KNFAJ,Male,0,Yes,No,61,Yes,Yes,DSL,Yes,No,Yes,No,No,Yes,Two year,Yes,Mailed check,69.9,4226.7,No
1087,8319-QBEHW,Male,0,No,Yes,26,No,No phone service,DSL,No,Yes,No,No,Yes,No,One year,Yes,Bank transfer (automatic),39.95,1023.75,No
1088,3063-QFSZL,Female,0,No,No,1,Yes,No,DSL,No,No,No,No,No,Yes,Month-to-month,Yes,Electronic check,55.4,55.4,Yes
1089,8775-LHDJH,Female,1,Yes,No,1,Yes,Yes,Fiber optic,No,Yes,No,No,Yes,No,Month-to-month,Yes,Electronic check,90.6,90.6,Yes
1090,9625-QNLUX,Male,0,Yes,Yes,68,Yes,No,Fiber optic,Yes,Yes,Yes,No,Yes,Yes,Two year,Yes,Credit card (automatic),103.25,7074.4,No
1091,3097-NQYSN,Male,1,Yes,No,2,Yes,Yes,Fiber optic,No,No,No,No,Yes,No,Month-to-month,Yes,Mailed check,86.85,156.35,Yes
1092,4024-CSNBY,Female,0,Yes,No,72,Yes,Yes,Fiber optic,Yes,Yes,Yes,Yes,No,No,Two year,Yes,Bank transfer (automatic),94.25,6849.75,No
1093,7110-BDTWG,Female,0,Yes,No,71,No,No phone service,DSL,No,No,Yes,Yes,No,Yes,Two year,Yes,Electronic check,47.05,3263.6,No
1094,7493-GVFIO,Male,0,No,No,57,Yes,No,No,No internet service,No internet service,No internet service,No internet service,No internet service,No internet service,Two year,No,Credit card (automatic),20.55,1252.85,No
1095,0690-SRQID,Male,0,No,No,4,Yes,No,No,No internet service,No internet service,No internet service,No internet service,No internet service,No internet service,Month-to-month,Yes,Mailed check,19.65,67.55,No
1096,9605-WGJVW,Female,1,No,No,1,Yes,No,Fiber optic,No,No,No,No,No,No,Month-to-month,Yes,Electronic check,70.2,70.2,No
1097,9114-DPSIA,Male,0,Yes,Yes,72,Yes,Yes,DSL,Yes,Yes,Yes,Yes,No,Yes,Two year,No,Credit card (automatic),81,5750,No
1098,4700-UBQMV,Male,0,Yes,Yes,21,Yes,Yes,DSL,Yes,No,No,No,Yes,Yes,One year,Yes,Bank transfer (automatic),75.9,1549.75,No
1099,7711-GQBZC,Female,0,Yes,Yes,71,Yes,Yes,No,No internet service,No internet service,No internet service,No internet service,No internet service,No internet service,Two year,No,Bank transfer (automatic),24.7,1810.55,No
1100,3565-UNOCC,Female,1,Yes,No,29,Yes,Yes,Fiber optic,No,No,Yes,No,Yes,Yes,Month-to-month,Yes,Bank transfer (automatic),99.05,2952.85,Yes
1101,4627-MIHJH,Female,1,No,No,69,Yes,Yes,Fiber optic,Yes,No,Yes,Yes,Yes,Yes,Two year,No,Credit card (automatic),110.25,7467.55,No
1102,9795-NREXC,Female,0,Yes,No,64,Yes,Yes,DSL,Yes,No,Yes,Yes,Yes,Yes,Two year,Yes,Credit card (automatic),85,5484.4,No
1103,8573-CGOCC,Male,0,No,No,16,Yes,No,No,No internet service,No internet service,No internet service,No internet service,No internet service,No internet service,Month-to-month,No,Credit card (automatic),19.75,294.9,No
1104,7356-AYNJP,Female,0,No,No,4,Yes,Yes,No,No internet service,No internet service,No internet service,No internet service,No internet service,No internet service,One year,No,Electronic check,23.9,97.5,No
1105,9249-FXSCK,Female,0,No,No,52,Yes,Yes,Fiber optic,Yes,Yes,No,Yes,Yes,Yes,One year,Yes,Credit card (automatic),111.25,5916.45,Yes
1106,5493-SDRDQ,Male,0,No,No,2,Yes,No,DSL,Yes,No,Yes,No,No,No,Month-to-month,Yes,Mailed check,55.1,113.35,Yes
1107,6286-SUUWT,Male,0,No,No,1,Yes,No,No,No internet service,No internet service,No internet service,No internet service,No internet service,No internet service,Month-to-month,No,Mailed check,19.95,19.95,No
1108,4819-HJPIW,Male,0,No,No,18,No,No phone service,DSL,No,No,No,No,No,No,Month-to-month,No,Mailed check,25.15,476.8,No
1109,8654-DHAOW,Female,0,No,No,2,Yes,Yes,DSL,No,Yes,No,No,No,No,Month-to-month,No,Mailed check,54.15,101.65,No
1110,5438-QMDDL,Female,0,Yes,No,19,Yes,No,DSL,No,Yes,No,No,No,Yes,Month-to-month,Yes,Mailed check,59.8,1130.85,No
1111,9812-GHVRI,Female,0,No,No,40,Yes,Yes,Fiber optic,No,No,No,No,No,Yes,Month-to-month,No,Bank transfer (automatic),83.85,3532.25,No
1112,5553-AOINX,Female,1,Yes,Yes,66,Yes,Yes,Fiber optic,No,Yes,Yes,No,Yes,Yes,One year,Yes,Electronic check,104.9,6891.45,No
1113,1228-ZLNBX,Male,0,No,No,21,Yes,Yes,Fiber optic,No,No,No,No,No,No,Month-to-month,No,Mailed check,75.3,1570.7,No
1114,4226-KKDON,Male,0,No,No,8,Yes,No,DSL,No,Yes,No,Yes,Yes,No,Month-to-month,Yes,Electronic check,66.65,520.95,No
1115,3831-YCPUO,Female,0,Yes,Yes,72,Yes,No,Fiber optic,Yes,Yes,Yes,Yes,Yes,Yes,Two year,Yes,Credit card (automatic),109.5,7854.9,No
1116,7445-WMRBW,Female,0,No,No,48,Yes,Yes,DSL,No,Yes,Yes,Yes,Yes,No,One year,Yes,Bank transfer (automatic),73.85,3581.4,No
1117,3308-DGHKL,Male,0,No,No,69,Yes,No,No,No internet service,No internet service,No internet service,No internet service,No internet service,No internet service,Two year,Yes,Bank transfer (automatic),19.3,1447.9,No
1118,9924-JPRMC,Male,0,No,No,72,Yes,Yes,Fiber optic,Yes,Yes,Yes,Yes,Yes,Yes,Two year,Yes,Electronic check,118.2,8547.15,No
1119,0080-EMYVY,Female,0,No,No,14,Yes,No,DSL,No,Yes,No,No,No,No,One year,No,Credit card (automatic),51.45,727.85,No
1120,6218-KNUBD,Male,0,No,No,6,Yes,No,DSL,No,Yes,No,No,Yes,No,Month-to-month,No,Electronic check,59.45,357.6,No
1121,7337-CINUD,Female,0,Yes,Yes,8,Yes,No,No,No internet service,No internet service,No internet service,No internet service,No internet service,No internet service,Two year,No,Bank transfer (automatic),19.5,159.35,No
1122,7609-NRNCA,Female,0,No,No,17,Yes,No,No,No internet service,No internet service,No internet service,No internet service,No internet service,No internet service,One year,No,Mailed check,19.55,280.85,No
1123,0623-EJQEG,Male,0,No,No,65,Yes,Yes,Fiber optic,Yes,No,No,Yes,No,Yes,One year,No,Electronic check,93.55,6069.25,No
1124,7153-CHRBV,Female,0,Yes,Yes,57,Yes,No,DSL,Yes,No,Yes,Yes,No,No,One year,Yes,Mailed check,59.3,3274.35,No
1125,0871-URUWO,Male,0,Yes,No,13,Yes,Yes,Fiber optic,No,No,Yes,No,Yes,Yes,Month-to-month,Yes,Credit card (automatic),102.25,1359,Yes
1126,9190-MFJLN,Male,1,No,No,19,Yes,No,Fiber optic,No,No,Yes,No,Yes,Yes,Month-to-month,Yes,Credit card (automatic),95.9,1777.9,Yes
1127,6198-PNNSZ,Female,0,Yes,No,56,Yes,Yes,Fiber optic,Yes,Yes,Yes,No,Yes,Yes,One year,No,Bank transfer (automatic),109.8,6109.65,No
1128,3317-VLGQT,Female,0,Yes,No,14,Yes,No,Fiber optic,No,No,No,No,No,Yes,Month-to-month,Yes,Electronic check,78.1,1122.4,No
1129,4132-POCZS,Male,0,Yes,No,52,No,No phone service,DSL,Yes,No,No,No,No,Yes,Month-to-month,Yes,Electronic check,39.9,2020.9,No
1130,5614-DNZCE,Female,0,No,No,58,Yes,No,DSL,Yes,Yes,Yes,Yes,No,No,Two year,Yes,Credit card (automatic),64.9,3795.45,No
1131,1095-JUDTC,Female,1,No,No,47,Yes,Yes,Fiber optic,No,Yes,No,Yes,Yes,No,Month-to-month,Yes,Electronic check,95.05,4504.55,Yes
1132,3896-RCYYE,Female,0,No,No,67,No,No phone service,DSL,No,No,Yes,Yes,Yes,Yes,Month-to-month,Yes,Credit card (automatic),53.4,3579.15,No
1133,9638-JIQYA,Male,0,No,No,2,No,No phone service,DSL,No,No,No,No,No,No,Month-to-month,Yes,Credit card (automatic),24.9,49.7,No
1134,3258-SANFR,Male,1,No,No,6,Yes,No,DSL,No,No,No,No,No,No,Month-to-month,No,Credit card (automatic),44.7,276.5,No
1135,3726-TBHQT,Male,0,Yes,Yes,71,Yes,Yes,Fiber optic,Yes,Yes,Yes,Yes,Yes,Yes,Two year,Yes,Bank transfer (automatic),114,8175.9,No
1136,3190-ITQXP,Female,0,Yes,Yes,46,Yes,No,No,No internet service,No internet service,No internet service,No internet service,No internet service,No internet service,Two year,No,Bank transfer (automatic),20.25,890.35,No
1137,0870-VEMYL,Female,0,No,No,5,Yes,No,DSL,Yes,No,No,Yes,No,No,Month-to-month,No,Credit card (automatic),53.85,259.8,Yes
1138,4833-QTJNO,Male,1,Yes,No,67,Yes,Yes,Fiber optic,Yes,Yes,No,No,No,No,Month-to-month,No,Bank transfer (automatic),83.85,5588.8,No
1139,3039-MJSLN,Male,0,No,Yes,3,Yes,No,No,No internet service,No internet service,No internet service,No internet service,No internet service,No internet service,Month-to-month,No,Bank transfer (automatic),20.2,50.6,No
1140,0178-CIIKR,Female,0,No,No,3,Yes,No,No,No internet service,No internet service,No internet service,No internet service,No internet service,No internet service,Month-to-month,No,Mailed check,19.95,58,No
1141,5385-SUIRI,Male,1,Yes,No,52,Yes,Yes,Fiber optic,Yes,No,Yes,No,Yes,Yes,Month-to-month,Yes,Electronic check,104.2,5568.35,Yes
1142,3982-XWFZQ,Female,0,Yes,No,42,Yes,Yes,DSL,No,No,No,No,No,No,Month-to-month,Yes,Electronic check,50.25,2203.65,Yes
1143,5774-QPLTF,Male,0,Yes,Yes,50,Yes,No,No,No internet service,No internet service,No internet service,No internet service,No internet service,No internet service,One year,Yes,Mailed check,20.35,938.95,No
1144,2322-VCZHZ,Male,1,Yes,No,23,Yes,No,Fiber optic,Yes,Yes,No,No,No,Yes,Month-to-month,Yes,Electronic check,90,2024.1,No
1145,5010-IPEAQ,Female,0,Yes,Yes,67,No,No phone service,DSL,Yes,Yes,Yes,Yes,Yes,No,Two year,No,Credit card (automatic),54.2,3623.95,No
1146,4009-ALQFH,Female,0,No,No,25,Yes,No,Fiber optic,No,Yes,Yes,No,Yes,Yes,Month-to-month,Yes,Electronic check,99.5,2369.05,Yes
1147,6383-ZTSIW,Female,1,Yes,No,39,Yes,No,Fiber optic,Yes,Yes,No,No,Yes,Yes,One year,No,Mailed check,99.1,3877.95,No
1148,8990-YOZLV,Female,0,No,No,69,Yes,Yes,DSL,Yes,Yes,No,Yes,No,No,Two year,Yes,Mailed check,66.9,4577.9,No
1149,3069-SSVSN,Female,0,No,No,1,No,No phone service,DSL,No,No,No,No,No,No,One year,No,Mailed check,25.85,25.85,No
1150,5222-IMUKT,Male,0,No,No,32,Yes,No,Fiber optic,No,No,No,No,Yes,Yes,Month-to-month,No,Electronic check,91.05,2871.5,No
1151,3627-FCRDW,Female,0,No,No,9,Yes,No,Fiber optic,No,No,No,No,No,No,Month-to-month,No,Electronic check,71,672.55,Yes
1152,7562-GSUHK,Female,0,No,No,16,Yes,No,Fiber optic,No,Yes,Yes,No,No,Yes,Month-to-month,Yes,Credit card (automatic),93.2,1573.7,Yes
1153,6685-XSHHU,Male,0,Yes,Yes,60,Yes,No,No,No internet service,No internet service,No internet service,No internet service,No internet service,No internet service,Two year,Yes,Bank transfer (automatic),20.95,1270.55,No
1154,8901-UPRHR,Female,0,Yes,Yes,72,Yes,Yes,Fiber optic,No,Yes,Yes,Yes,Yes,Yes,Two year,Yes,Bank transfer (automatic),109.2,7711.45,No
1155,4903-UYAVB,Male,0,Yes,No,5,Yes,No,No,No internet service,No internet service,No internet service,No internet service,No internet service,No internet service,Month-to-month,No,Mailed check,19.35,126.05,Yes
1156,0118-JPNOY,Female,1,No,No,26,Yes,No,Fiber optic,Yes,No,No,No,Yes,No,Month-to-month,Yes,Credit card (automatic),85.8,2193.65,No
1157,6776-TLWOI,Male,0,No,No,3,Yes,No,No,No internet service,No internet service,No internet service,No internet service,No internet service,No internet service,Month-to-month,No,Mailed check,19.85,64.55,Yes
1158,3845-FXCYS,Male,0,No,No,2,Yes,No,No,No internet service,No internet service,No internet service,No internet service,No internet service,No internet service,Month-to-month,Yes,Electronic check,19.65,31.2,No
1159,5857-XRECV,Female,0,No,Yes,2,Yes,No,No,No internet service,No internet service,No internet service,No internet service,No internet service,No internet service,One year,No,Bank transfer (automatic),20.5,38.25,No
1160,0725-CXOTM,Female,0,No,No,36,Yes,Yes,DSL,Yes,No,Yes,Yes,Yes,Yes,One year,Yes,Credit card (automatic),89.65,3348.1,No
1161,4343-EJVQB,Male,0,No,No,7,Yes,No,Fiber optic,Yes,No,No,No,No,No,Month-to-month,No,Mailed check,74.35,533.6,No
1162,9000-PLFUZ,Female,1,Yes,No,60,No,No phone service,DSL,No,Yes,No,No,Yes,Yes,Two year,Yes,Credit card (automatic),49.45,2907.55,No
1163,3427-GGZZI,Female,0,Yes,No,19,Yes,Yes,Fiber optic,No,Yes,No,No,No,Yes,Month-to-month,Yes,Electronic check,89.1,1620.8,No
1164,7779-ORAEL,Male,1,Yes,No,45,Yes,Yes,DSL,Yes,No,Yes,Yes,No,Yes,Two year,No,Credit card (automatic),75.15,3480.35,No
1165,0644-OQMDK,Male,1,No,No,4,Yes,No,Fiber optic,No,No,No,No,No,No,Month-to-month,Yes,Electronic check,70.65,293.85,No
1166,4077-CROMM,Female,0,Yes,Yes,31,Yes,Yes,Fiber optic,No,No,Yes,Yes,Yes,Yes,Month-to-month,Yes,Electronic check,104.2,3243.45,Yes
1167,3154-CFSZG,Male,0,Yes,Yes,47,Yes,No,Fiber optic,Yes,No,Yes,No,No,Yes,Month-to-month,No,Electronic check,90.05,4137.2,No
1168,2868-MZAGQ,Male,0,No,No,1,Yes,No,Fiber optic,No,No,No,No,No,Yes,Month-to-month,Yes,Electronic check,79.25,79.25,Yes
1169,4847-QNOKA,Female,0,No,No,1,Yes,No,DSL,No,No,No,No,No,No,Month-to-month,Yes,Bank transfer (automatic),44.9,44.9,Yes
1170,2220-IAHLS,Female,0,No,No,1,Yes,No,No,No internet service,No internet service,No internet service,No internet service,No internet service,No internet service,Month-to-month,No,Credit card (automatic),19.4,19.4,No
1171,1658-XUHBX,Female,1,Yes,Yes,59,Yes,Yes,Fiber optic,No,No,Yes,No,No,Yes,Month-to-month,Yes,Credit card (automatic),88.75,5348.65,No
1172,6379-RXJRQ,Male,0,Yes,No,10,Yes,No,Fiber optic,No,No,No,No,No,No,Month-to-month,Yes,Electronic check,70.1,659.65,Yes
1173,2378-HTWFW,Male,1,No,No,35,Yes,Yes,Fiber optic,Yes,No,No,No,No,Yes,Month-to-month,No,Credit card (automatic),91,3180.5,No
1174,8650-RHRKE,Male,0,No,No,4,No,No phone service,DSL,No,No,Yes,No,No,No,Month-to-month,Yes,Electronic check,29.65,118.5,Yes
1175,4377-VDHYI,Male,0,Yes,Yes,32,Yes,No,Fiber optic,Yes,Yes,No,No,No,Yes,One year,Yes,Electronic check,90.8,3023.85,No
1176,0475-RIJEP,Male,0,No,No,43,Yes,Yes,Fiber optic,No,Yes,No,No,No,No,Month-to-month,Yes,Electronic check,77.85,3365.85,Yes
1177,1260-TTRXI,Male,0,No,No,4,Yes,No,DSL,No,No,No,No,No,Yes,Month-to-month,No,Electronic check,54.3,195.3,Yes
1178,3719-TDVQB,Female,1,Yes,No,54,Yes,No,No,No internet service,No internet service,No internet service,No internet service,No internet service,No internet service,Two year,Yes,Mailed check,18.95,1031.1,No
1179,6328-ZPBGN,Female,1,No,No,11,Yes,Yes,Fiber optic,No,No,No,No,Yes,Yes,Month-to-month,Yes,Bank transfer (automatic),95.15,997.65,Yes
1180,0201-MIBOL,Female,1,No,No,66,Yes,Yes,Fiber optic,Yes,No,No,No,Yes,Yes,Two year,Yes,Bank transfer (automatic),102.4,6471.85,No
1181,4937-QPZPO,Male,0,Yes,Yes,61,Yes,Yes,Fiber optic,No,No,Yes,No,Yes,Yes,One year,Yes,Electronic check,99.9,6241.35,No
1182,2925-VDZHY,Male,0,Yes,Yes,72,Yes,Yes,DSL,Yes,Yes,Yes,Yes,Yes,Yes,Two year,No,Credit card (automatic),88.7,6501.35,No
1183,6981-TDRFT,Male,0,Yes,Yes,44,No,No phone service,DSL,No,No,Yes,Yes,Yes,Yes,One year,Yes,Electronic check,54.3,2317.1,No
1184,3413-CSSTH,Male,0,No,No,41,Yes,Yes,DSL,No,No,Yes,No,No,No,Month-to-month,Yes,Bank transfer (automatic),55.7,2237.55,No
1185,8033-VCZGH,Male,0,Yes,No,50,Yes,Yes,Fiber optic,Yes,No,Yes,No,Yes,Yes,One year,Yes,Electronic check,103.95,5231.3,No
1186,4789-KWMXN,Male,0,Yes,No,47,Yes,Yes,Fiber optic,Yes,No,Yes,Yes,Yes,Yes,One year,Yes,Credit card (automatic),110.85,5275.8,Yes
1187,0224-NIJLP,Male,0,Yes,Yes,8,Yes,No,No,No internet service,No internet service,No internet service,No internet service,No internet service,No internet service,Two year,No,Mailed check,20.15,165.5,No
1188,7542-CYDDM,Male,0,No,No,18,Yes,No,No,No internet service,No internet service,No internet service,No internet service,No internet service,No internet service,Month-to-month,No,Mailed check,20.05,358.5,No
1189,4718-WXBGI,Male,0,Yes,Yes,72,Yes,Yes,DSL,Yes,Yes,Yes,Yes,Yes,Yes,Two year,Yes,Credit card (automatic),91.95,6614.9,No
1190,2867-UIMSS,Male,0,No,No,1,Yes,No,Fiber optic,No,No,No,No,No,Yes,Month-to-month,No,Electronic check,80.5,80.5,Yes
1191,8495-PRWFH,Female,1,No,No,42,Yes,Yes,DSL,No,No,Yes,No,No,No,Month-to-month,No,Electronic check,55.65,2421.75,No
1192,0439-IFYUN,Female,1,No,No,18,Yes,No,Fiber optic,No,Yes,No,No,No,No,Month-to-month,Yes,Electronic check,74.7,1294.6,No
1193,5716-LIBJC,Female,0,No,Yes,13,Yes,Yes,Fiber optic,No,Yes,Yes,No,Yes,Yes,One year,Yes,Credit card (automatic),104.15,1299.1,No
1194,2868-LLSKM,Female,0,Yes,Yes,68,Yes,Yes,Fiber optic,No,Yes,No,Yes,No,No,One year,Yes,Bank transfer (automatic),83.65,5733.4,No
1195,8111-RKSPX,Male,0,No,No,4,Yes,Yes,Fiber optic,No,No,No,No,No,No,Month-to-month,Yes,Bank transfer (automatic),72.2,305.55,Yes
1196,2988-QRAJY,Male,0,No,No,69,Yes,Yes,Fiber optic,Yes,Yes,Yes,No,Yes,Yes,Two year,Yes,Credit card (automatic),110.05,7430.75,No
1197,1585-MQSSU,Male,0,No,No,17,Yes,No,DSL,No,No,No,Yes,No,No,Month-to-month,No,Mailed check,51.5,900.5,Yes
1198,0071-NDAFP,Male,0,Yes,Yes,25,Yes,Yes,No,No internet service,No internet service,No internet service,No internet service,No internet service,No internet service,Two year,No,Credit card (automatic),25.5,630.6,No
1199,2856-NNASM,Male,1,No,No,43,Yes,No,Fiber optic,No,No,No,No,Yes,Yes,Month-to-month,Yes,Mailed check,89.55,3856.75,Yes
1200,7328-ZJAJO,Female,0,Yes,Yes,59,Yes,No,No,No internet service,No internet service,No internet service,No internet service,No internet service,No internet service,Two year,No,Credit card (automatic),19.5,1222.65,No
1201,6458-CYIDZ,Female,1,No,No,5,Yes,No,Fiber optic,Yes,Yes,No,No,No,No,Month-to-month,No,Electronic check,80.7,374.8,No
1202,8559-CIZFV,Male,0,Yes,Yes,21,Yes,Yes,DSL,Yes,Yes,No,Yes,Yes,No,One year,No,Mailed check,77.5,1625,Yes
1203,1090-PYKCI,Female,0,Yes,Yes,69,Yes,Yes,Fiber optic,Yes,Yes,Yes,Yes,Yes,No,One year,Yes,Credit card (automatic),105.1,7234.8,No
1204,3058-WQDRE,Male,0,No,No,13,No,No phone service,DSL,No,No,No,No,No,No,Month-to-month,Yes,Bank transfer (automatic),25.15,331.85,No
1205,7547-EKNFS,Male,0,Yes,No,42,Yes,Yes,Fiber optic,No,Yes,Yes,No,Yes,No,Month-to-month,Yes,Bank transfer (automatic),95.25,3959.35,Yes
1206,2279-AXJJK,Male,0,Yes,No,52,Yes,Yes,Fiber optic,No,Yes,No,Yes,No,Yes,Month-to-month,Yes,Credit card (automatic),95.65,5088.4,No
1207,6769-DYBQN,Male,1,No,No,46,Yes,No,Fiber optic,Yes,No,No,No,No,Yes,Month-to-month,No,Electronic check,85,3969.4,Yes
1208,0909-SELIE,Male,0,Yes,No,61,Yes,Yes,DSL,Yes,Yes,Yes,Yes,No,Yes,Two year,Yes,Bank transfer (automatic),80.8,4860.85,No
1209,3417-TSCIC,Male,0,No,No,29,No,No phone service,DSL,No,No,No,No,No,No,One year,Yes,Mailed check,24.85,788.05,No
1210,1042-HFUCW,Female,0,No,Yes,25,Yes,No,DSL,No,Yes,No,Yes,No,No,One year,Yes,Credit card (automatic),54.75,1266.35,No
1211,4439-JMPMT,Female,0,Yes,Yes,5,Yes,No,Fiber optic,No,No,No,Yes,Yes,No,Month-to-month,Yes,Electronic check,85.75,470.95,Yes
1212,6537-OTKMY,Male,0,No,No,15,No,No phone service,DSL,No,No,Yes,No,Yes,Yes,One year,No,Electronic check,50.75,688.2,No
1213,8999-EXMNO,Female,0,Yes,Yes,19,Yes,No,No,No internet service,No internet service,No internet service,No internet service,No internet service,No internet service,Two year,No,Mailed check,20.15,387.7,No
1214,6725-TPKJO,Male,0,No,No,44,Yes,No,No,No internet service,No internet service,No internet service,No internet service,No internet service,No internet service,Two year,No,Mailed check,20.05,845.25,No
1215,2446-BEGGB,Female,1,No,No,6,Yes,Yes,Fiber optic,No,Yes,No,No,Yes,Yes,Month-to-month,Yes,Electronic check,98.25,560.6,Yes
1216,7162-WPHPM,Male,0,Yes,Yes,58,Yes,Yes,DSL,Yes,Yes,Yes,Yes,No,No,Two year,No,Credit card (automatic),71.6,4230.25,No
1217,1599-MMYRQ,Male,0,Yes,Yes,62,Yes,No,Fiber optic,Yes,Yes,No,No,No,No,One year,Yes,Credit card (automatic),81.45,4983.05,No
1218,8821-KVZKQ,Female,0,Yes,Yes,70,No,No phone service,DSL,No,Yes,Yes,Yes,Yes,Yes,One year,Yes,Bank transfer (automatic),58.4,4113.15,No
1219,1496-GGSUK,Female,1,No,No,1,No,No phone service,DSL,No,No,No,No,No,No,Month-to-month,Yes,Mailed check,25.7,25.7,Yes
1220,6434-TTGJP,Male,0,Yes,Yes,10,No,No phone service,DSL,Yes,Yes,Yes,Yes,No,Yes,Two year,No,Credit card (automatic),53.7,521,No
1221,0042-JVWOJ,Male,0,No,No,26,Yes,No,No,No internet service,No internet service,No internet service,No internet service,No internet service,No internet service,One year,Yes,Bank transfer (automatic),19.6,471.85,No
1222,0130-SXOUN,Male,0,No,No,66,Yes,Yes,Fiber optic,No,Yes,No,No,No,Yes,Month-to-month,No,Credit card (automatic),89.4,5976.9,No
1223,2575-GFSOE,Female,0,Yes,Yes,7,Yes,No,Fiber optic,No,No,No,No,No,No,Month-to-month,Yes,Electronic check,69,506.9,Yes
1224,2330-PQGDQ,Male,0,Yes,Yes,51,Yes,Yes,Fiber optic,No,Yes,No,Yes,No,No,One year,No,Bank transfer (automatic),84.2,4299.75,No
1225,1452-UZOSF,Male,0,Yes,Yes,72,Yes,Yes,Fiber optic,Yes,Yes,Yes,Yes,Yes,No,Two year,Yes,Credit card (automatic),106.1,7548.6,No
1226,2097-YVPKN,Male,0,No,No,65,Yes,Yes,No,No internet service,No internet service,No internet service,No internet service,No internet service,No internet service,Two year,No,Mailed check,25.75,1654.75,No
1227,2842-JTCCU,Male,0,No,No,2,Yes,No,DSL,No,No,No,No,No,No,Month-to-month,No,Bank transfer (automatic),46.05,80.35,Yes
1228,8597-CTXVJ,Male,0,No,Yes,70,Yes,Yes,DSL,Yes,Yes,No,Yes,No,No,One year,No,Bank transfer (automatic),64.95,4551.5,No
1229,6631-HMANX,Male,0,Yes,No,72,Yes,Yes,DSL,No,Yes,Yes,Yes,Yes,Yes,Two year,Yes,Credit card (automatic),85.45,6227.5,No
1230,9962-BFPDU,Female,0,Yes,Yes,1,Yes,No,No,No internet service,No internet service,No internet service,No internet service,No internet service,No internet service,Month-to-month,No,Mailed check,20.05,20.05,No
1231,3296-SILRA,Female,1,Yes,No,1,Yes,No,Fiber optic,No,Yes,No,No,No,No,Month-to-month,Yes,Mailed check,76.4,76.4,Yes
1232,9681-OXGVC,Female,0,No,No,5,Yes,Yes,Fiber optic,No,No,Yes,No,Yes,Yes,Month-to-month,Yes,Electronic check,100.5,514,Yes
1233,6394-HHHZM,Male,0,No,No,3,Yes,No,No,No internet service,No internet service,No internet service,No internet service,No internet service,No internet service,Month-to-month,No,Mailed check,20.7,57.5,No
1234,5995-LFTLE,Male,0,No,No,58,Yes,Yes,No,No internet service,No internet service,No internet service,No internet service,No internet service,No internet service,Two year,Yes,Credit card (automatic),25.3,1474.35,No
1235,5180-UCIIQ,Male,1,Yes,Yes,22,No,No phone service,DSL,Yes,No,No,No,No,Yes,Month-to-month,No,Mailed check,40.05,880.2,Yes
1236,1932-UEDCX,Male,1,Yes,No,33,Yes,Yes,Fiber optic,No,Yes,No,No,Yes,Yes,Month-to-month,Yes,Bank transfer (automatic),100.6,3270.25,No
1237,7153-OANIO,Male,0,No,No,1,Yes,No,Fiber optic,No,No,No,No,No,No,Month-to-month,No,Electronic check,69.95,69.95,Yes
1238,5188-HGMLP,Male,1,Yes,No,54,Yes,Yes,Fiber optic,No,No,No,No,No,No,Month-to-month,No,Bank transfer (automatic),74,3919.15,No
1239,0665-XHDJU,Male,0,Yes,No,72,Yes,Yes,Fiber optic,No,Yes,No,No,Yes,Yes,Two year,Yes,Electronic check,99.4,7285.7,No
1240,6521-YYTYI,Male,0,No,Yes,1,Yes,Yes,Fiber optic,No,No,No,No,Yes,Yes,Month-to-month,Yes,Electronic check,93.3,93.3,Yes
1241,8878-HMWBV,Male,0,No,No,3,Yes,No,DSL,No,No,Yes,No,No,No,Month-to-month,Yes,Electronic check,49.15,169.05,Yes
1242,8265-HKSOW,Female,0,Yes,Yes,72,Yes,Yes,Fiber optic,Yes,Yes,Yes,Yes,No,Yes,Two year,No,Credit card (automatic),107.45,7658.3,No
1243,3544-FBCAS,Female,0,Yes,Yes,72,Yes,Yes,DSL,Yes,Yes,Yes,No,Yes,Yes,Two year,Yes,Credit card (automatic),83.6,5959.3,No
1244,5331-RGMTT,Male,1,Yes,No,54,Yes,Yes,Fiber optic,No,No,Yes,No,Yes,Yes,Month-to-month,Yes,Credit card (automatic),99.05,5295.7,No
1245,4759-PXTAN,Female,0,Yes,No,59,Yes,Yes,DSL,No,Yes,No,Yes,Yes,Yes,One year,Yes,Electronic check,80.1,4693.2,No
1246,7054-DMVAS,Male,0,No,No,54,Yes,No,DSL,Yes,Yes,No,No,Yes,No,Two year,Yes,Bank transfer (automatic),65.3,3512.9,No
1247,3428-MMGUB,Male,0,No,No,60,Yes,Yes,Fiber optic,No,No,Yes,No,Yes,No,Two year,Yes,Electronic check,89.55,5231.2,No
1248,6549-BTYPG,Female,0,Yes,No,60,No,No phone service,DSL,No,Yes,Yes,Yes,Yes,Yes,Two year,No,Credit card (automatic),60.8,3603.45,No
1249,7823-JSOAG,Male,0,No,No,3,Yes,Yes,Fiber optic,No,No,No,No,No,No,Month-to-month,No,Electronic check,74.5,217.45,No
1250,3705-RHRFR,Female,0,Yes,No,69,Yes,Yes,Fiber optic,Yes,No,No,No,Yes,Yes,Two year,No,Bank transfer (automatic),99.15,6875.35,No
1251,9374-YOLBJ,Female,0,Yes,Yes,1,Yes,No,No,No internet service,No internet service,No internet service,No internet service,No internet service,No internet service,Month-to-month,No,Electronic check,19.25,19.25,No
1252,9074-KGVOX,Male,0,Yes,Yes,50,No,No phone service,DSL,Yes,No,No,No,Yes,No,Month-to-month,Yes,Credit card (automatic),39.45,2021.35,No
1253,6128-DAFVY,Female,0,No,No,56,No,No phone service,DSL,No,No,No,No,Yes,Yes,Month-to-month,Yes,Credit card (automatic),44.85,2564.95,No
1254,9933-QRGTX,Female,0,Yes,No,60,Yes,No,Fiber optic,Yes,No,No,Yes,Yes,Yes,Two year,Yes,Electronic check,97.2,5611.75,No
1255,4476-OSWTN,Male,1,Yes,No,69,Yes,Yes,Fiber optic,Yes,No,Yes,Yes,Yes,Yes,One year,Yes,Mailed check,110.55,7610.1,No
1256,3751-KTZEL,Female,0,No,No,1,No,No phone service,DSL,No,No,No,No,No,Yes,Month-to-month,No,Mailed check,35.05,35.05,Yes
1257,1977-STDKI,Female,1,No,No,1,Yes,No,Fiber optic,No,Yes,No,No,No,No,Month-to-month,Yes,Electronic check,73,73,Yes
1258,5066-GFJMM,Female,0,Yes,No,3,Yes,No,No,No internet service,No internet service,No internet service,No internet service,No internet service,No internet service,Month-to-month,Yes,Mailed check,19.9,45.75,No
1259,2661-GKBTK,Male,0,Yes,Yes,60,Yes,No,DSL,No,Yes,No,Yes,Yes,Yes,Two year,No,Bank transfer (automatic),76.95,4543.95,No
1260,0458-HEUZG,Female,0,No,No,13,No,No phone service,DSL,No,No,Yes,Yes,No,No,Two year,No,Mailed check,35.4,450.4,No
1261,7268-WNTCP,Male,0,Yes,Yes,62,Yes,No,No,No internet service,No internet service,No internet service,No internet service,No internet service,No internet service,Two year,No,Bank transfer (automatic),20.45,1297.35,No
1262,0824-VWDPO,Female,0,No,No,45,Yes,Yes,Fiber optic,Yes,Yes,No,No,No,Yes,One year,No,Bank transfer (automatic),96.75,4442.75,No
1263,8409-WQJUX,Female,0,No,No,25,No,No phone service,DSL,No,No,Yes,Yes,Yes,Yes,One year,No,Electronic check,54.2,1423.15,No
1264,2578-JQPHZ,Male,0,No,No,44,Yes,No,Fiber optic,No,No,Yes,Yes,Yes,Yes,Two year,No,Bank transfer (automatic),100.1,4378.35,No
1265,3278-FSIXX,Female,0,No,No,2,Yes,No,DSL,No,No,No,No,No,No,Month-to-month,Yes,Mailed check,45.25,74.2,No
1266,5813-UECBU,Male,1,No,No,33,Yes,Yes,Fiber optic,No,Yes,Yes,No,No,No,Month-to-month,Yes,Credit card (automatic),83.85,2716.3,Yes
1267,0328-GRPMV,Female,0,No,No,1,Yes,No,Fiber optic,No,No,No,No,No,No,Month-to-month,Yes,Electronic check,70.1,70.1,Yes
1268,9746-UGFAC,Female,0,No,No,22,Yes,No,No,No internet service,No internet service,No internet service,No internet service,No internet service,No internet service,One year,No,Bank transfer (automatic),20.85,450.65,No
1269,2946-KIQSP,Female,0,No,No,35,No,No phone service,DSL,No,No,Yes,Yes,No,No,Month-to-month,Yes,Mailed check,33.45,1175.85,No
1270,0625-AFOHS,Female,0,Yes,Yes,29,Yes,No,No,No internet service,No internet service,No internet service,No internet service,No internet service,No internet service,Two year,No,Mailed check,20.2,558.8,No
1271,6726-WEXXK,Male,1,Yes,No,27,Yes,Yes,Fiber optic,Yes,No,Yes,No,No,No,One year,Yes,Electronic check,85.9,2220.1,No
1272,4636-OLWOE,Male,0,No,Yes,54,Yes,No,DSL,No,Yes,Yes,Yes,No,No,One year,Yes,Electronic check,61,3283.05,No
1273,4342-HENTK,Female,1,No,No,2,Yes,No,Fiber optic,No,No,No,No,No,No,Month-to-month,Yes,Electronic check,70.65,142.35,Yes
1274,4685-ERGHK,Male,0,No,No,57,Yes,Yes,Fiber optic,No,No,No,No,Yes,No,One year,Yes,Electronic check,86.9,4939.25,No
1275,0885-HMGPY,Male,0,No,No,62,Yes,Yes,DSL,Yes,Yes,Yes,Yes,No,No,Two year,No,Bank transfer (automatic),69.4,4237.5,No
1276,5003-OKNNK,Female,0,Yes,Yes,15,Yes,No,No,No internet service,No internet service,No internet service,No internet service,No internet service,No internet service,One year,No,Credit card (automatic),20.35,335.95,No
1277,4195-SMMNX,Male,0,No,No,2,Yes,No,No,No internet service,No internet service,No internet service,No internet service,No internet service,No internet service,Month-to-month,No,Mailed check,20.35,33.2,Yes
1278,7208-PSIHR,Female,0,Yes,No,70,Yes,Yes,Fiber optic,No,No,Yes,Yes,Yes,Yes,Two year,Yes,Bank transfer (automatic),104.3,7188.5,No
1279,4012-ZTHBR,Female,0,Yes,Yes,21,Yes,No,DSL,No,No,No,No,No,No,Month-to-month,Yes,Electronic check,44.95,926.25,No
1280,0489-WMEMG,Female,0,No,Yes,23,Yes,No,DSL,No,No,No,Yes,No,No,One year,Yes,Electronic check,49.45,1119.35,No
1281,7435-ZNUYY,Male,0,No,No,6,Yes,No,No,No internet service,No internet service,No internet service,No internet service,No internet service,No internet service,One year,No,Mailed check,20.6,116.6,No
1282,1354-YZFNB,Male,0,Yes,Yes,4,Yes,No,No,No internet service,No internet service,No internet service,No internet service,No internet service,No internet service,Two year,No,Credit card (automatic),19.55,68.8,No
1283,6956-SMUCM,Female,0,No,No,3,Yes,No,Fiber optic,Yes,No,Yes,No,Yes,Yes,Month-to-month,Yes,Credit card (automatic),99,287.4,Yes
1284,2985-FMWYF,Female,0,No,No,23,Yes,Yes,Fiber optic,No,No,No,No,Yes,Yes,Month-to-month,Yes,Electronic check,93.5,2341.55,No
1285,2812-ENYMO,Male,0,No,No,26,No,No phone service,DSL,Yes,No,No,Yes,Yes,Yes,One year,No,Credit card (automatic),54.55,1362.85,No
1286,2717-HVIZY,Female,0,No,Yes,8,Yes,No,No,No internet service,No internet service,No internet service,No internet service,No internet service,No internet service,Month-to-month,No,Mailed check,20.05,163.6,No
1287,3223-WZWJM,Male,0,No,No,26,Yes,Yes,Fiber optic,No,No,No,No,No,Yes,Month-to-month,Yes,Electronic check,83.95,2254.2,Yes
1288,3422-GALYP,Male,0,No,No,2,Yes,Yes,Fiber optic,No,Yes,No,No,No,No,Month-to-month,Yes,Electronic check,79.45,145.15,No
1289,9053-JZFKV,Male,0,No,No,67,Yes,Yes,Fiber optic,Yes,Yes,Yes,Yes,Yes,Yes,Two year,No,Credit card (automatic),116.2,7752.3,Yes
1290,2530-ENDWQ,Female,0,Yes,No,71,Yes,Yes,Fiber optic,No,No,No,No,Yes,Yes,Two year,Yes,Bank transfer (automatic),93.7,6585.35,Yes
1291,2890-WFBHU,Female,0,No,No,59,Yes,Yes,DSL,Yes,Yes,Yes,Yes,No,Yes,One year,No,Credit card (automatic),79.85,4786.1,No
1292,0327-WFZSY,Male,0,Yes,Yes,39,Yes,Yes,Fiber optic,No,No,Yes,No,Yes,Yes,One year,No,Electronic check,100,3835.55,No
1293,7977-HXJKU,Male,0,No,Yes,21,Yes,No,No,No internet service,No internet service,No internet service,No internet service,No internet service,No internet service,Two year,No,Mailed check,19.6,397,No
1294,6615-ZGEDR,Male,0,No,No,1,Yes,No,No,No internet service,No internet service,No internet service,No internet service,No internet service,No internet service,Month-to-month,No,Mailed check,19.7,19.7,Yes
1295,7033-CLAMM,Female,0,Yes,Yes,48,Yes,No,No,No internet service,No internet service,No internet service,No internet service,No internet service,No internet service,Two year,No,Bank transfer (automatic),20.2,1027.25,No
1296,4023-RTIQM,Female,1,Yes,No,31,No,No phone service,DSL,Yes,Yes,Yes,No,No,Yes,One year,Yes,Credit card (automatic),50.4,1580.1,No
1297,0864-FVJNJ,Female,0,Yes,Yes,64,Yes,Yes,Fiber optic,Yes,Yes,Yes,Yes,Yes,Yes,One year,No,Electronic check,113.35,7222.75,No
1298,7356-IWLFW,Male,0,Yes,Yes,46,Yes,Yes,Fiber optic,No,Yes,No,No,No,No,Month-to-month,Yes,Bank transfer (automatic),80,3769.7,No
1299,9541-PWTWO,Female,0,No,No,52,Yes,Yes,DSL,No,No,Yes,Yes,Yes,Yes,Two year,Yes,Bank transfer (automatic),80.95,4233.95,No
1300,3967-VQOGC,Female,0,Yes,Yes,67,Yes,Yes,No,No internet service,No internet service,No internet service,No internet service,No internet service,No internet service,Two year,Yes,Mailed check,24.9,1680.25,No
1301,7872-RDDLZ,Female,1,No,No,67,Yes,Yes,DSL,No,Yes,No,No,No,No,Month-to-month,No,Electronic check,54.9,3725.5,No
1302,9250-WYPLL,Female,0,No,No,5,Yes,Yes,Fiber optic,No,No,No,No,No,No,Month-to-month,No,Electronic check,75.55,413.65,Yes
1303,6308-CQRBU,Female,0,Yes,No,71,Yes,Yes,Fiber optic,No,Yes,Yes,Yes,Yes,Yes,Two year,No,Electronic check,109.25,7707.7,No
1304,2754-XBHTB,Female,0,No,No,9,Yes,No,Fiber optic,No,No,No,No,Yes,No,Month-to-month,Yes,Bank transfer (automatic),77.65,714.15,Yes
1305,1597-LHYNC,Female,1,No,No,26,Yes,Yes,Fiber optic,Yes,Yes,No,No,No,Yes,Month-to-month,Yes,Electronic check,95,2497.2,Yes
1306,0186-CAERR,Male,0,No,No,71,Yes,Yes,Fiber optic,Yes,Yes,Yes,Yes,Yes,Yes,One year,Yes,Bank transfer (automatic),116.3,8309.55,No
1307,3043-SUDUA,Female,0,No,No,32,Yes,No,No,No internet service,No internet service,No internet service,No internet service,No internet service,No internet service,Month-to-month,No,Bank transfer (automatic),19.9,601.55,No
1308,5442-BHQNG,Female,0,No,No,2,Yes,No,Fiber optic,No,No,No,No,No,No,Month-to-month,No,Electronic check,70.35,139.25,No
1309,2169-RRLFW,Female,0,Yes,No,71,Yes,Yes,No,No internet service,No internet service,No internet service,No internet service,No internet service,No internet service,Two year,No,Credit card (automatic),25.6,1888.25,No
1310,5872-OEQNH,Female,0,No,No,60,No,No phone service,DSL,Yes,No,Yes,No,No,Yes,One year,Yes,Electronic check,44.45,2773.9,No
1311,3162-KKZXO,Female,1,No,No,55,Yes,Yes,Fiber optic,No,No,Yes,No,Yes,Yes,One year,Yes,Electronic check,100.15,5409.75,No
1312,7055-VKGDA,Male,0,No,No,54,Yes,No,Fiber optic,Yes,Yes,No,Yes,Yes,Yes,One year,Yes,Credit card (automatic),105.4,5643.4,Yes
1313,0754-UKWQP,Male,0,No,No,2,Yes,No,Fiber optic,No,No,Yes,No,Yes,Yes,Month-to-month,Yes,Electronic check,95.85,197.7,Yes
1314,8873-GLDMH,Female,0,No,No,6,Yes,Yes,Fiber optic,No,No,No,No,No,No,Month-to-month,Yes,Mailed check,73.85,401.3,No
1315,5696-JVVQY,Female,0,Yes,Yes,48,Yes,No,DSL,Yes,Yes,Yes,No,No,Yes,Two year,Yes,Credit card (automatic),70.1,3238.4,No
1316,8946-BFWSG,Male,0,Yes,Yes,63,Yes,Yes,No,No internet service,No internet service,No internet service,No internet service,No internet service,No internet service,Two year,No,Mailed check,25.25,1573.05,No
1317,7493-TPUWZ,Male,0,No,No,1,Yes,Yes,Fiber optic,No,Yes,No,No,No,No,Month-to-month,Yes,Electronic check,79.15,79.15,Yes
1318,0547-HURJB,Male,0,No,Yes,12,Yes,No,No,No internet service,No internet service,No internet service,No internet service,No internet service,No internet service,Month-to-month,No,Credit card (automatic),21.05,235.8,No
1319,8904-OPDCK,Male,1,Yes,No,54,No,No phone service,DSL,No,No,No,No,No,No,Month-to-month,Yes,Bank transfer (automatic),24.95,1364.75,No
1320,8845-LWKGE,Female,0,Yes,Yes,30,Yes,No,DSL,No,No,Yes,Yes,Yes,No,One year,Yes,Electronic check,64.5,1985.15,No
1321,1577-HKTFG,Female,0,Yes,No,30,Yes,No,No,No internet service,No internet service,No internet service,No internet service,No internet service,No internet service,Month-to-month,No,Bank transfer (automatic),19.65,655.85,Yes
1322,8752-STIVR,Female,0,No,No,4,Yes,No,Fiber optic,No,No,No,No,Yes,No,Month-to-month,Yes,Electronic check,79,303.15,Yes
1323,0691-NIKRI,Female,0,No,No,40,Yes,Yes,Fiber optic,No,No,Yes,Yes,Yes,Yes,One year,Yes,Credit card (automatic),105.95,4335.2,No
1324,5022-JNQEQ,Female,0,Yes,Yes,9,Yes,No,Fiber optic,No,No,No,Yes,No,No,Month-to-month,Yes,Electronic check,75.85,647.5,No
1325,4558-FANTW,Female,0,Yes,Yes,17,Yes,No,Fiber optic,Yes,No,No,Yes,Yes,No,Month-to-month,No,Electronic check,91.85,1574.45,Yes
1326,3249-VHRIP,Female,0,No,No,62,No,No phone service,DSL,No,Yes,Yes,No,No,Yes,Two year,Yes,Credit card (automatic),43.6,2748.7,No
1327,3736-BLEPA,Male,0,No,No,28,Yes,No,Fiber optic,No,Yes,No,Yes,Yes,No,One year,Yes,Bank transfer (automatic),91.25,2483.65,No
1328,4701-LKOZD,Female,0,No,No,70,Yes,Yes,DSL,Yes,Yes,Yes,Yes,Yes,Yes,Two year,No,Credit card (automatic),89.75,6367.2,No
1329,6603-QWSPR,Female,0,No,No,46,Yes,No,Fiber optic,No,Yes,Yes,Yes,Yes,Yes,Two year,Yes,Bank transfer (automatic),104.4,4904.2,No
1330,9921-QFQUL,Female,0,Yes,No,23,Yes,Yes,Fiber optic,No,No,Yes,No,No,Yes,Month-to-month,No,Mailed check,90.15,2044.95,No
1331,1929-ZCBHE,Male,0,Yes,Yes,47,No,No phone service,DSL,Yes,No,Yes,Yes,No,No,One year,No,Electronic check,40.3,1794.8,No
1332,4378-MYPGO,Male,0,Yes,Yes,68,Yes,No,Fiber optic,Yes,Yes,Yes,No,Yes,Yes,Two year,Yes,Bank transfer (automatic),105.25,7173.15,No
1333,8651-ENBZX,Female,1,No,No,60,Yes,Yes,Fiber optic,No,No,Yes,Yes,Yes,Yes,One year,Yes,Electronic check,106,6441.4,Yes
1334,4129-LYCOI,Female,0,No,Yes,67,Yes,Yes,Fiber optic,No,Yes,No,Yes,Yes,Yes,Two year,Yes,Electronic check,104,7039.05,No
1335,7798-JVXYM,Female,0,No,No,14,Yes,No,DSL,No,No,No,Yes,Yes,Yes,Month-to-month,Yes,Electronic check,69.65,921.4,No
1336,8647-SDTWQ,Male,0,Yes,Yes,57,Yes,Yes,Fiber optic,No,No,No,No,No,No,Month-to-month,Yes,Electronic check,74.3,4018.35,No
1337,2696-ECXKC,Female,0,Yes,Yes,55,Yes,Yes,Fiber optic,Yes,No,No,No,Yes,Yes,One year,No,Mailed check,100.9,5448.6,No
1338,2081-KJSQF,Male,0,No,No,1,Yes,No,No,No internet service,No internet service,No internet service,No internet service,No internet service,No internet service,Month-to-month,Yes,Mailed check,20.25,20.25,No
1339,7623-TRNQN,Male,0,No,Yes,1,Yes,No,DSL,No,No,No,Yes,No,No,Month-to-month,Yes,Mailed check,49.9,49.9,Yes
1340,3323-CPBWR,Male,0,No,No,23,Yes,Yes,Fiber optic,No,No,Yes,Yes,Yes,No,Month-to-month,Yes,Credit card (automatic),96.9,2085.45,No
1341,9330-IJWIO,Female,0,No,No,13,Yes,Yes,Fiber optic,Yes,No,No,No,Yes,Yes,Month-to-month,Yes,Electronic check,100.35,1358.85,
1342,3384-CTMSF,Male,0,Yes,No,47,Yes,Yes,Fiber optic,No,Yes,Yes,No,Yes,Yes,Month-to-month,Yes,Electronic check,104.1,5135.15,No
1343,0902-RFHOF,Male,0,No,No,38,Yes,No,No,No internet service,No internet service,No internet service,No internet service,No internet service,No internet service,One year,No,Mailed check,20.1,730.1,No
1344,9286-DOJGF,Female,1,Yes,No,38,Yes,Yes,Fiber optic,No,No,No,No,No,No,Month-to-month,Yes,Bank transfer (automatic),74.95,2869.85,Yes
1345,6048-QBXKL,Female,1,No,No,2,Yes,Yes,DSL,No,Yes,No,No,No,No,Month-to-month,Yes,Credit card (automatic),56.55,118.25,No
1346,9661-MHUMO,Male,1,Yes,Yes,1,Yes,No,DSL,No,No,No,Yes,No,No,Month-to-month,Yes,Credit card (automatic),49.25,49.25,Yes
1347,7718-RXDGG,Male,0,Yes,No,15,Yes,No,Fiber optic,No,No,No,No,No,No,Month-to-month,Yes,Bank transfer (automatic),68.6,1108.6,No
1348,1025-FALIX,Female,0,No,No,26,Yes,No,Fiber optic,No,No,No,No,No,No,Month-to-month,Yes,Credit card (automatic),69.05,1815.65,No
1349,3451-VAWLI,Female,0,Yes,Yes,35,Yes,No,No,No internet service,No internet service,No internet service,No internet service,No internet service,No internet service,Two year,No,Credit card (automatic),19.7,730.4,No
1350,3407-QGWLG,Male,0,No,Yes,3,Yes,No,No,No internet service,No internet service,No internet service,No internet service,No internet service,No internet service,Month-to-month,Yes,Mailed check,20.05,75.45,No
1351,1842-EZJMK,Male,0,Yes,Yes,50,Yes,Yes,Fiber optic,No,Yes,No,Yes,Yes,Yes,Month-to-month,No,Electronic check,103.7,5071.05,Yes
1352,2347-WKKAE,Male,0,Yes,No,42,Yes,Yes,Fiber optic,Yes,No,Yes,No,No,Yes,Month-to-month,Yes,Electronic check,94.4,4014.6,No
1353,8735-DCXNF,Male,0,Yes,No,10,Yes,No,DSL,Yes,No,No,Yes,No,No,Month-to-month,Yes,Credit card (automatic),54.95,568.85,No
1354,3214-IYUUQ,Female,0,Yes,No,61,Yes,No,Fiber optic,Yes,Yes,No,Yes,No,Yes,One year,No,Bank transfer (automatic),93.7,5860.7,No
1355,1936-UAFEH,Female,0,No,No,68,Yes,Yes,Fiber optic,Yes,Yes,No,Yes,Yes,Yes,Two year,No,Credit card (automatic),110.25,7279.35,No
1356,3587-PMCOY,Male,0,No,No,10,Yes,No,Fiber optic,Yes,No,Yes,No,Yes,Yes,One year,Yes,Electronic check,98.9,1064.95,No
1357,8079-XRJRS,Male,0,Yes,No,65,Yes,Yes,Fiber optic,Yes,Yes,Yes,No,No,No,One year,No,Electronic check,89.75,5769.6,Yes
1358,1027-LKKQQ,Female,0,Yes,Yes,72,Yes,No,DSL,Yes,No,Yes,Yes,Yes,Yes,Two year,Yes,Bank transfer (automatic),80.45,5886.85,No
1359,7148-XZPHA,Male,0,Yes,Yes,55,Yes,No,Fiber optic,No,Yes,No,Yes,No,No,Month-to-month,No,Electronic check,79.4,4238.45,No
1360,8073-IJDCM,Female,0,No,No,1,Yes,No,No,No internet service,No internet service,No internet service,No internet service,No internet service,No internet service,Month-to-month,Yes,Mailed check,20.3,20.3,Yes
1361,5309-TAIKL,Female,0,No,No,7,Yes,No,DSL,No,No,Yes,Yes,No,Yes,Month-to-month,No,Bank transfer (automatic),62.8,418.3,No
1362,6856-RAURS,Female,0,No,No,2,Yes,Yes,Fiber optic,No,No,No,No,No,No,Month-to-month,Yes,Mailed check,74.9,136.05,No
1363,8778-LMWTJ,Female,0,No,No,9,Yes,No,Fiber optic,Yes,No,No,No,No,No,Month-to-month,Yes,Electronic check,74.85,708.2,No
1364,9717-IOAAF,Male,0,No,Yes,27,Yes,Yes,No,No internet service,No internet service,No internet service,No internet service,No internet service,No internet service,Two year,Yes,Credit card (automatic),25.85,788.55,No
1365,8884-ADFVN,Male,1,Yes,No,7,Yes,Yes,Fiber optic,No,No,Yes,No,Yes,Yes,Month-to-month,Yes,Electronic check,101.95,700.85,Yes
1366,2845-KDHVX,Female,0,Yes,No,64,Yes,No,DSL,No,Yes,Yes,Yes,No,Yes,Two year,Yes,Mailed check,68.3,4378.8,No
1367,0848-SOMKO,Male,0,No,No,70,No,No phone service,DSL,Yes,No,Yes,Yes,No,Yes,Two year,No,Bank transfer (automatic),48.4,3442.8,No
1368,2720-WGKHP,Male,1,No,No,2,Yes,Yes,Fiber optic,No,No,No,No,Yes,Yes,Month-to-month,Yes,Electronic check,94,181.7,Yes
1369,6734-FQAJX,Male,1,No,No,67,Yes,No,Fiber optic,Yes,Yes,No,Yes,Yes,Yes,Two year,Yes,Electronic check,105.05,7171.7,No
1370,2869-ADAWR,Female,0,No,No,45,Yes,Yes,Fiber optic,No,Yes,No,No,Yes,No,Month-to-month,Yes,Credit card (automatic),89.3,4016.85,Yes
1371,1535-VTJOQ,Female,0,No,No,24,Yes,Yes,No,No internet service,No internet service,No internet service,No internet service,No internet service,No internet service,Two year,No,Credit card (automatic),25.15,553,No
1372,6368-TZZDT,Male,0,Yes,Yes,4,Yes,No,No,No internet service,No internet service,No internet service,No internet service,No internet service,No internet service,Two year,No,Credit card (automatic),19.5,96.85,No
1373,0943-ZQPXH,Male,0,Yes,Yes,44,Yes,No,Fiber optic,No,No,Yes,No,Yes,Yes,Month-to-month,Yes,Bank transfer (automatic),92.95,4122.9,No
1374,1293-BSEUN,Female,0,Yes,Yes,72,Yes,No,No,No internet service,No internet service,No internet service,No internet service,No internet service,No internet service,Two year,Yes,Mailed check,20.7,1482.3,No
1375,9894-EZEWG,Female,0,No,No,1,Yes,No,Fiber optic,No,Yes,No,No,No,No,Month-to-month,Yes,Credit card (automatic),74.3,74.3,Yes
1376,1302-TPUBN,Male,0,No,No,66,Yes,No,No,No internet service,No internet service,No internet service,No internet service,No internet service,No internet service,Two year,No,Bank transfer (automatic),19.35,1240.8,No
1377,7851-FLGGQ,Male,0,No,No,1,No,No phone service,DSL,No,Yes,No,Yes,No,Yes,Month-to-month,Yes,Mailed check,44.65,44.65,Yes
1378,0637-UBJRP,Male,0,Yes,Yes,13,Yes,No,Fiber optic,Yes,No,No,No,No,Yes,Month-to-month,No,Electronic check,84.05,1095.3,Yes
1379,0940-OUQEC,Male,0,No,No,10,Yes,Yes,Fiber optic,No,Yes,No,No,No,No,Month-to-month,Yes,Bank transfer (automatic),80.7,788.8,Yes
1380,2378-VTKDH,Male,1,Yes,No,65,Yes,Yes,Fiber optic,No,Yes,Yes,No,Yes,Yes,Month-to-month,Yes,Electronic check,104.35,6578.55,No
1381,0927-CNGRH,Male,0,No,Yes,1,Yes,No,No,No internet service,No internet service,No internet service,No internet service,No internet service,No internet service,Month-to-month,No,Mailed check,19.55,19.55,No
1382,8608-OZTLB,Male,0,Yes,Yes,38,Yes,No,DSL,Yes,Yes,Yes,Yes,Yes,No,One year,No,Electronic check,74.05,2802.3,No
1383,2335-GSODA,Male,0,No,Yes,23,No,No phone service,DSL,Yes,No,Yes,Yes,No,No,Two year,No,Mailed check,40.1,857.75,No
1384,1952-DVVSW,Female,0,Yes,No,10,Yes,No,No,No internet service,No internet service,No internet service,No internet service,No internet service,No internet service,One year,No,Mailed check,20.1,184.4,No
1385,0702-PGIBZ,Male,0,No,Yes,4,Yes,Yes,Fiber optic,No,Yes,No,No,Yes,Yes,Month-to-month,Yes,Electronic check,101.7,364.55,Yes
1386,6656-GULJQ,Male,0,Yes,Yes,72,Yes,Yes,DSL,Yes,No,Yes,Yes,Yes,Yes,Two year,Yes,Credit card (automatic),83.55,6093.3,No
1387,9853-JFZDU,Female,0,Yes,No,35,Yes,No,DSL,No,Yes,No,Yes,No,No,Month-to-month,No,Electronic check,56.85,1861.1,No
1388,1963-VAUKV,Female,0,No,No,1,Yes,No,No,No internet service,No internet service,No internet service,No internet service,No internet service,No internet service,Month-to-month,No,Mailed check,20.4,20.4,Yes
1389,3777-XROBG,Female,0,Yes,Yes,58,Yes,No,No,No internet service,No internet service,No internet service,No internet service,No internet service,No internet service,Two year,No,Credit card (automatic),19.55,1079.65,No
1390,6994-FGRHH,Male,0,Yes,Yes,70,Yes,No,Fiber optic,No,Yes,Yes,Yes,Yes,Yes,One year,Yes,Electronic check,106.15,7475.1,No
1391,4000-VGMQP,Male,0,Yes,Yes,38,Yes,Yes,DSL,No,Yes,Yes,No,Yes,Yes,One year,No,Credit card (automatic),78.95,2862.55,No
1392,3999-WRNGR,Female,0,Yes,Yes,60,No,No phone service,DSL,No,Yes,No,No,Yes,Yes,Month-to-month,Yes,Electronic check,49.75,3069.45,No
1393,3466-RITXD,Male,0,No,No,26,Yes,Yes,Fiber optic,Yes,Yes,No,No,Yes,No,Month-to-month,Yes,Credit card (automatic),92.4,2349.8,No
1394,2680-XKKNJ,Female,0,No,No,8,Yes,No,DSL,Yes,Yes,No,Yes,No,No,One year,No,Bank transfer (automatic),58.2,469.25,No
1395,3058-HJCUY,Male,0,Yes,Yes,41,Yes,Yes,Fiber optic,No,No,Yes,Yes,Yes,Yes,One year,Yes,Electronic check,102.6,4213.35,Yes
1396,2974-GGUXS,Female,1,Yes,No,36,Yes,Yes,Fiber optic,No,Yes,No,No,Yes,No,Month-to-month,Yes,Credit card (automatic),91.95,3301.05,No
1397,7994-XIRTR,Male,1,No,No,54,Yes,No,DSL,No,No,Yes,Yes,No,Yes,One year,No,Bank transfer (automatic),65.25,3529.95,No
1398,3259-FDWOY,Male,0,Yes,Yes,71,Yes,Yes,Fiber optic,No,Yes,Yes,No,Yes,Yes,Two year,Yes,Bank transfer (automatic),106,7723.7,Yes
1399,2101-RANCD,Female,0,No,No,55,Yes,Yes,Fiber optic,No,No,No,No,No,No,Month-to-month,Yes,Electronic check,73.1,4144.9,No
1400,7921-BEPCI,Female,0,No,No,72,Yes,Yes,DSL,Yes,Yes,No,No,No,No,Two year,No,Bank transfer (automatic),59.75,4265,No
1401,0807-ZABDG,Female,0,No,Yes,3,Yes,,DSL,Yes,No,No,Yes,No,No,Month-to-month,Yes,Mailed check,55.1,154.65,Yes
1402,8510-TMWYB,Female,0,Yes,Yes,54,Yes,Yes,DSL,No,Yes,Yes,No,No,No,Two year,Yes,Bank transfer (automatic),59.8,3246.45,No
1403,3258-ZKPAI,Male,0,Yes,Yes,72,Yes,Yes,Fiber optic,Yes,Yes,Yes,Yes,Yes,Yes,Two year,Yes,Bank transfer (automatic),116.6,8337.45,No
1404,1428-IEDPR,Male,0,No,No,52,Yes,Yes,Fiber optic,Yes,No,Yes,Yes,Yes,Yes,Two year,Yes,Electronic check,109.3,5731.4,No
1405,5298-GSTLM,Female,1,No,No,60,Yes,Yes,Fiber optic,Yes,No,No,No,Yes,Yes,One year,Yes,Bank transfer (automatic),101.4,6176.6,No
1406,4450-YOOHP,Female,0,No,No,39,No,No phone service,DSL,No,No,Yes,No,Yes,Yes,Month-to-month,Yes,Credit card (automatic),50.65,1905.4,No
1407,6728-CZFEI,Female,0,No,No,15,Yes,No,DSL,No,No,No,No,Yes,No,One year,No,Mailed check,56.15,931.9,No
1408,5748-RNCJT,Male,0,No,No,69,Yes,Yes,Fiber optic,No,No,Yes,Yes,Yes,Yes,Two year,Yes,Bank transfer (automatic),106.5,7348.8,Yes
1409,3653-NCRDJ,Male,0,Yes,Yes,43,Yes,No,No,No internet service,No internet service,No internet service,No internet service,No internet service,No internet service,One year,Yes,Mailed check,19.2,776.25,No
1410,6121-TNHBO,Female,1,No,No,63,Yes,Yes,DSL,Yes,Yes,Yes,Yes,Yes,No,One year,No,Bank transfer (automatic),83,5243.05,No
1411,5119-NZPTV,Male,1,Yes,No,2,Yes,No,Fiber optic,No,No,No,No,No,No,Month-to-month,No,Electronic check,70.1,141.65,No
1412,6519-ZHPXP,Female,0,Yes,Yes,72,Yes,No,Fiber optic,Yes,Yes,Yes,Yes,Yes,Yes,Two year,Yes,Bank transfer (automatic),108.3,7679.65,No
1413,7739-LAXOG,Female,0,Yes,Yes,32,Yes,Yes,Fiber optic,No,No,Yes,No,No,Yes,Month-to-month,Yes,Bank transfer (automatic),91.05,2954.5,Yes
1414,3472-QPRCH,Male,0,Yes,Yes,40,Yes,Yes,No,No internet service,No internet service,No internet service,No internet service,No internet service,No internet service,Two year,No,Credit card (automatic),25.25,1006.9,No
1415,8224-UAXBZ,Female,0,Yes,No,58,No,No phone service,DSL,Yes,Yes,No,No,Yes,No,One year,Yes,Electronic check,45.35,2540.1,No
1416,9610-WCESF,Male,0,No,No,67,No,No phone service,DSL,Yes,No,No,Yes,Yes,No,Two year,No,Electronic check,43.9,3097.2,No
1417,9776-CLUJA,Female,1,Yes,No,51,Yes,Yes,Fiber optic,Yes,No,No,No,No,No,Month-to-month,Yes,Electronic check,77.5,3807.35,Yes
1418,2486-WYVVE,Male,0,Yes,No,31,Yes,Yes,DSL,No,No,Yes,Yes,Yes,Yes,One year,Yes,Mailed check,79.3,2484,No
1419,3865-ZYKAD,Male,1,Yes,No,69,Yes,Yes,Fiber optic,Yes,Yes,No,No,No,No,Month-to-month,Yes,Credit card (automatic),84.9,5785.65,No
1420,1422-DGUBX,Male,0,Yes,No,32,Yes,Yes,Fiber optic,No,No,No,Yes,No,No,One year,Yes,Electronic check,79.25,2619.15,No
1421,2999-AANRQ,Female,0,No,No,21,Yes,No,DSL,Yes,Yes,No,Yes,Yes,No,Two year,No,Credit card (automatic),71.05,1524.85,No
1422,8668-KNZTI,Male,0,No,No,52,,No,DSL,Yes,No,Yes,No,No,No,One year,No,Electronic check,53.75,2790.65,No
1423,0480-KYJVA,Female,0,Yes,Yes,72,Yes,Yes,No,No internet service,No internet service,No internet service,No internet service,No internet service,No internet service,Two year,No,Credit card (automatic),24.25,1784.5,No
1424,6034-ZRYCV,Female,0,Yes,No,72,No,No phone service,DSL,No,Yes,Yes,No,Yes,Yes,Two year,Yes,Electronic check,54.2,3937.45,Yes
1425,9746-YKGXB,Male,0,Yes,Yes,52,No,No phone service,DSL,Yes,No,Yes,No,No,Yes,One year,No,Bank transfer (automatic),44.25,2276.1,No
1426,3926-YZVVX,Female,0,No,No,41,Yes,No,DSL,No,No,No,Yes,No,No,One year,No,Bank transfer (automatic),50.05,2029.05,No
1427,6000-UKLWI,Male,0,No,No,41,Yes,No,No,No internet service,No internet service,No internet service,No internet service,No internet service,No internet service,Two year,No,Mailed check,20.15,802.35,No
1428,2079-FBMZK,Female,0,No,No,6,Yes,No,Fiber optic,No,No,No,No,No,No,Month-to-month,Yes,Mailed check,69.25,418.4,Yes
1429,6332-FBZRI,Male,0,Yes,Yes,67,Yes,Yes,DSL,Yes,Yes,Yes,Yes,No,No,One year,Yes,Credit card (automatic),69.35,4653.25,No
1430,2096-XOTMO,Female,0,Yes,Yes,16,Yes,No,No,No internet service,No internet service,No internet service,No internet service,No internet service,No internet service,Month-to-month,No,Mailed check,19.35,275.9,No
1431,3266-FTKHB,Male,0,No,No,17,Yes,No,No,No internet service,No internet service,No internet service,No internet service,No internet service,No internet service,Two year,No,Mailed check,19.15,343.45,No
1432,8221-EQDGL,Male,0,Yes,No,35,Yes,No,DSL,Yes,Yes,Yes,No,No,No,Month-to-month,No,Mailed check,61,2130.45,No
1433,2346-LOCWC,Female,0,Yes,Yes,58,Yes,No,No,No internet service,No internet service,No internet service,No internet service,No internet service,No internet service,Two year,No,Credit card (automatic),20.5,1191.4,No
1434,6608-QQLVK,Male,0,No,No,1,Yes,No,DSL,No,No,Yes,No,No,No,Month-to-month,Yes,Electronic check,50.5,50.5,Yes
1435,0298-XACET,Male,0,Yes,Yes,52,No,No phone service,DSL,No,Yes,Yes,Yes,Yes,No,Two year,No,Mailed check,50.2,2554,No
1436,7560-QJAVJ,Female,0,No,No,70,Yes,No,DSL,Yes,No,Yes,Yes,Yes,Yes,Two year,No,Bank transfer (automatic),79.6,5589.45,No
1437,2995-YWTCD,Female,0,Yes,Yes,19,Yes,Yes,No,No internet service,No internet service,No internet service,No internet service,No internet service,No internet service,Two year,Yes,Bank transfer (automatic),24.9,467.7,No
1438,3551-HUAZH,Male,1,No,No,1,Yes,Yes,Fiber optic,No,No,No,No,No,No,Month-to-month,Yes,Electronic check,74.4,74.4,Yes
1439,9137-UIYPG,Female,0,Yes,Yes,35,Yes,No,Fiber optic,Yes,No,Yes,Yes,Yes,Yes,Month-to-month,Yes,Electronic check,106.9,3756.45,No
1440,2809-ZMYOQ,Female,0,No,No,32,Yes,Yes,Fiber optic,No,No,Yes,No,Yes,Yes,Month-to-month,Yes,Electronic check,101.35,3334.9,No
1441,5084-OOVCJ,Female,0,Yes,Yes,17,Yes,No,DSL,Yes,No,No,Yes,No,No,Month-to-month,Yes,Credit card (automatic),55.35,920.5,No
1442,0254-WWRKD,Female,0,Yes,Yes,67,Yes,No,DSL,No,Yes,No,No,No,No,One year,No,Credit card (automatic),50.55,3431.75,No
1443,7727-SHVZV,Female,0,No,No,9,Yes,No,No,No internet service,No internet service,No internet service,No internet service,No internet service,No internet service,Month-to-month,No,Bank transfer (automatic),19.5,150.35,No
1444,6302-JGYRJ,Male,0,No,Yes,31,Yes,Yes,DSL,No,Yes,No,Yes,Yes,Yes,One year,Yes,Mailed check,79.45,2587.7,Yes
1445,5339-PXDVH,Male,0,No,No,4,Yes,Yes,Fiber optic,Yes,No,No,No,Yes,No,Month-to-month,No,Electronic check,90.65,367.95,No
1446,2205-LPVGL,Male,1,Yes,Yes,58,Yes,Yes,Fiber optic,Yes,Yes,No,Yes,No,No,One year,Yes,Bank transfer (automatic),89.85,5125.75,No
1447,8782-NUUOL,Male,0,No,No,60,Yes,No,DSL,Yes,No,Yes,Yes,Yes,Yes,One year,No,Mailed check,79,4801.1,No
1448,3685-YLCMQ,Male,0,No,No,58,Yes,Yes,Fiber optic,No,No,Yes,Yes,Yes,Yes,One year,Yes,Electronic check,104.65,6219.6,Yes
1449,7601-WFVZV,Male,0,No,No,1,Yes,No,No,No internet service,No internet service,No internet service,No internet service,No internet service,No internet service,Month-to-month,No,Mailed check,19.55,19.55,No
1450,4609-KNNWG,Female,0,Yes,Yes,27,Yes,No,No,No internet service,No internet service,No internet service,No internet service,No internet service,No internet service,Two year,No,Mailed check,19.9,550.1,No
1451,4868-AADLV,Male,1,Yes,Yes,66,Yes,Yes,Fiber optic,Yes,Yes,Yes,Yes,Yes,Yes,One year,Yes,Electronic check,116.25,7862.25,No
1452,9529-OFXHY,Male,0,No,No,15,Yes,Yes,Fiber optic,Yes,No,No,No,Yes,No,Month-to-month,Yes,Bank transfer (automatic),87.75,1242.2,No
1453,8634-MPHTR,Male,1,Yes,No,47,Yes,Yes,Fiber optic,No,No,Yes,No,Yes,Yes,Month-to-month,Yes,Electronic check,100.05,4871.05,Yes
1454,2669-QVCRG,Female,0,No,No,41,Yes,Yes,Fiber optic,Yes,No,No,No,No,No,Month-to-month,Yes,Credit card (automatic),81.3,3190.65,No
1455,2478-EEWWM,Male,0,Yes,No,59,No,No phone service,DSL,No,No,No,No,Yes,Yes,Month-to-month,Yes,Electronic check,44.3,2666.75,No
1456,9174-IHETN,Female,0,No,Yes,50,Yes,No,Fiber optic,No,No,No,No,No,No,Two year,No,Credit card (automatic),70.35,3533.6,No
1457,2233-TXSIU,Male,0,Yes,Yes,17,No,No phone service,DSL,Yes,No,Yes,No,Yes,No,One year,No,Credit card (automatic),44.45,792.15,No
1458,9644-UMGQA,Male,0,Yes,Yes,6,Yes,No,DSL,Yes,No,No,No,No,No,Month-to-month,Yes,Electronic check,49.15,295.65,No
1459,3256-EZDBI,Male,1,Yes,No,51,No,No phone service,DSL,No,Yes,No,No,No,No,Month-to-month,Yes,Credit card (automatic),29.45,1459.35,No
1460,8761-NSOBC,Male,0,No,No,44,Yes,No,Fiber optic,No,Yes,No,Yes,Yes,Yes,Month-to-month,No,Electronic check,100.55,4398.15,Yes
1461,0419-YAAPX,Male,0,Yes,No,49,Yes,No,Fiber optic,No,Yes,No,No,Yes,No,Month-to-month,Yes,Credit card (automatic),85.3,4297.95,No
1462,8413-VONUO,Male,0,No,No,2,Yes,No,Fiber optic,No,Yes,No,No,Yes,Yes,Month-to-month,No,Electronic check,95.65,167.3,Yes
1463,0872-CASZJ,Male,0,Yes,No,59,Yes,Yes,DSL,Yes,No,No,Yes,No,Yes,One year,Yes,Mailed check,69.1,4096.9,No
1464,4726-DLWQN,Male,1,No,No,50,Yes,Yes,DSL,Yes,Yes,No,No,Yes,No,Month-to-month,Yes,Bank transfer (automatic),70.35,3454.6,No
1465,8164-OCKUJ,Female,0,Yes,Yes,59,Yes,No,No,No internet service,No internet service,No internet service,No internet service,No internet service,No internet service,Two year,No,Mailed check,20.6,1286,No
1466,3094-JOJAI,Male,0,No,No,18,Yes,Yes,Fiber optic,No,No,No,No,No,No,Month-to-month,No,Mailed check,74.15,1387,No
1467,9494-MRNYX,Male,0,No,No,10,Yes,Yes,Fiber optic,No,No,No,No,No,No,Month-to-month,No,Electronic check,75.05,786.3,No
1468,2599-CZABP,Male,0,Yes,No,14,Yes,No,DSL,No,No,No,No,No,No,One year,No,Electronic check,44.6,641.25,No
1469,7945-PRBVF,Male,0,No,No,35,Yes,No,No,No internet service,No internet service,No internet service,No internet service,No internet service,No internet service,Two year,No,Bank transfer (automatic),21.45,705.45,No
1470,4544-RXFMG,Male,0,Yes,Yes,8,Yes,No,DSL,No,No,No,No,No,No,One year,Yes,Mailed check,43.45,345.5,No
1471,0859-YGKFW,Male,0,Yes,Yes,18,Yes,No,No,No internet service,No internet service,No internet service,No internet service,No internet service,No internet service,One year,No,Bank transfer (automatic),20.05,345.9,No
1472,1150-FTQGN,Female,0,Yes,Yes,60,Yes,Yes,Fiber optic,Yes,Yes,No,No,Yes,No,One year,No,Bank transfer (automatic),94.15,5811.8,No
1473,9223-UCPVT,Female,0,No,No,1,Yes,No,Fiber optic,No,No,Yes,No,Yes,Yes,Month-to-month,No,Electronic check,94.4,94.4,Yes
1474,7196-LIWRH,Female,0,No,No,6,Yes,No,No,No internet service,No internet service,No internet service,No internet service,No internet service,No internet service,Two year,No,Mailed check,19.55,124.45,No
1475,5448-VWNAM,Female,0,No,Yes,19,Yes,Yes,DSL,Yes,Yes,No,Yes,Yes,No,Month-to-month,Yes,Mailed check,75.9,1375.6,No
1476,1177-XZBJL,Male,0,Yes,Yes,53,Yes,Yes,DSL,Yes,Yes,No,Yes,No,No,One year,No,Bank transfer (automatic),64.15,3491.55,No
1477,3518-FSTWG,Male,1,Yes,No,72,Yes,Yes,Fiber optic,Yes,Yes,Yes,No,Yes,Yes,Two year,Yes,Bank transfer (automatic),109.55,7920.7,No
1478,9330-VOFSZ,Female,0,Yes,No,60,Yes,Yes,Fiber optic,No,Yes,Yes,Yes,Yes,Yes,Two year,Yes,Credit card (automatic),110.8,6640.7,No
1479,4351-QLCSU,Female,0,No,No,1,Yes,No,DSL,No,No,No,No,Yes,No,Month-to-month,Yes,Credit card (automatic),55,55,Yes
1480,0939-EREMR,Female,0,No,Yes,13,Yes,No,DSL,No,No,Yes,Yes,No,No,Month-to-month,No,Mailed check,53.45,718.1,No
1481,9389-ACWBI,Female,0,Yes,Yes,5,Yes,No,Fiber optic,No,No,No,No,No,No,Month-to-month,No,Credit card (automatic),69.95,320.4,No
1482,5419-JPRRN,Male,0,No,No,1,Yes,Yes,Fiber optic,No,No,Yes,No,Yes,Yes,Month-to-month,Yes,Electronic check,101.45,101.45,Yes
1483,3644-QXEHN,Male,0,Yes,Yes,13,Yes,No,Fiber optic,No,No,Yes,No,Yes,Yes,Month-to-month,No,Electronic check,97,1334.45,No
1484,2911-IJORQ,Male,0,No,No,37,Yes,Yes,DSL,Yes,Yes,Yes,Yes,Yes,Yes,One year,Yes,Bank transfer (automatic),90.6,3358.65,No
1485,5921-NGYRH,Male,0,Yes,No,64,Yes,No,Fiber optic,Yes,No,No,No,No,No,Month-to-month,Yes,Mailed check,73.55,4764,No
1486,2100-BDNSN,Female,0,Yes,No,5,Yes,Yes,DSL,No,No,Yes,Yes,Yes,No,Month-to-month,No,Bank transfer (automatic),67.95,350.3,Yes
1487,5998-DZLYR,Female,0,Yes,No,61,Yes,Yes,Fiber optic,No,Yes,No,Yes,No,Yes,Two year,Yes,Bank transfer (automatic),94.35,5703,No
1488,0488-GSLFR,Female,0,No,No,1,Yes,No,Fiber optic,No,No,No,No,No,No,Month-to-month,Yes,Electronic check,69.5,69.5,Yes
1489,9318-NKNFC,Male,0,No,No,1,Yes,No,No,No internet service,No internet service,No internet service,No internet service,No internet service,No internet service,Month-to-month,Yes,Mailed check,18.85,18.85,Yes
1490,3985-HOYPM,Male,0,No,No,26,Yes,No,No,No internet service,No internet service,No internet service,No internet service,No internet service,No internet service,One year,No,Mailed check,19.4,525.55,No
1491,9728-FTTVZ,Female,0,No,No,1,Yes,No,Fiber optic,No,No,No,No,No,No,Month-to-month,Yes,Electronic check,69.2,69.2,Yes
1492,9548-LERKT,Male,0,Yes,No,24,Yes,No,No,No internet service,No internet service,No internet service,No internet service,No internet service,No internet service,Two year,No,Mailed check,19.75,483.15,No
1493,6576-FBXOJ,Male,0,Yes,No,17,No,No phone service,DSL,No,No,Yes,Yes,Yes,Yes,One year,No,Electronic check,54.6,934.8,No
1494,4310-KEDTB,Female,0,No,Yes,26,No,No phone service,DSL,No,No,Yes,No,No,No,Month-to-month,Yes,Mailed check,29.8,786.5,No
1495,7254-IQWOZ,Male,0,No,No,1,Yes,No,Fiber optic,No,No,No,No,No,No,Month-to-month,Yes,Electronic check,69.65,69.65,Yes
1496,2474-BRUCM,Male,1,Yes,No,40,Yes,Yes,Fiber optic,Yes,No,No,No,Yes,Yes,Month-to-month,No,Electronic check,101.85,4086.3,Yes
1497,4062-HBMOS,Male,0,No,No,52,Yes,Yes,Fiber optic,No,Yes,Yes,No,Yes,Yes,Month-to-month,Yes,Electronic check,103.05,5364.8,No
1498,0742-NXBGR,Female,0,No,No,1,Yes,No,Fiber optic,No,Yes,Yes,No,No,No,Month-to-month,Yes,Electronic check,82.3,82.3,Yes
1499,2676-ISHSF,Male,0,No,No,1,Yes,No,No,No internet service,No internet service,No internet service,No internet service,No internet service,No internet service,Month-to-month,No,Mailed check,20.3,20.3,No
1500,9236-NDUCW,Female,0,No,No,21,No,No phone service,DSL,Yes,No,No,Yes,No,No,Two year,No,Mailed check,35.1,770.4,No
1501,4753-PADAS,Female,0,Yes,No,67,Yes,Yes,Fiber optic,No,Yes,Yes,No,Yes,Yes,One year,Yes,Bank transfer (automatic),105.7,6816.95,No
1502,6103-QCKFX,Female,0,Yes,Yes,44,Yes,No,DSL,Yes,No,No,Yes,No,No,Month-to-month,No,Bank transfer (automatic),56.25,2419.55,No
1503,7781-EWARA,Male,0,Yes,Yes,70,No,No phone service,DSL,No,Yes,Yes,Yes,Yes,Yes,One year,No,Electronic check,60.35,4138.7,No
1504,6110-OHIHY,Male,0,No,No,3,Yes,No,Fiber optic,No,No,No,No,Yes,No,Month-to-month,No,Electronic check,79.25,267.6,Yes
1505,7018-FPXHH,Male,0,Yes,Yes,56,Yes,No,DSL,Yes,Yes,Yes,No,No,No,Two year,Yes,Bank transfer (automatic),59.8,3457.45,No
1506,5889-LFOLL,Female,0,No,No,13,Yes,Yes,Fiber optic,No,No,No,No,No,Yes,Month-to-month,Yes,Electronic check,84.6,1115.2,Yes
1507,5708-EVONK,Female,0,Yes,Yes,58,Yes,Yes,Fiber optic,Yes,Yes,No,No,No,Yes,Month-to-month,Yes,Bank transfer (automatic),93.4,5435.6,Yes
1508,8708-XPXHZ,Female,0,Yes,Yes,42,Yes,Yes,Fiber optic,No,No,No,No,Yes,Yes,Month-to-month,Yes,Electronic check,94.2,4186.3,Yes
1509,0616-ATFGB,Male,1,Yes,No,1,No,No phone service,DSL,No,No,No,No,No,No,Month-to-month,No,Electronic check,25.05,25.05,Yes
1510,0572-ZJKLT,Female,0,Yes,Yes,46,Yes,Yes,Fiber optic,Yes,No,Yes,Yes,No,Yes,Two year,No,Mailed check,99.65,4630.2,No
1511,5135-RDDQL,Female,0,Yes,Yes,63,Yes,No,DSL,Yes,No,No,No,No,No,Two year,Yes,Bank transfer (automatic),50.65,3221.25,No
1512,1353-LJWEM,Male,0,No,,11,Yes,No,DSL,No,Yes,Yes,Yes,No,No,Month-to-month,Yes,Electronic check,60.9,688.5,No
1513,1794-SWWKL,Male,0,Yes,Yes,15,Yes,Yes,DSL,No,No,Yes,Yes,No,No,Month-to-month,Yes,Bank transfer (automatic),59.65,867.1,No
1514,6166-YIPFO,Male,0,Yes,No,72,No,No phone service,DSL,Yes,Yes,Yes,Yes,Yes,Yes,Two year,Yes,Electronic check,64.7,4746.05,No
1515,7016-BPGEU,Female,0,No,No,29,No,No phone service,DSL,No,No,No,No,No,No,Month-to-month,Yes,Credit card (automatic),25.1,712.85,Yes
1516,6876-ADESB,Male,0,No,Yes,1,Yes,No,DSL,No,No,Yes,No,No,No,Month-to-month,No,Electronic check,48.95,48.95,Yes
1517,9332-GYWLO,Female,0,Yes,Yes,6,Yes,No,DSL,No,No,No,No,Yes,No,Month-to-month,No,Electronic check,54.85,355.1,No
1518,1963-SVUCV,Male,0,No,No,1,Yes,No,DSL,No,No,No,No,No,No,Month-to-month,No,Electronic check,45.3,45.3,Yes
1519,4184-VODJZ,Male,0,Yes,Yes,63,Yes,Yes,Fiber optic,No,Yes,No,No,No,Yes,One year,Yes,Electronic check,91.35,5764.7,No
1520,0220-EBGCE,Male,0,No,No,2,Yes,No,Fiber optic,No,No,Yes,No,No,Yes,Month-to-month,Yes,Electronic check,85.85,167.3,Yes
1521,1092-WPIVQ,Female,0,Yes,Yes,18,Yes,Yes,No,No internet service,No internet service,No internet service,No internet service,No internet service,No internet service,Two year,No,Mailed check,25.1,428.45,No
1522,7233-IOQNP,Female,0,Yes,No,43,No,No phone service,DSL,Yes,No,No,Yes,No,No,Month-to-month,No,Bank transfer (automatic),34,1505.35,No
1523,2834-JKOOW,Female,0,No,No,15,No,No phone service,DSL,Yes,Yes,Yes,Yes,No,No,One year,No,Mailed check,45.9,693.45,No
1524,2754-VDLTR,Male,0,No,Yes,10,Yes,Yes,Fiber optic,No,No,No,No,Yes,Yes,Month-to-month,No,Electronic check,95.2,930.4,Yes
1525,2400-FEQME,Male,0,Yes,Yes,55,Yes,No,No,No internet service,No internet service,No internet service,No internet service,No internet service,No internet service,Two year,No,Mailed check,20.5,1177.95,No
1526,3190-XFANI,Male,0,No,Yes,49,Yes,Yes,Fiber optic,No,No,No,Yes,Yes,Yes,One year,Yes,Bank transfer (automatic),100.6,5069.65,Yes
1527,7551-DACSP,Male,0,Yes,Yes,6,Yes,No,DSL,No,Yes,Yes,No,No,No,Month-to-month,Yes,Mailed check,55.3,324.25,Yes
1528,4957-SREEC,Male,0,Yes,Yes,70,Yes,No,No,No internet service,No internet service,No internet service,No internet service,No internet service,No internet service,Two year,No,Credit card (automatic),20.35,1458.1,No
1529,7235-NXZCP,Male,1,No,No,2,Yes,Yes,Fiber optic,No,No,No,No,No,No,Month-to-month,Yes,Mailed check,74.85,156.4,Yes
1530,0230-UBYPQ,Male,1,Yes,No,63,No,No phone service,DSL,Yes,No,No,Yes,No,No,One year,No,Bank transfer (automatic),36.1,2298.9,No
1531,4923-ADWXJ,Female,0,No,No,25,Yes,No,DSL,No,Yes,No,Yes,No,Yes,Month-to-month,Yes,Bank transfer (automatic),65.8,1679.65,No
1532,1763-KUAAW,Female,1,No,No,18,Yes,No,No,No internet service,No internet service,No internet service,No internet service,No internet service,No internet service,One year,No,Bank transfer (automatic),20.35,369.6,No
1533,1104-TNLZA,Male,1,Yes,No,28,Yes,Yes,Fiber optic,No,Yes,No,Yes,Yes,Yes,Month-to-month,Yes,Electronic check,105.8,2998,No
1534,5195-KPUNQ,Female,1,No,No,53,Yes,No,Fiber optic,Yes,Yes,No,Yes,No,Yes,One year,Yes,Mailed check,96.75,5206.55,No
1535,0520-FDVVT,Male,0,No,No,35,Yes,No,Fiber optic,No,Yes,Yes,No,Yes,Yes,One year,Yes,Bank transfer (automatic),102.35,3626.1,Yes
1536,3439-GVUSX,Male,0,No,No,1,No,No phone service,DSL,No,No,No,No,No,No,Month-to-month,No,Mailed check,24.4,24.4,No
1537,1444-VVSGW,Male,0,Yes,No,70,Yes,Yes,Fiber optic,Yes,Yes,Yes,Yes,Yes,Yes,One year,No,Credit card (automatic),115.65,7968.85,Yes
1538,5712-PTIWW,Male,0,No,No,2,Yes,No,Fiber optic,No,No,Yes,Yes,No,No,Month-to-month,Yes,Electronic check,79.85,152.45,Yes
1539,5949-HGVJL,Female,0,Yes,No,26,Yes,No,DSL,No,Yes,No,Yes,Yes,Yes,Month-to-month,Yes,Electronic check,73.05,1959.5,No
1540,5203-XEHAX,Female,0,No,No,34,Yes,No,DSL,Yes,Yes,No,No,No,Yes,One year,No,Electronic check,64.35,2053.05,No
1541,1635-HDGFT,Female,0,No,Yes,19,Yes,No,No,No internet service,No internet service,No internet service,No internet service,No internet service,No internet service,Two year,No,Mailed check,20.5,398.55,No
1542,3315-TOTBP,Male,0,No,No,15,Yes,Yes,Fiber optic,No,No,No,No,No,No,Month-to-month,Yes,Mailed check,76,1130.85,Yes
1543,8050-XGRVL,Female,0,Yes,Yes,62,Yes,No,DSL,Yes,No,Yes,No,No,No,One year,No,Credit card (automatic),54.75,3425.35,No
1544,6661-HBGWL,Female,1,No,No,42,Yes,Yes,Fiber optic,No,Yes,Yes,No,Yes,Yes,Month-to-month,Yes,Bank transfer (automatic),104.75,4323.45,Yes
1545,1518-VOWAV,Female,0,No,No,9,Yes,No,DSL,Yes,Yes,No,No,Yes,Yes,Month-to-month,Yes,Electronic check,74.65,703.55,Yes
1546,9828-QHFBK,Male,0,No,No,24,Yes,No,DSL,Yes,No,No,No,No,No,Month-to-month,Yes,Electronic check,51.15,1275.7,No
1547,3908-MKIMJ,Male,1,Yes,No,68,No,No phone service,DSL,Yes,Yes,Yes,No,No,No,Two year,Yes,Electronic check,41.95,2965.75,No
1548,5012-YSPJJ,Male,0,Yes,Yes,31,Yes,No,DSL,No,No,Yes,Yes,No,No,Month-to-month,No,Mailed check,54.35,1647,No
1549,5909-ECHUI,Female,0,No,No,1,Yes,No,DSL,No,No,No,No,No,Yes,Month-to-month,Yes,Electronic check,56.25,56.25,Yes
1550,1309-BXVOQ,Male,0,Yes,No,21,Yes,Yes,Fiber optic,No,No,Yes,Yes,Yes,Yes,Month-to-month,Yes,Electronic check,106.1,2249.95,Yes
1551,6728-VOIFY,Female,0,Yes,No,63,Yes,No,Fiber optic,No,Yes,No,No,Yes,Yes,One year,Yes,Electronic check,96,6109.75,No
1552,9317-WZPGV,Female,1,No,No,2,Yes,No,Fiber optic,No,No,No,No,No,Yes,Month-to-month,Yes,Bank transfer (automatic),79.75,159.4,Yes
1553,4891-NLUBA,Female,0,Yes,Yes,61,No,No phone service,DSL,No,Yes,Yes,Yes,Yes,Yes,Two year,Yes,Bank transfer (automatic),61.45,3751.15,No
1554,2856-HYAPG,Female,0,No,No,1,Yes,No,Fiber optic,No,No,No,No,No,No,Month-to-month,No,Electronic check,68.65,68.65,Yes
1555,8969-PRHFK,Male,0,No,No,18,Yes,No,No,No internet service,No internet service,No internet service,No internet service,No internet service,No internet service,One year,No,Mailed check,19.65,411.25,No
1556,0661-KQHNK,Female,0,Yes,Yes,6,Yes,No,No,No internet service,No internet service,No internet service,No internet service,No internet service,No internet service,One year,No,Credit card (automatic),19,105.5,No
1557,8709-KRDVL,Female,0,No,No,33,Yes,Yes,Fiber optic,No,Yes,No,No,Yes,Yes,Month-to-month,Yes,Electronic check,100,3320.6,No
1558,4488-PSYCG,Male,0,No,No,16,Yes,No,No,No internet service,No internet service,No internet service,No internet service,No internet service,No internet service,Month-to-month,No,Bank transfer (automatic),20.25,327.45,Yes
1559,1427-VERSM,Female,0,Yes,No,56,Yes,No,Fiber optic,No,No,Yes,Yes,Yes,Yes,Month-to-month,Yes,Electronic check,98.7,5669.5,No
1560,9801-NOSHQ,Male,0,No,Yes,23,Yes,No,No,No internet service,No internet service,No internet service,No internet service,No internet service,No internet service,One year,No,Mailed check,19.8,465.45,No
1561,6339-YPSAH,Male,0,No,No,9,Yes,No,Fiber optic,No,No,Yes,No,No,No,Month-to-month,Yes,Electronic check,73.8,704.3,No
1562,3621-CEOVK,Female,1,Yes,No,14,Yes,Yes,Fiber optic,No,Yes,No,No,Yes,Yes,Month-to-month,Yes,Electronic check,100.2,1369.8,Yes
1563,6906-ANDWJ,Male,0,Yes,Yes,15,Yes,Yes,Fiber optic,No,No,No,No,No,No,Month-to-month,Yes,Bank transfer (automatic),74.9,1107.25,Yes
1564,2159-TURXX,Male,0,No,No,5,Yes,No,No,No internet service,No internet service,No internet service,No internet service,No internet service,No internet service,Month-to-month,No,Credit card (automatic),20.05,95.55,No
1565,1548-FEHVL,Male,0,Yes,No,61,Yes,Yes,Fiber optic,Yes,Yes,No,No,Yes,Yes,Month-to-month,Yes,Electronic check,106.2,6375.2,No
1566,3795-CAWEX,Male,0,Yes,Yes,70,Yes,Yes,Fiber optic,Yes,Yes,Yes,Yes,Yes,Yes,Two year,Yes,Credit card (automatic),116.55,8152.3,No
1567,6215-NQCPY,Male,0,No,No,15,Yes,Yes,Fiber optic,Yes,No,No,No,Yes,Yes,Month-to-month,Yes,Electronic check,99.7,1566.75,No
1568,5647-URDKA,Male,0,Yes,Yes,8,Yes,No,No,No internet service,No internet service,No internet service,No internet service,No internet service,No internet service,Two year,No,Mailed check,19.7,130.25,No
1569,2229-DPMBI,Female,0,Yes,Yes,8,Yes,No,No,No internet service,No internet service,No internet service,No internet service,No internet service,No internet service,Two year,No,Mailed check,19.5,162.15,No
1570,9626-WEQRM,Female,0,No,No,4,No,No phone service,DSL,Yes,No,No,No,No,No,Month-to-month,Yes,Mailed check,29.15,110.05,No
1571,2188-SXWVT,Female,0,No,No,34,Yes,No,DSL,Yes,Yes,No,No,No,No,One year,No,Mailed check,55,1885.15,No
1572,6258-PVZWJ,Male,0,Yes,No,68,Yes,Yes,DSL,Yes,Yes,Yes,Yes,Yes,Yes,Two year,Yes,Credit card (automatic),90.8,6302.85,No
1573,1094-BKOSX,Female,0,Yes,Yes,45,No,No phone service,DSL,No,Yes,Yes,Yes,No,Yes,One year,No,Bank transfer (automatic),51,2264.5,No
1574,6969-MVBAI,Female,1,No,No,9,Yes,Yes,Fiber optic,No,No,Yes,No,Yes,No,Month-to-month,Yes,Electronic check,90.1,816.8,No
1575,2978-XXSOG,Female,0,No,No,22,Yes,Yes,DSL,Yes,No,No,Yes,No,No,Month-to-month,Yes,Mailed check,59.05,1253.5,No
1576,2342-CKIAO,Female,0,No,No,2,Yes,No,No,No internet service,No internet service,No internet service,No internet service,No internet service,No internet service,Month-to-month,No,Mailed check,20.3,41.2,No
1577,6953-PBDIN,Male,0,Yes,No,70,Yes,Yes,DSL,No,Yes,Yes,Yes,Yes,No,Two year,No,Bank transfer (automatic),72.95,5265.55,No
1578,3898-BSJYF,Female,0,No,Yes,10,Yes,Yes,DSL,Yes,No,Yes,Yes,No,Yes,One year,No,Credit card (automatic),73.55,693.3,No
1579,3938-YFPXD,Male,0,No,No,72,Yes,Yes,DSL,Yes,No,Yes,Yes,Yes,Yes,Two year,No,Credit card (automatic),84.3,5997.1,No
1580,7696-AMHOD,Female,0,Yes,Yes,49,Yes,,DSL,No,Yes,Yes,No,Yes,Yes,One year,No,Credit card (automatic),78,3824.2,No
1581,2453-SAFNS,Female,1,No,No,54,Yes,Yes,DSL,No,Yes,No,Yes,Yes,No,One year,No,Mailed check,72.1,3886.05,No
1582,9558-IHEZX,Female,0,No,No,71,Yes,Yes,Fiber optic,Yes,Yes,Yes,No,Yes,Yes,Two year,Yes,Credit card (automatic),106.75,7283.25,No
1583,9617-UDPEU,Female,0,No,No,22,Yes,No,No,No internet service,No internet service,No internet service,No internet service,No internet service,No internet service,One year,Yes,Mailed check,19.25,412.55,No
1584,6340-DACFT,Female,0,Yes,Yes,50,Yes,No,No,No internet service,No internet service,No internet service,No internet service,No internet service,No internet service,Two year,No,Credit card (automatic),20.55,1070.25,No
1585,4955-VCWBI,Female,0,Yes,Yes,43,Yes,No,No,No internet service,No internet service,No internet service,No internet service,No internet service,No internet service,One year,No,Mailed check,20,817.95,No
1586,6813-GZQCG,Female,0,Yes,Yes,45,Yes,Yes,No,No internet service,No internet service,No internet service,No internet service,No internet service,No internet service,Two year,Yes,Credit card (automatic),24.65,1171.3,No
1587,7426-GSWPO,Male,1,No,No,64,Yes,Yes,Fiber optic,Yes,Yes,No,No,Yes,Yes,Month-to-month,Yes,Bank transfer (automatic),103.5,6548.65,No
1588,3389-KTRXV,Female,0,Yes,Yes,23,Yes,Yes,No,No internet service,No internet service,No internet service,No internet service,No internet service,No internet service,Two year,No,Mailed check,23.85,625.65,No
1589,3118-UHVVQ,Female,0,Yes,No,68,Yes,Yes,No,No internet service,No internet service,No internet service,No internet service,No internet service,No internet service,Two year,No,Credit card (automatic),25.8,1911.5,No
1590,1031-IIDEO,Female,0,No,No,1,Yes,No,Fiber optic,No,No,No,No,No,No,Month-to-month,Yes,Electronic check,70.85,70.85,Yes
1591,5832-XKAES,Male,0,No,No,2,Yes,No,Fiber optic,No,No,No,No,No,No,Month-to-month,Yes,Credit card (automatic),69.8,134.7,Yes
1592,3205-MXZRA,Male,0,No,No,26,Yes,No,DSL,No,No,No,Yes,Yes,No,One year,No,Credit card (automatic),59.45,1507,No
1593,4701-AHWMW,Male,0,Yes,No,55,No,No phone service,DSL,No,No,Yes,Yes,Yes,Yes,Month-to-month,Yes,Bank transfer (automatic),54.55,2978.3,Yes
1594,8317-BVKSO,Male,0,No,No,14,Yes,No,No,No internet service,No internet service,No internet service,No internet service,No internet service,No internet service,Month-to-month,Yes,Electronic check,20.05,299.3,No
1595,5702-KVQRD,Male,0,Yes,No,71,Yes,No,DSL,Yes,No,Yes,Yes,Yes,Yes,Two year,Yes,Electronic check,82.55,5832.65,No
1596,0083-PIVIK,Male,0,No,No,64,Yes,Yes,DSL,Yes,Yes,Yes,Yes,Yes,No,One year,No,Electronic check,81.25,5567.55,No
1597,9210-IAHGH,Female,0,No,No,7,Yes,No,DSL,No,No,No,Yes,Yes,Yes,Month-to-month,Yes,Credit card (automatic),70.75,450.8,Yes
1598,6169-PGNCD,Female,0,No,No,57,Yes,No,DSL,Yes,Yes,Yes,Yes,Yes,No,Two year,Yes,Credit card (automatic),74.3,4166.35,No
1599,0023-XUOPT,Female,0,Yes,No,,Yes,Yes,Fiber optic,No,Yes,Yes,No,Yes,No,Month-to-month,No,Electronic check,94.1,1215.6,Yes
1600,4592-IWTJI,Female,0,Yes,Yes,3,No,No phone service,DSL,Yes,No,No,No,No,No,Month-to-month,No,Credit card (automatic),29.7,91.7,Yes
1601,4909-JOUPP,Male,1,Yes,No,72,Yes,Yes,Fiber optic,No,Yes,Yes,Yes,Yes,Yes,Two year,No,Credit card (automatic),109.7,7898.45,No
1602,4657-FWVFY,Female,0,Yes,Yes,40,Yes,Yes,Fiber optic,No,Yes,Yes,No,Yes,No,Month-to-month,Yes,Credit card (automatic),96.35,3915.4,No
1603,2257-BOVXD,Male,0,Yes,No,14,Yes,Yes,DSL,No,No,No,Yes,Yes,No,Month-to-month,Yes,Credit card (automatic),66.6,979.5,No
1604,7729-JTEEC,Male,0,Yes,Yes,2,Yes,No,DSL,No,No,No,No,No,No,Month-to-month,Yes,Electronic check,44.5,90.05,No
1605,7632-MNYOY,Male,1,No,No,66,Yes,Yes,Fiber optic,No,Yes,Yes,Yes,Yes,Yes,One year,No,Credit card (automatic),110.9,7432.05,Yes
1606,6518-LGAOV,Female,0,Yes,No,38,Yes,Yes,Fiber optic,No,No,Yes,Yes,Yes,Yes,Month-to-month,Yes,Electronic check,105,4026.4,Yes
1607,7242-QZLXF,Male,0,No,Yes,1,No,No phone service,DSL,No,No,No,No,No,No,Month-to-month,Yes,Electronic check,25.3,25.3,Yes
1608,4576-CSAJH,Male,0,No,No,22,Yes,No,DSL,No,Yes,No,Yes,No,No,One year,Yes,Credit card (automatic),55.15,1193.05,Yes
1609,1000-AJSLD,Male,0,No,No,1,Yes,No,No,No internet service,No internet service,No internet service,No internet service,No internet service,No internet service,Month-to-month,Yes,Mailed check,20.1,20.1,Yes
1610,9696-RMYBA,Male,0,No,No,5,Yes,No,Fiber optic,No,No,No,No,Yes,No,Month-to-month,Yes,Mailed check,80.1,398.55,No
1611,8690-UPCZI,Male,0,Yes,Yes,29,Yes,Yes,DSL,Yes,No,No,Yes,Yes,No,One year,No,Bank transfer (automatic),69.05,1958.45,No
1612,1062-LHZOD,Male,0,Yes,Yes,1,Yes,No,Fiber optic,No,No,No,No,No,No,Month-to-month,Yes,Mailed check,69.9,69.9,Yes
1613,9770-LXDBK,Female,0,No,No,3,Yes,No,No,No internet service,No internet service,No internet service,No internet service,No internet service,No internet service,Month-to-month,No,Mailed check,20.4,63.15,No
1614,4086-WITJG,Male,0,Yes,Yes,71,Yes,No,No,No internet service,No internet service,No internet service,No internet service,No internet service,No internet service,Two year,No,Credit card (automatic),19.7,1301.1,No
1615,8344-WFMFH,Male,0,No,Yes,9,Yes,No,DSL,No,Yes,No,No,No,No,Month-to-month,Yes,Electronic check,50.1,484.05,No
1616,9600-NAXZN,Male,0,No,No,43,Yes,Yes,Fiber optic,No,Yes,No,No,Yes,Yes,Month-to-month,Yes,Electronic check,101.4,4528,Yes
1617,8822-KNBHV,Female,0,No,No,48,Yes,Yes,DSL,Yes,Yes,Yes,No,Yes,Yes,One year,Yes,Credit card (automatic),83.45,3887.85,No
1618,8404-FYDIB,Male,0,No,No,26,Yes,Yes,Fiber optic,Yes,Yes,No,No,No,No,Month-to-month,Yes,Credit card (automatic),86.65,2208.75,No
1619,2791-SFVEW,Female,0,No,No,9,Yes,No,No,No internet service,No internet service,No internet service,No internet service,No internet service,No internet service,Month-to-month,No,Bank transfer (automatic),20.15,238.15,No
1620,6457-USBER,Male,0,No,No,1,Yes,No,Fiber optic,No,No,No,No,No,Yes,Month-to-month,Yes,Electronic check,80.8,80.8,Yes
1621,6762-NSODU,Female,0,Yes,Yes,46,Yes,No,No,No internet service,No internet service,No internet service,No internet service,No internet service,No internet service,Two year,No,Credit card (automatic),19.4,958.15,No
1622,4662-EKDPQ,Male,0,No,No,2,Yes,Yes,DSL,No,No,No,No,No,Yes,Month-to-month,No,Bank transfer (automatic),62.05,118.3,Yes
1623,9248-OJYKK,Male,1,No,No,1,Yes,Yes,Fiber optic,No,No,No,No,No,No,Month-to-month,Yes,Electronic check,76.45,76.45,Yes
1624,9888-ZCUMM,Male,0,Yes,Yes,64,No,No phone service,DSL,Yes,No,Yes,Yes,Yes,Yes,Two year,Yes,Bank transfer (automatic),60.05,3845.45,No
1625,3398-FSHON,Female,1,No,No,12,Yes,Yes,Fiber optic,No,Yes,No,No,Yes,No,Month-to-month,Yes,Electronic check,91.3,1094.5,Yes
1626,3319-DWOEP,Male,1,Yes,No,6,Yes,No,Fiber optic,No,No,Yes,No,Yes,Yes,Month-to-month,Yes,Electronic check,95.75,573.75,Yes
1627,1074-WVEVG,Female,0,Yes,No,59,Yes,No,No,No internet service,No internet service,No internet service,No internet service,No internet service,No internet service,One year,No,Mailed check,20.35,1267,No
1628,9979-RGMZT,Female,0,No,No,7,Yes,No,Fiber optic,No,Yes,No,No,Yes,Yes,One year,Yes,Mailed check,94.05,633.45,No
1629,6437-UDQJM,Female,1,Yes,No,72,Yes,Yes,DSL,Yes,Yes,Yes,No,Yes,Yes,Two year,Yes,Credit card (automatic),84.1,6129.65,No
1630,1226-IENZN,Male,1,No,No,16,Yes,No,Fiber optic,No,No,No,No,No,Yes,Month-to-month,Yes,Electronic check,78.75,1218.25,No
1631,2108-GLPQB,Male,0,Yes,No,25,Yes,Yes,DSL,No,No,Yes,No,No,No,Month-to-month,No,Credit card (automatic),55.55,1405.3,No
1632,9259-PACGQ,,0,Yes,No,34,Yes,Yes,DSL,Yes,Yes,No,Yes,No,No,Month-to-month,No,Electronic check,62.65,2274.9,Yes
1633,4415-IJZTP,Female,0,No,No,1,Yes,Yes,Fiber optic,No,No,No,No,No,No,Month-to-month,Yes,Electronic check,74.5,74.5,Yes
1634,1465-VINDH,Female,0,Yes,Yes,10,Yes,Yes,Fiber optic,No,Yes,Yes,No,Yes,Yes,Month-to-month,Yes,Credit card (automatic),102.1,1068.85,Yes
1635,5474-LAMUQ,Male,0,Yes,No,24,Yes,No,No,No internet service,No internet service,No internet service,No internet service,No internet service,No internet service,One year,No,Mailed check,20.1,533.9,No
1636,3468-DRVQJ,Female,0,Yes,Yes,10,Yes,Yes,DSL,Yes,Yes,No,No,Yes,No,One year,No,Electronic check,70.3,676.15,No
1637,1122-YJBCS,Male,0,Yes,No,69,Yes,No,DSL,Yes,Yes,No,No,No,No,One year,Yes,Credit card (automatic),53.65,3804.4,No
1638,4990-ALDGW,Male,0,No,No,57,Yes,No,No,No internet service,No internet service,No internet service,No internet service,No internet service,No internet service,Two year,No,Mailed check,20.75,1118.8,No
1639,4816-OKWNX,Male,0,Yes,Yes,50,Yes,No,Fiber optic,No,Yes,Yes,Yes,Yes,Yes,One year,Yes,Bank transfer (automatic),103.4,5236.4,No
1640,3315-IKYZQ,Male,0,Yes,Yes,28,No,No phone service,DSL,Yes,No,Yes,Yes,Yes,No,One year,No,Mailed check,50.8,1386.8,No
1641,2810-FTLEM,Female,0,No,No,16,Yes,No,DSL,Yes,No,No,No,No,No,Month-to-month,Yes,Electronic check,50.15,762.25,Yes
1642,4747-LCAQL,Male,0,No,No,25,Yes,No,DSL,Yes,Yes,No,Yes,Yes,Yes,Month-to-month,Yes,Mailed check,79,1902,No
1643,3411-WLRSQ,Female,1,Yes,No,3,Yes,No,Fiber optic,No,Yes,No,No,No,No,Month-to-month,Yes,Bank transfer (automatic),74.6,239.05,No
1644,0898-XCGTF,Male,0,Yes,No,61,Yes,Yes,Fiber optic,No,No,No,No,Yes,Yes,One year,Yes,Bank transfer (automatic),96.5,5673.7,No
1645,8006-PYCSW,Female,0,No,No,2,Yes,No,No,No internet service,No internet service,No internet service,No internet service,No internet service,No internet service,Month-to-month,No,Mailed check,20.1,39.8,No
1646,8249-THVEC,Male,0,Yes,Yes,51,Yes,No,No,No internet service,No internet service,No internet service,No internet service,No internet service,No internet service,One year,No,Mailed check,19.4,997.75,No
1647,8722-PRFDV,Female,0,Yes,Yes,71,Yes,No,DSL,Yes,No,Yes,No,Yes,Yes,Two year,No,Credit card (automatic),77.55,5574.35,No
1648,2164-SOQXL,Female,0,Yes,Yes,20,Yes,No,No,No internet service,No internet service,No internet service,No internet service,No internet service,No internet service,Month-to-month,No,Mailed check,20.05,406.05,No
1649,4020-KIUDI,Male,0,Yes,Yes,6,Yes,No,No,No internet service,No internet service,No internet service,No internet service,No internet service,No internet service,Month-to-month,No,Credit card (automatic),19.85,138.85,No
1650,5850-BDWCY,Female,0,No,No,6,Yes,No,No,No internet service,No internet service,No internet service,No internet service,No internet service,No internet service,Month-to-month,No,Mailed check,20.2,123.65,No
1651,2038-YSEZE,Female,0,No,No,29,Yes,Yes,DSL,Yes,Yes,No,Yes,No,No,Month-to-month,No,Mailed check,67.45,1801.1,No
1652,0827-ITJPH,Male,0,No,No,36,Yes,No,No,No internet service,No internet service,No internet service,No internet service,No internet service,No internet service,Two year,Yes,Credit card (automatic),18.55,689,No
1653,8799-OXZMD,Female,0,No,No,28,No,No phone service,DSL,No,No,Yes,No,No,No,Month-to-month,Yes,Mailed check,29.75,790.7,No
1654,1925-TIBLE,Female,0,Yes,No,7,Yes,Yes,Fiber optic,No,No,No,No,Yes,No,Month-to-month,Yes,Electronic check,86.5,582.5,Yes
1655,1705-GUHPV,Female,0,No,No,63,Yes,Yes,No,No internet service,No internet service,No internet service,No internet service,No internet service,No internet service,Two year,No,Mailed check,24.2,1618.2,No
1656,4779-ZGICK,Male,0,Yes,Yes,48,Yes,Yes,No,No internet service,No internet service,No internet service,No internet service,No internet service,No internet service,Two year,No,Mailed check,23.55,1173.35,
1657,0048-PIHNL,Female,0,Yes,No,49,Yes,No,No,No internet service,No internet service,No internet service,No internet service,No internet service,No internet service,One year,No,Bank transfer (automatic),20.45,900.9,No
1658,0818-OCPZO,Male,1,No,No,27,Yes,Yes,Fiber optic,No,Yes,No,No,No,No,Month-to-month,Yes,Electronic check,81.45,2122.05,Yes
1659,3967-KXAPS,Male,0,Yes,No,72,Yes,Yes,DSL,Yes,Yes,Yes,Yes,Yes,Yes,Two year,No,Credit card (automatic),92.3,6719.9,No
1660,1447-GIQMR,Male,0,Yes,No,1,Yes,No,Fiber optic,No,No,No,No,No,No,Month-to-month,Yes,Electronic check,69.15,69.15,Yes
1661,3704-IEAXF,Female,0,Yes,Yes,72,No,No phone service,DSL,No,Yes,No,Yes,Yes,Yes,Two year,No,Credit card (automatic),53.65,3784,No
1662,6810-VCAEX,Female,0,No,No,47,No,No phone service,DSL,Yes,Yes,No,Yes,No,No,One year,No,Credit card (automatic),39.65,1798.65,No
1663,0674-EYYZV,Female,0,No,No,1,Yes,No,DSL,No,No,No,No,Yes,No,Month-to-month,Yes,Electronic check,54.65,54.65,No
1664,4480-MBMLB,Female,0,No,No,36,Yes,Yes,Fiber optic,No,Yes,Yes,No,Yes,Yes,One year,Yes,Bank transfer (automatic),104.8,3886.45,No
1665,1395-OFUWC,Male,0,Yes,Yes,43,No,No phone service,DSL,No,Yes,No,No,No,No,Month-to-month,No,Credit card (automatic),29.3,1224.05,No
1666,0822-QGCXA,Female,1,Yes,No,27,Yes,Yes,DSL,No,Yes,Yes,Yes,Yes,Yes,Month-to-month,No,Electronic check,83.85,2310.2,No
1667,0872-NXJYS,Female,0,No,No,9,Yes,No,Fiber optic,No,No,No,No,No,Yes,Month-to-month,Yes,Electronic check,79.55,723.4,Yes
1668,2832-KJCRD,Female,0,No,No,38,Yes,Yes,Fiber optic,No,No,Yes,Yes,Yes,Yes,Month-to-month,Yes,Electronic check,103.65,3988.5,No
1669,3588-WSTTJ,Female,1,No,No,35,Yes,Yes,Fiber optic,Yes,No,No,No,Yes,Yes,Month-to-month,Yes,Electronic check,99.05,3554.6,No
1670,4075-WKNIU,Female,0,Yes,Yes,0,Yes,Yes,DSL,No,Yes,Yes,Yes,Yes,No,Two year,No,Mailed check,73.35, ,No
1671,5090-EMGTC,Female,0,Yes,No,59,Yes,No,Fiber optic,No,Yes,No,Yes,Yes,Yes,Two year,Yes,Mailed check,100.05,6034.85,No
1672,2346-CZYIL,Male,0,No,No,27,Yes,No,No,No internet service,No internet service,No internet service,No internet service,No internet service,No internet service,Two year,No,Credit card (automatic),20.35,531.6,No
1673,3798-EPWRR,Female,1,No,No,2,Yes,No,DSL,No,No,No,No,No,No,Month-to-month,No,Electronic check,43.95,85.1,No
1674,6258-NGCNG,Male,0,No,No,7,Yes,Yes,No,No internet service,No internet service,No internet service,No internet service,No internet service,No internet service,Month-to-month,No,Mailed check,23.5,173,No
1675,4186-ZBUEW,Female,0,No,No,,Yes,Yes,DSL,No,Yes,No,Yes,No,Yes,One year,Yes,Mailed check,70.7,2511.95,No
1676,5274-XHAKY,Female,0,Yes,Yes,41,Yes,Yes,Fiber optic,Yes,Yes,No,No,Yes,No,Month-to-month,Yes,Bank transfer (automatic),94.3,3893.6,No
1677,1442-BQPVU,Female,0,No,No,13,No,No phone service,DSL,No,Yes,No,No,No,No,Month-to-month,No,Electronic check,29.15,357.15,No
1678,3978-YNKDD,Male,0,No,Yes,19,Yes,No,No,No internet service,No internet service,No internet service,No internet service,No internet service,No internet service,Two year,No,Credit card (automatic),20.85,467.5,No
1679,4940-KHCWD,Female,0,Yes,No,60,No,No phone service,DSL,Yes,Yes,No,Yes,No,No,Two year,No,Bank transfer (automatic),37.7,2288.7,No
1680,9412-ARGBX,Female,0,No,Yes,48,Yes,No,Fiber optic,No,Yes,Yes,Yes,Yes,No,Two year,Yes,Mailed check,95.5,4627.85,Yes
1681,1389-CXMLU,Male,1,No,No,3,Yes,Yes,Fiber optic,No,No,Yes,No,Yes,No,Month-to-month,No,Electronic check,91.05,289.1,Yes
1682,9589-ABEPT,Male,0,Yes,No,69,Yes,Yes,Fiber optic,No,Yes,No,Yes,Yes,No,Two year,Yes,Mailed check,92.45,6460.55,No
1683,9388-ZEYVT,Male,0,No,No,43,No,No phone service,DSL,No,No,Yes,Yes,No,Yes,One year,No,Electronic check,44.15,1931.3,No
1684,0305-SQECB,Female,0,No,Yes,11,No,No phone service,DSL,Yes,No,No,Yes,No,No,One year,Yes,Mailed check,36.05,402.6,No
1685,7605-SNLQG,Female,0,Yes,No,45,Yes,No,DSL,No,No,Yes,No,No,No,Month-to-month,Yes,Credit card (automatic),50.25,2221.55,No
1686,4670-TABXH,Male,0,Yes,No,72,Yes,Yes,Fiber optic,No,Yes,Yes,Yes,Yes,Yes,Two year,Yes,Credit card (automatic),109.75,7758.9,No
1687,5561-NWEVX,Female,1,Yes,No,2,Yes,Yes,Fiber optic,No,No,Yes,No,No,No,Month-to-month,No,Electronic check,79.2,172.85,Yes
1688,0064-SUDOG,Female,0,Yes,Yes,12,Yes,No,No,No internet service,No internet service,No internet service,No internet service,No internet service,No internet service,Two year,No,Bank transfer (automatic),20.3,224.5,No
1689,8561-NMTBD,Female,0,Yes,Yes,67,Yes,Yes,Fiber optic,No,Yes,Yes,Yes,Yes,Yes,One year,Yes,Credit card (automatic),112.35,7388.45,No
1690,5161-XEUVX,Male,0,Yes,No,37,Yes,Yes,Fiber optic,No,No,Yes,Yes,Yes,No,Two year,No,Mailed check,94.3,3460.95,No
1691,8292-FRFZQ,Female,0,No,No,39,No,No phone service,DSL,Yes,Yes,No,Yes,No,No,One year,No,Bank transfer (automatic),41.15,1700.9,No
1692,8591-NXRCV,Female,0,No,No,41,Yes,Yes,DSL,Yes,No,Yes,Yes,No,Yes,Month-to-month,Yes,Bank transfer (automatic),74.65,3090.65,No
1693,7895-VONWT,Female,0,No,No,25,No,No phone service,DSL,No,No,Yes,No,Yes,Yes,Month-to-month,Yes,Electronic check,48.25,1293.8,No
1694,4526-RMTLL,Male,0,Yes,Yes,8,Yes,Yes,DSL,Yes,Yes,No,Yes,No,Yes,Two year,Yes,Credit card (automatic),76.15,645.8,No
1695,6253-GNHWH,Female,0,Yes,Yes,71,Yes,Yes,DSL,Yes,Yes,Yes,Yes,No,No,Two year,No,Mailed check,71.1,5224.95,No
1696,4566-NECEV,Male,0,No,No,5,Yes,Yes,Fiber optic,No,Yes,Yes,No,No,Yes,Month-to-month,No,Electronic check,96.55,500.1,No
1697,8080-POTJR,Female,0,No,No,30,Yes,Yes,DSL,Yes,No,Yes,No,Yes,Yes,One year,,Credit card (automatic),79.3,2427.1,No
1698,6906-MPARY,Male,0,No,No,40,Yes,No,Fiber optic,No,Yes,No,Yes,No,Yes,One year,Yes,Credit card (automatic),89.6,3488.15,No
1699,3662-FXJFO,Female,0,No,No,54,Yes,No,No,No internet service,No internet service,No internet service,No internet service,No internet service,No internet service,Two year,Yes,Mailed check,20.5,1035.7,No
1700,8107-RZLNV,Male,0,Yes,No,72,Yes,Yes,Fiber optic,No,Yes,Yes,No,Yes,Yes,Two year,Yes,Bank transfer (automatic),106.3,7565.35,No
1701,0516-OOHAR,Male,0,Yes,Yes,28,Yes,No,Fiber optic,No,Yes,Yes,No,Yes,Yes,One year,No,Bank transfer (automatic),100.35,2799,No
1702,2027-CWDNU,Male,0,Yes,Yes,18,Yes,No,Fiber optic,No,No,No,Yes,No,Yes,Month-to-month,Yes,Electronic check,85.6,1601.5,No
1703,2737-WFVYW,Female,0,No,No,2,No,No phone service,DSL,No,No,No,No,Yes,Yes,Month-to-month,Yes,Electronic check,45.25,85.5,Yes
1704,9912-OMZDS,Female,0,Yes,Yes,59,Yes,Yes,Fiber optic,No,Yes,Yes,No,Yes,Yes,One year,Yes,Electronic check,106.15,6256.2,No
1705,3733-ZEECP,Male,0,Yes,Yes,22,Yes,No,DSL,No,No,No,Yes,No,No,Month-to-month,Yes,Electronic check,51.1,1232.9,No
1706,7878-RTCZG,Female,0,No,No,1,Yes,No,No,No internet service,No internet service,No internet service,No internet service,No internet service,No internet service,Month-to-month,No,Mailed check,19.9,19.9,No
1707,2452-MRMZF,Female,1,Yes,No,72,Yes,Yes,No,No internet service,No internet service,No internet service,No internet service,No internet service,No internet service,Two year,Yes,Credit card (automatic),25.7,1937.4,No
1708,2272-QAGFO,Female,1,No,No,14,Yes,Yes,Fiber optic,No,No,No,No,No,No,Month-to-month,Yes,Electronic check,74.3,1096.25,Yes
1709,7103-IPXPJ,Male,0,Yes,No,50,Yes,Yes,Fiber optic,No,No,No,Yes,Yes,Yes,One year,No,Electronic check,99.4,5059.75,No
1710,4342-HFXWS,Female,0,Yes,Yes,48,Yes,No,DSL,Yes,No,Yes,Yes,Yes,No,One year,No,Bank transfer (automatic),69.7,3023.65,No
1711,3545-CNWRG,Female,0,Yes,Yes,49,Yes,Yes,Fiber optic,No,Yes,No,No,Yes,Yes,Month-to-month,Yes,Electronic check,98.35,4889.2,No
1712,1785-BPHTP,Male,0,Yes,Yes,28,Yes,No,Fiber optic,No,No,Yes,No,Yes,No,Month-to-month,No,Electronic check,85.45,2289.9,No
1713,4989-LIXVT,Male,1,No,No,68,Yes,Yes,Fiber optic,No,Yes,Yes,No,No,Yes,Month-to-month,Yes,Electronic check,95.9,6503.2,No
1714,7315-WYOAW,Male,0,No,No,13,Yes,Yes,Fiber optic,No,No,No,Yes,Yes,Yes,Month-to-month,No,Electronic check,100.75,1313.25,No
1715,1173-XZPYF,Female,0,No,No,11,Yes,Yes,Fiber optic,No,No,Yes,No,Yes,No,Month-to-month,Yes,Electronic check,89.2,990.3,No
1716,9850-OWRHQ,Female,0,Yes,No,3,Yes,Yes,Fiber optic,No,No,No,No,No,No,Month-to-month,Yes,Credit card (automatic),74.1,228,Yes
1717,3768-NLUBH,Male,1,Yes,No,57,Yes,Yes,Fiber optic,No,No,Yes,No,Yes,Yes,Month-to-month,No,Electronic check,100.6,5746.15,Yes
1718,8676-TRMJS,Male,0,No,No,3,Yes,Yes,Fiber optic,No,No,No,No,No,No,Month-to-month,No,Mailed check,75,209.1,Yes
1719,2509-TFPJU,Male,0,Yes,No,72,Yes,Yes,No,No internet service,No internet service,No internet service,No internet service,No internet service,No internet service,Two year,No,Credit card (automatic),25.75,1864.2,No
1720,9530-GRMJG,Male,0,Yes,Yes,70,Yes,Yes,DSL,No,Yes,Yes,Yes,Yes,Yes,Two year,Yes,Electronic check,84.1,5979.7,No
1721,6898-RBTLU,Female,0,Yes,Yes,49,Yes,Yes,DSL,No,Yes,No,Yes,Yes,Yes,Two year,No,Bank transfer (automatic),79.3,3902.45,No
1722,5481-NTDOH,Female,1,Yes,No,67,Yes,Yes,Fiber optic,Yes,No,Yes,No,Yes,Yes,One year,Yes,Credit card (automatic),107.05,7142.5,No
1723,2068-WWXQZ,Male,0,No,No,46,Yes,No,No,No internet service,No internet service,No internet service,No internet service,No internet service,No internet service,Two year,No,Bank transfer (automatic),20.05,902,No
1724,7359-SSBJK,Female,1,No,No,64,Yes,No,DSL,Yes,Yes,No,Yes,Yes,No,Two year,Yes,Credit card (automatic),70.2,4481,Yes
1725,2061-VVFST,Female,0,Yes,No,37,Yes,No,No,No internet service,No internet service,No internet service,No internet service,No internet service,No internet service,Month-to-month,No,Bank transfer (automatic),19.5,805.2,No
1726,0685-MLYYM,Female,1,No,No,2,Yes,No,Fiber optic,No,No,No,No,No,No,Month-to-month,No,Electronic check,70.75,154.85,Yes
1727,0749-IRGQE,Female,1,Yes,No,13,No,No phone service,DSL,No,No,No,No,Yes,Yes,Month-to-month,No,Electronic check,45.3,528.45,No
1728,2380-DAMQP,Female,0,Yes,No,72,Yes,Yes,Fiber optic,Yes,Yes,Yes,Yes,Yes,Yes,Two year,No,Electronic check,115.15,8349.7,No
1729,2256-YLYLP,Male,0,Yes,Yes,68,Yes,No,DSL,No,No,Yes,Yes,Yes,Yes,Two year,Yes,Bank transfer (automatic),72.95,4953.25,No
1730,1272-ILHFG,Male,0,Yes,Yes,15,Yes,No,No,No internet service,No internet service,No internet service,No internet service,No internet service,No internet service,One year,No,Mailed check,19.65,332.65,No
1731,0164-XAIRP,Female,0,No,No,24,Yes,No,No,No internet service,No internet service,No internet service,No internet service,No internet service,No internet service,Two year,Yes,Bank transfer (automatic),19.55,470.2,No
1732,5666-CYCYZ,Female,0,No,No,24,Yes,Yes,Fiber optic,No,No,No,Yes,No,Yes,Month-to-month,Yes,Electronic check,89.55,2259.35,No
1733,4011-ARPHK,Male,0,No,No,27,Yes,No,DSL,Yes,No,No,No,No,No,Month-to-month,No,Mailed check,50.35,1411.35,No
1734,8182-PNAGI,Male,0,No,No,12,Yes,No,DSL,No,No,No,Yes,No,No,Month-to-month,No,Bank transfer (automatic),50.25,593.75,Yes
1735,6365-HITVU,Female,0,Yes,Yes,71,Yes,No,DSL,Yes,Yes,Yes,Yes,Yes,Yes,Two year,No,Credit card (automatic),87.25,6328.7,No
1736,7558-IMLMT,Male,0,Yes,Yes,67,Yes,No,No,No internet service,No internet service,No internet service,No internet service,No internet service,No internet service,Two year,Yes,Mailed check,20.8,1411.9,No
1737,9488-FYQAU,Female,0,Yes,No,63,Yes,Yes,Fiber optic,No,Yes,Yes,Yes,Yes,Yes,Two year,Yes,Bank transfer (automatic),109.25,6841.4,No
1738,3590-TCXTB,Male,0,No,No,1,Yes,No,No,No internet service,No internet service,No internet service,No internet service,No internet service,No internet service,Month-to-month,No,Mailed check,20.35,20.35,No
1739,6994-KERXL,Male,0,No,No,4,Yes,No,DSL,No,No,No,No,No,Yes,Month-to-month,Yes,Electronic check,55.9,238.5,No
1740,7957-RYHQD,Female,1,No,No,40,Yes,No,Fiber optic,Yes,Yes,No,No,No,No,Month-to-month,Yes,Credit card (automatic),79.2,3233.85,Yes
1741,2180-DXNEG,Female,0,No,No,12,Yes,No,Fiber optic,No,No,Yes,No,Yes,Yes,Month-to-month,Yes,Electronic check,96,1062.1,Yes
1742,1960-UOTYM,Male,0,Yes,Yes,52,Yes,No,DSL,Yes,Yes,Yes,No,Yes,Yes,Two year,No,Electronic check,79.2,4016.3,No
1743,2740-JFBOK,Male,0,No,No,10,Yes,Yes,No,No internet service,No internet service,No internet service,No internet service,No internet service,No internet service,Month-to-month,Yes,Electronic check,24,226.55,No
1744,6500-JVEGC,Male,0,No,No,68,Yes,Yes,Fiber optic,Yes,Yes,Yes,No,Yes,No,One year,No,Bank transfer (automatic),101.35,7110.75,No
1745,5515-AKOAJ,Female,0,No,No,54,Yes,Yes,Fiber optic,No,No,No,Yes,Yes,Yes,Month-to-month,Yes,Electronic check,100.1,5440.9,Yes
1746,8976-OQHGT,Female,0,Yes,Yes,4,Yes,No,DSL,No,Yes,No,Yes,No,No,Month-to-month,No,Mailed check,56.5,235.1,Yes
1747,5245-VDBUR,Female,0,Yes,No,52,No,No phone service,DSL,Yes,No,Yes,No,No,No,One year,No,Mailed check,35.45,1958.95,No
1748,6230-BSUXY,Female,1,No,No,1,Yes,No,Fiber optic,No,No,Yes,No,No,Yes,Month-to-month,Yes,Electronic check,85,85,Yes
1749,8469-SNFFH,Male,0,Yes,No,70,Yes,Yes,DSL,Yes,Yes,Yes,Yes,Yes,No,One year,No,Bank transfer (automatic),79.4,5528.9,No
1750,2144-ESWKO,Male,0,No,No,43,No,No phone service,DSL,Yes,No,Yes,No,No,No,One year,Yes,Credit card (automatic),35.2,1463.7,No
1751,1241-FPMOF,Male,0,No,No,52,Yes,No,No,No internet service,No internet service,No internet service,No internet service,No internet service,No internet service,Two year,No,Mailed check,19.65,1025.05,No
1752,9928-BZVLZ,Female,0,No,No,12,No,No phone service,DSL,Yes,No,Yes,Yes,No,Yes,Two year,No,Mailed check,49.85,552.1,No
1753,4114-QMKVN,Female,0,Yes,Yes,56,Yes,Yes,DSL,Yes,Yes,No,No,No,Yes,One year,No,Bank transfer (automatic),68.75,3815.4,No
1754,2775-SEFEE,Male,0,No,Yes,0,Yes,Yes,DSL,Yes,Yes,No,Yes,No,No,Two year,Yes,Bank transfer (automatic),61.9, ,No
1755,9003-CPATH,Male,0,No,No,42,Yes,Yes,Fiber optic,No,No,Yes,No,No,No,Month-to-month,No,Electronic check,79.9,3313.4,No
1756,1754-GKYPY,Male,1,Yes,No,22,Yes,No,Fiber optic,No,No,No,No,Yes,Yes,Month-to-month,Yes,Bank transfer (automatic),89.75,1938.9,No
1757,5294-CDGWY,Male,0,Yes,Yes,51,No,No phone service,DSL,Yes,Yes,Yes,No,Yes,Yes,One year,No,Electronic check,59.3,3014.65,Yes
1758,7956-XQWGU,Male,0,No,No,27,Yes,No,No,No internet service,No internet service,No internet service,No internet service,No internet service,No internet service,Month-to-month,Yes,Credit card (automatic),19.4,460.25,No
1759,1591-MQJTP,Male,1,Yes,No,51,Yes,Yes,Fiber optic,Yes,No,Yes,No,No,Yes,One year,Yes,Bank transfer (automatic),93.65,4839.15,No
1760,5295-PCJOO,Male,0,No,Yes,4,Yes,No,DSL,Yes,No,No,No,No,No,Month-to-month,Yes,Electronic check,49.4,184.4,Yes
1761,2369-FEVNO,Male,0,No,No,1,Yes,No,No,No internet service,No internet service,No internet service,No internet service,No internet service,No internet service,Month-to-month,Yes,Mailed check,19.9,19.9,No
1762,9863-JZAIC,Male,0,No,No,35,Yes,No,DSL,No,No,No,No,Yes,No,Month-to-month,No,Mailed check,55,2010.55,Yes
1763,7471-MQPOS,Male,1,Yes,Yes,71,Yes,Yes,DSL,No,Yes,Yes,Yes,No,Yes,One year,Yes,Bank transfer (automatic),72.9,5139.65,No
1764,7660-HDPJV,Female,0,No,No,1,Yes,No,Fiber optic,No,No,No,No,No,No,Month-to-month,Yes,Electronic check,69.2,69.2,Yes
1765,5115-SQAAU,Female,0,Yes,Yes,69,Yes,Yes,No,No internet service,No internet service,No internet service,No internet service,No internet service,No internet service,Two year,Yes,Bank transfer (automatic),25.6,1673.4,No
1766,9845-QOMAD,Male,0,Yes,Yes,14,Yes,No,No,No internet service,No internet service,No internet service,No internet service,No internet service,No internet service,One year,No,Mailed check,19.75,309.35,No
1767,7672-VFMXZ,Male,0,Yes,No,57,Yes,No,DSL,Yes,No,No,Yes,No,No,Month-to-month,No,Electronic check,55.7,3171.6,No
1768,9739-JLPQJ,Female,0,Yes,Yes,72,Yes,Yes,Fiber optic,Yes,Yes,Yes,Yes,Yes,Yes,Two year,No,Credit card (automatic),117.5,8670.1,No
1769,9916-AYHTC,Male,0,No,No,48,,No,No,No internet service,No internet service,No internet service,No internet service,No internet service,No internet service,Two year,No,Credit card (automatic),19.85,916,No
1770,3855-ONCAR,Female,0,Yes,Yes,4,Yes,No,Fiber optic,No,No,No,No,Yes,No,Month-to-month,Yes,Mailed check,78.9,299.75,No
1771,1488-SYSFC,Male,0,Yes,Yes,31,Yes,No,No,No internet service,No internet service,No internet service,No internet service,No internet service,No internet service,Month-to-month,Yes,Electronic check,20.65,702.05,No
1772,7931-PXHFC,Male,0,No,No,38,Yes,No,DSL,No,No,Yes,Yes,No,Yes,One year,Yes,Mailed check,62.3,2354.8,Yes
1773,3990-QYKBE,Male,1,Yes,No,37,Yes,Yes,Fiber optic,No,No,No,No,Yes,Yes,Month-to-month,Yes,Electronic check,92.5,3473.4,Yes
1774,0970-QXPXW,Female,0,No,No,1,Yes,No,No,No internet service,No internet service,No internet service,No internet service,No internet service,No internet service,Month-to-month,No,Mailed check,19.65,19.65,No
1775,3259-KNMRR,Male,1,No,No,57,Yes,Yes,DSL,No,Yes,Yes,No,Yes,Yes,Two year,Yes,Bank transfer (automatic),79.75,4438.2,No
1776,6120-RJKLU,Female,1,Yes,No,62,Yes,No,DSL,Yes,No,Yes,Yes,Yes,Yes,Two year,Yes,Credit card (automatic),79.95,4819.75,No
1777,9572-WUKSB,Male,0,Yes,No,3,No,No phone service,DSL,No,No,No,Yes,No,No,Month-to-month,Yes,Electronic check,29.9,92.25,No
1778,5893-KCLGT,Female,0,No,Yes,72,Yes,No,No,No internet service,No internet service,No internet service,No internet service,No internet service,No internet service,Two year,Yes,Mailed check,19.75,1567,No
1779,0076-LVEPS,Male,0,No,Yes,29,No,No phone service,DSL,Yes,Yes,Yes,Yes,No,No,Month-to-month,Yes,Mailed check,45,1242.45,No
1780,3640-JQGJG,Male,0,Yes,Yes,13,Yes,No,DSL,No,No,No,No,No,No,Month-to-month,No,Bank transfer (automatic),44.8,559.2,No
1781,4919-MOAVT,Male,0,No,Yes,3,Yes,No,Fiber optic,No,No,No,No,No,No,Month-to-month,No,Electronic check,69.65,220.1,Yes
1782,1596-OQSPS,Female,0,No,No,11,Yes,No,DSL,No,Yes,No,No,No,No,Month-to-month,No,Electronic check,51.1,531.15,No
1783,9867-XOBQA,Female,0,No,Yes,21,No,No phone service,DSL,Yes,Yes,Yes,Yes,Yes,No,Two year,No,Mailed check,53.15,1183.2,No
1784,9546-KDTRB,Female,0,No,No,19,Yes,Yes,No,No internet service,No internet service,No internet service,No internet service,No internet service,No internet service,Month-to-month,No,Bank transfer (automatic),24.7,465.85,No
1785,3090-HAWSU,Male,0,No,No,61,Yes,Yes,Fiber optic,Yes,No,Yes,Yes,Yes,Yes,Two year,Yes,Credit card (automatic),111.6,6876.05,Yes
1786,9820-RMCQV,Female,0,No,No,11,Yes,No,DSL,Yes,No,No,No,No,No,Month-to-month,No,Credit card (automatic),48.55,501,Yes
1787,3174-RKMOW,Male,0,Yes,Yes,35,Yes,Yes,Fiber optic,No,Yes,Yes,Yes,Yes,Yes,Month-to-month,Yes,Electronic check,109.95,3782.4,No
1788,1760-CAZHT,Male,0,No,Yes,25,Yes,No,No,No internet service,No internet service,No internet service,No internet service,No internet service,No internet service,Month-to-month,No,Mailed check,20.8,460.2,No
1789,7839-QRKXN,Female,0,No,No,1,Yes,No,No,No internet service,No internet service,No internet service,No internet service,No internet service,No internet service,Month-to-month,Yes,Mailed check,20.2,20.2,Yes
1790,8441-SHIPE,Female,0,No,No,67,Yes,Yes,No,No internet service,No internet service,No internet service,No internet service,No internet service,No internet service,Two year,Yes,Bank transfer (automatic),25.6,1790.35,No
1791,5204-QZXPU,Male,0,No,No,19,No,No phone service,DSL,No,No,Yes,No,Yes,No,Month-to-month,Yes,Electronic check,39.65,733.35,Yes
1792,4597-ELFTS,Male,0,No,No,56,Yes,Yes,No,No internet service,No internet service,No internet service,No internet service,No internet service,No internet service,One year,No,Electronic check,24.9,1334,Yes
1793,1320-GVNHT,Male,0,Yes,Yes,72,Yes,Yes,Fiber optic,Yes,Yes,Yes,No,Yes,Yes,Two year,Yes,Credit card (automatic),108.4,7767.25,No
1794,1047-RNXZV,Male,0,No,No,43,Yes,No,No,No internet service,No internet service,No internet service,No internet service,No internet service,No internet service,Two year,No,Mailed check,19.55,876.15,No
1795,3541-ZNUHK,Female,0,Yes,Yes,55,Yes,Yes,Fiber optic,Yes,Yes,No,No,No,No,Month-to-month,Yes,Electronic check,85.1,4600.95,No
1796,8450-JOVAH,Male,0,Yes,Yes,2,Yes,Yes,DSL,Yes,No,No,No,No,No,Month-to-month,No,Mailed check,56.7,113.55,Yes
1797,8725-JEDFD,Male,0,No,No,27,Yes,No,Fiber optic,No,No,No,No,No,No,Month-to-month,Yes,Mailed check,69.05,1793.25,No
1798,7562-UXTPG,Female,0,No,No,13,Yes,No,Fiber optic,No,No,No,No,No,No,Month-to-month,Yes,Mailed check,70.15,886.7,No
1799,8071-SBTRN,Female,0,No,No,70,Yes,Yes,Fiber optic,Yes,Yes,Yes,No,Yes,Yes,Two year,Yes,Mailed check,111.15,7737.55,No
1800,1113-IUJYX,Female,0,Yes,No,14,Yes,No,Fiber optic,Yes,Yes,No,Yes,Yes,Yes,One year,No,Mailed check,105.95,1348.9,Yes
1801,6668-CNMFP,Female,0,Yes,Yes,19,Yes,Yes,Fiber optic,No,No,No,Yes,No,Yes,One year,Yes,Bank transfer (automatic),89.35,1686.85,No
1802,5626-MGTUK,Female,0,No,No,20,Yes,Yes,Fiber optic,Yes,No,No,No,Yes,No,Month-to-month,Yes,Bank transfer (automatic),89.1,1879.25,No
1803,5681-LLOEI,Male,0,Yes,Yes,43,Yes,Yes,Fiber optic,Yes,No,Yes,Yes,No,No,One year,Yes,Credit card (automatic),91.25,4013.8,No
1804,8212-DJRCH,Male,0,Yes,Yes,5,Yes,No,Fiber optic,Yes,No,Yes,No,No,Yes,Month-to-month,Yes,Mailed check,90.35,434.5,No
1805,4323-OHFOW,Female,1,Yes,No,70,Yes,Yes,Fiber optic,No,Yes,No,Yes,Yes,Yes,One year,Yes,Bank transfer (automatic),105.55,7195.35,No
1806,4933-BSAIP,Female,0,Yes,No,40,Yes,No,No,No internet service,No internet service,No internet service,No internet service,No internet service,No internet service,Two year,No,Mailed check,19.1,780.1,No
1807,2030-BTZRO,Male,0,Yes,Yes,6,Yes,No,No,No internet service,No internet service,No internet service,No internet service,No internet service,No internet service,Two year,Yes,Credit card (automatic),20.4,107.6,No
1808,1116-DXXDF,Male,0,No,No,39,Yes,No,Fiber optic,Yes,No,Yes,No,Yes,Yes,Two year,Yes,Electronic check,100.45,3801.7,No
1809,9274-CNFMO,Male,1,Yes,No,4,Yes,Yes,Fiber optic,No,No,No,No,No,No,Month-to-month,No,Electronic check,74.95,308.7,Yes
1810,7758-XKCBS,Male,0,No,No,15,No,No phone service,DSL,No,No,No,Yes,No,No,Month-to-month,Yes,Electronic check,29.7,438.25,Yes
1811,8992-JQYUN,Male,0,Yes,No,1,No,No phone service,DSL,No,No,Yes,No,Yes,Yes,Month-to-month,Yes,Electronic check,50.35,50.35,Yes
1812,6563-VNPMN,Female,1,No,No,45,Yes,No,Fiber optic,Yes,Yes,No,Yes,No,No,Month-to-month,Yes,Bank transfer (automatic),85.7,3778.1,No
1813,0617-AQNWT,Female,0,Yes,No,64,No,No phone service,DSL,Yes,No,Yes,Yes,No,Yes,Two year,No,Electronic check,47.85,3147.5,Yes
1814,2267-WTPYD,Female,1,Yes,No,57,Yes,Yes,Fiber optic,No,Yes,Yes,No,No,Yes,Month-to-month,No,Credit card (automatic),94,5438.95,No
1815,0270-THENM,Male,0,Yes,Yes,72,Yes,Yes,DSL,Yes,Yes,Yes,Yes,No,No,Two year,No,Bank transfer (automatic),69.85,5102.35,No
1816,2446-PLQVO,Male,0,No,No,1,Yes,No,Fiber optic,No,No,No,No,No,No,Month-to-month,Yes,Electronic check,70.3,70.3,Yes
1817,4707-MAXGU,Male,0,Yes,No,72,Yes,Yes,No,No internet service,No internet service,No internet service,No internet service,No internet service,No internet service,Two year,No,Credit card (automatic),25.85,1872.2,No
1818,2710-WYVXG,Female,0,No,No,3,Yes,No,DSL,Yes,Yes,No,Yes,No,Yes,Two year,No,Mailed check,71.1,213.35,No
1819,3005-NFMTA,Male,1,No,No,55,Yes,Yes,Fiber optic,Yes,No,No,No,Yes,Yes,Month-to-month,Yes,Electronic check,98.8,5617.75,Yes
1820,6300-BWMJX,Female,0,Yes,No,59,Yes,Yes,Fiber optic,No,No,Yes,Yes,Yes,No,Month-to-month,No,Electronic check,93.35,5386.5,No
1821,8784-CGILN,Female,0,No,No,18,Yes,Yes,Fiber optic,No,No,No,Yes,Yes,Yes,Month-to-month,Yes,Bank transfer (automatic),99.85,1776.95,Yes
1822,5389-FFVKB,Male,1,Yes,No,32,Yes,No,Fiber optic,No,No,No,No,No,Yes,Month-to-month,Yes,Credit card (automatic),80.3,2483.05,Yes
1823,7009-LGECI,Female,0,No,No,4,Yes,No,DSL,Yes,No,No,No,No,No,Month-to-month,Yes,Bank transfer (automatic),50.55,235.65,No
1824,8444-WRIDW,Female,1,No,No,66,Yes,Yes,Fiber optic,No,Yes,No,No,No,No,Month-to-month,Yes,Credit card (automatic),80.45,5224.35,Yes
1825,5022-KVDQT,Male,0,No,No,27,Yes,Yes,Fiber optic,No,No,Yes,No,No,No,Month-to-month,Yes,Electronic check,81.3,2272.8,No
1826,7976-CICYS,Male,0,No,No,4,Yes,No,No,No internet service,No internet service,No internet service,No internet service,No internet service,No internet service,Month-to-month,Yes,Credit card (automatic),20.7,83.75,No
1827,1036-GUDCL,Male,0,Yes,Yes,60,Yes,No,DSL,Yes,Yes,No,Yes,Yes,Yes,Month-to-month,Yes,Credit card (automatic),79.05,4663.4,No
1828,2005-DWQZJ,Female,0,Yes,Yes,8,Yes,No,No,No internet service,No internet service,No internet service,No internet service,No internet service,No internet service,Two year,No,Mailed check,19.05,201.7,No
1829,8148-WOCMK,Male,0,Yes,Yes,8,Yes,No,No,No internet service,No internet service,No internet service,No internet service,No internet service,No internet service,Two year,No,Credit card (automatic),19.6,125,No
1830,7815-PDTHL,Male,0,No,No,35,Yes,No,No,No internet service,No internet service,No internet service,No internet service,No internet service,No internet service,Two year,Yes,Mailed check,20.2,684.4,No
1831,9451-LPGOO,Male,0,No,No,7,Yes,Yes,Fiber optic,No,No,No,No,No,Yes,Month-to-month,Yes,Electronic check,86.8,620.35,Yes
1832,9173-IVZVP,Female,0,Yes,Yes,53,Yes,No,No,No internet service,No internet service,No internet service,No internet service,No internet service,No internet service,Two year,No,Mailed check,20.9,1146.05,No
1833,9129-UXERG,Female,1,No,No,18,Yes,Yes,Fiber optic,No,Yes,No,Yes,Yes,Yes,Month-to-month,Yes,Credit card (automatic),103.6,1806.35,No
1834,3635-JBPSG,Female,0,No,No,15,No,No phone service,DSL,No,Yes,No,No,No,Yes,Two year,Yes,Mailed check,38.8,603,No
1835,7964-ZRKKG,Male,0,Yes,No,67,Yes,Yes,Fiber optic,No,Yes,No,No,Yes,No,One year,Yes,Bank transfer (automatic),88.4,5798.3,No
1836,5868-YWPDW,Male,1,Yes,No,6,Yes,No,Fiber optic,No,Yes,No,No,No,Yes,Month-to-month,Yes,Electronic check,84.2,519.15,Yes
1837,6229-LSCKB,Male,1,No,No,6,Yes,No,Fiber optic,No,No,No,No,Yes,No,Month-to-month,Yes,Electronic check,79.7,497.6,No
1838,2025-JKFWI,Male,0,No,No,13,Yes,Yes,Fiber optic,No,No,No,Yes,Yes,Yes,Month-to-month,Yes,Mailed check,99,1301.7,Yes
1839,4078-SAYYN,Female,0,No,No,11,Yes,Yes,Fiber optic,No,No,Yes,No,Yes,Yes,Month-to-month,Yes,Electronic check,100.75,1129.75,Yes
1840,1724-IQWNM,Male,0,No,Yes,1,Yes,No,No,No internet service,No internet service,No internet service,No internet service,No internet service,No internet service,Month-to-month,Yes,Mailed check,19.3,19.3,No
1841,8217-QYOHV,Male,0,No,No,5,Yes,No,DSL,Yes,No,No,Yes,No,No,Month-to-month,Yes,Mailed check,55.75,266.95,No
1842,5546-QUERU,Male,0,No,No,13,Yes,No,No,No internet service,No internet service,No internet service,No internet service,No internet service,No internet service,One year,Yes,Mailed check,19.95,257,No
1843,9940-HPQPG,Female,0,Yes,No,9,Yes,Yes,Fiber optic,Yes,Yes,Yes,No,No,No,Month-to-month,No,Bank transfer (automatic),91.75,865.8,Yes
1844,6897-UUBNU,Male,0,No,No,29,Yes,No,Fiber optic,No,Yes,No,Yes,Yes,No,Month-to-month,No,Mailed check,89.65,2623.65,No
1845,6127-IYJOZ,Male,1,No,No,1,Yes,No,DSL,No,No,No,No,No,No,Month-to-month,Yes,Mailed check,45.85,45.85,No
1846,6618-RYATB,Female,0,No,No,1,Yes,Yes,Fiber optic,No,No,Yes,No,No,No,Month-to-month,Yes,Mailed check,79.55,79.55,Yes
1847,8930-XOTDP,Female,0,Yes,Yes,18,Yes,No,DSL,No,No,No,No,Yes,No,Month-to-month,No,Mailed check,55.95,1082.8,No
1848,5916-QEWPT,Female,0,Yes,No,2,Yes,No,DSL,No,No,Yes,No,Yes,Yes,Month-to-month,No,Credit card (automatic),69,147.8,No
1849,5060-TQUQN,Male,0,Yes,Yes,30,Yes,Yes,Fiber optic,No,Yes,No,Yes,No,No,Month-to-month,Yes,Bank transfer (automatic),83.55,2570.2,No
1850,0531-XBKMM,Male,0,No,Yes,66,Yes,Yes,DSL,Yes,Yes,No,Yes,No,No,Two year,No,Bank transfer (automatic),65.7,4378.9,No
1851,8465-SBRXP,Male,0,Yes,Yes,38,Yes,Yes,Fiber optic,No,No,Yes,Yes,Yes,No,Two year,Yes,Bank transfer (automatic),94.9,3616.25,No
1852,2408-PSJVE,Male,0,Yes,Yes,44,Yes,No,DSL,No,Yes,Yes,Yes,No,No,Month-to-month,Yes,Mailed check,61.9,2924.05,No
1853,9079-YEXQJ,Female,0,No,No,54,Yes,Yes,Fiber optic,No,Yes,Yes,Yes,Yes,Yes,Month-to-month,No,Electronic check,111.1,6014.85,Yes
1854,9700-ZCLOT,Male,0,No,No,2,Yes,No,No,No internet service,No internet service,No internet service,No internet service,No internet service,No internet service,Month-to-month,No,Mailed check,20,32.7,No
1855,8738-JOKAR,Female,0,No,No,42,Yes,No,DSL,Yes,Yes,No,Yes,No,Yes,One year,Yes,Mailed check,67.7,2882.25,No
1856,4534-WGCIR,Female,0,Yes,Yes,58,Yes,Yes,No,No internet service,No internet service,No internet service,No internet service,No internet service,No internet service,Two year,No,Credit card (automatic),25.15,1509.9,No
1857,1930-WNXSB,Male,0,Yes,Yes,58,Yes,No,Fiber optic,No,Yes,No,No,Yes,Yes,Month-to-month,Yes,Electronic check,92.85,5305.05,No
1858,2685-SREOM,Female,0,Yes,Yes,25,Yes,Yes,Fiber optic,No,No,Yes,No,No,Yes,Month-to-month,Yes,Electronic check,89.1,2368.4,Yes
1859,3508-CFVZL,Female,0,No,No,71,Yes,Yes,Fiber optic,Yes,Yes,Yes,Yes,Yes,Yes,Two year,No,Mailed check,111.3,7985.9,No
1860,0402-CQAJN,Female,0,No,No,37,Yes,Yes,Fiber optic,No,Yes,Yes,No,Yes,Yes,Month-to-month,Yes,Bank transfer (automatic),101.9,3545.35,Yes
1861,6692-UDPJC,Female,0,Yes,Yes,14,Yes,Yes,Fiber optic,No,No,No,Yes,Yes,No,Month-to-month,Yes,Electronic check,91.65,1301,Yes
1862,1273-MTETI,Female,1,No,No,4,Yes,Yes,Fiber optic,No,No,Yes,No,No,Yes,Month-to-month,Yes,Electronic check,88.85,372.45,Yes
1863,0657-DOGUM,Female,0,Yes,No,48,Yes,Yes,DSL,Yes,No,No,Yes,No,No,One year,Yes,Bank transfer (automatic),60.6,2985.25,No
1864,5480-HPRRX,Female,1,No,No,3,No,No phone service,DSL,No,No,No,No,No,No,Month-to-month,No,Electronic check,25.3,77.75,Yes
1865,8792-AOROI,Female,0,Yes,No,8,Yes,No,DSL,Yes,No,No,Yes,No,Yes,Two year,No,Mailed check,65.5,564.35,No
1866,0295-PPHDO,Male,0,No,No,1,Yes,Yes,Fiber optic,No,No,No,No,Yes,Yes,Month-to-month,Yes,Electronic check,95.45,95.45,Yes
1867,5146-YYFRZ,Male,0,No,No,67,Yes,No,No,No internet service,No internet service,No internet service,No internet service,No internet service,No internet service,Two year,No,Bank transfer (automatic),19.95,1311.75,No
1868,1195-OIYEJ,Male,0,No,No,13,Yes,No,Fiber optic,No,No,No,No,Yes,Yes,Month-to-month,Yes,Electronic check,91.1,1135.7,Yes
1869,5906-CVLHP,Female,0,Yes,Yes,45,Yes,No,DSL,No,Yes,No,Yes,No,No,One year,Yes,Credit card (automatic),54.15,2319.8,Yes
1870,3452-SRFEG,Male,0,No,No,49,Yes,Yes,Fiber optic,No,No,No,No,No,No,Month-to-month,Yes,Bank transfer (automatic),74.6,3720.35,No
1871,4070-OKWVH,Female,0,Yes,No,52,Yes,Yes,Fiber optic,No,Yes,Yes,No,Yes,No,Month-to-month,No,Bank transfer (automatic),94.6,5025.8,No
1872,5297-MDOIR,Female,0,Yes,No,63,Yes,No,Fiber optic,Yes,No,Yes,No,No,No,One year,Yes,Credit card (automatic),81.15,5224.5,No
1873,6369-MCAKO,Female,0,Yes,Yes,68,Yes,Yes,DSL,Yes,Yes,Yes,Yes,Yes,Yes,Two year,Yes,Bank transfer (automatic),89.05,6185.8,No
1874,4926-UMJZD,Female,0,Yes,No,31,Yes,No,DSL,No,No,No,Yes,No,No,Month-to-month,Yes,Mailed check,49.2,1498.55,No
1875,6848-HJTXY,Female,0,Yes,No,64,Yes,No,No,No internet service,No internet service,No internet service,No internet service,No internet service,No internet service,Two year,No,Credit card (automatic),19.45,1208.6,No
1876,6341-AEVKX,Female,0,Yes,No,62,Yes,No,Fiber optic,Yes,No,Yes,Yes,Yes,Yes,One year,Yes,Electronic check,104.3,6613.65,No
1877,4501-EQDRN,Female,0,No,No,1,Yes,No,Fiber optic,No,No,No,No,No,No,Month-to-month,No,Bank transfer (automatic),69.7,69.7,Yes
1878,2990-HWIML,Female,0,No,No,6,Yes,No,Fiber optic,No,No,No,No,Yes,Yes,Month-to-month,Yes,Electronic check,89.5,573.3,Yes
1879,0682-USIXD,Female,0,Yes,No,21,Yes,No,Fiber optic,No,No,No,Yes,Yes,No,Month-to-month,Yes,Electronic check,86.05,1818.9,No
1880,6976-BWGLQ,Female,0,Yes,Yes,72,Yes,Yes,No,No internet service,No internet service,No internet service,No internet service,No internet service,No internet service,Two year,No,Bank transfer (automatic),25.2,1787.35,No
1881,7078-NVFAM,Female,0,Yes,Yes,32,No,No phone service,DSL,Yes,Yes,No,No,No,No,Month-to-month,Yes,Electronic check,35.15,1051.05,No
1882,8065-QBYTO,Female,1,No,No,71,Yes,Yes,Fiber optic,Yes,Yes,No,Yes,Yes,No,One year,Yes,Credit card (automatic),99.65,7181.25,No
1883,2133-TSRRM,Female,0,No,Yes,34,Yes,No,Fiber optic,Yes,Yes,Yes,No,Yes,Yes,Month-to-month,Yes,Bank transfer (automatic),105.35,3688.6,No
1884,7384-GHBPI,Male,0,Yes,No,3,No,No phone service,DSL,No,No,No,No,No,Yes,Month-to-month,Yes,Electronic check,35.15,99.75,Yes
1885,7603-USHJS,Male,0,No,Yes,12,Yes,Yes,Fiber optic,No,No,No,No,No,No,Month-to-month,Yes,Credit card (automatic),73.75,871.4,Yes
1886,7234-FECYN,Female,1,No,No,8,Yes,Yes,Fiber optic,No,No,Yes,No,Yes,Yes,Month-to-month,No,Electronic check,101.35,780.5,Yes
1887,2511-ALLCS,Female,0,Yes,Yes,35,Yes,Yes,No,No internet service,No internet service,No internet service,No internet service,No internet service,No internet service,Two year,No,Bank transfer (automatic),24.3,821.6,No
1888,3191-CSNMG,Female,0,Yes,Yes,3,Yes,No,Fiber optic,No,No,No,No,Yes,No,Month-to-month,Yes,Electronic check,80.7,239.45,No
1889,7952-OBOYL,Male,0,No,No,3,Yes,No,Fiber optic,No,No,Yes,Yes,Yes,No,Month-to-month,Yes,Mailed check,89.85,244.45,No
1890,7470-DYNOE,Male,0,No,No,53,Yes,No,DSL,No,No,Yes,No,No,Yes,One year,Yes,Electronic check,61.1,3357.9,No
1891,7853-OETYL,Female,0,Yes,No,4,No,No phone service,DSL,Yes,No,No,No,No,No,Month-to-month,Yes,Electronic check,29.05,129.6,No
1892,1545-ACTAS,Female,0,Yes,Yes,48,Yes,No,Fiber optic,Yes,No,Yes,No,Yes,Yes,One year,Yes,Bank transfer (automatic),99.7,4977.2,No
1893,5876-HZVZM,Female,0,Yes,Yes,6,Yes,No,DSL,Yes,Yes,No,No,No,No,Month-to-month,No,Credit card (automatic),55.9,365.35,Yes
1894,1400-MMYXY,Male,1,Yes,No,3,Yes,Yes,Fiber optic,No,Yes,Yes,No,Yes,Yes,Month-to-month,Yes,Electronic check,105.9,334.65,Yes
1895,5126-RCXYW,Male,0,Yes,Yes,54,No,No phone service,DSL,No,No,Yes,Yes,No,Yes,Two year,No,Credit card (automatic),46,2424.05,No
1896,3085-QUOZK,Female,0,No,No,1,Yes,No,DSL,No,No,No,No,No,No,Month-to-month,No,Mailed check,43.95,43.95,Yes
1897,2363-BJLSL,Male,0,No,No,62,Yes,No,DSL,No,Yes,Yes,Yes,Yes,Yes,Month-to-month,Yes,Bank transfer (automatic),80.4,4981.15,No
1898,1956-YIFGE,Male,0,Yes,Yes,22,Yes,No,Fiber optic,No,Yes,Yes,No,Yes,Yes,One year,Yes,Mailed check,100.05,2090.25,No
1899,3926-CUQZX,Male,0,No,No,1,Yes,No,DSL,No,No,No,No,No,No,Month-to-month,Yes,Bank transfer (automatic),45.1,45.1,Yes
1900,7921-LMDFQ,Male,1,No,No,51,Yes,No,Fiber optic,No,No,Yes,No,Yes,Yes,One year,Yes,Bank transfer (automatic),94,4905.75,No
1901,2925-MXLSX,Female,0,No,No,30,Yes,Yes,DSL,No,Yes,Yes,No,Yes,No,One year,Yes,Credit card (automatic),68.95,2038.7,No
1902,5820-PTRYM,Female,1,Yes,No,56,Yes,Yes,DSL,Yes,Yes,Yes,Yes,No,No,One year,Yes,Credit card (automatic),68.45,4014,No
1903,9609-BENEA,Male,0,Yes,No,35,Yes,Yes,DSL,No,Yes,No,Yes,Yes,No,One year,Yes,Electronic check,69,2441.7,No
1904,6211-WHMYA,Female,1,No,No,64,No,No phone service,DSL,No,Yes,No,Yes,Yes,No,Month-to-month,Yes,Electronic check,43.85,2751,No
1905,4459-BBGHE,Male,0,No,Yes,30,No,No phone service,DSL,No,No,No,No,Yes,Yes,Month-to-month,Yes,Electronic check,44.5,1307.8,No
1906,9945-PSVIP,Female,0,Yes,Yes,25,Yes,No,No,No internet service,No internet service,No internet service,No internet service,No internet service,No internet service,Two year,Yes,Mailed check,18.7,383.65,No
1907,1041-RXHRA,Female,0,No,No,41,Yes,No,Fiber optic,No,No,No,No,No,No,Month-to-month,No,Bank transfer (automatic),70.25,2868.05,Yes
1908,1750-CSKKM,Male,0,No,Yes,9,Yes,No,DSL,No,No,No,No,Yes,No,Month-to-month,No,Electronic check,55.35,449.75,Yes
1909,9108-EJFJP,Female,0,Yes,No,1,Yes,No,DSL,Yes,Yes,No,No,No,No,Month-to-month,Yes,Mailed check,53.55,53.55,No
1910,0530-IJVDB,Male,0,No,Yes,70,Yes,Yes,Fiber optic,Yes,Yes,Yes,Yes,Yes,Yes,Two year,Yes,Electronic check,114.6,7882.5,No
1911,0508-SQWPL,Female,0,Yes,Yes,57,Yes,No,No,No internet service,No internet service,No internet service,No internet service,No internet service,No internet service,Two year,Yes,Bank transfer (automatic),20.1,1087.7,No
1912,2215-ZAFGX,Male,0,No,No,9,Yes,Yes,Fiber optic,No,No,No,No,Yes,No,Month-to-month,Yes,Electronic check,85.5,791.7,No
1913,8213-TAZPM,Female,0,Yes,Yes,69,Yes,Yes,,No,Yes,Yes,Yes,Yes,Yes,One year,Yes,Bank transfer (automatic),108.75,7493.05,No
1914,7142-HVGBG,Male,1,Yes,No,43,Yes,Yes,Fiber optic,No,Yes,Yes,No,Yes,Yes,Month-to-month,Yes,Electronic check,103,4414.3,Yes
1915,1304-SEGFY,Female,0,Yes,No,72,Yes,Yes,Fiber optic,No,No,Yes,No,Yes,Yes,Two year,Yes,Electronic check,97.85,6841.3,No
1916,7242-EDTYC,Male,0,No,Yes,44,Yes,No,No,No internet service,No internet service,No internet service,No internet service,No internet service,No internet service,Two year,No,Bank transfer (automatic),19.55,819.95,No
1917,2904-GGUAZ,Female,0,Yes,No,72,Yes,Yes,Fiber optic,Yes,Yes,No,No,No,No,Two year,Yes,Bank transfer (automatic),84.05,6052.25,No
1918,8267-ZNYVZ,Female,0,Yes,No,33,Yes,No,Fiber optic,Yes,No,Yes,Yes,Yes,Yes,One year,Yes,Electronic check,103.75,3361.05,Yes
1919,5136-GFPMB,Male,0,No,No,54,Yes,Yes,Fiber optic,No,No,Yes,No,No,Yes,Month-to-month,No,Credit card (automatic),89.4,4869.5,No
1920,2595-KIWPV,Male,0,No,Yes,27,Yes,No,No,No internet service,No internet service,No internet service,No internet service,No internet service,No internet service,Two year,No,Credit card (automatic),19.7,509.3,No
1921,5243-SAOTC,Male,0,No,No,54,Yes,Yes,Fiber optic,No,Yes,No,No,No,No,Month-to-month,Yes,Bank transfer (automatic),79.85,4308.25,No
1922,9398-MMQTO,Male,0,No,No,3,Yes,No,Fiber optic,No,Yes,No,No,No,No,Month-to-month,No,Credit card (automatic),74.45,221.1,No
1923,7619-PLRLP,Female,0,Yes,No,53,Yes,Yes,DSL,Yes,Yes,Yes,No,No,Yes,One year,No,Bank transfer (automatic),74.1,3833.95,No
1924,6457-GIRWB,Male,0,No,No,1,Yes,No,Fiber optic,No,No,No,No,No,No,Month-to-month,Yes,Electronic check,69.35,69.35,Yes
1925,6508-NJYRO,Male,0,Yes,No,15,Yes,No,No,No internet service,No internet service,No internet service,No internet service,No internet service,No internet service,One year,No,Mailed check,18.8,294.95,No
1926,1450-SKCVI,Female,0,No,No,56,Yes,No,Fiber optic,No,Yes,No,No,No,No,Month-to-month,Yes,Electronic check,73.85,4092.85,Yes
1927,4710-NKCAW,Male,0,Yes,Yes,5,Yes,Yes,DSL,Yes,Yes,No,Yes,No,No,Month-to-month,No,Credit card (automatic),64.4,316.9,No
1928,5306-BVTKJ,Male,0,Yes,Yes,48,Yes,No,DSL,No,Yes,Yes,No,No,No,One year,Yes,Credit card (automatic),55.8,2651.2,No
1929,0357-NVCRI,Female,0,No,Yes,25,Yes,No,No,No internet service,No internet service,No internet service,No internet service,No internet service,No internet service,Month-to-month,No,Credit card (automatic),20.05,471.7,No
1930,5570-PTWEH,Female,0,Yes,No,3,Yes,Yes,Fiber optic,No,No,No,No,No,No,Month-to-month,Yes,Credit card (automatic),75.15,216.75,Yes
1931,2371-KFUOG,Male,0,No,No,58,Yes,No,Fiber optic,Yes,Yes,No,No,Yes,Yes,One year,No,Bank transfer (automatic),99.15,5720.95,No
1932,0463-ZSDNT,Male,0,No,No,10,Yes,No,DSL,No,No,No,No,No,Yes,Month-to-month,Yes,Bank transfer (automatic),56.75,503.25,No
1933,6502-MJQAE,Male,0,No,No,1,Yes,No,Fiber optic,No,No,No,No,No,No,Month-to-month,Yes,Electronic check,69.6,69.6,Yes
1934,6257-DTAYD,Male,0,Yes,No,71,Yes,Yes,Fiber optic,No,Yes,No,Yes,Yes,Yes,Two year,Yes,Credit card (automatic),104.15,7365.3,No
1935,4616-ULAOA,Female,0,Yes,Yes,65,Yes,Yes,Fiber optic,No,Yes,Yes,Yes,Yes,Yes,Two year,Yes,Credit card (automatic),110.8,7245.9,No
1936,7693-LCKZL,Male,0,Yes,Yes,5,Yes,Yes,Fiber optic,No,Yes,No,No,No,No,Month-to-month,Yes,Electronic check,80.15,385,Yes
1937,7746-AWNQW,Female,0,No,No,28,No,No phone service,DSL,No,No,Yes,Yes,No,No,Month-to-month,Yes,Mailed check,35.75,961.4,No
1938,5996-EBTKM,Female,0,Yes,Yes,67,Yes,Yes,DSL,No,No,Yes,Yes,No,Yes,Two year,Yes,Bank transfer (automatic),69.9,4615.9,No
1939,2758-RNWXS,Male,0,No,No,35,Yes,No,Fiber optic,Yes,No,No,Yes,No,Yes,One year,Yes,Electronic check,89.2,3251.3,No
1940,2314-TNDJQ,Female,0,Yes,Yes,72,No,No phone service,DSL,Yes,Yes,Yes,Yes,No,Yes,Two year,No,Credit card (automatic),55.65,3880.05,No
1941,2405-LBMUW,Female,0,Yes,Yes,61,No,No phone service,DSL,Yes,Yes,No,Yes,No,Yes,One year,Yes,Bank transfer (automatic),50.7,3088.75,No
1942,3454-JFUBC,Male,1,No,No,68,Yes,No,No,No internet service,No internet service,No internet service,No internet service,No internet service,No internet service,Two year,Yes,Credit card (automatic),20,1396,No
1943,0032-PGELS,Female,0,Yes,Yes,1,No,No phone service,DSL,Yes,No,No,No,No,No,Month-to-month,No,Bank transfer (automatic),30.5,30.5,Yes
1944,9039-ZVJDC,Male,0,No,No,3,Yes,No,No,No internet service,No internet service,No internet service,No internet service,No internet service,No internet service,Month-to-month,Yes,Mailed check,19.1,53.05,No
1945,6797-LNAQX,Male,0,Yes,Yes,70,Yes,Yes,Fiber optic,No,Yes,No,No,Yes,Yes,Two year,No,Bank transfer (automatic),98.3,6859.5,Yes
1946,9013-AQORL,Female,0,No,Yes,48,No,No phone service,DSL,No,Yes,Yes,No,No,Yes,Month-to-month,No,Credit card (automatic),45.55,2108.35,No
1947,2898-MRKPI,Male,0,Yes,Yes,68,Yes,Yes,Fiber optic,No,Yes,No,No,Yes,Yes,One year,Yes,Credit card (automatic),101.05,6770.5,No
1948,2750-BJLSB,Female,0,No,No,47,Yes,No,Fiber optic,Yes,No,Yes,Yes,Yes,Yes,One year,Yes,Electronic check,103.7,4730.6,No
1949,3648-GZPHF,Male,0,Yes,Yes,32,No,No phone service,DSL,No,No,Yes,Yes,No,No,One year,Yes,Mailed check,36.25,1151.05,No
1950,2075-RMJIK,Female,0,Yes,Yes,5,Yes,No,DSL,Yes,No,No,No,No,No,Month-to-month,Yes,Mailed check,49.4,232.55,No
1951,9588-YRFHY,Male,0,No,No,49,Yes,No,No,No internet service,No internet service,No internet service,No internet service,No internet service,No internet service,Two year,Yes,Credit card (automatic),19.9,1022.6,No
1952,6394-MFYNG,Female,0,No,No,48,Yes,Yes,Fiber optic,No,Yes,Yes,No,Yes,Yes,Month-to-month,Yes,Bank transfer (automatic),107.4,5121.3,Yes
1953,1564-NTYXF,Female,1,No,No,13,Yes,Yes,Fiber optic,No,No,No,No,No,Yes,Month-to-month,Yes,Electronic check,82,1127.2,Yes
1954,9364-YKUVW,Male,0,No,No,15,Yes,No,No,No internet service,No internet service,No internet service,No internet service,No internet service,No internet service,Month-to-month,Yes,Mailed check,19.8,309.4,No
1955,5392-AKEMH,Female,0,No,No,12,Yes,No,DSL,No,No,No,No,No,No,Month-to-month,Yes,Electronic check,45.05,523.1,No
1956,2451-YMUXS,Male,1,No,No,67,Yes,Yes,DSL,Yes,Yes,No,Yes,No,No,Two year,Yes,Bank transfer (automatic),64.55,4250.1,No
1957,3914-FDRHP,Male,0,No,No,9,Yes,No,Fiber optic,No,No,No,Yes,Yes,No,Month-to-month,No,Electronic check,86.25,770.5,No
1958,3078-ZKNTS,Female,0,Yes,Yes,13,Yes,No,No,No internet service,No internet service,No internet service,No internet service,No internet service,No internet service,Two year,Yes,Bank transfer (automatic),19.75,246.7,No
1959,1024-KPRBB,Female,0,No,No,38,Yes,No,Fiber optic,No,No,No,No,Yes,Yes,One year,Yes,Mailed check,89.1,3342,No
1960,4690-PKDQG,Female,1,Yes,No,42,Yes,Yes,Fiber optic,No,Yes,Yes,No,Yes,No,Month-to-month,Yes,Electronic check,95.55,3930.6,No
1961,8155-IBNHG,Female,0,Yes,No,24,Yes,Yes,Fiber optic,No,No,No,No,No,No,Month-to-month,Yes,Credit card (automatic),75.4,1747.85,Yes
1962,0886-QGENL,Female,1,Yes,No,27,Yes,No,Fiber optic,Yes,No,Yes,No,Yes,Yes,Month-to-month,Yes,Electronic check,101.25,2754.45,Yes
1963,9547-ITEFG,Male,0,Yes,Yes,9,Yes,Yes,Fiber optic,No,Yes,Yes,No,Yes,Yes,Month-to-month,Yes,Credit card (automatic),102.6,897.75,No
1964,1264-FUHCX,Female,0,Yes,No,49,No,No phone service,DSL,No,Yes,No,Yes,Yes,Yes,One year,Yes,Credit card (automatic),56.3,2780.6,No
1965,,Female,1,Yes,No,61,Yes,Yes,Fiber optic,Yes,Yes,Yes,Yes,No,No,Month-to-month,Yes,Credit card (automatic),94.2,5895.45,No
1966,6598-KELSS,Male,0,No,Yes,50,No,No phone service,DSL,Yes,Yes,No,No,Yes,No,One year,Yes,Bank transfer (automatic),43.05,2208.05,No
1967,8739-WWKDU,Male,1,No,No,25,Yes,Yes,Fiber optic,No,Yes,No,No,Yes,No,Month-to-month,Yes,Electronic check,89.5,2196.15,Yes
1968,8685-WHQPW,Female,1,No,No,22,Yes,Yes,Fiber optic,No,No,No,No,No,No,Month-to-month,Yes,Bank transfer (automatic),74.4,1692.6,Yes
1969,4745-LSPLO,Male,0,No,No,1,Yes,No,No,No internet service,No internet service,No internet service,No internet service,No internet service,No internet service,Month-to-month,No,Mailed check,20.5,20.5,Yes
1970,8083-YTZES,Male,0,No,No,4,Yes,Yes,Fiber optic,No,No,No,No,No,No,Month-to-month,Yes,Electronic check,74.35,265.35,Yes
1971,7240-FQLHE,Female,1,Yes,No,18,Yes,Yes,Fiber optic,No,No,No,Yes,Yes,Yes,Month-to-month,No,Bank transfer (automatic),99.75,1836.25,Yes
1972,6664-FPDAC,Female,1,No,No,56,Yes,Yes,Fiber optic,No,Yes,Yes,Yes,Yes,Yes,One year,Yes,Electronic check,111.95,6418.9,Yes
1973,9972-VAFJJ,Female,1,Yes,No,53,Yes,No,Fiber optic,No,Yes,Yes,Yes,Yes,No,One year,Yes,Electronic check,94,4871.45,No
1974,0422-UXFAP,Female,0,Yes,No,51,Yes,Yes,Fiber optic,No,No,Yes,No,Yes,Yes,One year,Yes,Electronic check,98.85,4947.55,No
1975,1904-WAJAA,Female,0,Yes,Yes,24,Yes,Yes,DSL,Yes,Yes,Yes,No,No,No,Two year,No,Electronic check,64.35,1558.65,No
1976,5130-YPIRV,Female,0,Yes,No,62,Yes,No,DSL,Yes,Yes,Yes,No,Yes,No,Two year,Yes,Credit card (automatic),72,4284.2,No
1977,2843-CQMEG,Male,0,No,No,24,Yes,No,DSL,No,Yes,No,No,No,No,Month-to-month,Yes,Mailed check,49.7,1218.25,No
1978,6439-PKTRR,Female,0,Yes,Yes,70,Yes,Yes,DSL,Yes,Yes,Yes,Yes,Yes,No,Two year,No,Electronic check,80.7,5617.95,No
1979,5351-QESIO,Male,0,No,Yes,1,No,No phone service,DSL,No,No,No,No,No,No,Month-to-month,No,Mailed check,24.2,24.2,No
1980,0786-VSSUD,Male,1,No,No,16,No,No phone service,DSL,No,Yes,No,No,Yes,No,Month-to-month,Yes,Mailed check,39,679.85,Yes
1981,5568-DMXZS,Female,0,No,No,8,Yes,No,DSL,No,Yes,No,Yes,Yes,No,Month-to-month,Yes,Electronic check,65.45,554.45,No
1982,8468-FZTOE,Female,0,Yes,Yes,72,Yes,No,DSL,Yes,Yes,Yes,Yes,No,Yes,Two year,Yes,Electronic check,74.35,5237.4,No
1983,6633-SYEUS,Female,0,No,No,23,Yes,No,Fiber optic,No,Yes,Yes,Yes,No,No,Month-to-month,No,Bank transfer (automatic),83.2,2032.3,No
1984,6447-GORXK,Male,0,No,Yes,31,No,No phone service,DSL,No,No,No,No,No,No,Month-to-month,No,Credit card (automatic),25,789.2,No
1985,6967-PEJLL,Male,0,Yes,Yes,37,No,No phone service,DSL,Yes,No,Yes,Yes,No,No,One year,Yes,Electronic check,40.2,1525.35,No
1986,3976-BWUCK,Female,0,Yes,No,30,Yes,Yes,Fiber optic,No,Yes,No,Yes,Yes,No,Month-to-month,Yes,Credit card (automatic),94.1,2804.45,Yes
1987,5981-ZVXOT,Female,1,No,No,35,Yes,Yes,Fiber optic,Yes,Yes,Yes,No,Yes,Yes,One year,Yes,Electronic check,108.35,3726.15,No
1988,1684-FLBGS,Female,0,Yes,Yes,23,Yes,Yes,DSL,No,Yes,No,Yes,Yes,No,Month-to-month,Yes,Credit card (automatic),69.5,1652.1,No
1989,1389-WNUIB,Female,0,Yes,Yes,20,Yes,Yes,DSL,Yes,No,No,No,Yes,Yes,One year,No,Bank transfer (automatic),76,1588.75,No
1990,0376-OIWME,Male,0,Yes,No,36,Yes,No,Fiber optic,Yes,No,No,No,Yes,Yes,Month-to-month,Yes,Electronic check,93.6,3366.05,No
1991,3585-ISXZP,Female,0,No,No,8,Yes,Yes,Fiber optic,No,No,No,No,Yes,Yes,Month-to-month,No,Bank transfer (automatic),95.65,778.1,Yes
1992,0218-QNVAS,Male,0,Yes,Yes,71,Yes,Yes,Fiber optic,No,Yes,No,No,Yes,Yes,One year,No,Bank transfer (automatic),100.55,7113.75,No
1993,6583-QGCSI,Female,1,Yes,No,50,Yes,Yes,Fiber optic,No,Yes,No,No,Yes,No,Month-to-month,Yes,Electronic check,88.05,4367.35,Yes
1994,0804-YGEQV,Female,0,Yes,Yes,43,Yes,Yes,No,No internet service,No internet service,No internet service,No internet service,No internet service,No internet service,One year,Yes,Bank transfer (automatic),24.45,993.15,No
1995,7164-BPTUT,Male,0,No,Yes,57,Yes,Yes,DSL,Yes,Yes,Yes,Yes,Yes,Yes,Two year,No,Mailed check,89.55,5012.35,No
1996,4174-LPGTI,Female,0,Yes,Yes,41,Yes,No,DSL,No,Yes,No,Yes,No,Yes,One year,Yes,Bank transfer (automatic),66.5,2728.6,Yes
1997,2523-EWWZL,Female,0,Yes,No,27,Yes,No,Fiber optic,No,Yes,No,No,No,No,Month-to-month,Yes,Electronic check,76.1,2093.4,No
1998,0928-XUTSN,Female,0,No,No,13,Yes,No,Fiber optic,No,No,No,No,No,Yes,Month-to-month,Yes,Electronic check,80.5,1011.8,No
1999,2108-XWMPY,Male,0,No,No,3,No,No phone service,DSL,Yes,Yes,No,No,No,No,Month-to-month,Yes,Mailed check,35.45,106.85,Yes
2000,0052-YNYOT,Female,0,No,No,67,Yes,No,No,No internet service,No internet service,No internet service,No internet service,No internet service,No internet service,One year,No,Electronic check,20.55,1343.4,No
2001,6304-IJFSQ,Male,0,No,No,3,Yes,No,DSL,No,Yes,No,No,No,No,Month-to-month,Yes,Mailed check,49.9,130.1,Yes
2002,9586-JGQKH,Female,0,Yes,No,64,Yes,Yes,Fiber optic,No,Yes,No,Yes,Yes,Yes,Two year,Yes,Bank transfer (automatic),105.4,6794.75,No
2003,4501-VCPFK,Male,0,No,No,26,No,No phone service,DSL,No,No,Yes,Yes,No,No,Month-to-month,No,Electronic check,35.75,1022.5,No
2004,6075-SLNIL,Male,0,No,No,38,Yes,Yes,Fiber optic,No,Yes,Yes,No,No,Yes,Month-to-month,Yes,Credit card (automatic),95.1,3691.2,No
2005,9347-AERRL,Male,0,Yes,No,23,Yes,No,No,No internet service,No internet service,No internet service,No internet service,No internet service,No internet service,One year,No,Credit card (automatic),19.3,486.2,No
2006,0093-XWZFY,Male,0,No,No,40,Yes,Yes,Fiber optic,No,Yes,Yes,No,Yes,Yes,Month-to-month,Yes,Credit card (automatic),104.5,4036.85,Yes
2007,2274-XUATA,Male,1,Yes,No,72,No,No phone service,DSL,,Yes,Yes,Yes,Yes,Yes,Two year,Yes,Bank transfer (automatic),63.1,4685.55,No
2008,1980-KXVPM,Female,1,No,No,3,Yes,Yes,Fiber optic,No,No,No,No,No,No,Month-to-month,Yes,Credit card (automatic),75.05,256.25,Yes
2009,7703-ZEKEF,Male,0,No,No,23,Yes,Yes,Fiber optic,No,No,Yes,No,No,No,Month-to-month,Yes,Electronic check,81,1917.1,Yes
2010,0723-DRCLG,Female,1,Yes,No,1,Yes,Yes,Fiber optic,No,No,No,No,No,No,Month-to-month,Yes,Electronic check,74.45,74.45,Yes
2011,5482-NUPNA,Female,0,No,No,4,Yes,No,DSL,Yes,Yes,No,Yes,No,No,Month-to-month,Yes,Mailed check,60.4,272.15,Yes
2012,6691-CCIHA,Female,0,Yes,No,62,Yes,Yes,DSL,Yes,Yes,No,Yes,Yes,Yes,Two year,Yes,Electronic check,84.95,5150.55,No
2013,1685-BQULA,Female,0,No,No,40,Yes,Yes,Fiber optic,No,Yes,Yes,No,Yes,No,Month-to-month,Yes,Bank transfer (automatic),93.4,3756.4,No
2014,9053-EJUNL,Male,0,No,No,41,Yes,Yes,Fiber optic,No,Yes,No,No,Yes,No,Month-to-month,Yes,Electronic check,89.2,3645.75,No
2015,0666-UXTJO,Male,1,Yes,No,34,Yes,No,Fiber optic,No,No,Yes,No,Yes,No,Month-to-month,Yes,Credit card (automatic),85.2,2874.45,No
2016,1471-GIQKQ,Female,0,No,No,1,Yes,No,DSL,No,Yes,No,No,No,No,Month-to-month,No,Electronic check,49.95,49.95,No
2017,4807-IZYOZ,Female,0,No,No,51,Yes,No,No,No internet service,No internet service,No internet service,No internet service,No internet service,No internet service,Two year,No,Bank transfer (automatic),20.65,1020.75,No
2018,1122-JWTJW,Male,0,Yes,Yes,1,Yes,No,Fiber optic,No,No,No,No,No,No,Month-to-month,Yes,Mailed check,70.65,70.65,Yes
2019,9710-NJERN,Female,0,No,No,39,Yes,No,No,No internet service,No internet service,No internet service,No internet service,No internet service,No internet service,Two year,No,Mailed check,20.15,826,No
2020,9837-FWLCH,Male,0,Yes,Yes,12,Yes,No,No,No internet service,No internet service,No internet service,No internet service,No internet service,No internet service,Month-to-month,Yes,Electronic check,19.2,239,No
2021,1699-HPSBG,Male,0,No,No,12,Yes,No,DSL,No,No,No,Yes,Yes,No,One year,Yes,Electronic check,59.8,727.8,Yes
2022,7203-OYKCT,Male,0,No,No,72,Yes,Yes,Fiber optic,No,Yes,Yes,No,Yes,Yes,One year,Yes,Electronic check,104.95,7544.3,No
2023,1035-IPQPU,Female,1,Yes,No,63,Yes,Yes,Fiber optic,No,Yes,Yes,No,Yes,Yes,Month-to-month,Yes,Electronic check,103.5,6479.4,No
2024,7398-LXGYX,Male,0,Yes,No,44,Yes,Yes,Fiber optic,Yes,No,Yes,No,No,No,Month-to-month,Yes,Credit card (automatic),84.8,3626.35,No
2025,2823-LKABH,Female,0,No,No,18,Yes,Yes,Fiber optic,No,No,Yes,Yes,No,Yes,Month-to-month,Yes,Bank transfer (automatic),95.05,1679.4,No
2026,8775-CEBBJ,Female,0,No,No,9,Yes,No,DSL,No,No,No,No,No,No,Month-to-month,Yes,Bank transfer (automatic),44.2,403.35,Yes
2027,0550-DCXLH,Male,0,No,No,13,Yes,No,DSL,No,Yes,No,Yes,Yes,Yes,Month-to-month,No,Mailed check,73.35,931.55,No
2028,9281-CEDRU,Female,0,Yes,No,68,Yes,No,DSL,No,Yes,No,Yes,Yes,No,Two year,No,Bank transfer (automatic),64.1,4326.25,No
2029,2235-DWLJU,Female,1,No,No,6,No,No phone service,DSL,No,No,No,No,Yes,Yes,Month-to-month,Yes,Electronic check,44.4,263.05,No
2030,0871-OPBXW,Female,0,No,No,2,Yes,No,No,No internet service,No internet service,No internet service,No internet service,No internet service,No internet service,Month-to-month,Yes,Mailed check,20.05,39.25,No
2031,3605-JISKB,Male,1,Yes,No,55,Yes,Yes,DSL,Yes,Yes,No,No,No,No,One year,No,Credit card (automatic),60,3316.1,No
2032,6894-LFHLY,Male,1,No,No,1,Yes,Yes,Fiber optic,No,No,No,No,No,No,Month-to-month,Yes,Electronic check,75.75,75.75,Yes
2033,9767-FFLEM,Male,0,No,No,38,Yes,No,Fiber optic,No,No,No,No,No,No,Month-to-month,Yes,Credit card (automatic),69.5,2625.25,No
2034,0639-TSIQW,Female,0,No,No,67,Yes,Yes,Fiber optic,Yes,Yes,Yes,No,Yes,No,Month-to-month,Yes,Credit card (automatic),102.95,6886.25,Yes
2035,8456-QDAVC,Male,0,No,No,19,Yes,No,Fiber optic,No,No,No,No,Yes,No,Month-to-month,Yes,Bank transfer (automatic),78.7,1495.1,No
2036,7750-EYXWZ,Female,0,No,No,12,No,No phone service,DSL,No,Yes,Yes,Yes,Yes,Yes,One year,No,Electronic check,60.65,743.3,No
2037,2569-WGERO,Female,0,No,No,72,Yes,No,No,No internet service,No internet service,No internet service,No internet service,No internet service,No internet service,Two year,Yes,Bank transfer (automatic),21.15,1419.4,No
2038,6840-RESVB,Male,0,Yes,Yes,24,Yes,Yes,DSL,Yes,No,Yes,Yes,Yes,Yes,One year,Yes,Mailed check,84.8,1990.5,No
2039,2234-XADUH,Female,0,Yes,Yes,72,Yes,Yes,Fiber optic,No,Yes,Yes,No,Yes,Yes,One year,Yes,Credit card (automatic),103.2,7362.9,No
2040,4801-JZAZL,Female,0,Yes,Yes,11,No,No phone service,DSL,Yes,No,No,No,No,No,Month-to-month,Yes,Electronic check,29.6,346.45,No
2041,8361-LTMKD,Male,1,Yes,No,4,Yes,Yes,Fiber optic,No,No,No,No,No,No,Month-to-month,Yes,Mailed check,74.4,306.6,Yes
2042,3186-AJIEK,Male,0,No,No,66,Yes,No,Fiber optic,Yes,No,Yes,Yes,Yes,Yes,Two year,Yes,Bank transfer (automatic),105.65,6844.5,No
