cr8b0_churnstatus,cr8b0_contracttype,cr8b0_customerid,cr8b0_customersubscriptionid,cr8b0_deviceprotectionenabled,cr8b0_gender,cr8b0_hasdependents,cr8b0_haspartner,cr8b0_internetservicetype,cr8b0_monthlycharges,cr8b0_multiplephonelines,cr8b0_onlinebackupenabled,cr8b0_onlinesecurityenabled,cr8b0_paperlessbilling,cr8b0_paymentmethod,cr8b0_phoneserviceenabled,cr8b0_recordid,cr8b0_seniorcitizenstatus,cr8b0_streamingmoviesenabled,cr8b0_streamingtvenabled,cr8b0_techsupportenabled,cr8b0_tenuremonths,cr8b0_totalcharges
TRUE,0,0623-IIHUG,4c8e5e39-5aa9-f111-b374-3833c5fb3aa8,0,0,FALSE,FALSE,0,41.9,0,1,1,TRUE,0,FALSE,354,TRUE,0,1,0,21,840.1
FALSE,0,2519-ERQOJ,fa8e5e39-5aa9-f111-b374-3833c5fb3aa8,1,1,FALSE,FALSE,0,54.6,0,1,0,TRUE,0,FALSE,398,TRUE,1,1,1,33,1803.7
FALSE,1,3571-DPYUH,85905e39-5aa9-f111-b374-3833c5fb3aa8,0,1,TRUE,TRUE,1,94.7,1,0,0,TRUE,3,TRUE,527,FALSE,0,1,1,58,5430.35
FALSE,0,9396-ZSFLL,dd905e39-5aa9-f111-b374-3833c5fb3aa8,0,0,FALSE,FALSE,0,48.85,1,1,0,FALSE,1,TRUE,615,FALSE,0,0,0,15,631.4
FALSE,0,5076-YVXCM,27915e39-5aa9-f111-b374-3833c5fb3aa8,0,1,FALSE,FALSE,1,83.4,1,1,0,FALSE,2,TRUE,689,FALSE,1,0,0,51,4149.45
TRUE,0,1894-IGFSG,6f915e39-5aa9-f111-b374-3833c5fb3aa8,0,0,FALSE,FALSE,1,89.25,0,1,0,FALSE,0,TRUE,761,FALSE,1,1,0,22,1907.85
FALSE,2,3022-BEXHZ,87955e39-5aa9-f111-b374-3833c5fb3aa8,1,1,TRUE,TRUE,1,111.2,1,0,0,TRUE,2,TRUE,1293,FALSE,1,1,1,67,7530.8
FALSE,2,4656-CAURT,ae955e39-5aa9-f111-b374-3833c5fb3aa8,0,1,FALSE,FALSE,2,23.95,1,0,0,FALSE,2,TRUE,1332,FALSE,0,0,0,69,1713.1
FALSE,1,5678-VFNEQ,fa955e39-5aa9-f111-b374-3833c5fb3aa8,1,0,FALSE,TRUE,1,104.1,1,1,1,TRUE,3,TRUE,1408,FALSE,1,1,0,71,7412.25
FALSE,0,9495-SKLKD,3c965e39-5aa9-f111-b374-3833c5fb3aa8,1,1,TRUE,TRUE,1,95.95,1,0,0,TRUE,2,TRUE,1474,FALSE,1,0,0,45,4456.65
TRUE,0,8519-QJGJD,77965e39-5aa9-f111-b374-3833c5fb3aa8,1,0,FALSE,FALSE,1,75.35,0,1,0,FALSE,0,TRUE,1533,FALSE,0,0,0,14,1025.95
TRUE,0,7675-OZCZG,9e965e39-5aa9-f111-b374-3833c5fb3aa8,0,0,FALSE,FALSE,0,45,0,1,0,FALSE,0,TRUE,1572,TRUE,0,0,0,3,127.1
FALSE,1,4906-ZHGPK,19975e39-5aa9-f111-b374-3833c5fb3aa8,0,1,TRUE,TRUE,0,70.7,1,0,0,TRUE,0,TRUE,1695,FALSE,0,1,1,54,3770
FALSE,1,9060-HJJRW,34975e39-5aa9-f111-b374-3833c5fb3aa8,1,0,FALSE,FALSE,0,56.4,0,0,0,TRUE,3,FALSE,1722,FALSE,1,1,0,51,2928.5
FALSE,1,0607-MVMGC,e915563f-5aa9-f111-b374-3833c5fb3aa8,1,1,TRUE,TRUE,0,78.75,1,0,0,FALSE,3,TRUE,1991,FALSE,1,1,0,45,3600.65
FALSE,1,5039-LZRQT,9716563f-5aa9-f111-b374-3833c5fb3aa8,0,0,FALSE,FALSE,2,20.2,0,0,0,FALSE,1,TRUE,2165,FALSE,0,0,0,13,273.25
FALSE,2,2908-WGAXL,e316563f-5aa9-f111-b374-3833c5fb3aa8,0,0,TRUE,TRUE,2,24.95,1,0,0,TRUE,3,TRUE,2241,FALSE,0,0,0,56,1468.9
FALSE,2,4277-BWBML,4417563f-5aa9-f111-b374-3833c5fb3aa8,0,1,TRUE,TRUE,2,19.95,0,0,0,FALSE,2,TRUE,2338,FALSE,0,0,0,72,1322.85
FALSE,0,7268-IGMFD,5f17563f-5aa9-f111-b374-3833c5fb3aa8,1,1,FALSE,FALSE,1,93.9,1,1,0,FALSE,2,TRUE,2365,TRUE,0,1,1,18,1743.9
FALSE,0,1134-YWTYF,e417563f-5aa9-f111-b374-3833c5fb3aa8,0,1,FALSE,TRUE,0,53.8,0,0,0,TRUE,0,TRUE,2498,FALSE,0,0,1,27,1389.85
FALSE,2,9081-WWXKP,fd17563f-5aa9-f111-b374-3833c5fb3aa8,0,0,TRUE,TRUE,2,20.25,0,0,0,FALSE,3,TRUE,2523,FALSE,0,0,0,47,873.4
FALSE,2,3970-XGJDU,6f1a563f-5aa9-f111-b374-3833c5fb3aa8,4,0,FALSE,FALSE,2,19.2,2,4,4,TRUE,3,TRUE,149,FALSE,4,4,4,62,1123.65
FALSE,1,8745-PVESG,021b563f-5aa9-f111-b374-3833c5fb3aa8,3,0,FALSE,FALSE,0,41.1,3,2,3,TRUE,3,FALSE,296,FALSE,2,2,2,57,2258.25
FALSE,2,5375-XLDOF,371b563f-5aa9-f111-b374-3833c5fb3aa8,3,1,TRUE,TRUE,1,114.35,4,3,3,TRUE,2,TRUE,349,FALSE,3,3,2,69,7665.8
FALSE,1,6933-FHBZC,ab1b563f-5aa9-f111-b374-3833c5fb3aa8,3,0,FALSE,FALSE,0,56.05,2,3,2,TRUE,1,TRUE,465,FALSE,2,2,3,26,1553.2
TRUE,1,6345-ULYRW,d21b563f-5aa9-f111-b374-3833c5fb3aa8,2,1,FALSE,TRUE,1,88.4,4,3,2,FALSE,1,TRUE,504,TRUE,3,2,3,44,3912.9
TRUE,0,7854-EKTJL,001d563f-5aa9-f111-b374-3833c5fb3aa8,4,0,TRUE,FALSE,2,19.6,2,4,4,TRUE,0,TRUE,806,FALSE,4,4,4,2,35.85
FALSE,1,8909-BOLNL,481d563f-5aa9-f111-b374-3833c5fb3aa8,4,1,FALSE,FALSE,2,21.2,2,4,4,FALSE,1,TRUE,878,FALSE,4,4,4,3,52.05
FALSE,2,7945-PRBVF,971f563f-5aa9-f111-b374-3833c5fb3aa8,4,1,FALSE,FALSE,2,21.45,2,4,4,FALSE,2,TRUE,1469,FALSE,4,4,4,35,705.45
FALSE,1,0516-OOHAR,7f20563f-5aa9-f111-b374-3833c5fb3aa8,3,1,TRUE,TRUE,1,100.35,2,3,2,FALSE,2,TRUE,1701,FALSE,3,3,3,28,2799
FALSE,0,1173-XZPYF,8d20563f-5aa9-f111-b374-3833c5fb3aa8,3,0,FALSE,FALSE,1,89.2,4,2,2,TRUE,0,TRUE,1715,FALSE,2,3,3,11,990.3
FALSE,0,0871-OPBXW,c510fb45-5aa9-f111-b374-3833c5fb3aa8,4,0,FALSE,FALSE,2,20.05,2,4,4,TRUE,1,TRUE,2030,FALSE,4,4,4,2,39.25
FALSE,1,7964-ZRKKG,e110fb45-5aa9-f111-b374-3833c5fb3aa8,2,1,FALSE,TRUE,1,88.4,4,3,2,TRUE,2,TRUE,1835,FALSE,2,3,3,67,5798.3
FALSE,1,0422-UXFAP,6c11fb45-5aa9-f111-b374-3833c5fb3aa8,3,0,FALSE,TRUE,1,98.85,4,2,2,TRUE,0,TRUE,1974,FALSE,3,3,3,51,4947.55
TRUE,0,0723-DRCLG,9011fb45-5aa9-f111-b374-3833c5fb3aa8,2,0,FALSE,TRUE,1,74.45,4,2,2,TRUE,0,TRUE,2010,TRUE,2,2,3,1,74.45
FALSE,0,1685-BQULA,9311fb45-5aa9-f111-b374-3833c5fb3aa8,3,0,FALSE,FALSE,1,93.4,4,3,2,TRUE,2,TRUE,2013,FALSE,2,3,3,40,3756.4
FALSE,2,0230-WEQUW,3b8f5e39-5aa9-f111-b374-3833c5fb3aa8,1,1,FALSE,TRUE,0,56.6,0,0,1,TRUE,2,FALSE,217,FALSE,0,1,1,66,3789.2
FALSE,2,5148-HKFIR,e5905e39-5aa9-f111-b374-3833c5fb3aa8,0,0,FALSE,FALSE,2,19.7,0,0,0,FALSE,1,TRUE,623,FALSE,0,0,0,20,406.95
FALSE,0,8095-WANWK,0b915e39-5aa9-f111-b374-3833c5fb3aa8,0,0,FALSE,FALSE,0,45.25,0,1,0,FALSE,1,TRUE,661,FALSE,0,0,0,10,428.7
FALSE,1,3696-XRIEN,60935e39-5aa9-f111-b374-3833c5fb3aa8,1,0,FALSE,FALSE,0,82.5,1,1,1,TRUE,3,TRUE,1121,FALSE,1,1,1,50,4179.1
FALSE,0,0872-JCPIB,3e955e39-5aa9-f111-b374-3833c5fb3aa8,0,1,FALSE,FALSE,0,65.75,1,1,1,FALSE,2,TRUE,1220,FALSE,1,0,0,17,1111.2
FALSE,1,1661-CZBAU,9a955e39-5aa9-f111-b374-3833c5fb3aa8,0,1,FALSE,FALSE,0,70.95,1,1,1,TRUE,2,TRUE,1312,FALSE,1,0,1,48,3629.2
TRUE,0,8621-MNIHH,e7955e39-5aa9-f111-b374-3833c5fb3aa8,1,0,FALSE,TRUE,1,94.25,1,0,0,TRUE,0,TRUE,1389,TRUE,1,0,0,34,3217.55
TRUE,0,2951-QOQTK,21965e39-5aa9-f111-b374-3833c5fb3aa8,0,1,TRUE,FALSE,1,80.8,1,1,0,FALSE,3,TRUE,1447,FALSE,0,0,1,4,332.45
FALSE,0,7398-SKNQZ,36975e39-5aa9-f111-b374-3833c5fb3aa8,0,0,FALSE,TRUE,1,94.9,1,1,0,FALSE,0,TRUE,1724,FALSE,1,1,0,3,273.2
FALSE,2,0794-YVSGE,9a975e39-5aa9-f111-b374-3833c5fb3aa8,0,1,TRUE,TRUE,2,20.3,0,0,0,FALSE,2,TRUE,1824,FALSE,0,0,0,72,1401.15
FALSE,2,3219-JQRSL,f7975e39-5aa9-f111-b374-3833c5fb3aa8,1,0,FALSE,TRUE,0,89.1,1,0,1,FALSE,3,TRUE,1917,TRUE,1,1,1,72,6352.4
FALSE,0,8309-IEYJD,1716563f-5aa9-f111-b374-3833c5fb3aa8,0,0,FALSE,FALSE,1,70.6,0,1,0,TRUE,1,TRUE,2037,TRUE,0,0,0,1,70.6
TRUE,0,0925-VYDLG,5b16563f-5aa9-f111-b374-3833c5fb3aa8,0,0,FALSE,FALSE,1,75.25,1,1,0,FALSE,0,TRUE,2105,FALSE,0,0,0,3,242
TRUE,0,2519-FAKOD,9e17563f-5aa9-f111-b374-3833c5fb3aa8,1,1,TRUE,FALSE,1,99.25,1,1,0,TRUE,2,TRUE,2428,FALSE,1,1,0,38,3777.15
TRUE,2,1527-SXDPN,da1a563f-5aa9-f111-b374-3833c5fb3aa8,3,1,TRUE,TRUE,1,96.25,4,2,2,TRUE,2,TRUE,256,FALSE,3,2,2,52,4990.25
FALSE,2,2580-ASVVY,2c1b563f-5aa9-f111-b374-3833c5fb3aa8,2,0,FALSE,TRUE,0,45.4,3,2,3,FALSE,0,FALSE,338,FALSE,2,3,2,37,1593.1
TRUE,0,9050-QLROH,461b563f-5aa9-f111-b374-3833c5fb3aa8,3,1,FALSE,FALSE,1,90.7,4,2,2,TRUE,3,TRUE,364,FALSE,3,2,3,18,1597.25
FALSE,0,7109-MFBYV,951b563f-5aa9-f111-b374-3833c5fb3aa8,2,1,FALSE,FALSE,0,45.45,2,2,2,FALSE,0,TRUE,443,FALSE,2,2,3,26,1233.15
FALSE,0,5088-QZLRL,0b1c563f-5aa9-f111-b374-3833c5fb3aa8,4,1,FALSE,FALSE,2,20.65,2,4,4,FALSE,0,TRUE,561,FALSE,4,4,4,1,20.65
FALSE,0,3873-NFTGI,f31c563f-5aa9-f111-b374-3833c5fb3aa8,2,1,FALSE,FALSE,0,55.5,4,3,2,TRUE,3,TRUE,793,FALSE,2,2,3,14,767.55
TRUE,0,4361-JEIVL,0b1d563f-5aa9-f111-b374-3833c5fb3aa8,2,1,TRUE,FALSE,0,44.4,2,2,2,TRUE,0,TRUE,817,FALSE,2,2,3,1,44.4
FALSE,0,3363-EWLGO,eb1d563f-5aa9-f111-b374-3833c5fb3aa8,4,0,FALSE,FALSE,2,19.95,2,4,4,FALSE,1,TRUE,1041,FALSE,4,4,4,5,109.6
FALSE,1,6096-EGVTU,0b1e563f-5aa9-f111-b374-3833c5fb3aa8,4,0,TRUE,TRUE,2,24.9,4,4,4,FALSE,1,TRUE,1073,FALSE,4,4,4,64,1595.5
TRUE,0,9681-OXGVC,aa1e563f-5aa9-f111-b374-3833c5fb3aa8,3,0,FALSE,FALSE,1,100.5,4,2,2,TRUE,0,TRUE,1232,FALSE,3,3,3,5,514
TRUE,0,6876-ADESB,c61f563f-5aa9-f111-b374-3833c5fb3aa8,3,1,TRUE,FALSE,0,48.95,2,2,2,FALSE,0,TRUE,1516,FALSE,2,2,3,1,48.95
TRUE,0,0280-XJGEX,fa3917ab-0332-408e-a824-ee5bd4487ab6,1,1,FALSE,FALSE,1,103.7,1,0,0,TRUE,2,TRUE,13,FALSE,1,1,0,49,5036.3
FALSE,1,1679-JRFBR,3d8e5e39-5aa9-f111-b374-3833c5fb3aa8,1,0,TRUE,TRUE,1,108.15,1,0,1,TRUE,3,TRUE,152,FALSE,1,1,0,70,7930.55
FALSE,0,4115-NZRKS,438e5e39-5aa9-f111-b374-3833c5fb3aa8,0,0,FALSE,FALSE,1,89.15,0,1,0,TRUE,0,TRUE,352,TRUE,1,1,0,7,574.35
TRUE,0,1448-PWKYE,1e915e39-5aa9-f111-b374-3833c5fb3aa8,0,1,TRUE,TRUE,1,80,0,1,0,FALSE,0,TRUE,680,FALSE,1,0,0,1,80
TRUE,0,7133-VBDCG,37915e39-5aa9-f111-b374-3833c5fb3aa8,0,0,FALSE,FALSE,1,79.85,0,0,1,TRUE,2,TRUE,705,FALSE,0,0,0,25,2015.35
FALSE,1,3758-CKOQL,80915e39-5aa9-f111-b374-3833c5fb3aa8,1,0,FALSE,TRUE,1,107,1,0,1,TRUE,3,TRUE,778,FALSE,1,0,1,59,6152.3
FALSE,2,0862-PRCBS,72925e39-5aa9-f111-b374-3833c5fb3aa8,0,0,TRUE,TRUE,1,103.75,1,0,0,TRUE,3,TRUE,928,FALSE,1,1,1,68,7039.45
TRUE,0,7943-RQCHR,c9955e39-5aa9-f111-b374-3833c5fb3aa8,0,0,FALSE,FALSE,1,94.75,1,1,0,TRUE,0,TRUE,1359,FALSE,1,1,0,9,889.9
FALSE,1,8898-KASCD,42965e39-5aa9-f111-b374-3833c5fb3aa8,1,1,FALSE,FALSE,0,35.55,0,1,0,FALSE,1,FALSE,1480,FALSE,0,0,1,39,1309.15
FALSE,1,7108-DGVUU,a6965e39-5aa9-f111-b374-3833c5fb3aa8,1,0,FALSE,TRUE,0,71.7,1,0,0,FALSE,2,TRUE,1580,TRUE,1,0,0,21,1497.05
FALSE,1,4522-XRWWI,ab965e39-5aa9-f111-b374-3833c5fb3aa8,0,1,FALSE,TRUE,0,80.45,1,1,1,FALSE,3,TRUE,1585,FALSE,1,1,1,42,3375.9
FALSE,1,2387-KDZQY,c2965e39-5aa9-f111-b374-3833c5fb3aa8,0,1,FALSE,FALSE,2,20.1,0,0,0,TRUE,1,TRUE,1608,FALSE,0,0,0,17,279.5
FALSE,1,2988-PLAHS,dd965e39-5aa9-f111-b374-3833c5fb3aa8,1,0,FALSE,FALSE,0,69.95,0,1,0,TRUE,0,TRUE,1635,FALSE,1,1,0,3,220.45
FALSE,0,0999-QXNSA,09975e39-5aa9-f111-b374-3833c5fb3aa8,0,1,TRUE,FALSE,0,45.75,0,1,0,TRUE,1,TRUE,1679,TRUE,0,0,0,7,344.2
FALSE,0,6435-SRWBJ,28975e39-5aa9-f111-b374-3833c5fb3aa8,1,0,FALSE,FALSE,1,82.75,1,1,0,TRUE,0,TRUE,1710,FALSE,0,0,1,5,417.75
FALSE,0,8401-EMUWF,7a975e39-5aa9-f111-b374-3833c5fb3aa8,0,1,TRUE,TRUE,0,69.4,1,0,1,TRUE,2,TRUE,1792,FALSE,0,1,0,42,3058.3
FALSE,2,0266-CLZKZ,ef15563f-5aa9-f111-b374-3833c5fb3aa8,1,0,TRUE,TRUE,1,105.65,1,1,0,TRUE,2,TRUE,1997,FALSE,1,1,1,67,6717.9
FALSE,0,3486-KHMLI,4416563f-5aa9-f111-b374-3833c5fb3aa8,0,1,TRUE,FALSE,2,24.7,1,0,0,FALSE,1,TRUE,2082,FALSE,0,0,0,21,467.15
FALSE,0,1393-IMKZG,e016563f-5aa9-f111-b374-3833c5fb3aa8,0,0,FALSE,FALSE,1,95.85,0,1,0,TRUE,0,TRUE,2238,FALSE,1,1,1,1,95.85
TRUE,0,1891-FZYSA,d719563f-5aa9-f111-b374-3833c5fb3aa8,0,1,FALSE,TRUE,1,89.95,1,0,0,TRUE,0,TRUE,2997,TRUE,0,1,0,69,6143.15
FALSE,0,7407-SUJIZ,e119563f-5aa9-f111-b374-3833c5fb3aa8,4,1,FALSE,FALSE,2,20.6,2,4,4,FALSE,1,TRUE,7,FALSE,4,4,4,25,541.5
FALSE,0,9714-EDSUC,df1d563f-5aa9-f111-b374-3833c5fb3aa8,2,1,FALSE,FALSE,1,94.9,2,3,3,TRUE,1,TRUE,1029,FALSE,3,2,2,4,360.55
FALSE,0,8654-DHAOW,2f1e563f-5aa9-f111-b374-3833c5fb3aa8,2,0,FALSE,FALSE,0,54.15,4,3,2,FALSE,1,TRUE,1109,FALSE,2,2,3,2,101.65
FALSE,0,9330-IJWIO,171f563f-5aa9-f111-b374-3833c5fb3aa8,2,0,FALSE,FALSE,1,100.35,4,2,3,TRUE,0,TRUE,1341,FALSE,3,3,3,13,1358.85
FALSE,0,1452-KIOVK,c85e2f07-fd7f-4e88-83f2-31666f903ccb,0,1,TRUE,FALSE,1,89.1,1,0,0,TRUE,3,TRUE,6,FALSE,0,1,0,22,1949.4
FALSE,0,8167-GJLRN,c68e5e39-5aa9-f111-b374-3833c5fb3aa8,0,1,FALSE,FALSE,0,30.4,0,1,0,FALSE,0,FALSE,187,FALSE,0,0,1,3,82.15
TRUE,0,5940-AHUHD,888f5e39-5aa9-f111-b374-3833c5fb3aa8,0,1,FALSE,FALSE,1,70.6,0,1,0,FALSE,1,TRUE,274,FALSE,0,0,0,1,70.6
TRUE,0,0447-BEMNG,57905e39-5aa9-f111-b374-3833c5fb3aa8,1,0,FALSE,TRUE,0,45.3,0,1,1,TRUE,2,FALSE,481,FALSE,1,0,0,48,2145
FALSE,2,4018-PPNDW,5d915e39-5aa9-f111-b374-3833c5fb3aa8,0,0,TRUE,TRUE,2,24.1,1,0,0,TRUE,1,TRUE,743,FALSE,0,0,0,61,1551.6
FALSE,1,7073-QETQY,c3955e39-5aa9-f111-b374-3833c5fb3aa8,0,1,TRUE,TRUE,2,20.35,0,0,0,TRUE,0,TRUE,1353,FALSE,0,0,0,66,1359.5
FALSE,0,1769-GRUIK,5a965e39-5aa9-f111-b374-3833c5fb3aa8,0,0,FALSE,FALSE,1,71.1,0,1,0,TRUE,0,TRUE,1504,FALSE,0,0,0,18,1247.75
FALSE,0,7905-NJMXS,79965e39-5aa9-f111-b374-3833c5fb3aa8,0,1,FALSE,TRUE,0,64.2,1,0,1,FALSE,0,TRUE,1535,TRUE,0,0,1,7,475
TRUE,0,5442-XSDCW,e9965e39-5aa9-f111-b374-3833c5fb3aa8,0,1,TRUE,TRUE,1,79.5,0,1,0,TRUE,2,TRUE,1647,FALSE,0,1,0,11,868.5
FALSE,1,8894-JVDCV,8416563f-5aa9-f111-b374-3833c5fb3aa8,1,0,FALSE,FALSE,1,115.05,1,0,1,TRUE,3,TRUE,2146,FALSE,1,1,1,62,7133.45
FALSE,1,1178-PZGAB,a016563f-5aa9-f111-b374-3833c5fb3aa8,0,0,FALSE,FALSE,2,20.25,0,0,0,FALSE,3,TRUE,2174,FALSE,0,0,0,19,383.65
TRUE,0,8245-UMPYT,f617563f-5aa9-f111-b374-3833c5fb3aa8,0,0,FALSE,FALSE,1,96.4,1,1,0,TRUE,0,TRUE,2516,TRUE,1,1,0,16,1581.2
FALSE,2,3230-JCNZS,2318563f-5aa9-f111-b374-3833c5fb3aa8,1,0,TRUE,TRUE,1,99,1,0,1,TRUE,3,TRUE,2561,FALSE,0,1,0,71,7061.65
TRUE,0,0415-MOSGF,aa18563f-5aa9-f111-b374-3833c5fb3aa8,0,0,FALSE,FALSE,0,44.4,0,1,0,FALSE,1,TRUE,2740,FALSE,0,0,0,1,44.4
TRUE,0,6100-QQHEB,e518563f-5aa9-f111-b374-3833c5fb3aa8,0,1,TRUE,TRUE,1,92.55,1,1,0,TRUE,0,TRUE,2770,FALSE,1,1,0,17,1515.1
FALSE,0,7074-STDCN,2f1a563f-5aa9-f111-b374-3833c5fb3aa8,2,1,FALSE,FALSE,0,40.6,3,2,2,TRUE,0,FALSE,85,FALSE,3,2,2,39,1494.5
FALSE,0,5928-QLDHB,791a563f-5aa9-f111-b374-3833c5fb3aa8,2,1,FALSE,FALSE,1,76.25,4,2,2,TRUE,0,TRUE,159,FALSE,2,2,3,9,684.85
FALSE,0,9591-YVTEB,e11a563f-5aa9-f111-b374-3833c5fb3aa8,2,1,FALSE,FALSE,0,44.85,3,3,3,TRUE,0,FALSE,263,TRUE,2,3,3,55,2479.05
TRUE,0,2619-WFQWU,e41b563f-5aa9-f111-b374-3833c5fb3aa8,2,0,FALSE,FALSE,1,70.15,2,2,2,TRUE,1,TRUE,522,FALSE,2,2,3,1,70.15
FALSE,0,2308-STERM,2d1c563f-5aa9-f111-b374-3833c5fb3aa8,4,0,FALSE,FALSE,2,19.4,2,4,4,FALSE,1,TRUE,595,FALSE,4,4,4,2,61.05
TRUE,0,9846-GKXAS,191d563f-5aa9-f111-b374-3833c5fb3aa8,2,0,FALSE,FALSE,1,90.8,2,2,2,TRUE,2,TRUE,831,FALSE,3,3,3,9,809.75
FALSE,0,2905-KFQUV,261d563f-5aa9-f111-b374-3833c5fb3aa8,2,0,FALSE,TRUE,1,70.4,2,2,2,TRUE,3,TRUE,844,FALSE,2,2,3,2,154.8
FALSE,1,9114-VEPUF,2f1d563f-5aa9-f111-b374-3833c5fb3aa8,2,1,FALSE,TRUE,1,96.1,4,3,3,FALSE,0,TRUE,853,FALSE,3,2,3,62,6001.45
FALSE,1,8097-OMULG,071e563f-5aa9-f111-b374-3833c5fb3aa8,3,1,TRUE,TRUE,0,76.75,2,3,2,FALSE,3,TRUE,1069,FALSE,3,3,2,59,4541.9
FALSE,1,1090-PYKCI,8d1e563f-5aa9-f111-b374-3833c5fb3aa8,3,0,TRUE,TRUE,1,105.1,4,3,3,TRUE,3,TRUE,1203,FALSE,2,3,2,69,7234.8
FALSE,0,7426-GSWPO,0d20563f-5aa9-f111-b374-3833c5fb3aa8,2,1,FALSE,FALSE,1,103.5,4,3,3,TRUE,2,TRUE,1587,TRUE,3,3,3,64,6548.65
FALSE,2,4990-ALDGW,4020563f-5aa9-f111-b374-3833c5fb3aa8,4,1,FALSE,FALSE,2,20.75,2,4,4,FALSE,1,TRUE,1638,FALSE,4,4,4,57,1118.8
TRUE,0,8784-CGILN,d310fb45-5aa9-f111-b374-3833c5fb3aa8,2,0,FALSE,FALSE,1,99.85,4,2,2,TRUE,2,TRUE,1821,FALSE,3,3,2,18,1776.95
FALSE,0,4926-UMJZD,0811fb45-5aa9-f111-b374-3833c5fb3aa8,2,0,FALSE,TRUE,0,49.2,2,2,2,TRUE,1,TRUE,1874,FALSE,2,2,2,31,1498.55
FALSE,2,6345-FZOQH,738e5e39-5aa9-f111-b374-3833c5fb3aa8,0,1,FALSE,TRUE,2,19.9,0,0,0,FALSE,1,TRUE,165,FALSE,0,0,0,69,1363.45
TRUE,0,4385-GZQXV,848f5e39-5aa9-f111-b374-3833c5fb3aa8,0,0,FALSE,FALSE,1,94.45,0,1,0,TRUE,0,TRUE,270,TRUE,1,1,1,16,1511.2
TRUE,0,8665-UTDHZ,bd8f5e39-5aa9-f111-b374-3833c5fb3aa8,0,1,TRUE,TRUE,0,30.2,0,0,0,FALSE,0,FALSE,27,FALSE,0,0,0,1,30.2
TRUE,0,6032-KRXXO,bc965e39-5aa9-f111-b374-3833c5fb3aa8,0,1,FALSE,FALSE,1,90.25,0,1,0,TRUE,0,TRUE,1602,FALSE,1,1,0,30,2755.35
FALSE,0,0463-WZZKO,d0975e39-5aa9-f111-b374-3833c5fb3aa8,0,1,FALSE,FALSE,2,20.75,0,0,0,TRUE,3,TRUE,1878,FALSE,0,0,0,3,67.1
FALSE,0,7217-JYHOQ,d7975e39-5aa9-f111-b374-3833c5fb3aa8,0,1,TRUE,TRUE,0,70.3,0,0,1,TRUE,3,TRUE,1885,FALSE,1,0,1,24,1706.45
FALSE,1,5447-WZAFP,d215563f-5aa9-f111-b374-3833c5fb3aa8,1,0,FALSE,FALSE,1,100.3,0,0,0,TRUE,1,TRUE,1968,FALSE,1,1,0,53,5200.8
FALSE,2,0602-DDUML,dc15563f-5aa9-f111-b374-3833c5fb3aa8,1,0,FALSE,FALSE,0,69.75,0,0,0,FALSE,1,TRUE,1978,FALSE,0,1,1,57,3894.4
FALSE,2,4304-TSPVK,4717563f-5aa9-f111-b374-3833c5fb3aa8,1,0,FALSE,TRUE,1,114.9,1,0,1,FALSE,2,TRUE,2341,FALSE,1,1,1,68,7843.55
TRUE,0,0407-BDJKB,2918563f-5aa9-f111-b374-3833c5fb3aa8,1,1,FALSE,TRUE,1,95.75,1,0,0,TRUE,0,TRUE,2567,FALSE,0,1,0,60,5742.9
TRUE,0,5027-QPKTE,5019563f-5aa9-f111-b374-3833c5fb3aa8,0,1,FALSE,TRUE,1,69.35,0,1,0,TRUE,0,TRUE,2862,FALSE,0,0,0,7,451.1
FALSE,2,9453-PATOS,8a19563f-5aa9-f111-b374-3833c5fb3aa8,1,0,FALSE,TRUE,0,85.1,0,0,1,FALSE,1,TRUE,2920,FALSE,1,1,1,72,6155.4
FALSE,1,9357-UJRUN,b619563f-5aa9-f111-b374-3833c5fb3aa8,0,1,FALSE,TRUE,0,58.35,1,1,1,TRUE,0,TRUE,2964,FALSE,0,0,1,24,1346.9
FALSE,2,6726-NNFWD,b01b563f-5aa9-f111-b374-3833c5fb3aa8,3,0,FALSE,TRUE,1,89.45,2,3,2,FALSE,3,TRUE,470,TRUE,3,2,3,71,6435.25
TRUE,0,1320-HTRDR,3c1c563f-5aa9-f111-b374-3833c5fb3aa8,2,0,FALSE,FALSE,1,75.5,4,2,2,TRUE,0,TRUE,610,FALSE,2,2,3,3,220.6
FALSE,1,7609-NRNCA,3c1e563f-5aa9-f111-b374-3833c5fb3aa8,4,0,FALSE,FALSE,2,19.55,2,4,4,FALSE,1,TRUE,1122,FALSE,4,4,4,17,280.85
FALSE,1,6728-CZFEI,591f563f-5aa9-f111-b374-3833c5fb3aa8,2,0,FALSE,FALSE,0,56.15,2,2,2,FALSE,1,TRUE,1407,FALSE,2,3,3,15,931.9
FALSE,1,1422-DGUBX,661f563f-5aa9-f111-b374-3833c5fb3aa8,2,1,FALSE,TRUE,1,79.25,4,2,2,TRUE,0,TRUE,1420,FALSE,2,2,2,32,2619.15
FALSE,1,0218-QNVAS,7e11fb45-5aa9-f111-b374-3833c5fb3aa8,2,1,TRUE,TRUE,1,100.55,4,3,2,FALSE,2,TRUE,1992,FALSE,3,3,3,71,7113.75
TRUE,0,0259-GBZSH,928e5e39-5aa9-f111-b374-3833c5fb3aa8,0,1,FALSE,FALSE,1,85.65,1,1,0,TRUE,0,TRUE,371,FALSE,0,1,0,2,181.5
TRUE,0,0742-MOABM,558f5e39-5aa9-f111-b374-3833c5fb3aa8,0,1,FALSE,TRUE,0,50.05,0,1,0,FALSE,1,TRUE,223,FALSE,0,0,1,4,179.35
FALSE,2,4883-KCPZJ,c5925e39-5aa9-f111-b374-3833c5fb3aa8,0,0,TRUE,TRUE,2,25.25,1,0,0,FALSE,3,TRUE,992,FALSE,0,0,0,22,555.4
FALSE,1,2316-ESMLS,d9925e39-5aa9-f111-b374-3833c5fb3aa8,0,0,TRUE,TRUE,0,33.15,0,1,1,FALSE,3,FALSE,847,FALSE,0,0,1,12,444.75
FALSE,0,7537-RBWEA,ad955e39-5aa9-f111-b374-3833c5fb3aa8,0,0,FALSE,FALSE,0,25.15,0,1,0,TRUE,1,FALSE,1331,FALSE,0,0,0,1,25.15
TRUE,0,1583-IHQZE,fb16563f-5aa9-f111-b374-3833c5fb3aa8,1,1,FALSE,FALSE,1,112.95,1,0,0,TRUE,1,TRUE,2265,FALSE,1,1,1,12,1384.75
TRUE,0,8258-GSTJK,3c1a563f-5aa9-f111-b374-3833c5fb3aa8,2,1,FALSE,FALSE,1,77,4,2,2,TRUE,0,TRUE,98,TRUE,2,2,3,3,237.75
FALSE,1,9289-LBQVU,a81b563f-5aa9-f111-b374-3833c5fb3aa8,2,1,FALSE,TRUE,0,70.15,4,3,2,TRUE,1,TRUE,462,FALSE,3,2,2,64,4480.7
FALSE,2,4589-IUAJB,fe1b563f-5aa9-f111-b374-3833c5fb3aa8,4,1,FALSE,TRUE,2,24.25,4,4,4,FALSE,2,TRUE,548,FALSE,4,4,4,70,1724.15
FALSE,0,5399-ZIMKF,8b1c563f-5aa9-f111-b374-3833c5fb3aa8,2,1,FALSE,FALSE,1,74.65,2,3,2,TRUE,0,TRUE,689,FALSE,2,2,3,5,383.65
FALSE,2,1813-JYWTO,911c563f-5aa9-f111-b374-3833c5fb3aa8,2,0,FALSE,TRUE,1,80.45,4,2,3,FALSE,2,TRUE,695,FALSE,2,2,3,72,5737.6
TRUE,0,8042-JVNFH,ae1c563f-5aa9-f111-b374-3833c5fb3aa8,2,1,FALSE,FALSE,1,71.35,2,2,2,TRUE,1,TRUE,724,FALSE,2,2,3,1,71.35
FALSE,2,2419-FSORS,021d563f-5aa9-f111-b374-3833c5fb3aa8,3,1,FALSE,TRUE,1,108.4,4,3,2,TRUE,0,TRUE,808,FALSE,3,3,2,72,7719.5
FALSE,2,2193-SFWQW,bd1d563f-5aa9-f111-b374-3833c5fb3aa8,3,1,TRUE,TRUE,1,111.95,2,3,3,FALSE,2,TRUE,995,FALSE,3,3,2,72,8033.1
FALSE,0,9137-UIYPG,791f563f-5aa9-f111-b374-3833c5fb3aa8,3,0,TRUE,TRUE,1,106.9,2,2,3,TRUE,0,TRUE,1439,FALSE,3,3,2,35,3756.45
FALSE,0,6215-NQCPY,f91f563f-5aa9-f111-b374-3833c5fb3aa8,2,1,FALSE,FALSE,1,99.7,4,2,3,TRUE,0,TRUE,1567,FALSE,3,3,3,15,1566.75
FALSE,1,5820-PTRYM,2411fb45-5aa9-f111-b374-3833c5fb3aa8,3,0,FALSE,TRUE,0,68.45,4,3,3,TRUE,3,TRUE,1902,TRUE,2,2,2,56,4014
TRUE,1,8267-ZNYVZ,3411fb45-5aa9-f111-b374-3833c5fb3aa8,3,0,FALSE,TRUE,1,103.75,2,2,3,TRUE,0,TRUE,1918,FALSE,3,3,2,33,3361.05
TRUE,0,9305-CDSKC,3609a725-a559-49ca-87fe-2e94e68abd9e,1,0,FALSE,FALSE,1,99.65,1,1,0,TRUE,0,TRUE,5,FALSE,1,1,0,8,820.5
FALSE,0,2928-HLDBA,c48d5e39-5aa9-f111-b374-3833c5fb3aa8,0,0,FALSE,FALSE,2,20.7,0,0,0,FALSE,1,TRUE,121,FALSE,0,0,0,6,112.75
TRUE,0,2372-HWUHI,f58d5e39-5aa9-f111-b374-3833c5fb3aa8,0,1,FALSE,FALSE,0,44.35,0,1,0,FALSE,0,TRUE,134,FALSE,0,0,0,2,81.25
FALSE,0,2937-FTHUR,31905e39-5aa9-f111-b374-3833c5fb3aa8,0,0,TRUE,FALSE,0,64.8,1,1,1,FALSE,0,TRUE,443,FALSE,1,0,0,18,1166.7
TRUE,0,1342-JPNKI,95905e39-5aa9-f111-b374-3833c5fb3aa8,0,1,FALSE,FALSE,1,86.05,1,1,0,TRUE,2,TRUE,543,FALSE,0,1,0,10,834.1
FALSE,2,0374-FIUCA,cd905e39-5aa9-f111-b374-3833c5fb3aa8,0,1,FALSE,TRUE,2,20.4,0,0,0,TRUE,3,TRUE,599,FALSE,0,0,0,65,1414.45
FALSE,0,6923-JHPMP,5b915e39-5aa9-f111-b374-3833c5fb3aa8,1,0,FALSE,FALSE,1,80.45,0,1,1,TRUE,0,TRUE,741,FALSE,0,0,0,2,137.1
FALSE,2,5232-NXPAY,ed935e39-5aa9-f111-b374-3833c5fb3aa8,1,0,FALSE,FALSE,0,74.45,0,1,0,FALSE,1,TRUE,1193,FALSE,1,1,1,47,3510.3
FALSE,2,1970-KKFWL,f6955e39-5aa9-f111-b374-3833c5fb3aa8,0,0,FALSE,FALSE,2,23.3,1,0,0,FALSE,2,TRUE,1404,FALSE,0,0,0,35,797.1
FALSE,0,3761-FLYZI,f7965e39-5aa9-f111-b374-3833c5fb3aa8,1,0,FALSE,TRUE,1,108.8,1,0,0,TRUE,2,TRUE,1661,TRUE,1,1,0,65,7082.45
FALSE,0,8735-IJJEG,c115563f-5aa9-f111-b374-3833c5fb3aa8,1,1,FALSE,TRUE,0,50.2,0,1,0,FALSE,3,TRUE,1951,FALSE,0,0,0,14,668.85
TRUE,0,9734-UYXQI,2816563f-5aa9-f111-b374-3833c5fb3aa8,0,0,FALSE,FALSE,0,49.4,1,1,0,TRUE,0,TRUE,2054,FALSE,0,0,0,2,106.55
TRUE,0,5159-YFPKQ,9316563f-5aa9-f111-b374-3833c5fb3aa8,1,0,FALSE,FALSE,1,75.8,0,1,0,TRUE,0,TRUE,2161,FALSE,0,0,0,2,160.75
TRUE,0,2608-BHKFN,ad18563f-5aa9-f111-b374-3833c5fb3aa8,0,0,FALSE,FALSE,1,70.05,0,1,0,TRUE,3,TRUE,2677,FALSE,0,0,0,4,266.9
TRUE,1,3763-GCZHZ,1e19563f-5aa9-f111-b374-3833c5fb3aa8,0,1,FALSE,TRUE,1,104.05,1,0,0,TRUE,0,TRUE,2812,FALSE,1,1,1,66,6890
FALSE,0,1A1:U3001038-RQOST,d919563f-5aa9-f111-b374-3833c5fb3aa8,0,1,TRUE,TRUE,2,20.6,0,0,0,FALSE,1,TRUE,2999,FALSE,0,0,0,19,414.95
FALSE,0,7622-NXQZR,6d1a563f-5aa9-f111-b374-3833c5fb3aa8,2,1,FALSE,FALSE,0,30.1,3,2,2,TRUE,3,FALSE,147,FALSE,2,2,2,28,810.85
FALSE,1,2027-DNKIV,e41a563f-5aa9-f111-b374-3833c5fb3aa8,3,1,TRUE,TRUE,0,58.75,2,2,3,TRUE,1,TRUE,266,FALSE,2,2,2,37,2203.1
TRUE,0,2982-IHMFT,2f1b563f-5aa9-f111-b374-3833c5fb3aa8,2,0,FALSE,FALSE,1,74.45,4,2,2,TRUE,1,TRUE,341,TRUE,2,2,3,1,74.45
FALSE,1,2589-AYCRP,691b563f-5aa9-f111-b374-3833c5fb3aa8,4,0,FALSE,FALSE,2,19.75,2,4,4,FALSE,2,TRUE,399,FALSE,4,4,4,50,989.05
FALSE,2,2888-ADFAO,b01c563f-5aa9-f111-b374-3833c5fb3aa8,4,0,TRUE,TRUE,2,21.3,2,4,4,TRUE,2,TRUE,726,FALSE,4,4,4,47,1041.8
FALSE,0,7233-DRTRF,f11c563f-5aa9-f111-b374-3833c5fb3aa8,3,1,FALSE,TRUE,1,102.4,4,3,2,TRUE,0,TRUE,791,FALSE,3,3,3,63,6444.05
TRUE,0,8063-RJYNF,b91d563f-5aa9-f111-b374-3833c5fb3aa8,2,1,FALSE,FALSE,1,94.25,2,2,3,TRUE,0,TRUE,991,FALSE,3,3,3,16,1483.25
FALSE,1,0230-UBYPQ,d41f563f-5aa9-f111-b374-3833c5fb3aa8,2,1,FALSE,TRUE,0,36.1,3,2,3,FALSE,2,FALSE,1530,TRUE,2,2,2,63,2298.9
TRUE,1,4576-CSAJH,2220563f-5aa9-f111-b374-3833c5fb3aa8,2,1,FALSE,FALSE,0,55.15,2,3,2,TRUE,3,TRUE,1608,FALSE,2,2,2,22,1193.05
FALSE,2,2452-MRMZF,8520563f-5aa9-f111-b374-3833c5fb3aa8,4,0,FALSE,TRUE,2,25.7,4,4,4,TRUE,3,TRUE,1707,TRUE,4,4,4,72,1937.4
TRUE,0,0093-XWZFY,8c11fb45-5aa9-f111-b374-3833c5fb3aa8,3,1,FALSE,FALSE,1,104.5,4,3,2,TRUE,3,TRUE,2006,FALSE,3,3,3,40,4036.85
FALSE,0,3714-NTNFO,cf8f5e39-5aa9-f111-b374-3833c5fb3aa8,0,0,FALSE,FALSE,1,84.5,1,1,0,TRUE,0,TRUE,45,FALSE,1,0,0,49,3906.7
FALSE,0,5712-AHQNN,12905e39-5aa9-f111-b374-3833c5fb3aa8,1,0,FALSE,FALSE,1,91.65,0,0,0,TRUE,0,TRUE,112,FALSE,0,1,0,43,3954.1
FALSE,0,8111-BKVDS,1e905e39-5aa9-f111-b374-3833c5fb3aa8,1,0,FALSE,FALSE,0,40.7,0,0,1,FALSE,2,FALSE,424,FALSE,0,0,0,10,449.3
FALSE,2,7969-FFOWG,72915e39-5aa9-f111-b374-3833c5fb3aa8,0,1,TRUE,TRUE,2,19.9,0,0,0,FALSE,1,TRUE,764,FALSE,0,0,0,65,1292.6
FALSE,2,1106-HRLKZ,ae925e39-5aa9-f111-b374-3833c5fb3aa8,0,1,TRUE,TRUE,2,19.6,0,0,0,FALSE,1,TRUE,981,FALSE,0,0,0,40,808.95
FALSE,1,8496-DMZUK,45955e39-5aa9-f111-b374-3833c5fb3aa8,1,1,FALSE,FALSE,1,90.4,1,0,1,FALSE,2,TRUE,1227,FALSE,0,0,0,30,2820.65
FALSE,0,2439-LYPMQ,d8965e39-5aa9-f111-b374-3833c5fb3aa8,1,1,FALSE,TRUE,1,102.6,1,0,0,TRUE,0,TRUE,1630,TRUE,1,1,0,38,4009.2
FALSE,0,4163-KIUHY,f3965e39-5aa9-f111-b374-3833c5fb3aa8,0,1,FALSE,FALSE,2,25.6,1,0,0,TRUE,0,TRUE,1657,FALSE,0,0,0,35,901.25
FALSE,0,3977-QCRSL,f315563f-5aa9-f111-b374-3833c5fb3aa8,0,0,FALSE,FALSE,2,20.15,0,0,0,FALSE,1,TRUE,2001,FALSE,0,0,0,5,117.95
FALSE,2,2878-RMWXY,a316563f-5aa9-f111-b374-3833c5fb3aa8,1,1,FALSE,TRUE,1,102.65,1,0,1,TRUE,3,TRUE,2177,TRUE,1,0,0,72,7550.3
FALSE,2,4312-GVYNH,c916563f-5aa9-f111-b374-3833c5fb3aa8,1,0,FALSE,TRUE,0,49.85,0,1,1,TRUE,2,FALSE,2215,FALSE,1,0,1,70,3370.2
TRUE,0,5202-IVJNU,5418563f-5aa9-f111-b374-3833c5fb3aa8,1,0,TRUE,FALSE,0,30.1,0,1,0,FALSE,3,FALSE,2610,FALSE,0,0,0,39,1131.3
FALSE,1,1179-INLAT,be18563f-5aa9-f111-b374-3833c5fb3aa8,0,1,FALSE,FALSE,2,19.45,0,0,0,TRUE,1,TRUE,2750,FALSE,0,0,0,3,69.25
FALSE,2,5310-NOOVA,a019563f-5aa9-f111-b374-3833c5fb3aa8,0,1,FALSE,FALSE,2,19.95,0,0,0,FALSE,0,TRUE,2942,FALSE,0,0,0,46,907.05
TRUE,0,9526-JAWYF,331b563f-5aa9-f111-b374-3833c5fb3aa8,3,1,FALSE,FALSE,1,89.8,2,3,2,FALSE,0,TRUE,345,FALSE,2,3,3,26,2335.3
TRUE,0,5376-DEQCP,631b563f-5aa9-f111-b374-3833c5fb3aa8,2,0,FALSE,FALSE,1,70.6,2,2,2,TRUE,0,TRUE,393,FALSE,2,2,3,1,70.6
FALSE,2,6435-VWCCY,821b563f-5aa9-f111-b374-3833c5fb3aa8,2,1,FALSE,TRUE,1,92.7,4,3,3,TRUE,3,TRUE,424,TRUE,2,3,3,65,5968.4
FALSE,1,6546-OPBBH,e81b563f-5aa9-f111-b374-3833c5fb3aa8,4,1,TRUE,TRUE,2,23.95,4,4,4,TRUE,1,TRUE,526,FALSE,4,4,4,51,1216.35
TRUE,0,5364-EVNIB,061c563f-5aa9-f111-b374-3833c5fb3aa8,3,1,FALSE,FALSE,1,79.8,2,3,2,TRUE,0,TRUE,556,FALSE,2,2,3,13,973.45
FALSE,2,6064-ZATLR,ab1c563f-5aa9-f111-b374-3833c5fb3aa8,2,0,FALSE,FALSE,0,52.85,2,3,3,FALSE,2,TRUE,721,FALSE,2,2,3,27,1498.65
FALSE,1,8679-LZBMD,da1c563f-5aa9-f111-b374-3833c5fb3aa8,2,1,FALSE,TRUE,1,90.65,2,2,2,TRUE,2,TRUE,768,FALSE,3,3,3,44,3974.15
FALSE,1,5553-AOINX,321e563f-5aa9-f111-b374-3833c5fb3aa8,3,0,TRUE,TRUE,1,104.9,4,3,2,TRUE,0,TRUE,1112,TRUE,3,3,3,66,6891.45
FALSE,2,6549-BTYPG,ba1e563f-5aa9-f111-b374-3833c5fb3aa8,3,0,FALSE,TRUE,0,60.8,3,3,2,FALSE,3,FALSE,1248,FALSE,3,3,2,60,3603.45
FALSE,1,1952-DVVSW,421f563f-5aa9-f111-b374-3833c5fb3aa8,4,0,FALSE,TRUE,2,20.1,2,4,4,FALSE,1,TRUE,1384,FALSE,4,4,4,10,184.4
FALSE,1,6994-FGRHH,481f563f-5aa9-f111-b374-3833c5fb3aa8,3,1,TRUE,TRUE,1,106.15,2,3,2,TRUE,0,TRUE,1390,FALSE,3,3,2,70,7475.1
TRUE,0,7603-USHJS,1311fb45-5aa9-f111-b374-3833c5fb3aa8,2,1,TRUE,FALSE,1,73.75,4,2,2,TRUE,3,TRUE,1885,FALSE,2,2,3,12,871.4
TRUE,0,1875-QIVME,888e5e39-5aa9-f111-b374-3833c5fb3aa8,1,0,FALSE,TRUE,1,104.4,1,1,0,TRUE,0,TRUE,171,FALSE,1,1,1,2,242.8
FALSE,0,6745-JEFZB,b58f5e39-5aa9-f111-b374-3833c5fb3aa8,0,1,FALSE,TRUE,1,91.5,1,1,0,TRUE,3,TRUE,319,FALSE,0,1,1,35,3236.35
FALSE,1,5968-XQIVE,49905e39-5aa9-f111-b374-3833c5fb3aa8,0,1,TRUE,TRUE,1,89.7,1,0,0,TRUE,0,TRUE,467,FALSE,0,1,0,72,6588.95
FALSE,2,0454-OKRCT,75925e39-5aa9-f111-b374-3833c5fb3aa8,0,1,FALSE,FALSE,1,80.6,0,0,0,FALSE,2,TRUE,931,FALSE,0,0,1,33,2651.1
FALSE,2,2176-LVPNX,cf935e39-5aa9-f111-b374-3833c5fb3aa8,1,0,FALSE,FALSE,0,89.85,1,0,1,FALSE,1,TRUE,1112,TRUE,1,1,1,71,6293.45
FALSE,1,8461-EFQYM,d7935e39-5aa9-f111-b374-3833c5fb3aa8,0,0,FALSE,FALSE,2,24.25,1,0,0,TRUE,0,TRUE,1116,FALSE,0,0,0,38,914.4
FALSE,2,0839-QNXME,7f975e39-5aa9-f111-b374-3833c5fb3aa8,0,0,FALSE,FALSE,2,19.4,0,0,0,FALSE,3,TRUE,1797,FALSE,0,0,0,30,578.5
FALSE,1,5149-QYTTU,8c975e39-5aa9-f111-b374-3833c5fb3aa8,1,0,TRUE,TRUE,1,95.15,1,0,1,TRUE,3,TRUE,1810,FALSE,0,0,1,71,6770.85
TRUE,0,3858-VOBET,f115563f-5aa9-f111-b374-3833c5fb3aa8,0,1,FALSE,FALSE,1,74.95,1,1,0,TRUE,0,TRUE,1999,FALSE,0,0,0,23,1710.45
FALSE,0,9779-DPNEJ,6816563f-5aa9-f111-b374-3833c5fb3aa8,0,0,TRUE,TRUE,1,80.15,0,1,0,TRUE,0,TRUE,2118,FALSE,1,0,0,22,1790.65
FALSE,0,1089-HDMKP,8317563f-5aa9-f111-b374-3833c5fb3aa8,0,1,TRUE,FALSE,0,54.55,0,0,0,TRUE,0,TRUE,2401,TRUE,0,0,1,11,601.25
FALSE,0,4927-WWOOZ,f917563f-5aa9-f111-b374-3833c5fb3aa8,1,1,FALSE,TRUE,1,91.45,1,1,0,TRUE,0,TRUE,2519,FALSE,0,1,0,2,171.45
FALSE,2,1303-SRDOK,cc19563f-5aa9-f111-b374-3833c5fb3aa8,0,0,TRUE,TRUE,1,69.05,0,1,0,TRUE,3,TRUE,2986,FALSE,0,0,0,55,3842.6
FALSE,1,6617-WLBQC,ef19563f-5aa9-f111-b374-3833c5fb3aa8,2,0,TRUE,TRUE,1,81.85,4,2,3,FALSE,3,TRUE,21,FALSE,2,2,3,23,1810.85
FALSE,0,5018-LXQQG,1d1a563f-5aa9-f111-b374-3833c5fb3aa8,2,0,TRUE,TRUE,0,66.3,2,2,3,FALSE,2,TRUE,67,FALSE,3,2,2,30,1923.5
FALSE,0,6143-JQKEA,5c1b563f-5aa9-f111-b374-3833c5fb3aa8,2,1,FALSE,FALSE,0,45.8,2,2,2,TRUE,3,TRUE,386,FALSE,2,2,3,10,436.2
FALSE,2,3374-TTZTK,b81b563f-5aa9-f111-b374-3833c5fb3aa8,3,1,FALSE,TRUE,1,106.3,2,3,3,TRUE,0,TRUE,478,FALSE,3,3,2,52,5487
FALSE,0,9873-MNDKV,321d563f-5aa9-f111-b374-3833c5fb3aa8,2,0,FALSE,FALSE,0,44.65,2,2,2,TRUE,1,TRUE,856,FALSE,2,2,3,11,472.25
FALSE,2,2324-EFHVG,a71d563f-5aa9-f111-b374-3833c5fb3aa8,3,1,FALSE,FALSE,1,104.4,4,3,2,TRUE,2,TRUE,973,FALSE,3,3,3,64,6692.65
FALSE,0,4833-QTJNO,4c1e563f-5aa9-f111-b374-3833c5fb3aa8,2,1,FALSE,TRUE,1,83.85,4,3,3,FALSE,2,TRUE,1138,TRUE,2,2,3,67,5588.8
FALSE,2,0071-NDAFP,881e563f-5aa9-f111-b374-3833c5fb3aa8,4,1,TRUE,TRUE,2,25.5,4,4,4,FALSE,3,TRUE,1198,FALSE,4,4,4,25,630.6
FALSE,1,2890-WFBHU,e51e563f-5aa9-f111-b374-3833c5fb3aa8,3,0,FALSE,FALSE,0,79.85,4,3,3,FALSE,3,TRUE,1291,FALSE,3,2,2,59,4786.1
FALSE,2,6519-ZHPXP,5e1f563f-5aa9-f111-b374-3833c5fb3aa8,3,0,TRUE,TRUE,1,108.3,2,3,3,TRUE,2,TRUE,1412,FALSE,3,3,2,72,7679.65
FALSE,2,3518-FSTWG,9f1f563f-5aa9-f111-b374-3833c5fb3aa8,3,1,FALSE,TRUE,1,109.55,4,3,3,TRUE,2,TRUE,1477,TRUE,3,3,3,72,7920.7
TRUE,0,5832-XKAES,1120563f-5aa9-f111-b374-3833c5fb3aa8,2,1,FALSE,FALSE,1,69.8,2,2,2,TRUE,3,TRUE,1591,FALSE,2,2,3,2,134.7
TRUE,0,6457-USBER,2e20563f-5aa9-f111-b374-3833c5fb3aa8,2,1,FALSE,FALSE,1,80.8,2,2,2,TRUE,0,TRUE,1620,FALSE,3,2,3,1,80.8
FALSE,0,0822-QGCXA,5c20563f-5aa9-f111-b374-3833c5fb3aa8,3,0,FALSE,TRUE,0,83.85,4,3,2,FALSE,0,TRUE,1666,TRUE,3,3,2,27,2310.2
TRUE,0,2272-QAGFO,8620563f-5aa9-f111-b374-3833c5fb3aa8,2,0,FALSE,FALSE,1,74.3,4,2,2,TRUE,0,TRUE,1708,TRUE,2,2,3,14,1096.25
TRUE,0,3926-CUQZX,2111fb45-5aa9-f111-b374-3833c5fb3aa8,2,1,FALSE,FALSE,0,45.1,2,2,2,TRUE,2,TRUE,1899,FALSE,2,2,3,1,45.1
FALSE,1,5160-UXJED,408e5e39-5aa9-f111-b374-3833c5fb3aa8,0,1,TRUE,FALSE,0,44.6,0,1,0,FALSE,1,TRUE,351,FALSE,0,0,0,17,681.4
FALSE,2,2651-ZCBXV,5c8f5e39-5aa9-f111-b374-3833c5fb3aa8,0,1,FALSE,FALSE,1,108,1,0,1,TRUE,3,TRUE,230,FALSE,1,1,1,54,5760.65
FALSE,1,6202-DYYFX,938f5e39-5aa9-f111-b374-3833c5fb3aa8,0,0,FALSE,FALSE,1,76,1,1,0,TRUE,3,TRUE,285,FALSE,0,0,0,22,1783.6
FALSE,2,1248-DYXUB,a78f5e39-5aa9-f111-b374-3833c5fb3aa8,0,1,TRUE,TRUE,2,24.8,1,0,0,FALSE,1,TRUE,305,FALSE,0,0,0,52,1229.1
FALSE,2,1862-QRWPE,f98f5e39-5aa9-f111-b374-3833c5fb3aa8,0,0,TRUE,TRUE,2,20.65,0,0,0,FALSE,2,TRUE,87,FALSE,0,0,0,48,1057
TRUE,0,9063-ZGTUY,24905e39-5aa9-f111-b374-3833c5fb3aa8,0,0,TRUE,TRUE,2,19.4,0,0,0,TRUE,1,TRUE,430,FALSE,0,0,0,61,1182.55
FALSE,0,7343-EOBEU,a7905e39-5aa9-f111-b374-3833c5fb3aa8,0,1,FALSE,TRUE,2,23.6,1,0,0,TRUE,1,TRUE,561,FALSE,0,0,0,3,89.05
TRUE,0,5192-EBGOV,bf905e39-5aa9-f111-b374-3833c5fb3aa8,0,0,FALSE,FALSE,1,85.7,1,1,0,TRUE,0,TRUE,585,TRUE,0,1,0,1,85.7
FALSE,2,1206-EHBDD,c0925e39-5aa9-f111-b374-3833c5fb3aa8,1,0,FALSE,TRUE,1,80.3,0,1,1,FALSE,2,TRUE,990,FALSE,0,0,0,56,4513.65
FALSE,2,6244-BESBM,6a955e39-5aa9-f111-b374-3833c5fb3aa8,0,1,TRUE,TRUE,1,95.2,0,1,0,TRUE,3,TRUE,1264,FALSE,1,1,1,69,6671.7
TRUE,0,7881-EVUAD,69965e39-5aa9-f111-b374-3833c5fb3aa8,0,0,FALSE,FALSE,0,42.6,0,0,1,TRUE,0,FALSE,1519,FALSE,1,0,0,2,72.4
FALSE,2,1568-LJSZU,73975e39-5aa9-f111-b374-3833c5fb3aa8,1,1,TRUE,TRUE,0,92.2,1,0,1,TRUE,3,TRUE,1785,FALSE,1,1,1,68,6392.85
FALSE,2,0754-EEBDC,e6975e39-5aa9-f111-b374-3833c5fb3aa8,0,1,TRUE,TRUE,2,19.9,0,0,0,FALSE,1,TRUE,1900,FALSE,0,0,0,4,76.65
FALSE,2,8984-HPEMB,6516563f-5aa9-f111-b374-3833c5fb3aa8,1,0,FALSE,FALSE,1,118.65,1,0,1,TRUE,0,TRUE,2115,FALSE,1,1,1,71,8477.6
FALSE,1,1776-SPBWV,eb17563f-5aa9-f111-b374-3833c5fb3aa8,0,0,TRUE,TRUE,2,20.1,0,0,0,TRUE,2,TRUE,2505,FALSE,0,0,0,34,682.1
TRUE,1,0022-TCJCI,0318563f-5aa9-f111-b374-3833c5fb3aa8,1,1,FALSE,FALSE,0,62.7,0,1,1,FALSE,3,TRUE,2529,TRUE,1,0,0,45,2791.5
TRUE,1,0203-HHYIJ,0a18563f-5aa9-f111-b374-3833c5fb3aa8,0,1,FALSE,FALSE,2,25.3,1,0,0,FALSE,2,TRUE,2536,FALSE,0,0,0,25,676.35
FALSE,0,6128-AQBMT,ee18563f-5aa9-f111-b374-3833c5fb3aa8,1,1,FALSE,TRUE,0,53.95,0,0,0,TRUE,0,FALSE,2709,TRUE,1,1,0,41,2215.4
TRUE,0,9103-TCIHJ,e019563f-5aa9-f111-b374-3833c5fb3aa8,2,0,FALSE,FALSE,0,55.7,4,2,3,TRUE,1,TRUE,6,FALSE,2,2,3,15,899.8
FALSE,0,9860-LISIZ,4b1b563f-5aa9-f111-b374-3833c5fb3aa8,4,0,FALSE,FALSE,2,20.35,2,4,4,FALSE,1,TRUE,369,FALSE,4,4,4,34,673.2
FALSE,0,9921-EZKBY,8c1b563f-5aa9-f111-b374-3833c5fb3aa8,3,1,TRUE,FALSE,1,95.3,4,2,3,TRUE,2,TRUE,434,FALSE,3,2,3,33,3275.15
TRUE,0,4614-NUVZD,f41b563f-5aa9-f111-b374-3833c5fb3aa8,2,0,FALSE,FALSE,1,81.1,2,2,2,TRUE,0,TRUE,538,FALSE,3,2,3,1,81.1
TRUE,0,0013-EXCHZ,131c563f-5aa9-f111-b374-3833c5fb3aa8,2,0,FALSE,TRUE,1,83.9,2,2,2,TRUE,1,TRUE,569,TRUE,2,3,2,3,267.4
FALSE,1,6051-PTVNS,301c563f-5aa9-f111-b374-3833c5fb3aa8,4,0,TRUE,TRUE,2,19.15,2,4,4,FALSE,3,TRUE,598,FALSE,4,4,4,55,998.1
FALSE,1,3349-ANQNH,c71c563f-5aa9-f111-b374-3833c5fb3aa8,3,0,FALSE,FALSE,1,99.5,4,2,2,TRUE,0,TRUE,749,TRUE,3,0,3,59,5890
FALSE,1,9066-QRSDU,0f1d563f-5aa9-f111-b374-3833c5fb3aa8,4,0,FALSE,TRUE,2,26.3,4,4,4,TRUE,0,TRUE,821,FALSE,4,4,4,69,1763.55
TRUE,1,4785-QRJHC,4e1d563f-5aa9-f111-b374-3833c5fb3aa8,3,1,FALSE,TRUE,0,59.9,3,3,2,TRUE,2,FALSE,884,TRUE,3,3,2,46,2816.65
FALSE,1,3417-TSCIC,931e563f-5aa9-f111-b374-3833c5fb3aa8,2,1,FALSE,FALSE,0,24.85,3,2,2,TRUE,1,FALSE,1209,FALSE,2,2,3,29,788.05
FALSE,2,7977-HXJKU,e71e563f-5aa9-f111-b374-3833c5fb3aa8,4,1,TRUE,FALSE,2,19.6,2,4,4,FALSE,1,TRUE,1293,FALSE,4,4,4,21,397
TRUE,0,7493-TPUWZ,ff1e563f-5aa9-f111-b374-3833c5fb3aa8,2,1,FALSE,FALSE,1,79.15,4,3,2,TRUE,0,TRUE,1317,FALSE,2,2,3,1,79.15
TRUE,0,1518-VOWAV,e31f563f-5aa9-f111-b374-3833c5fb3aa8,2,0,FALSE,FALSE,0,74.65,2,3,3,TRUE,0,TRUE,1545,FALSE,3,3,3,9,703.55
FALSE,2,3389-KTRXV,0e20563f-5aa9-f111-b374-3833c5fb3aa8,4,0,TRUE,TRUE,2,23.85,4,4,4,FALSE,1,TRUE,1588,FALSE,4,4,4,23,625.65
TRUE,0,9079-YEXQJ,f310fb45-5aa9-f111-b374-3833c5fb3aa8,3,0,FALSE,FALSE,1,111.1,4,3,2,FALSE,0,TRUE,1853,FALSE,3,3,2,54,6014.85
FALSE,0,4183-MYFRB,b46b2233-9cb3-455a-9844-083d1179e240,1,0,FALSE,FALSE,1,90.05,0,0,0,TRUE,0,TRUE,19,FALSE,1,0,0,21,1862.9
FALSE,0,2739-CACDQ,e88d5e39-5aa9-f111-b374-3833c5fb3aa8,1,0,FALSE,FALSE,1,82.65,1,1,0,TRUE,3,TRUE,329,TRUE,0,0,0,17,1470.05
FALSE,0,3951-NJCVI,eb8e5e39-5aa9-f111-b374-3833c5fb3aa8,0,0,FALSE,TRUE,1,95.05,1,1,0,TRUE,0,TRUE,394,TRUE,1,1,0,42,3944.5
FALSE,2,5495-GPSRW,128f5e39-5aa9-f111-b374-3833c5fb3aa8,0,1,FALSE,FALSE,2,19.7,0,0,0,TRUE,1,TRUE,404,FALSE,0,0,0,20,419.4
FALSE,0,5630-AHZIL,ec8f5e39-5aa9-f111-b374-3833c5fb3aa8,0,0,TRUE,FALSE,0,64.5,0,1,1,TRUE,2,TRUE,74,FALSE,1,0,1,3,177.4
FALSE,1,0134-XWXCE,56975e39-5aa9-f111-b374-3833c5fb3aa8,1,0,FALSE,FALSE,0,74.85,0,1,0,FALSE,2,TRUE,1756,TRUE,1,1,1,44,3268.05
FALSE,2,3373-DIUUN,6116563f-5aa9-f111-b374-3833c5fb3aa8,0,1,TRUE,TRUE,2,21.25,0,0,0,FALSE,1,TRUE,2111,FALSE,0,0,0,30,711.9
FALSE,1,2972-YDYUW,3b17563f-5aa9-f111-b374-3833c5fb3aa8,0,0,FALSE,FALSE,1,94.7,1,0,0,FALSE,0,TRUE,2329,FALSE,1,0,1,57,5468.95
FALSE,1,3327-YBAKM,291b563f-5aa9-f111-b374-3833c5fb3aa8,2,0,FALSE,TRUE,1,96.9,2,2,3,TRUE,1,TRUE,335,FALSE,3,3,2,64,6314.35
FALSE,1,5627-TVBPP,661b563f-5aa9-f111-b374-3833c5fb3aa8,4,0,TRUE,FALSE,2,20.1,2,4,4,TRUE,3,TRUE,396,FALSE,4,4,4,35,644.5
FALSE,1,9705-ZJBCG,3a1c563f-5aa9-f111-b374-3833c5fb3aa8,2,0,TRUE,TRUE,0,54.15,2,2,3,FALSE,2,TRUE,608,FALSE,2,2,2,13,701.05
FALSE,2,8882-TLVRW,be1c563f-5aa9-f111-b374-3833c5fb3aa8,3,1,TRUE,TRUE,0,39.1,3,2,3,FALSE,1,FALSE,740,FALSE,2,2,2,69,2779.5
FALSE,1,1752-OZXFY,0e1d563f-5aa9-f111-b374-3833c5fb3aa8,2,1,FALSE,TRUE,0,59.8,2,2,3,TRUE,1,TRUE,820,FALSE,2,3,3,60,3561.15
FALSE,1,4750-UKWJK,ec1d563f-5aa9-f111-b374-3833c5fb3aa8,4,0,FALSE,TRUE,2,19.6,2,4,4,FALSE,1,TRUE,1042,TRUE,4,4,4,37,727.8
FALSE,0,7798-JVXYM,111f563f-5aa9-f111-b374-3833c5fb3aa8,2,0,FALSE,FALSE,0,69.65,2,2,2,TRUE,0,TRUE,1335,FALSE,3,3,2,14,921.4
FALSE,0,9853-JFZDU,451f563f-5aa9-f111-b374-3833c5fb3aa8,2,0,FALSE,TRUE,0,56.85,2,3,2,FALSE,0,TRUE,1387,FALSE,2,2,2,35,1861.1
TRUE,0,7551-DACSP,d11f563f-5aa9-f111-b374-3833c5fb3aa8,3,1,TRUE,TRUE,0,55.3,2,3,2,TRUE,1,TRUE,1527,FALSE,2,2,3,6,324.25
TRUE,0,6518-LGAOV,2020563f-5aa9-f111-b374-3833c5fb3aa8,3,0,FALSE,TRUE,1,105,4,2,2,TRUE,0,TRUE,1606,FALSE,3,3,2,38,4026.4
TRUE,0,5482-NUPNA,9111fb45-5aa9-f111-b374-3833c5fb3aa8,2,0,FALSE,FALSE,0,60.4,2,3,3,TRUE,1,TRUE,2011,FALSE,2,2,2,4,272.15
FALSE,0,8645-KWHJO,8c8f5e39-5aa9-f111-b374-3833c5fb3aa8,1,1,FALSE,FALSE,0,55,0,1,0,TRUE,0,FALSE,278,FALSE,1,1,1,14,771.95
FALSE,0,3167-SNQPL,aa8f5e39-5aa9-f111-b374-3833c5fb3aa8,0,1,TRUE,TRUE,1,101.15,1,0,0,FALSE,0,TRUE,308,TRUE,1,1,0,38,3741.85
FALSE,1,8812-ZRHFP,73925e39-5aa9-f111-b374-3833c5fb3aa8,1,0,TRUE,TRUE,1,86.45,0,1,0,FALSE,0,TRUE,929,FALSE,1,0,0,30,2538.05
FALSE,0,6549-NNDYT,d2925e39-5aa9-f111-b374-3833c5fb3aa8,0,0,FALSE,FALSE,0,30.85,0,1,1,TRUE,2,FALSE,843,FALSE,0,0,0,13,394.1
TRUE,0,5536-RTPWK,7d935e39-5aa9-f111-b374-3833c5fb3aa8,0,1,FALSE,TRUE,1,99.05,1,0,0,TRUE,2,TRUE,1068,FALSE,1,1,0,49,4853.75
TRUE,0,2026-TGDHM,5f955e39-5aa9-f111-b374-3833c5fb3aa8,0,0,FALSE,FALSE,1,79.3,0,1,0,TRUE,0,TRUE,1253,FALSE,1,0,0,7,523.15
TRUE,1,4187-CINZD,65955e39-5aa9-f111-b374-3833c5fb3aa8,0,0,FALSE,FALSE,1,95.25,0,0,0,FALSE,3,TRUE,1259,TRUE,1,1,0,46,4424.2
TRUE,0,4671-LXRDQ,b1955e39-5aa9-f111-b374-3833c5fb3aa8,0,1,FALSE,FALSE,0,45,0,1,0,TRUE,1,TRUE,1335,FALSE,0,0,0,2,96.45
FALSE,0,4472-VESGY,51965e39-5aa9-f111-b374-3833c5fb3aa8,1,0,TRUE,TRUE,1,98.15,1,0,1,FALSE,2,TRUE,1495,FALSE,1,0,0,52,4993.4
TRUE,0,3068-OMWZA,ba965e39-5aa9-f111-b374-3833c5fb3aa8,1,1,FALSE,FALSE,1,88.8,1,1,0,TRUE,0,TRUE,1600,TRUE,0,1,0,1,88.8
FALSE,1,8932-CZHRQ,2c975e39-5aa9-f111-b374-3833c5fb3aa8,1,1,FALSE,FALSE,0,76.75,1,0,1,FALSE,3,TRUE,1714,FALSE,1,0,0,68,5233.25
FALSE,1,7279-NMVJC,30975e39-5aa9-f111-b374-3833c5fb3aa8,0,0,FALSE,FALSE,2,19.9,0,0,0,FALSE,2,TRUE,1718,FALSE,0,0,0,17,323.15
TRUE,0,3877-JRJIP,3c975e39-5aa9-f111-b374-3833c5fb3aa8,0,1,FALSE,FALSE,0,59.85,1,1,0,TRUE,0,TRUE,1730,FALSE,0,1,0,1,59.85
FALSE,2,1265-BCFEO,4518563f-5aa9-f111-b374-3833c5fb3aa8,1,0,FALSE,TRUE,0,80.45,1,1,0,TRUE,2,TRUE,2595,FALSE,1,1,1,71,5662.25
FALSE,1,5837-LXSDN,4618563f-5aa9-f111-b374-3833c5fb3aa8,0,0,TRUE,TRUE,0,58.85,0,0,0,TRUE,3,TRUE,2596,FALSE,0,1,0,21,1215.45
FALSE,2,4213-HKBJO,6518563f-5aa9-f111-b374-3833c5fb3aa8,0,0,FALSE,FALSE,2,25.7,1,0,0,FALSE,3,TRUE,2627,FALSE,0,0,0,33,826.1
FALSE,0,5445-GLVOT,cb18563f-5aa9-f111-b374-3833c5fb3aa8,0,0,FALSE,FALSE,0,49.8,0,1,1,TRUE,0,TRUE,2692,FALSE,0,0,0,22,1049.05
FALSE,0,7610-TVOPG,2b19563f-5aa9-f111-b374-3833c5fb3aa8,0,1,FALSE,FALSE,2,26.35,1,0,0,TRUE,0,TRUE,2825,FALSE,0,0,0,15,378.6
FALSE,1,4707-YNOQA,b519563f-5aa9-f111-b374-3833c5fb3aa8,0,0,TRUE,TRUE,2,25.6,1,0,0,TRUE,3,TRUE,2963,FALSE,0,0,0,34,917.15
FALSE,2,5727-MYATE,8f1a563f-5aa9-f111-b374-3833c5fb3aa8,3,1,TRUE,TRUE,0,90.8,4,3,3,TRUE,3,TRUE,181,FALSE,3,3,2,72,6397.6
FALSE,2,3511-BFTJW,ae1a563f-5aa9-f111-b374-3833c5fb3aa8,3,1,TRUE,TRUE,0,38.5,3,3,3,FALSE,3,FALSE,212,FALSE,2,2,3,72,2763
FALSE,2,3460-TJBWI,cc1d563f-5aa9-f111-b374-3833c5fb3aa8,4,1,TRUE,TRUE,2,24.2,4,4,4,FALSE,1,TRUE,1010,FALSE,4,4,4,24,609.05
FALSE,1,0824-VWDPO,c81e563f-5aa9-f111-b374-3833c5fb3aa8,2,0,FALSE,FALSE,1,96.75,4,3,3,FALSE,2,TRUE,1262,FALSE,3,2,3,45,4442.75
FALSE,0,3422-GALYP,e21e563f-5aa9-f111-b374-3833c5fb3aa8,2,1,FALSE,FALSE,1,79.45,4,3,2,TRUE,0,TRUE,1288,FALSE,2,2,3,2,145.15
FALSE,2,8946-BFWSG,fe1e563f-5aa9-f111-b374-3833c5fb3aa8,4,1,TRUE,TRUE,2,25.25,4,4,4,FALSE,1,TRUE,1316,FALSE,4,4,4,63,1573.05
FALSE,1,9867-JCZSP,cc8f5e39-5aa9-f111-b374-3833c5fb3aa8,0,0,TRUE,TRUE,2,20.75,0,0,0,FALSE,1,TRUE,42,FALSE,0,0,0,17,418.25
TRUE,0,5299-RULOA,17905e39-5aa9-f111-b374-3833c5fb3aa8,0,0,TRUE,TRUE,1,100.25,1,1,1,TRUE,0,TRUE,117,FALSE,1,1,0,10,1064.65
TRUE,0,0970-ETWGE,f8905e39-5aa9-f111-b374-3833c5fb3aa8,0,1,FALSE,FALSE,1,89.55,0,1,0,TRUE,0,TRUE,642,FALSE,1,1,0,1,89.55
FALSE,0,6549-YMFAW,4b915e39-5aa9-f111-b374-3833c5fb3aa8,0,1,FALSE,TRUE,2,21.25,0,0,0,TRUE,1,TRUE,725,TRUE,0,0,0,9,204.55
FALSE,2,2632-TACXW,4b935e39-5aa9-f111-b374-3833c5fb3aa8,0,0,FALSE,TRUE,2,23.65,1,0,0,FALSE,2,TRUE,1033,FALSE,0,0,0,62,1416.75
FALSE,1,3800-LYTRK,75935e39-5aa9-f111-b374-3833c5fb3aa8,0,0,FALSE,FALSE,0,55.7,0,1,1,FALSE,1,TRUE,1064,FALSE,0,0,1,14,795.15
FALSE,0,4468-KAZHE,ef935e39-5aa9-f111-b374-3833c5fb3aa8,0,0,FALSE,TRUE,0,60,0,0,0,TRUE,0,TRUE,1195,TRUE,1,0,0,20,1259.35
TRUE,0,0420-BWTPW,ba15563f-5aa9-f111-b374-3833c5fb3aa8,0,1,TRUE,FALSE,0,25.5,0,1,0,FALSE,1,FALSE,1944,FALSE,0,0,0,8,215.2
FALSE,1,3778-FOAQW,0d16563f-5aa9-f111-b374-3833c5fb3aa8,0,0,FALSE,TRUE,2,20.15,0,0,0,FALSE,1,TRUE,2027,FALSE,0,0,0,24,456.85
FALSE,1,5986-WWXDV,3a16563f-5aa9-f111-b374-3833c5fb3aa8,0,1,TRUE,FALSE,2,19.35,0,0,0,FALSE,2,TRUE,2072,FALSE,0,0,0,39,779.2
TRUE,0,1084-UQCHV,4616563f-5aa9-f111-b374-3833c5fb3aa8,0,1,TRUE,FALSE,1,69.75,0,1,0,FALSE,2,TRUE,2084,FALSE,0,0,0,1,69.75
FALSE,2,7036-TYDEC,c416563f-5aa9-f111-b374-3833c5fb3aa8,1,0,FALSE,FALSE,1,104,1,1,0,FALSE,0,TRUE,2210,FALSE,1,1,1,69,7028.5
TRUE,1,3325-FUYCG,b517563f-5aa9-f111-b374-3833c5fb3aa8,0,1,TRUE,TRUE,1,106.1,1,0,1,FALSE,0,TRUE,2451,FALSE,1,1,0,28,2847.4
FALSE,0,1866-ZSLJM,8818563f-5aa9-f111-b374-3833c5fb3aa8,0,1,FALSE,FALSE,2,20.5,0,0,0,FALSE,3,TRUE,2723,FALSE,0,0,0,21,402.85
TRUE,0,9530-EHPOH,ed1a563f-5aa9-f111-b374-3833c5fb3aa8,3,1,FALSE,FALSE,0,53.75,4,2,2,FALSE,0,TRUE,275,FALSE,2,2,3,11,608
FALSE,0,7502-BNYGS,611c563f-5aa9-f111-b374-3833c5fb3aa8,2,0,FALSE,TRUE,0,69.1,2,3,2,TRUE,3,TRUE,647,FALSE,3,3,3,46,3168
FALSE,0,3920-HIHMQ,ff1d563f-5aa9-f111-b374-3833c5fb3aa8,2,0,TRUE,FALSE,0,49.5,4,2,2,TRUE,1,TRUE,1061,FALSE,2,2,3,26,1265.65
TRUE,0,7562-GSUHK,5a1e563f-5aa9-f111-b374-3833c5fb3aa8,3,0,FALSE,FALSE,1,93.2,2,3,2,TRUE,3,TRUE,1152,FALSE,3,2,3,16,1573.7
TRUE,0,3315-TOTBP,e01f563f-5aa9-f111-b374-3833c5fb3aa8,2,1,FALSE,FALSE,1,76,4,2,2,TRUE,1,TRUE,1542,FALSE,2,2,3,15,1130.85
FALSE,0,6969-MVBAI,0020563f-5aa9-f111-b374-3833c5fb3aa8,3,0,FALSE,FALSE,1,90.1,4,2,2,TRUE,0,TRUE,1574,TRUE,2,3,3,9,816.8
TRUE,0,0872-NXJYS,5d20563f-5aa9-f111-b374-3833c5fb3aa8,2,0,FALSE,FALSE,1,79.55,2,2,2,TRUE,0,TRUE,1667,FALSE,3,2,3,9,723.4
FALSE,1,5481-NTDOH,9420563f-5aa9-f111-b374-3833c5fb3aa8,3,0,FALSE,TRUE,1,107.05,4,2,3,TRUE,3,TRUE,1722,TRUE,3,3,3,67,7142.5
FALSE,2,5115-SQAAU,bf20563f-5aa9-f111-b374-3833c5fb3aa8,4,0,TRUE,TRUE,2,25.6,4,4,4,TRUE,2,TRUE,1765,FALSE,4,4,4,69,1673.4
FALSE,0,8705-WZCYL,cc8d5e39-5aa9-f111-b374-3833c5fb3aa8,0,1,FALSE,FALSE,0,44.8,0,1,0,TRUE,0,TRUE,322,FALSE,0,0,0,1,44.8
FALSE,1,6469-MRVET,548f5e39-5aa9-f111-b374-3833c5fb3aa8,0,1,TRUE,TRUE,2,20.2,0,0,0,TRUE,0,TRUE,222,FALSE,0,0,0,1,20.2
FALSE,0,4080-IIARD,ce8f5e39-5aa9-f111-b374-3833c5fb3aa8,0,0,FALSE,TRUE,0,76.2,1,0,1,TRUE,0,TRUE,44,FALSE,0,1,1,13,981.45
FALSE,1,5642-MHDQT,14915e39-5aa9-f111-b374-3833c5fb3aa8,0,0,TRUE,TRUE,2,19.85,0,0,0,TRUE,2,TRUE,670,FALSE,0,0,0,53,1039.45
TRUE,0,3138-BKYAV,9a915e39-5aa9-f111-b374-3833c5fb3aa8,0,1,FALSE,FALSE,1,85.35,0,0,0,TRUE,0,TRUE,804,FALSE,0,1,0,6,489.45
FALSE,2,0323-XWWTN,02935e39-5aa9-f111-b374-3833c5fb3aa8,0,1,TRUE,FALSE,2,26.4,1,0,0,TRUE,1,TRUE,869,FALSE,0,0,0,3,121.25
FALSE,0,2208-NQBCT,7c935e39-5aa9-f111-b374-3833c5fb3aa8,0,0,TRUE,TRUE,1,81.95,0,0,1,FALSE,0,TRUE,1134,FALSE,0,0,0,26,2070.05
TRUE,0,0621-TWIEM,b3975e39-5aa9-f111-b374-3833c5fb3aa8,0,1,FALSE,FALSE,0,45.55,0,1,0,TRUE,0,TRUE,1849,FALSE,0,0,0,10,402.6
FALSE,0,3221-CJMSG,f5975e39-5aa9-f111-b374-3833c5fb3aa8,0,1,FALSE,FALSE,0,51.1,0,1,0,TRUE,3,TRUE,1915,FALSE,0,0,1,24,1269.6
FALSE,2,2234-EOFPT,ce16563f-5aa9-f111-b374-3833c5fb3aa8,0,1,FALSE,TRUE,0,79.35,0,0,1,TRUE,2,TRUE,2220,FALSE,1,1,1,72,5753.25
FALSE,0,1399-UBQIU,ed16563f-5aa9-f111-b374-3833c5fb3aa8,1,1,FALSE,FALSE,0,69.35,0,1,0,TRUE,0,TRUE,2251,FALSE,1,1,0,11,712.25
TRUE,0,1587-FKLZB,0c17563f-5aa9-f111-b374-3833c5fb3aa8,1,1,TRUE,TRUE,1,99.5,1,1,0,TRUE,3,TRUE,2282,TRUE,1,1,0,66,6822.15
TRUE,2,5440-FLBQG,1117563f-5aa9-f111-b374-3833c5fb3aa8,1,1,FALSE,TRUE,1,108.4,1,0,0,TRUE,2,TRUE,2287,TRUE,1,1,1,69,7318.2
TRUE,0,7488-MXJIV,1517563f-5aa9-f111-b374-3833c5fb3aa8,0,0,FALSE,FALSE,1,85.65,1,1,0,TRUE,0,TRUE,2291,FALSE,0,1,0,4,321.65
FALSE,2,6770-UAYGJ,2f17563f-5aa9-f111-b374-3833c5fb3aa8,0,0,TRUE,TRUE,2,25.25,1,0,0,FALSE,1,TRUE,2317,FALSE,0,0,0,49,1211.65
FALSE,0,3787-TRIAL,7117563f-5aa9-f111-b374-3833c5fb3aa8,0,1,TRUE,TRUE,0,26.05,0,1,0,TRUE,0,FALSE,2383,FALSE,0,0,0,21,565.75
FALSE,2,6901-GOGZG,8d17563f-5aa9-f111-b374-3833c5fb3aa8,1,1,TRUE,FALSE,0,84.95,1,1,1,TRUE,0,TRUE,2411,FALSE,1,1,1,60,4984.85
FALSE,0,2250-IVBWA,d818563f-5aa9-f111-b374-3833c5fb3aa8,0,1,TRUE,TRUE,1,81.05,0,0,1,FALSE,0,TRUE,2763,FALSE,0,0,0,64,5135.35
TRUE,0,4749-VFKVB,e218563f-5aa9-f111-b374-3833c5fb3aa8,0,0,FALSE,FALSE,0,50.1,1,1,0,TRUE,1,TRUE,2703,FALSE,0,0,0,1,50.1
TRUE,0,3999-QGRJH,2f19563f-5aa9-f111-b374-3833c5fb3aa8,0,1,FALSE,FALSE,1,69.7,0,1,0,TRUE,0,TRUE,2829,TRUE,0,0,0,8,560.85
FALSE,0,4353-HYOJD,541a563f-5aa9-f111-b374-3833c5fb3aa8,2,0,TRUE,TRUE,0,49.85,2,3,2,FALSE,1,TRUE,122,FALSE,2,2,3,27,1336.15
TRUE,0,9611-CTWIH,fd1b563f-5aa9-f111-b374-3833c5fb3aa8,2,0,FALSE,FALSE,1,89.45,2,2,2,TRUE,0,TRUE,547,FALSE,3,3,3,3,240.45
FALSE,1,0983-TATYJ,901c563f-5aa9-f111-b374-3833c5fb3aa8,2,0,FALSE,TRUE,0,51.45,2,2,2,TRUE,1,TRUE,694,FALSE,2,2,2,33,1758.9
TRUE,0,1363-TXLSL,131d563f-5aa9-f111-b374-3833c5fb3aa8,2,1,FALSE,TRUE,1,70.3,2,2,2,TRUE,0,TRUE,825,TRUE,2,2,3,1,70.3
TRUE,0,7240-ETPTR,881d563f-5aa9-f111-b374-3833c5fb3aa8,3,0,FALSE,TRUE,0,48.75,3,2,2,TRUE,0,FALSE,942,FALSE,3,3,3,9,442.2
FALSE,2,0057-QBUQH,f71d563f-5aa9-f111-b374-3833c5fb3aa8,4,0,TRUE,FALSE,2,25.1,4,4,4,TRUE,0,TRUE,1053,FALSE,4,4,4,43,1070.15
FALSE,2,9924-JPRMC,381e563f-5aa9-f111-b374-3833c5fb3aa8,3,1,FALSE,FALSE,1,118.2,4,3,3,TRUE,0,TRUE,1118,FALSE,3,3,2,72,8547.15
FALSE,2,3451-VAWLI,1f1f563f-5aa9-f111-b374-3833c5fb3aa8,4,0,TRUE,TRUE,2,19.7,2,4,4,FALSE,3,TRUE,1349,FALSE,4,4,4,35,730.4
FALSE,2,0848-SOMKO,311f563f-5aa9-f111-b374-3833c5fb3aa8,3,1,FALSE,FALSE,0,48.4,3,2,3,FALSE,2,FALSE,1367,FALSE,3,2,2,70,3442.8
FALSE,1,8782-NUUOL,811f563f-5aa9-f111-b374-3833c5fb3aa8,3,1,FALSE,FALSE,0,79,2,2,3,FALSE,1,TRUE,1447,FALSE,3,3,2,60,4801.1
TRUE,0,6230-BSUXY,ae20563f-5aa9-f111-b374-3833c5fb3aa8,3,0,FALSE,FALSE,1,85,2,2,2,TRUE,0,TRUE,1748,TRUE,3,2,3,1,85
FALSE,1,1956-YIFGE,2011fb45-5aa9-f111-b374-3833c5fb3aa8,3,1,TRUE,TRUE,1,100.05,2,3,2,TRUE,1,TRUE,1898,FALSE,3,3,3,22,2090.25
FALSE,2,8626-PTQGE,d48d5e39-5aa9-f111-b374-3833c5fb3aa8,0,1,FALSE,FALSE,0,60.05,0,0,1,TRUE,2,FALSE,324,FALSE,1,1,1,69,4176.7
TRUE,0,4484-GLZOU,8a8f5e39-5aa9-f111-b374-3833c5fb3aa8,1,0,FALSE,TRUE,1,105.05,1,0,0,TRUE,0,TRUE,276,FALSE,1,1,0,52,5624.85
FALSE,0,9577-WJVCQ,918f5e39-5aa9-f111-b374-3833c5fb3aa8,0,0,FALSE,FALSE,0,54.45,1,1,1,FALSE,1,TRUE,283,FALSE,0,0,0,68,3687.75
FALSE,2,3841-NFECX,c08f5e39-5aa9-f111-b374-3833c5fb3aa8,1,0,FALSE,TRUE,1,96.35,1,0,1,TRUE,3,TRUE,30,TRUE,0,0,1,71,6766.95
FALSE,0,6067-NGCEU,ff8f5e39-5aa9-f111-b374-3833c5fb3aa8,1,0,FALSE,FALSE,1,111.05,1,0,1,TRUE,3,TRUE,93,FALSE,1,1,0,65,7107
FALSE,1,9411-TPQQV,f0905e39-5aa9-f111-b374-3833c5fb3aa8,0,0,FALSE,FALSE,0,54.55,0,1,1,TRUE,2,FALSE,634,FALSE,1,1,1,40,2236.2
FALSE,0,7567-ECMCM,82925e39-5aa9-f111-b374-3833c5fb3aa8,0,1,FALSE,FALSE,1,79.85,0,1,0,TRUE,3,TRUE,942,FALSE,1,0,0,24,2001
FALSE,0,1352-VHKAJ,49935e39-5aa9-f111-b374-3833c5fb3aa8,0,1,TRUE,TRUE,0,71.6,1,1,0,FALSE,2,TRUE,1031,FALSE,1,1,1,27,1957.1
FALSE,0,0455-XFASS,91935e39-5aa9-f111-b374-3833c5fb3aa8,0,0,TRUE,TRUE,1,69.55,0,1,0,TRUE,0,TRUE,1079,FALSE,0,0,0,3,200.2
FALSE,0,4712-UYOOI,be935e39-5aa9-f111-b374-3833c5fb3aa8,0,0,TRUE,TRUE,2,20,0,0,0,FALSE,0,TRUE,1101,FALSE,0,0,0,20,417.65
FALSE,1,6543-JXSOO,4b965e39-5aa9-f111-b374-3833c5fb3aa8,0,0,TRUE,TRUE,0,57.75,0,0,1,TRUE,1,TRUE,1489,FALSE,0,0,1,23,1282.85
FALSE,2,2429-AYKKO,7f965e39-5aa9-f111-b374-3833c5fb3aa8,0,1,FALSE,FALSE,2,19.85,0,0,0,FALSE,2,TRUE,1541,FALSE,0,0,0,72,1434.1
FALSE,1,0993-OSGPT,a2965e39-5aa9-f111-b374-3833c5fb3aa8,1,0,FALSE,TRUE,0,60.65,0,0,0,TRUE,2,TRUE,1576,TRUE,0,0,1,68,3975.9
FALSE,2,5327-CNLUQ,b7965e39-5aa9-f111-b374-3833c5fb3aa8,1,1,FALSE,TRUE,1,96.9,1,0,1,TRUE,2,TRUE,1597,FALSE,0,1,0,48,4473.45
FALSE,1,2927-QRRQV,bb965e39-5aa9-f111-b374-3833c5fb3aa8,1,1,FALSE,TRUE,1,94.65,1,0,0,TRUE,0,TRUE,1601,FALSE,0,1,0,46,4312.5
FALSE,0,6637-KYRCV,f0975e39-5aa9-f111-b374-3833c5fb3aa8,0,0,TRUE,TRUE,0,30.5,0,0,0,TRUE,0,FALSE,1910,FALSE,0,0,0,5,167.2
FALSE,2,4452-ROHMO,0e16563f-5aa9-f111-b374-3833c5fb3aa8,0,0,FALSE,FALSE,2,19.6,0,0,0,FALSE,1,TRUE,2028,FALSE,0,0,0,15,331.6
FALSE,2,3166-PNEOF,8918563f-5aa9-f111-b374-3833c5fb3aa8,1,0,FALSE,FALSE,0,86.45,1,1,1,FALSE,3,TRUE,2659,FALSE,1,1,1,61,5175.3
FALSE,2,5115-GZDEL,d31a563f-5aa9-f111-b374-3833c5fb3aa8,3,1,TRUE,FALSE,0,67.2,3,3,3,FALSE,3,FALSE,249,FALSE,3,3,2,72,4671.7
FALSE,0,6833-JMZYP,771b563f-5aa9-f111-b374-3833c5fb3aa8,3,0,FALSE,FALSE,1,94,2,2,2,TRUE,3,TRUE,413,FALSE,3,3,3,15,1505.45
FALSE,0,8963-MQVYN,4b1c563f-5aa9-f111-b374-3833c5fb3aa8,4,0,TRUE,FALSE,2,20.55,2,4,4,TRUE,0,TRUE,625,FALSE,4,4,4,22,469.85
TRUE,0,5883-GTGVD,bf1c563f-5aa9-f111-b374-3833c5fb3aa8,2,1,FALSE,FALSE,1,99.95,4,3,2,TRUE,0,TRUE,741,FALSE,3,3,3,19,1931.75
TRUE,1,4905-JEFDW,551d563f-5aa9-f111-b374-3833c5fb3aa8,3,1,FALSE,FALSE,0,41.6,3,2,2,TRUE,0,FALSE,891,FALSE,2,3,3,11,470.6
FALSE,2,7268-WNTCP,c71e563f-5aa9-f111-b374-3833c5fb3aa8,4,1,TRUE,TRUE,2,20.45,2,4,4,FALSE,2,TRUE,1261,FALSE,4,4,4,62,1297.35
FALSE,2,6166-YIPFO,c41f563f-5aa9-f111-b374-3833c5fb3aa8,3,1,FALSE,TRUE,0,64.7,3,3,3,TRUE,0,FALSE,1514,FALSE,3,3,2,72,4746.05
FALSE,1,8561-NMTBD,7320563f-5aa9-f111-b374-3833c5fb3aa8,3,0,TRUE,TRUE,1,112.35,4,3,2,TRUE,3,TRUE,1689,FALSE,3,3,2,67,7388.45
TRUE,0,8450-JOVAH,de20563f-5aa9-f111-b374-3833c5fb3aa8,2,1,TRUE,TRUE,0,56.7,4,2,3,FALSE,1,TRUE,1796,FALSE,2,2,3,2,113.55
TRUE,0,8992-JQYUN,ed20563f-5aa9-f111-b374-3833c5fb3aa8,3,1,FALSE,TRUE,0,50.35,3,2,2,TRUE,0,FALSE,1811,FALSE,3,3,3,1,50.35
FALSE,2,1131-QQZEB,1e8e5e39-5aa9-f111-b374-3833c5fb3aa8,0,1,FALSE,TRUE,2,23.95,1,0,0,FALSE,2,TRUE,144,TRUE,0,0,0,71,1756.2
FALSE,1,3282-ZISZV,738f5e39-5aa9-f111-b374-3833c5fb3aa8,1,1,TRUE,FALSE,0,83.7,1,0,0,FALSE,3,TRUE,253,FALSE,1,1,1,32,2633.3
FALSE,2,4111-BNXIF,758f5e39-5aa9-f111-b374-3833c5fb3aa8,1,0,TRUE,TRUE,0,59.55,0,0,0,TRUE,0,FALSE,255,FALSE,1,1,1,67,4103.9
TRUE,0,8098-LLAZX,a38f5e39-5aa9-f111-b374-3833c5fb3aa8,0,0,FALSE,FALSE,1,95.45,1,1,0,TRUE,0,TRUE,301,TRUE,1,1,0,4,396.1
FALSE,2,1352-HNSAW,9d905e39-5aa9-f111-b374-3833c5fb3aa8,1,0,TRUE,TRUE,1,115.6,1,0,1,TRUE,2,TRUE,551,FALSE,1,1,1,72,8220.4
FALSE,0,9046-JBFWA,bc925e39-5aa9-f111-b374-3833c5fb3aa8,0,1,TRUE,FALSE,2,19.15,0,0,0,FALSE,1,TRUE,988,FALSE,0,0,0,27,537.35
FALSE,1,2348-KCJLT,79975e39-5aa9-f111-b374-3833c5fb3aa8,1,0,FALSE,TRUE,0,61.5,0,0,1,TRUE,1,TRUE,1791,FALSE,0,0,0,44,2722.2
FALSE,1,4425-OWHWB,d515563f-5aa9-f111-b374-3833c5fb3aa8,0,0,FALSE,FALSE,2,19.35,0,0,0,TRUE,3,TRUE,1971,FALSE,0,0,0,20,433.75
FALSE,0,7422-WNBTY,5d16563f-5aa9-f111-b374-3833c5fb3aa8,1,1,FALSE,TRUE,1,93.35,1,0,0,TRUE,0,TRUE,2107,FALSE,1,0,0,33,3092
TRUE,0,9600-UDOPK,2c18563f-5aa9-f111-b374-3833c5fb3aa8,0,1,FALSE,TRUE,1,94.05,1,1,0,TRUE,3,TRUE,2570,FALSE,1,1,0,30,2866.45
FALSE,0,4360-QRAVE,1b19563f-5aa9-f111-b374-3833c5fb3aa8,1,1,FALSE,FALSE,0,36.65,0,0,0,FALSE,0,FALSE,2809,TRUE,0,0,0,37,1315
FALSE,0,9743-DQKQW,3b19563f-5aa9-f111-b374-3833c5fb3aa8,0,1,FALSE,FALSE,0,25.1,0,1,0,FALSE,0,FALSE,2841,FALSE,0,0,0,3,79.8
FALSE,2,6196-HBOBZ,6e1a563f-5aa9-f111-b374-3833c5fb3aa8,3,1,FALSE,TRUE,1,99.35,4,3,3,TRUE,0,TRUE,148,FALSE,2,3,3,65,6347.55
FALSE,0,6233-HXJMX,ce1a563f-5aa9-f111-b374-3833c5fb3aa8,3,0,FALSE,FALSE,1,89.3,4,2,2,TRUE,3,TRUE,244,FALSE,3,2,3,45,4192.15
TRUE,0,2362-IBOOY,591b563f-5aa9-f111-b374-3833c5fb3aa8,2,1,FALSE,FALSE,1,84.75,4,2,2,TRUE,0,TRUE,383,FALSE,3,2,3,36,3050.15
TRUE,0,1809-DMJHQ,d71b563f-5aa9-f111-b374-3833c5fb3aa8,2,0,TRUE,FALSE,0,46,2,2,2,FALSE,1,TRUE,509,FALSE,2,2,3,5,221.7
FALSE,2,1116-FRYVH,d31c563f-5aa9-f111-b374-3833c5fb3aa8,2,0,TRUE,TRUE,0,39.4,3,3,3,FALSE,1,FALSE,761,FALSE,2,2,2,48,1978.65
FALSE,0,4976-LNFVV,1b1d563f-5aa9-f111-b374-3833c5fb3aa8,3,1,FALSE,TRUE,0,34.3,3,3,2,TRUE,3,FALSE,833,TRUE,2,2,3,19,577.15
FALSE,2,9418-RUKPH,821d563f-5aa9-f111-b374-3833c5fb3aa8,4,0,TRUE,TRUE,2,19.95,2,4,4,TRUE,1,TRUE,936,FALSE,4,4,4,38,756.4
FALSE,1,7445-WMRBW,361e563f-5aa9-f111-b374-3833c5fb3aa8,3,0,FALSE,FALSE,0,73.85,4,3,2,TRUE,2,TRUE,1116,FALSE,2,3,2,48,3581.4
FALSE,2,1535-VTJOQ,351f563f-5aa9-f111-b374-3833c5fb3aa8,4,0,FALSE,FALSE,2,25.15,4,4,4,FALSE,3,TRUE,1371,FALSE,4,4,4,24,553
TRUE,0,9894-EZEWG,391f563f-5aa9-f111-b374-3833c5fb3aa8,2,0,FALSE,FALSE,1,74.3,2,3,2,TRUE,3,TRUE,1375,FALSE,2,2,3,1,74.3
FALSE,0,1353-LJWEM,c21f563f-5aa9-f111-b374-3833c5fb3aa8,3,1,FALSE,FALSE,0,60.9,2,3,2,TRUE,0,TRUE,1512,FALSE,2,2,2,11,688.5
TRUE,0,9248-OJYKK,3120563f-5aa9-f111-b374-3833c5fb3aa8,2,1,FALSE,FALSE,1,76.45,4,2,2,TRUE,0,TRUE,1623,TRUE,2,2,3,1,76.45
TRUE,0,1024-GUALD,be8e5e39-5aa9-f111-b374-3833c5fb3aa8,0,0,FALSE,TRUE,0,24.8,0,1,0,TRUE,0,FALSE,185,FALSE,0,0,0,1,24.8
FALSE,1,9442-JTWDL,068f5e39-5aa9-f111-b374-3833c5fb3aa8,0,0,FALSE,FALSE,2,20.05,0,0,0,FALSE,3,TRUE,401,FALSE,0,0,0,11,237.7
TRUE,0,4959-JOSRX,788f5e39-5aa9-f111-b374-3833c5fb3aa8,0,0,FALSE,TRUE,0,44.6,0,1,0,TRUE,3,TRUE,258,FALSE,0,0,0,2,80.55
FALSE,0,7529-ZDFXI,7c8f5e39-5aa9-f111-b374-3833c5fb3aa8,0,1,FALSE,TRUE,1,89.85,1,0,0,TRUE,0,TRUE,262,TRUE,1,0,0,57,4925.35
FALSE,2,0505-SPOOW,67905e39-5aa9-f111-b374-3833c5fb3aa8,0,0,FALSE,TRUE,2,19.8,0,0,0,FALSE,2,TRUE,497,FALSE,0,0,0,70,1397.65
TRUE,0,1029-QFBEN,3c915e39-5aa9-f111-b374-3833c5fb3aa8,0,1,FALSE,FALSE,2,19.55,0,0,0,FALSE,1,TRUE,710,FALSE,0,0,0,1,19.55
FALSE,2,7649-SIJJF,f6925e39-5aa9-f111-b374-3833c5fb3aa8,1,1,FALSE,TRUE,0,80.1,1,0,1,TRUE,1,TRUE,1016,FALSE,1,0,1,71,5585.4
FALSE,0,3156-QLHBO,7a935e39-5aa9-f111-b374-3833c5fb3aa8,0,1,TRUE,FALSE,2,19.25,0,0,0,FALSE,1,TRUE,1133,FALSE,0,0,0,2,48.35
FALSE,1,0784-GTUUK,06945e39-5aa9-f111-b374-3833c5fb3aa8,0,1,FALSE,TRUE,2,23.75,1,0,0,TRUE,3,TRUE,1217,FALSE,0,0,0,62,1446.8
TRUE,0,4816-LXZYW,8a975e39-5aa9-f111-b374-3833c5fb3aa8,0,0,FALSE,FALSE,1,79.15,1,0,0,TRUE,0,TRUE,1808,FALSE,0,0,0,23,1676.95
FALSE,2,2123-VSCOT,a715563f-5aa9-f111-b374-3833c5fb3aa8,1,0,TRUE,TRUE,0,72.1,1,1,0,TRUE,2,TRUE,1925,FALSE,0,1,1,59,4194.85
TRUE,1,8035-BUYVG,7116563f-5aa9-f111-b374-3833c5fb3aa8,1,1,FALSE,TRUE,0,42.35,0,0,1,TRUE,0,FALSE,2127,FALSE,0,0,0,40,1716.45
TRUE,0,8699-ASUFO,9a16563f-5aa9-f111-b374-3833c5fb3aa8,0,1,FALSE,TRUE,1,74.4,1,1,0,TRUE,1,TRUE,2168,TRUE,0,0,0,7,527.9
TRUE,0,7377-DMMRI,2117563f-5aa9-f111-b374-3833c5fb3aa8,0,1,FALSE,FALSE,0,47.8,0,1,1,TRUE,0,TRUE,2303,FALSE,0,0,0,2,92.45
FALSE,0,3450-WXOAT,5617563f-5aa9-f111-b374-3833c5fb3aa8,0,1,FALSE,FALSE,0,45.2,0,1,0,TRUE,3,TRUE,2356,FALSE,0,0,0,46,2065.15
FALSE,2,7021-XSNYE,8f17563f-5aa9-f111-b374-3833c5fb3aa8,1,1,TRUE,TRUE,0,49.65,0,1,1,FALSE,3,FALSE,2413,FALSE,1,0,1,7,305.55
TRUE,0,4873-ILOLJ,7d18563f-5aa9-f111-b374-3833c5fb3aa8,0,1,FALSE,FALSE,1,90.35,0,1,0,TRUE,0,TRUE,2651,FALSE,1,1,0,24,2238.5
FALSE,2,9443-JUBUO,be19563f-5aa9-f111-b374-3833c5fb3aa8,1,1,TRUE,TRUE,0,65.25,0,0,1,TRUE,3,FALSE,2972,FALSE,1,1,1,72,4478.85
FALSE,0,3528-HFRIQ,e819563f-5aa9-f111-b374-3833c5fb3aa8,3,1,FALSE,TRUE,0,52.3,3,3,2,TRUE,2,FALSE,14,TRUE,3,3,3,71,3765.05
FALSE,0,9840-EFJQB,7a1a563f-5aa9-f111-b374-3833c5fb3aa8,2,0,FALSE,FALSE,1,74.35,2,3,2,FALSE,0,TRUE,160,FALSE,2,2,3,1,74.35
FALSE,2,3913-FCUUW,3f1c563f-5aa9-f111-b374-3833c5fb3aa8,3,0,TRUE,TRUE,0,70.45,4,3,3,TRUE,2,TRUE,613,FALSE,2,2,2,72,5165.7
FALSE,0,8695-ARGXZ,fb1c563f-5aa9-f111-b374-3833c5fb3aa8,2,1,FALSE,TRUE,1,75.55,4,2,2,TRUE,0,TRUE,801,TRUE,2,2,3,34,2425.4
FALSE,0,2791-SFVEW,2d20563f-5aa9-f111-b374-3833c5fb3aa8,4,0,FALSE,FALSE,2,20.15,2,4,4,FALSE,2,TRUE,1619,FALSE,4,4,4,9,238.15
FALSE,2,0270-THENM,f120563f-5aa9-f111-b374-3833c5fb3aa8,3,1,TRUE,TRUE,0,69.85,4,3,3,FALSE,2,TRUE,1815,FALSE,2,2,2,72,5102.35
FALSE,0,7850-VWJUU,fd8d5e39-5aa9-f111-b374-3833c5fb3aa8,0,0,FALSE,FALSE,1,75,0,1,1,TRUE,2,TRUE,136,FALSE,0,0,0,23,1778.5
FALSE,0,7982-VCELR,0c8e5e39-5aa9-f111-b374-3833c5fb3aa8,0,0,FALSE,FALSE,1,94.8,0,0,0,TRUE,3,TRUE,338,FALSE,1,1,0,36,3565.65
FALSE,1,0946-FKYTX,26915e39-5aa9-f111-b374-3833c5fb3aa8,0,1,FALSE,FALSE,0,30.1,0,0,0,FALSE,1,FALSE,688,FALSE,0,0,0,52,1623.4
TRUE,0,4361-BKAXE,8d935e39-5aa9-f111-b374-3833c5fb3aa8,1,0,FALSE,FALSE,1,114.5,1,0,1,TRUE,2,TRUE,1077,FALSE,1,1,1,41,4527.45
FALSE,0,8714-CTZJW,ef955e39-5aa9-f111-b374-3833c5fb3aa8,1,0,FALSE,FALSE,1,82.85,0,1,0,TRUE,3,TRUE,1397,FALSE,1,0,0,4,319.6
TRUE,0,4237-RLAQD,87965e39-5aa9-f111-b374-3833c5fb3aa8,0,1,FALSE,FALSE,0,45.85,0,1,0,TRUE,1,TRUE,1549,FALSE,0,0,0,1,45.85
FALSE,0,8158-WPEZG,21975e39-5aa9-f111-b374-3833c5fb3aa8,0,1,FALSE,FALSE,0,35.65,0,0,0,TRUE,0,FALSE,1703,FALSE,0,0,1,11,425.1
FALSE,2,0727-BNRLG,24975e39-5aa9-f111-b374-3833c5fb3aa8,1,1,FALSE,FALSE,1,97.65,1,0,0,TRUE,3,TRUE,1706,FALSE,0,1,1,69,6743.55
FALSE,2,2773-MADBQ,85975e39-5aa9-f111-b374-3833c5fb3aa8,1,0,FALSE,FALSE,0,53.1,0,0,1,TRUE,1,FALSE,1803,FALSE,1,0,1,36,1901.25
FALSE,2,5442-PPTJY,90975e39-5aa9-f111-b374-3833c5fb3aa8,0,1,TRUE,TRUE,2,19.7,0,0,0,FALSE,1,TRUE,1814,FALSE,0,0,0,12,258.35
TRUE,0,0923-PNFUB,c5975e39-5aa9-f111-b374-3833c5fb3aa8,0,0,FALSE,FALSE,1,83.75,0,0,0,FALSE,0,TRUE,1867,FALSE,0,1,0,3,247.25
TRUE,0,9787-XVQIU,7316563f-5aa9-f111-b374-3833c5fb3aa8,0,1,FALSE,FALSE,1,75.3,1,1,0,TRUE,0,TRUE,2129,FALSE,0,0,0,1,75.3
FALSE,1,5945-AZYHT,4718563f-5aa9-f111-b374-3833c5fb3aa8,1,1,FALSE,TRUE,1,109.6,1,0,1,TRUE,0,TRUE,2597,FALSE,1,1,0,71,7854.15
FALSE,1,7245-JMTTQ,a11a563f-5aa9-f111-b374-3833c5fb3aa8,3,0,FALSE,FALSE,1,111.5,4,3,2,TRUE,0,TRUE,199,FALSE,3,3,2,51,5703.25
FALSE,2,2927-CVULT,001b563f-5aa9-f111-b374-3833c5fb3aa8,3,0,TRUE,TRUE,1,104.05,4,3,3,TRUE,2,TRUE,294,FALSE,3,2,2,53,5566.4
FALSE,0,3863-QSTYI,e31b563f-5aa9-f111-b374-3833c5fb3aa8,3,1,FALSE,FALSE,0,64.65,2,2,2,TRUE,0,TRUE,521,FALSE,2,3,2,59,3735.45
FALSE,2,8029-XYPWT,f31b563f-5aa9-f111-b374-3833c5fb3aa8,3,1,FALSE,TRUE,1,115.05,4,3,3,TRUE,2,TRUE,537,TRUE,3,3,2,71,8016.6
FALSE,2,6408-WHTEF,b81c563f-5aa9-f111-b374-3833c5fb3aa8,3,1,TRUE,TRUE,0,89.4,4,3,3,TRUE,1,TRUE,734,FALSE,3,3,2,72,6376.55
TRUE,0,4439-JMPMT,951e563f-5aa9-f111-b374-3833c5fb3aa8,2,0,TRUE,TRUE,1,85.75,2,2,2,TRUE,0,TRUE,1211,FALSE,2,3,2,5,470.95
FALSE,2,3978-YNKDD,6820563f-5aa9-f111-b374-3833c5fb3aa8,4,1,TRUE,FALSE,2,20.85,2,4,4,FALSE,3,TRUE,1678,FALSE,4,4,4,19,467.5
TRUE,0,6467-CHFZW,bc8f5e39-5aa9-f111-b374-3833c5fb3aa8,0,1,TRUE,TRUE,1,99.35,1,0,0,TRUE,0,TRUE,26,FALSE,1,1,0,47,4749.15
FALSE,0,6579-JPICP,64905e39-5aa9-f111-b374-3833c5fb3aa8,0,1,FALSE,FALSE,2,20.4,0,0,0,FALSE,1,TRUE,494,FALSE,0,0,0,1,20.4
FALSE,0,2654-VBVPB,a2905e39-5aa9-f111-b374-3833c5fb3aa8,0,0,FALSE,FALSE,2,19.9,0,0,0,FALSE,2,TRUE,556,FALSE,0,0,0,1,19.9
TRUE,0,3859-CVCET,12915e39-5aa9-f111-b374-3833c5fb3aa8,0,0,FALSE,FALSE,0,45.65,0,1,0,FALSE,1,TRUE,668,FALSE,0,0,0,4,191.05
FALSE,0,5879-SESNB,a6925e39-5aa9-f111-b374-3833c5fb3aa8,0,0,FALSE,FALSE,1,75.25,1,1,0,FALSE,0,TRUE,977,FALSE,0,0,0,11,888.65
FALSE,1,0048-LUMLS,16935e39-5aa9-f111-b374-3833c5fb3aa8,0,1,TRUE,TRUE,1,91.2,0,1,0,FALSE,3,TRUE,888,FALSE,1,1,0,37,3247.55
FALSE,1,9742-XOKTS,b8935e39-5aa9-f111-b374-3833c5fb3aa8,0,1,TRUE,TRUE,1,89.55,1,0,1,FALSE,0,TRUE,1098,FALSE,0,0,1,67,6038.55
FALSE,1,7560-QRBXH,0a965e39-5aa9-f111-b374-3833c5fb3aa8,0,0,TRUE,FALSE,2,19.95,0,0,0,FALSE,1,TRUE,1424,FALSE,0,0,0,48,936.7
FALSE,0,6896-SRVYQ,0d965e39-5aa9-f111-b374-3833c5fb3aa8,1,1,FALSE,FALSE,1,73.85,0,1,0,FALSE,0,TRUE,1427,TRUE,0,0,0,44,3122.4
FALSE,0,5522-NYKPB,86965e39-5aa9-f111-b374-3833c5fb3aa8,0,1,TRUE,TRUE,1,85.9,0,1,0,FALSE,0,TRUE,1548,FALSE,0,1,1,25,2199.05
FALSE,2,3963-RYFNS,4c975e39-5aa9-f111-b374-3833c5fb3aa8,1,0,FALSE,FALSE,1,116.45,1,0,1,TRUE,2,TRUE,1746,FALSE,1,1,1,72,8013.55
FALSE,2,1951-IEYXM,e8975e39-5aa9-f111-b374-3833c5fb3aa8,1,1,TRUE,TRUE,0,90.6,1,0,1,TRUE,3,TRUE,1902,FALSE,1,1,1,72,6441.85
FALSE,0,7206-PQBBZ,5916563f-5aa9-f111-b374-3833c5fb3aa8,0,1,FALSE,TRUE,1,70.2,0,1,0,TRUE,0,TRUE,2103,TRUE,0,0,0,11,834.7
FALSE,0,2754-SDJRD,0a17563f-5aa9-f111-b374-3833c5fb3aa8,0,0,FALSE,FALSE,1,100.15,1,1,0,TRUE,3,TRUE,2280,TRUE,1,1,1,8,908.55
FALSE,1,5499-ECUTN,3e17563f-5aa9-f111-b374-3833c5fb3aa8,1,0,FALSE,TRUE,0,66.05,0,1,1,TRUE,3,TRUE,2332,FALSE,0,1,0,47,3021.45
FALSE,0,5156-UMKOW,7317563f-5aa9-f111-b374-3833c5fb3aa8,0,0,TRUE,FALSE,0,29.65,0,0,0,FALSE,1,FALSE,2385,FALSE,0,0,0,3,90.05
FALSE,1,9621-OUPYD,9017563f-5aa9-f111-b374-3833c5fb3aa8,0,0,FALSE,TRUE,2,20.2,0,0,0,TRUE,2,TRUE,2414,FALSE,0,0,0,25,507.9
FALSE,0,0519-DRGTI,1219563f-5aa9-f111-b374-3833c5fb3aa8,0,0,TRUE,TRUE,2,20.35,0,0,0,FALSE,1,TRUE,2800,FALSE,0,0,0,20,442.6
FALSE,1,7508-KBIMB,4219563f-5aa9-f111-b374-3833c5fb3aa8,1,1,TRUE,TRUE,0,56.25,0,1,1,TRUE,3,TRUE,2848,FALSE,0,0,0,24,1454.25
FALSE,2,1897-OKVMW,4519563f-5aa9-f111-b374-3833c5fb3aa8,1,0,TRUE,TRUE,0,90.6,1,0,1,TRUE,1,TRUE,2851,FALSE,1,1,1,64,5817.45
FALSE,0,0303-WMMRN,671a563f-5aa9-f111-b374-3833c5fb3aa8,4,1,FALSE,FALSE,2,19.25,2,4,4,TRUE,1,TRUE,141,FALSE,4,4,4,5,86.05
TRUE,0,6000-APYLU,821a563f-5aa9-f111-b374-3833c5fb3aa8,2,1,FALSE,FALSE,1,80.8,2,2,2,TRUE,0,TRUE,168,FALSE,3,2,3,9,713.1
FALSE,1,5376-PCKNB,bb1a563f-5aa9-f111-b374-3833c5fb3aa8,3,1,TRUE,TRUE,1,104.45,4,3,2,TRUE,3,TRUE,225,FALSE,3,3,3,72,7459
FALSE,2,7399-QHBJS,f31a563f-5aa9-f111-b374-3833c5fb3aa8,2,0,TRUE,TRUE,0,66.75,4,3,3,FALSE,3,TRUE,281,FALSE,2,2,2,72,4760.3
FALSE,2,5583-EJXRD,251b563f-5aa9-f111-b374-3833c5fb3aa8,3,1,TRUE,TRUE,0,54.05,3,3,3,TRUE,3,FALSE,331,FALSE,3,2,2,44,2375.2
TRUE,0,1597-FZREH,8a1b563f-5aa9-f111-b374-3833c5fb3aa8,3,0,FALSE,FALSE,0,76.4,2,2,2,FALSE,0,TRUE,432,FALSE,3,3,2,2,160.8
FALSE,1,9127-QRZMH,ea1b563f-5aa9-f111-b374-3833c5fb3aa8,2,1,FALSE,TRUE,0,59.85,2,3,3,TRUE,2,TRUE,528,FALSE,2,2,2,44,2603.95
FALSE,0,9115-YQHGA,491c563f-5aa9-f111-b374-3833c5fb3aa8,2,1,FALSE,FALSE,0,51.1,2,2,2,TRUE,0,TRUE,623,FALSE,2,2,2,40,2092.9
FALSE,2,1455-HFBXA,611d563f-5aa9-f111-b374-3833c5fb3aa8,3,1,FALSE,TRUE,1,91.6,4,2,3,TRUE,3,TRUE,903,FALSE,2,2,2,52,4627.8
FALSE,0,9638-JIQYA,471e563f-5aa9-f111-b374-3833c5fb3aa8,2,1,FALSE,FALSE,0,24.9,3,2,2,TRUE,3,FALSE,1133,FALSE,2,2,3,2,49.7
TRUE,0,9776-CLUJA,631f563f-5aa9-f111-b374-3833c5fb3aa8,2,0,FALSE,TRUE,1,77.5,4,2,3,TRUE,0,TRUE,1417,TRUE,2,2,3,51,3807.35
FALSE,2,9174-IHETN,8a1f563f-5aa9-f111-b374-3833c5fb3aa8,2,0,TRUE,FALSE,1,70.35,2,2,2,FALSE,3,TRUE,1456,FALSE,2,2,3,50,3533.6
FALSE,0,3094-JOJAI,941f563f-5aa9-f111-b374-3833c5fb3aa8,2,1,FALSE,FALSE,1,74.15,4,2,2,FALSE,1,TRUE,1466,FALSE,2,2,3,18,1387
FALSE,2,4909-JOUPP,1b20563f-5aa9-f111-b374-3833c5fb3aa8,3,1,FALSE,TRUE,1,109.7,4,3,2,FALSE,3,TRUE,1601,TRUE,3,3,2,72,7898.45
FALSE,1,5474-LAMUQ,3d20563f-5aa9-f111-b374-3833c5fb3aa8,4,1,FALSE,TRUE,2,20.1,2,4,4,FALSE,1,TRUE,1635,FALSE,4,4,4,24,533.9
TRUE,0,2810-FTLEM,4320563f-5aa9-f111-b374-3833c5fb3aa8,2,0,FALSE,FALSE,0,50.15,2,2,3,TRUE,0,TRUE,1641,FALSE,2,2,3,16,762.25
TRUE,0,8444-WRIDW,d610fb45-5aa9-f111-b374-3833c5fb3aa8,2,0,FALSE,FALSE,1,80.45,4,3,2,TRUE,3,TRUE,1824,TRUE,2,2,3,66,5224.35
FALSE,1,5924-SNGKP,238e5e39-5aa9-f111-b374-3833c5fb3aa8,0,0,TRUE,FALSE,2,20.25,0,0,0,TRUE,3,TRUE,344,FALSE,0,0,0,41,865
FALSE,2,7157-SMCFK,288f5e39-5aa9-f111-b374-3833c5fb3aa8,0,1,TRUE,FALSE,2,19.75,0,0,0,FALSE,1,TRUE,212,FALSE,0,0,0,61,1124.2
FALSE,2,3170-NMYVV,e68f5e39-5aa9-f111-b374-3833c5fb3aa8,0,0,TRUE,TRUE,2,20.15,0,0,0,FALSE,2,TRUE,68,FALSE,0,0,0,50,930.9
FALSE,0,5886-VLQVU,2c905e39-5aa9-f111-b374-3833c5fb3aa8,0,1,FALSE,TRUE,1,89.85,1,1,0,TRUE,2,TRUE,438,FALSE,1,0,1,35,3161.2
TRUE,0,0887-HJGAR,fc905e39-5aa9-f111-b374-3833c5fb3aa8,0,1,FALSE,FALSE,0,45.7,0,1,0,TRUE,1,TRUE,646,FALSE,0,0,0,1,45.7
TRUE,0,4822-RVYBB,44935e39-5aa9-f111-b374-3833c5fb3aa8,1,1,FALSE,FALSE,1,100.6,1,1,0,TRUE,0,TRUE,1026,TRUE,1,1,0,8,819.4
FALSE,0,7439-DKZTW,b1935e39-5aa9-f111-b374-3833c5fb3aa8,0,1,FALSE,FALSE,1,80.55,0,1,0,TRUE,0,TRUE,1095,FALSE,0,1,0,1,80.55
FALSE,1,0080-OROZO,e8935e39-5aa9-f111-b374-3833c5fb3aa8,1,0,FALSE,FALSE,1,99.25,0,1,0,TRUE,0,TRUE,1188,FALSE,1,1,1,35,3532
TRUE,0,1184-PJVDB,be955e39-5aa9-f111-b374-3833c5fb3aa8,0,1,FALSE,TRUE,1,79.95,0,1,0,TRUE,0,TRUE,1348,FALSE,0,1,0,10,857.2
FALSE,2,1621-YNCJH,29965e39-5aa9-f111-b374-3833c5fb3aa8,1,0,FALSE,TRUE,1,106.05,1,0,1,TRUE,3,TRUE,1455,FALSE,1,0,1,36,3834.4
FALSE,1,3506-OVLKD,80975e39-5aa9-f111-b374-3833c5fb3aa8,0,1,FALSE,FALSE,2,26.2,1,0,0,FALSE,2,TRUE,1798,FALSE,0,0,0,35,954.9
FALSE,2,7696-CFTAT,a515563f-5aa9-f111-b374-3833c5fb3aa8,0,1,TRUE,TRUE,2,19.8,0,0,0,FALSE,2,TRUE,1923,FALSE,0,0,0,37,726.1
FALSE,1,1813-JLKWR,ee16563f-5aa9-f111-b374-3833c5fb3aa8,0,0,TRUE,TRUE,2,19.8,0,0,0,FALSE,2,TRUE,2252,FALSE,0,0,0,64,1336.65
FALSE,0,7874-ECPQJ,4b17563f-5aa9-f111-b374-3833c5fb3aa8,0,0,TRUE,FALSE,2,20.05,0,0,0,TRUE,2,TRUE,2345,FALSE,0,0,0,4,85.5
FALSE,0,2616-UUTFK,5917563f-5aa9-f111-b374-3833c5fb3aa8,1,1,FALSE,TRUE,0,72.75,1,0,1,TRUE,2,TRUE,2359,FALSE,0,1,0,33,2447.45
FALSE,1,5198-EFNBM,bb17563f-5aa9-f111-b374-3833c5fb3aa8,1,1,FALSE,TRUE,1,90.65,0,0,0,TRUE,0,TRUE,2457,TRUE,0,1,0,57,5199.8
TRUE,0,4588-YBNIB,5b18563f-5aa9-f111-b374-3833c5fb3aa8,0,0,FALSE,FALSE,2,19.6,0,0,0,TRUE,1,TRUE,2617,FALSE,0,0,0,1,19.6
FALSE,0,8295-FHIVV,b818563f-5aa9-f111-b374-3833c5fb3aa8,0,1,FALSE,FALSE,2,19.4,0,0,0,TRUE,1,TRUE,2747,FALSE,0,0,0,7,168.65
FALSE,2,9258-CNWAC,4b1a563f-5aa9-f111-b374-3833c5fb3aa8,3,0,TRUE,TRUE,1,113.65,4,3,3,FALSE,3,TRUE,113,FALSE,3,3,2,71,8166.8
FALSE,0,7721-DVEKZ,841a563f-5aa9-f111-b374-3833c5fb3aa8,4,0,FALSE,FALSE,2,19.65,2,4,4,FALSE,1,TRUE,170,FALSE,4,4,4,1,19.65
FALSE,1,7718-UPSKJ,1b1b563f-5aa9-f111-b374-3833c5fb3aa8,2,0,FALSE,TRUE,1,106.4,2,3,3,TRUE,3,TRUE,321,FALSE,3,3,2,69,7251.9
TRUE,0,4667-OHGKG,231c563f-5aa9-f111-b374-3833c5fb3aa8,4,1,FALSE,FALSE,2,19.3,2,4,4,TRUE,1,TRUE,585,FALSE,4,4,4,1,19.3
FALSE,2,3580-GICBM,c31c563f-5aa9-f111-b374-3833c5fb3aa8,4,0,TRUE,TRUE,2,24.2,4,4,4,TRUE,1,TRUE,745,FALSE,4,4,4,61,1445.2
FALSE,2,3779-OSWCF,c51d563f-5aa9-f111-b374-3833c5fb3aa8,3,0,FALSE,TRUE,0,93.2,4,3,3,FALSE,3,TRUE,1003,FALSE,3,3,2,71,6506.15
FALSE,2,0224-NIJLP,7d1e563f-5aa9-f111-b374-3833c5fb3aa8,4,1,TRUE,TRUE,2,20.15,2,4,4,FALSE,1,TRUE,1187,FALSE,4,4,4,8,165.5
FALSE,2,2346-CZYIL,6220563f-5aa9-f111-b374-3833c5fb3aa8,4,1,FALSE,FALSE,2,20.35,2,4,4,FALSE,3,TRUE,1672,FALSE,4,4,4,27,531.6
FALSE,1,9845-QOMAD,c020563f-5aa9-f111-b374-3833c5fb3aa8,4,1,TRUE,TRUE,2,19.75,2,4,4,FALSE,1,TRUE,1766,FALSE,4,4,4,14,309.35
FALSE,2,0531-XBKMM,f010fb45-5aa9-f111-b374-3833c5fb3aa8,2,1,TRUE,FALSE,0,65.7,4,3,3,FALSE,2,TRUE,1850,FALSE,2,2,2,66,4378.9
FALSE,0,4710-NKCAW,3d11fb45-5aa9-f111-b374-3833c5fb3aa8,2,1,TRUE,TRUE,0,64.4,4,3,3,FALSE,3,TRUE,1927,FALSE,2,2,2,5,316.9
FALSE,0,6551-GNYDG,498e5e39-5aa9-f111-b374-3833c5fb3aa8,0,0,TRUE,TRUE,1,80.9,0,1,0,TRUE,2,TRUE,155,FALSE,1,0,0,14,1152.8
TRUE,0,9420-LOJKX,d58f5e39-5aa9-f111-b374-3833c5fb3aa8,0,0,FALSE,FALSE,1,99.1,0,0,1,TRUE,3,TRUE,51,FALSE,1,1,0,15,1426.4
FALSE,1,8405-IGQFX,63915e39-5aa9-f111-b374-3833c5fb3aa8,1,0,FALSE,FALSE,1,90.05,0,1,0,TRUE,3,TRUE,749,FALSE,0,1,1,63,5817
FALSE,0,0811-GSDTP,81925e39-5aa9-f111-b374-3833c5fb3aa8,0,0,TRUE,FALSE,0,30.15,0,0,0,FALSE,0,FALSE,941,FALSE,0,0,0,13,382.2
FALSE,1,7975-TZMLR,a9925e39-5aa9-f111-b374-3833c5fb3aa8,1,1,FALSE,FALSE,1,103.1,1,0,0,TRUE,0,TRUE,822,FALSE,1,1,0,47,4889.3
FALSE,2,9777-IQHWP,f7925e39-5aa9-f111-b374-3833c5fb3aa8,1,1,TRUE,TRUE,1,93.4,1,1,1,FALSE,2,TRUE,861,FALSE,1,0,0,64,5822.3
TRUE,0,6358-LYNGM,f9935e39-5aa9-f111-b374-3833c5fb3aa8,0,1,FALSE,FALSE,1,74.9,1,1,0,TRUE,0,TRUE,1205,FALSE,0,0,0,1,74.9
TRUE,0,3334-CTHOL,e1955e39-5aa9-f111-b374-3833c5fb3aa8,0,0,FALSE,FALSE,0,49.95,1,1,0,TRUE,2,TRUE,1383,FALSE,0,0,0,1,49.95
TRUE,0,3703-VAVCL,74965e39-5aa9-f111-b374-3833c5fb3aa8,1,1,TRUE,TRUE,1,90,0,1,0,FALSE,3,TRUE,1530,FALSE,1,0,1,2,190.05
TRUE,0,3331-HQDTW,e6965e39-5aa9-f111-b374-3833c5fb3aa8,1,0,FALSE,FALSE,1,109.8,1,0,1,TRUE,1,TRUE,1644,FALSE,1,1,0,34,3587.25
FALSE,0,2081-VEYEH,31975e39-5aa9-f111-b374-3833c5fb3aa8,1,1,FALSE,FALSE,1,107.95,0,0,0,TRUE,0,TRUE,1719,FALSE,1,1,1,3,318.6
FALSE,1,9575-IWCAZ,c1975e39-5aa9-f111-b374-3833c5fb3aa8,0,1,FALSE,TRUE,2,25.1,1,0,0,FALSE,1,TRUE,1863,FALSE,0,0,0,6,171
FALSE,0,2792-VPPET,ac15563f-5aa9-f111-b374-3833c5fb3aa8,0,1,FALSE,FALSE,2,20.5,0,0,0,TRUE,0,TRUE,1930,FALSE,0,0,0,3,76.95
TRUE,0,3753-TSEMP,1216563f-5aa9-f111-b374-3833c5fb3aa8,0,0,FALSE,TRUE,1,88.15,0,1,0,FALSE,0,TRUE,2032,FALSE,0,1,0,15,1390.6
FALSE,1,7607-QKKTJ,6316563f-5aa9-f111-b374-3833c5fb3aa8,1,1,TRUE,TRUE,1,95,1,0,0,TRUE,3,TRUE,2113,FALSE,1,0,0,45,4368.85
TRUE,0,6023-YEBUP,0f19563f-5aa9-f111-b374-3833c5fb3aa8,1,1,FALSE,FALSE,1,100.95,1,1,0,TRUE,0,TRUE,2797,FALSE,1,1,0,3,329.95
FALSE,1,3638-DIMPH,2c19563f-5aa9-f111-b374-3833c5fb3aa8,0,0,FALSE,TRUE,0,43.8,0,1,0,FALSE,0,TRUE,2826,FALSE,0,0,0,13,592.65
FALSE,1,2606-PKWJB,9319563f-5aa9-f111-b374-3833c5fb3aa8,0,1,TRUE,FALSE,0,40.25,0,0,1,FALSE,1,FALSE,2929,FALSE,0,0,1,40,1564.05
FALSE,1,1696-HXOWK,9d1b563f-5aa9-f111-b374-3833c5fb3aa8,2,0,FALSE,TRUE,1,95.65,4,3,3,FALSE,1,TRUE,451,FALSE,2,3,3,71,6856.95
TRUE,1,7136-RVDTZ,231d563f-5aa9-f111-b374-3833c5fb3aa8,2,1,FALSE,FALSE,0,45.25,3,2,2,TRUE,0,FALSE,841,TRUE,3,3,3,70,3264.45
FALSE,2,2296-DKZFP,451d563f-5aa9-f111-b374-3833c5fb3aa8,3,0,FALSE,TRUE,0,71,2,3,3,FALSE,2,TRUE,875,FALSE,3,2,3,65,4386.2
FALSE,2,8859-DZTGQ,d41d563f-5aa9-f111-b374-3833c5fb3aa8,4,1,FALSE,FALSE,2,20.35,2,4,4,FALSE,1,TRUE,1018,FALSE,4,4,4,33,689.75
TRUE,0,1871-MOWRM,de1d563f-5aa9-f111-b374-3833c5fb3aa8,2,1,FALSE,TRUE,1,80.85,2,2,3,FALSE,2,TRUE,1028,FALSE,2,2,2,12,866.45
FALSE,2,9114-DPSIA,231e563f-5aa9-f111-b374-3833c5fb3aa8,3,1,TRUE,TRUE,0,81,4,3,3,FALSE,3,TRUE,1097,FALSE,3,2,2,72,5750
FALSE,0,8344-WFMFH,2920563f-5aa9-f111-b374-3833c5fb3aa8,2,1,TRUE,FALSE,0,50.1,2,3,2,TRUE,0,TRUE,1615,FALSE,2,2,3,9,484.05
FALSE,0,0970-QXPXW,c820563f-5aa9-f111-b374-3833c5fb3aa8,4,0,FALSE,FALSE,2,19.65,2,4,4,FALSE,1,TRUE,1774,FALSE,4,4,4,1,19.65
TRUE,0,4919-MOAVT,cf20563f-5aa9-f111-b374-3833c5fb3aa8,2,1,TRUE,FALSE,1,69.65,2,2,2,FALSE,0,TRUE,1781,FALSE,2,2,3,3,220.1
FALSE,1,6840-RESVB,cd10fb45-5aa9-f111-b374-3833c5fb3aa8,3,1,TRUE,TRUE,0,84.8,4,2,3,TRUE,1,TRUE,2038,FALSE,3,3,2,24,1990.5
FALSE,1,6563-VRERX,8e8e5e39-5aa9-f111-b374-3833c5fb3aa8,0,1,TRUE,TRUE,2,20.6,0,0,0,FALSE,1,TRUE,370,FALSE,0,0,0,33,690.25
FALSE,1,0959-WHOKV,6f8f5e39-5aa9-f111-b374-3833c5fb3aa8,1,1,FALSE,FALSE,1,99,1,0,1,TRUE,0,TRUE,249,FALSE,1,0,0,42,4298.45
FALSE,2,0795-LAFGP,c3905e39-5aa9-f111-b374-3833c5fb3aa8,1,1,TRUE,TRUE,0,90.4,1,0,1,FALSE,0,TRUE,589,FALSE,1,1,1,71,6668.05
FALSE,2,2804-ETQDK,da905e39-5aa9-f111-b374-3833c5fb3aa8,0,1,TRUE,FALSE,2,20.55,0,0,0,FALSE,1,TRUE,612,FALSE,0,0,0,66,1357.1
FALSE,0,4013-GUXND,6e915e39-5aa9-f111-b374-3833c5fb3aa8,0,1,FALSE,FALSE,2,20.8,0,0,0,FALSE,1,TRUE,760,FALSE,0,0,0,1,20.8
FALSE,1,2040-OBMLJ,92915e39-5aa9-f111-b374-3833c5fb3aa8,0,1,FALSE,FALSE,1,81.7,1,1,0,FALSE,3,TRUE,796,FALSE,0,0,1,31,2548.65
TRUE,0,1374-DMZUI,cf925e39-5aa9-f111-b374-3833c5fb3aa8,0,0,FALSE,FALSE,1,94.3,1,1,0,TRUE,0,TRUE,997,TRUE,1,1,0,4,424.45
FALSE,1,0422-OHQHQ,d5925e39-5aa9-f111-b374-3833c5fb3aa8,0,0,TRUE,TRUE,2,20.55,0,0,0,FALSE,1,TRUE,845,FALSE,0,0,0,15,295.95
FALSE,0,3956-CJUST,33935e39-5aa9-f111-b374-3833c5fb3aa8,0,0,FALSE,FALSE,1,75.4,0,1,1,TRUE,2,TRUE,916,TRUE,0,0,0,23,1643.55
FALSE,2,9337-SRRNI,f8955e39-5aa9-f111-b374-3833c5fb3aa8,0,1,TRUE,FALSE,2,25.3,1,0,0,TRUE,3,TRUE,1406,FALSE,0,0,0,66,1673.8
FALSE,0,6979-TNDEU,38965e39-5aa9-f111-b374-3833c5fb3aa8,0,0,FALSE,FALSE,2,19.2,0,0,0,FALSE,1,TRUE,1470,FALSE,0,0,0,8,156.85
TRUE,0,3096-IZETN,78975e39-5aa9-f111-b374-3833c5fb3aa8,0,0,FALSE,FALSE,1,78.1,0,1,0,FALSE,2,TRUE,1790,FALSE,1,0,0,12,947.3
FALSE,0,8325-QRPZR,4818563f-5aa9-f111-b374-3833c5fb3aa8,1,0,FALSE,FALSE,1,75.15,0,1,0,TRUE,0,TRUE,2598,FALSE,0,0,0,7,525
FALSE,1,4518-FZBSX,3419563f-5aa9-f111-b374-3833c5fb3aa8,0,1,TRUE,TRUE,2,20.25,0,0,0,FALSE,1,TRUE,2834,FALSE,0,0,0,42,854.9
FALSE,0,0128-MKWSG,8a1a563f-5aa9-f111-b374-3833c5fb3aa8,2,0,TRUE,FALSE,0,45.8,3,2,3,FALSE,1,FALSE,176,FALSE,3,2,2,26,1147
FALSE,0,2615-YVMYX,d61a563f-5aa9-f111-b374-3833c5fb3aa8,3,1,FALSE,TRUE,1,107.5,4,3,3,TRUE,0,TRUE,252,TRUE,3,3,3,71,7713.55
TRUE,0,4919-IKATY,421b563f-5aa9-f111-b374-3833c5fb3aa8,3,1,TRUE,TRUE,1,84.5,4,2,3,TRUE,0,TRUE,360,FALSE,2,2,3,5,453.75
FALSE,1,9229-RQABD,521b563f-5aa9-f111-b374-3833c5fb3aa8,4,1,FALSE,FALSE,2,23.75,4,4,4,FALSE,1,TRUE,376,FALSE,4,4,4,18,424.5
FALSE,2,5183-KLYEM,6e1d563f-5aa9-f111-b374-3833c5fb3aa8,3,0,FALSE,FALSE,1,112.75,4,3,3,TRUE,3,TRUE,916,FALSE,3,3,2,72,8192.6
FALSE,0,0130-SXOUN,a01e563f-5aa9-f111-b374-3833c5fb3aa8,2,1,FALSE,FALSE,1,89.4,4,3,2,FALSE,3,TRUE,1222,FALSE,3,2,3,66,5976.9
FALSE,1,5298-GSTLM,571f563f-5aa9-f111-b374-3833c5fb3aa8,2,0,FALSE,FALSE,1,101.4,4,2,3,TRUE,2,TRUE,1405,TRUE,3,3,3,60,6176.6
FALSE,0,2342-CKIAO,0220563f-5aa9-f111-b374-3833c5fb3aa8,4,0,FALSE,FALSE,2,20.3,2,4,4,FALSE,1,TRUE,1576,FALSE,4,4,4,2,41.2
FALSE,2,1047-RNXZV,dc20563f-5aa9-f111-b374-3833c5fb3aa8,4,1,FALSE,FALSE,2,19.55,2,4,4,FALSE,1,TRUE,1794,FALSE,4,4,4,43,876.15
FALSE,2,8071-SBTRN,e120563f-5aa9-f111-b374-3833c5fb3aa8,3,0,FALSE,FALSE,1,111.15,4,3,3,TRUE,1,TRUE,1799,FALSE,3,3,3,70,7737.55
FALSE,2,0508-SQWPL,2d11fb45-5aa9-f111-b374-3833c5fb3aa8,4,0,TRUE,TRUE,2,20.1,2,4,4,TRUE,2,TRUE,1911,FALSE,4,4,4,57,1087.7
FALSE,0,6713-OKOMC,6c10180a-83f9-4df7-aac5-7da5a6dd9dec,0,0,FALSE,FALSE,0,29.75,0,1,1,FALSE,1,FALSE,7,FALSE,0,0,0,10,301.9
TRUE,0,4800-VHZKI,228f5e39-5aa9-f111-b374-3833c5fb3aa8,0,0,FALSE,FALSE,2,19.9,0,0,0,TRUE,1,TRUE,408,FALSE,0,0,0,1,19.9
TRUE,0,8637-XJIVR,01905e39-5aa9-f111-b374-3833c5fb3aa8,0,0,FALSE,FALSE,1,78.95,1,1,1,TRUE,0,TRUE,95,FALSE,0,0,0,12,927.35
FALSE,1,6152-ONASV,23905e39-5aa9-f111-b374-3833c5fb3aa8,0,0,FALSE,TRUE,0,58.25,1,1,1,FALSE,2,TRUE,429,FALSE,0,0,1,68,3975.7
FALSE,2,5676-CFLYY,82915e39-5aa9-f111-b374-3833c5fb3aa8,0,1,TRUE,TRUE,0,73.35,0,0,0,TRUE,3,TRUE,780,FALSE,1,1,1,71,5154.5
TRUE,0,1271-SJBGZ,5c935e39-5aa9-f111-b374-3833c5fb3aa8,1,1,FALSE,FALSE,0,43.65,0,1,0,TRUE,0,FALSE,1050,TRUE,1,0,1,12,526.95
FALSE,0,1346-UFHAX,d6935e39-5aa9-f111-b374-3833c5fb3aa8,0,0,FALSE,FALSE,1,80,1,1,1,TRUE,3,TRUE,1175,FALSE,0,0,0,13,1029.35
FALSE,2,6980-IMXXE,02945e39-5aa9-f111-b374-3833c5fb3aa8,0,0,TRUE,TRUE,2,20.2,0,0,0,FALSE,2,TRUE,1213,FALSE,0,0,0,69,1412.65
TRUE,1,0201-OAMXR,94955e39-5aa9-f111-b374-3833c5fb3aa8,1,0,FALSE,FALSE,1,115.55,1,0,1,FALSE,3,TRUE,1306,FALSE,1,1,1,70,8127.6
TRUE,0,3473-XIIIT,2a965e39-5aa9-f111-b374-3833c5fb3aa8,0,0,FALSE,TRUE,1,100,1,0,0,TRUE,0,TRUE,1456,FALSE,1,1,0,16,1534.75
FALSE,1,0743-HNPFG,45965e39-5aa9-f111-b374-3833c5fb3aa8,0,0,TRUE,TRUE,0,69.75,0,0,1,TRUE,3,TRUE,1483,FALSE,1,0,1,51,3562.5
FALSE,1,2967-MXRAV,f0965e39-5aa9-f111-b374-3833c5fb3aa8,0,1,TRUE,TRUE,2,18.8,0,0,0,FALSE,1,TRUE,1654,FALSE,0,0,0,1,18.8
FALSE,1,7336-RLLRH,e115563f-5aa9-f111-b374-3833c5fb3aa8,0,1,FALSE,TRUE,0,80.85,1,1,1,FALSE,1,TRUE,1983,FALSE,1,1,1,27,2204.35
TRUE,1,3424-NMNBO,e615563f-5aa9-f111-b374-3833c5fb3aa8,1,1,FALSE,TRUE,1,108.85,1,0,1,TRUE,0,TRUE,1988,TRUE,1,1,0,58,6287.25
FALSE,2,7101-HRBLJ,9216563f-5aa9-f111-b374-3833c5fb3aa8,1,0,TRUE,TRUE,0,83.7,0,0,1,TRUE,2,TRUE,2160,FALSE,1,1,1,72,6096.9
FALSE,1,8076-FEZKJ,c616563f-5aa9-f111-b374-3833c5fb3aa8,0,1,FALSE,FALSE,2,19.5,0,0,0,FALSE,1,TRUE,2212,FALSE,0,0,0,10,225.85
FALSE,2,7641-TQFHN,dc17563f-5aa9-f111-b374-3833c5fb3aa8,0,1,TRUE,FALSE,1,100.55,1,1,0,FALSE,1,TRUE,2490,FALSE,1,1,1,39,3895.35
FALSE,2,8129-GMVGI,1818563f-5aa9-f111-b374-3833c5fb3aa8,0,0,TRUE,TRUE,2,20.05,0,0,0,FALSE,1,TRUE,2550,FALSE,0,0,0,56,1090.1
FALSE,0,0428-IKYCP,6019563f-5aa9-f111-b374-3833c5fb3aa8,1,1,FALSE,TRUE,1,87,0,1,0,TRUE,2,TRUE,2878,FALSE,0,1,0,22,1850.65
FALSE,2,9479-HYNYL,f71a563f-5aa9-f111-b374-3833c5fb3aa8,3,0,FALSE,TRUE,0,80.7,2,3,2,TRUE,3,TRUE,285,FALSE,3,3,2,71,5705.05
TRUE,0,5688-KZTSN,201b563f-5aa9-f111-b374-3833c5fb3aa8,4,1,TRUE,TRUE,2,20,2,4,4,TRUE,0,TRUE,326,FALSE,4,4,4,15,288.05
FALSE,0,6559-PDZLR,3a1b563f-5aa9-f111-b374-3833c5fb3aa8,3,1,FALSE,FALSE,1,98.65,2,2,2,TRUE,0,TRUE,352,FALSE,3,3,2,26,2537
FALSE,2,7139-JZFVG,ce1b563f-5aa9-f111-b374-3833c5fb3aa8,3,1,TRUE,TRUE,0,60.5,2,3,3,FALSE,2,TRUE,500,FALSE,2,2,3,60,3694.45
FALSE,1,1492-KGETH,191c563f-5aa9-f111-b374-3833c5fb3aa8,3,1,TRUE,TRUE,0,78.35,4,3,3,FALSE,2,TRUE,575,FALSE,3,2,2,70,5445.95
FALSE,0,1697-NVVGY,ff1c563f-5aa9-f111-b374-3833c5fb3aa8,3,1,FALSE,TRUE,0,66.4,2,2,3,FALSE,2,TRUE,805,TRUE,2,3,3,19,1286.05
TRUE,0,0616-ATFGB,bf1f563f-5aa9-f111-b374-3833c5fb3aa8,2,1,FALSE,TRUE,0,25.05,3,2,2,FALSE,0,FALSE,1509,TRUE,2,2,3,1,25.05
FALSE,1,0083-PIVIK,1620563f-5aa9-f111-b374-3833c5fb3aa8,3,1,FALSE,FALSE,0,81.25,4,3,3,FALSE,0,TRUE,1596,FALSE,2,3,2,64,5567.55
FALSE,0,4566-NECEV,7a20563f-5aa9-f111-b374-3833c5fb3aa8,3,1,FALSE,FALSE,1,96.55,4,3,2,FALSE,0,TRUE,1696,FALSE,3,2,3,5,500.1
TRUE,0,9274-CNFMO,eb20563f-5aa9-f111-b374-3833c5fb3aa8,2,1,FALSE,TRUE,1,74.95,4,2,2,FALSE,0,TRUE,1809,TRUE,2,2,3,4,308.7
FALSE,0,6447-GORXK,7611fb45-5aa9-f111-b374-3833c5fb3aa8,2,1,TRUE,FALSE,0,25,3,2,2,FALSE,3,FALSE,1984,FALSE,2,2,3,31,789.2
TRUE,0,0322-CHQRU,81915e39-5aa9-f111-b374-3833c5fb3aa8,0,1,FALSE,FALSE,0,45.35,0,1,0,FALSE,0,TRUE,779,FALSE,0,0,0,2,89.5
TRUE,0,7074-IEVOJ,70925e39-5aa9-f111-b374-3833c5fb3aa8,0,0,FALSE,FALSE,1,79.4,1,0,0,TRUE,0,TRUE,926,TRUE,0,0,0,3,205.05
TRUE,0,6641-XRPSU,cd925e39-5aa9-f111-b374-3833c5fb3aa8,0,0,FALSE,FALSE,1,70,0,1,0,TRUE,3,TRUE,996,FALSE,0,0,0,34,2416.1
FALSE,2,7684-XSZIY,e5955e39-5aa9-f111-b374-3833c5fb3aa8,0,1,TRUE,TRUE,2,24.3,1,0,0,FALSE,2,TRUE,1387,FALSE,0,0,0,72,1643.25
TRUE,0,5419-CONWX,f3955e39-5aa9-f111-b374-3833c5fb3aa8,1,0,FALSE,FALSE,1,99.8,0,0,0,TRUE,3,TRUE,1401,TRUE,1,1,0,4,442.85
FALSE,2,1830-GGFNM,ff955e39-5aa9-f111-b374-3833c5fb3aa8,1,1,TRUE,TRUE,1,94.55,1,0,1,FALSE,3,TRUE,1413,FALSE,0,0,1,65,6078.75
FALSE,2,6961-MJKBO,1e975e39-5aa9-f111-b374-3833c5fb3aa8,0,1,FALSE,FALSE,2,20.45,0,0,0,FALSE,2,TRUE,1700,FALSE,0,0,0,47,943
FALSE,0,2474-LCNUE,7e975e39-5aa9-f111-b374-3833c5fb3aa8,0,0,FALSE,TRUE,0,73.65,1,1,0,TRUE,3,TRUE,1796,FALSE,1,1,1,23,1642.75
FALSE,0,4524-QCSSM,d3975e39-5aa9-f111-b374-3833c5fb3aa8,0,1,FALSE,FALSE,0,44.65,0,0,1,TRUE,2,FALSE,1881,FALSE,1,0,0,26,1156.55
FALSE,2,9993-LHIEB,ee15563f-5aa9-f111-b374-3833c5fb3aa8,1,1,TRUE,TRUE,0,67.85,0,1,1,FALSE,1,TRUE,1996,FALSE,1,0,1,67,4627.65
FALSE,1,0308-GIQJT,0c16563f-5aa9-f111-b374-3833c5fb3aa8,0,1,FALSE,FALSE,1,105.75,1,0,0,FALSE,2,TRUE,2026,TRUE,1,1,1,71,7382.85
FALSE,2,9919-FZDED,4216563f-5aa9-f111-b374-3833c5fb3aa8,1,1,FALSE,TRUE,0,84.1,1,0,1,TRUE,3,TRUE,2080,TRUE,1,1,0,72,5981.65
FALSE,2,3298-QEICA,d416563f-5aa9-f111-b374-3833c5fb3aa8,0,0,TRUE,TRUE,0,34.6,0,1,1,FALSE,1,FALSE,2226,FALSE,0,0,1,23,813.45
TRUE,2,5236-PERKL,9a17563f-5aa9-f111-b374-3833c5fb3aa8,1,0,FALSE,FALSE,1,112.95,1,0,1,TRUE,2,TRUE,2424,FALSE,1,1,0,57,6465
FALSE,2,2266-FUBDZ,2a18563f-5aa9-f111-b374-3833c5fb3aa8,0,1,TRUE,TRUE,2,19.35,0,0,0,FALSE,1,TRUE,2568,FALSE,0,0,0,15,278.85
TRUE,0,5624-BQSSA,ca18563f-5aa9-f111-b374-3833c5fb3aa8,0,0,FALSE,FALSE,2,20.95,0,0,0,FALSE,1,TRUE,2756,FALSE,0,0,0,1,20.95
TRUE,0,9747-DDZOS,8119563f-5aa9-f111-b374-3833c5fb3aa8,1,0,FALSE,FALSE,1,73.5,0,1,0,FALSE,2,TRUE,2911,FALSE,0,0,0,1,73.5
TRUE,0,2815-CPTUL,bc19563f-5aa9-f111-b374-3833c5fb3aa8,0,1,FALSE,FALSE,1,70.25,0,1,0,TRUE,1,TRUE,2970,TRUE,0,0,0,5,331.9
FALSE,0,2209-XADXF,d519563f-5aa9-f111-b374-3833c5fb3aa8,0,0,FALSE,FALSE,0,25.25,0,1,0,FALSE,2,FALSE,2995,FALSE,0,0,0,1,25.25
TRUE,0,1602-IJQQE,1f1a563f-5aa9-f111-b374-3833c5fb3aa8,2,0,FALSE,FALSE,1,75.35,4,2,2,FALSE,0,TRUE,69,FALSE,2,2,3,4,338.1
FALSE,0,3338-CVVEH,d41a563f-5aa9-f111-b374-3833c5fb3aa8,2,1,FALSE,FALSE,1,94.55,4,2,2,FALSE,0,TRUE,250,FALSE,3,3,3,12,1173.55
FALSE,2,1270-XKUCC,211b563f-5aa9-f111-b374-3833c5fb3aa8,4,0,TRUE,TRUE,2,19.7,2,4,4,FALSE,1,TRUE,327,FALSE,4,4,4,30,599.25
TRUE,1,2722-VOJQL,781b563f-5aa9-f111-b374-3833c5fb3aa8,2,1,FALSE,FALSE,1,105.65,4,3,2,TRUE,3,TRUE,414,FALSE,3,3,2,64,6903.1
FALSE,2,5982-XMDEX,2e1c563f-5aa9-f111-b374-3833c5fb3aa8,4,0,FALSE,FALSE,2,26.5,4,4,4,FALSE,2,TRUE,596,FALSE,4,4,4,65,1698.55
FALSE,2,4475-NVTLU,871c563f-5aa9-f111-b374-3833c5fb3aa8,4,1,TRUE,TRUE,2,19.2,2,4,4,FALSE,0,TRUE,685,FALSE,4,4,4,45,903.7
FALSE,1,8241-JUIQO,341d563f-5aa9-f111-b374-3833c5fb3aa8,4,0,FALSE,FALSE,2,19.45,2,4,4,FALSE,2,TRUE,858,FALSE,4,4,4,61,1336.35
TRUE,0,5385-SUIRI,4f1e563f-5aa9-f111-b374-3833c5fb3aa8,3,1,FALSE,TRUE,1,104.2,4,2,3,TRUE,0,TRUE,1141,TRUE,3,3,3,52,5568.35
TRUE,0,5813-UECBU,cc1e563f-5aa9-f111-b374-3833c5fb3aa8,3,1,FALSE,FALSE,1,83.85,4,3,2,TRUE,3,TRUE,1266,TRUE,2,2,3,33,2716.3
FALSE,0,2676-ISHSF,b51f563f-5aa9-f111-b374-3833c5fb3aa8,4,1,FALSE,FALSE,2,20.3,2,4,4,FALSE,1,TRUE,1499,FALSE,4,4,4,1,20.3
FALSE,2,2274-XUATA,8d11fb45-5aa9-f111-b374-3833c5fb3aa8,3,1,FALSE,TRUE,0,63.1,3,3,0,TRUE,2,FALSE,2007,TRUE,3,3,2,72,4685.55
TRUE,1,2321-OMBXY,b38f5e39-5aa9-f111-b374-3833c5fb3aa8,0,0,TRUE,TRUE,0,80.3,0,0,1,FALSE,3,TRUE,317,FALSE,1,1,1,38,3058.65
FALSE,0,9094-AZPHK,5c905e39-5aa9-f111-b374-3833c5fb3aa8,0,0,FALSE,FALSE,1,100.15,1,0,0,TRUE,0,TRUE,486,FALSE,1,1,0,15,1415
FALSE,0,4646-QZXTF,b3935e39-5aa9-f111-b374-3833c5fb3aa8,1,0,FALSE,TRUE,0,81.25,0,1,1,FALSE,2,TRUE,1096,FALSE,1,1,1,7,580.1
FALSE,2,7115-IRDHS,44955e39-5aa9-f111-b374-3833c5fb3aa8,0,0,FALSE,TRUE,2,24.65,1,0,0,FALSE,2,TRUE,1226,FALSE,0,0,0,72,1830.05
FALSE,2,9220-ZNKJI,60955e39-5aa9-f111-b374-3833c5fb3aa8,1,0,FALSE,TRUE,1,88.8,0,1,0,FALSE,3,TRUE,1254,TRUE,0,1,1,55,4805.3
FALSE,1,0481-SUMCB,59965e39-5aa9-f111-b374-3833c5fb3aa8,1,0,FALSE,FALSE,1,102.15,1,1,0,TRUE,2,TRUE,1503,TRUE,1,1,0,45,4735.35
TRUE,0,9828-AOQLM,eb15563f-5aa9-f111-b374-3833c5fb3aa8,0,0,TRUE,TRUE,0,45.7,0,1,0,TRUE,0,TRUE,1993,FALSE,0,0,0,1,45.7
FALSE,2,3097-FQTVJ,3819563f-5aa9-f111-b374-3833c5fb3aa8,0,0,FALSE,FALSE,2,20,0,0,0,FALSE,1,TRUE,2838,FALSE,0,0,0,41,810.3
FALSE,0,4770-UEZOX,d819563f-5aa9-f111-b374-3833c5fb3aa8,0,1,FALSE,FALSE,1,74.75,0,0,0,TRUE,0,TRUE,2998,FALSE,0,0,0,2,144.8
FALSE,1,6094-ZIVKX,101a563f-5aa9-f111-b374-3833c5fb3aa8,3,0,FALSE,FALSE,0,54.45,2,2,3,TRUE,3,TRUE,54,FALSE,2,2,3,68,3674.95
FALSE,2,5902-WBLSE,cf1a563f-5aa9-f111-b374-3833c5fb3aa8,4,0,TRUE,TRUE,2,20.15,2,4,4,TRUE,3,TRUE,245,FALSE,4,4,4,70,1411.2
FALSE,2,9800-OUIGR,a51d563f-5aa9-f111-b374-3833c5fb3aa8,4,1,TRUE,TRUE,2,20,2,4,4,FALSE,3,TRUE,971,FALSE,4,4,4,66,1374.2
FALSE,1,3721-CNZHX,b01d563f-5aa9-f111-b374-3833c5fb3aa8,4,1,FALSE,FALSE,2,19.8,2,4,4,FALSE,1,TRUE,982,FALSE,4,4,4,15,304.6
FALSE,2,1468-DEFNC,151e563f-5aa9-f111-b374-3833c5fb3aa8,4,1,TRUE,TRUE,2,24.4,4,4,4,TRUE,2,TRUE,1083,TRUE,4,4,4,64,1548.65
FALSE,0,5438-QMDDL,301e563f-5aa9-f111-b374-3833c5fb3aa8,2,0,FALSE,TRUE,0,59.8,2,3,2,TRUE,1,TRUE,1110,FALSE,3,2,3,19,1130.85
FALSE,0,1228-ZLNBX,331e563f-5aa9-f111-b374-3833c5fb3aa8,2,1,FALSE,FALSE,1,75.3,4,2,2,FALSE,1,TRUE,1113,FALSE,2,2,3,21,1570.7
TRUE,0,3223-WZWJM,e11e563f-5aa9-f111-b374-3833c5fb3aa8,2,1,FALSE,FALSE,1,83.95,4,2,2,TRUE,0,TRUE,1287,FALSE,3,2,3,26,2254.2
TRUE,1,0520-FDVVT,d91f563f-5aa9-f111-b374-3833c5fb3aa8,3,1,FALSE,FALSE,1,102.35,2,3,2,TRUE,2,TRUE,1535,FALSE,3,3,3,35,3626.1
FALSE,2,8107-RZLNV,7e20563f-5aa9-f111-b374-3833c5fb3aa8,3,1,FALSE,TRUE,1,106.3,4,3,2,TRUE,2,TRUE,1700,FALSE,3,3,3,72,7565.35
FALSE,1,7100-FQPRV,d28e5e39-5aa9-f111-b374-3833c5fb3aa8,0,1,TRUE,TRUE,0,71.9,1,1,1,TRUE,3,TRUE,190,FALSE,1,0,1,43,3173.35
FALSE,1,5512-IDZEI,c5905e39-5aa9-f111-b374-3833c5fb3aa8,0,1,TRUE,TRUE,2,24.9,1,0,0,FALSE,0,TRUE,591,FALSE,0,0,0,46,1174.8
FALSE,0,3234-VKACU,d3925e39-5aa9-f111-b374-3833c5fb3aa8,0,1,FALSE,FALSE,0,70.3,0,1,0,FALSE,0,TRUE,999,FALSE,1,1,1,2,132.4
FALSE,2,7182-OVLBJ,74955e39-5aa9-f111-b374-3833c5fb3aa8,0,0,TRUE,TRUE,1,101.15,1,1,1,TRUE,2,TRUE,1274,FALSE,1,1,0,62,6638.35
FALSE,0,0817-HSUSE,8f975e39-5aa9-f111-b374-3833c5fb3aa8,1,1,FALSE,FALSE,0,75.5,0,1,0,TRUE,0,TRUE,1813,FALSE,1,1,1,1,75.5
TRUE,0,4695-WJZUE,aa16563f-5aa9-f111-b374-3833c5fb3aa8,1,0,FALSE,FALSE,1,88.55,1,1,0,TRUE,0,TRUE,2184,TRUE,1,0,0,2,179.25
FALSE,1,9798-DRYDS,b816563f-5aa9-f111-b374-3833c5fb3aa8,1,0,TRUE,TRUE,0,61.95,1,1,0,TRUE,1,TRUE,2198,FALSE,0,0,1,17,1070.7
FALSE,1,9314-QDMDW,6a17563f-5aa9-f111-b374-3833c5fb3aa8,0,1,FALSE,FALSE,0,61.25,0,0,0,TRUE,0,TRUE,2376,FALSE,0,1,0,11,729.95
FALSE,1,4716-MRVEN,c717563f-5aa9-f111-b374-3833c5fb3aa8,0,0,FALSE,FALSE,2,20,0,0,0,FALSE,1,TRUE,2469,FALSE,0,0,0,29,599.3
FALSE,1,5140-FOMCQ,9218563f-5aa9-f111-b374-3833c5fb3aa8,1,0,FALSE,TRUE,1,109.15,1,0,1,TRUE,3,TRUE,2663,FALSE,1,1,0,59,6557.75
FALSE,0,4860-YZGZM,f318563f-5aa9-f111-b374-3833c5fb3aa8,0,1,FALSE,FALSE,2,20,0,0,0,FALSE,0,TRUE,2777,FALSE,0,0,0,10,185.4
FALSE,0,1755-RMCXH,c21a563f-5aa9-f111-b374-3833c5fb3aa8,4,1,TRUE,TRUE,2,20.3,2,4,4,FALSE,1,TRUE,232,FALSE,4,4,4,2,40.25
FALSE,1,3410-MHHUM,3f1d563f-5aa9-f111-b374-3833c5fb3aa8,3,0,TRUE,TRUE,1,94.4,4,3,2,FALSE,0,TRUE,869,FALSE,3,2,3,44,4295.35
FALSE,2,3705-RHRFR,bc1e563f-5aa9-f111-b374-3833c5fb3aa8,2,0,FALSE,TRUE,1,99.15,4,2,3,FALSE,2,TRUE,1250,FALSE,3,3,3,69,6875.35
FALSE,1,0902-RFHOF,191f563f-5aa9-f111-b374-3833c5fb3aa8,4,1,FALSE,FALSE,2,20.1,2,4,4,FALSE,1,TRUE,1343,FALSE,4,4,4,38,730.1
FALSE,1,4753-PADAS,b71f563f-5aa9-f111-b374-3833c5fb3aa8,3,0,FALSE,TRUE,1,105.7,4,3,2,TRUE,2,TRUE,1501,FALSE,3,3,3,67,6816.95
FALSE,2,5161-XEUVX,7420563f-5aa9-f111-b374-3833c5fb3aa8,3,1,FALSE,TRUE,1,94.3,4,2,2,FALSE,1,TRUE,1690,FALSE,2,3,2,37,3460.95
TRUE,0,7957-RYHQD,a620563f-5aa9-f111-b374-3833c5fb3aa8,2,0,FALSE,FALSE,1,79.2,2,3,3,TRUE,3,TRUE,1740,TRUE,2,2,3,40,3233.85
FALSE,0,3191-CSNMG,1611fb45-5aa9-f111-b374-3833c5fb3aa8,2,0,TRUE,TRUE,1,80.7,2,2,2,TRUE,0,TRUE,1888,FALSE,2,3,3,3,239.45
FALSE,1,2758-RNWXS,4911fb45-5aa9-f111-b374-3833c5fb3aa8,2,1,FALSE,FALSE,1,89.2,2,2,3,TRUE,0,TRUE,1939,FALSE,3,2,2,35,3251.3
FALSE,2,4785-FCIFB,3c905e39-5aa9-f111-b374-3833c5fb3aa8,0,0,FALSE,TRUE,2,24.4,1,0,0,FALSE,1,TRUE,454,FALSE,0,0,0,61,1417.9
FALSE,0,4957-TREIR,20915e39-5aa9-f111-b374-3833c5fb3aa8,0,1,FALSE,FALSE,0,64.4,0,1,1,TRUE,3,TRUE,682,FALSE,0,1,1,3,195.65
TRUE,0,5669-SRAIP,61935e39-5aa9-f111-b374-3833c5fb3aa8,1,0,FALSE,FALSE,0,39.5,0,1,0,FALSE,0,FALSE,1053,FALSE,1,0,0,5,210.75
FALSE,1,9359-UGBTK,b7935e39-5aa9-f111-b374-3833c5fb3aa8,1,0,FALSE,FALSE,0,72.35,0,1,1,TRUE,2,TRUE,1162,FALSE,1,0,1,67,4991.5
TRUE,0,1689-MRZQR,4a955e39-5aa9-f111-b374-3833c5fb3aa8,0,1,TRUE,TRUE,1,78.3,0,1,0,FALSE,0,TRUE,1232,FALSE,0,1,0,34,2564.3
FALSE,0,3223-DWFIO,95965e39-5aa9-f111-b374-3833c5fb3aa8,0,1,FALSE,FALSE,1,69.35,0,1,0,FALSE,0,TRUE,1563,TRUE,0,0,0,4,261.65
FALSE,0,8246-SHFGA,b1965e39-5aa9-f111-b374-3833c5fb3aa8,0,1,FALSE,FALSE,2,21.1,0,0,0,FALSE,3,TRUE,1591,FALSE,0,0,0,17,385.55
FALSE,1,2014-MKGMH,8716563f-5aa9-f111-b374-3833c5fb3aa8,1,0,FALSE,FALSE,1,101.1,1,1,0,TRUE,0,TRUE,2149,FALSE,1,1,0,46,4674.4
TRUE,0,1569-TTNYJ,c318563f-5aa9-f111-b374-3833c5fb3aa8,0,1,FALSE,TRUE,1,78.75,1,0,0,TRUE,0,TRUE,2688,FALSE,0,0,0,5,412.1
TRUE,0,2696-NARTR,c91b563f-5aa9-f111-b374-3833c5fb3aa8,2,1,FALSE,FALSE,1,73.85,2,2,2,TRUE,0,TRUE,495,FALSE,2,2,2,11,926.25
FALSE,2,2892-GESUL,dd1b563f-5aa9-f111-b374-3833c5fb3aa8,4,0,TRUE,TRUE,2,19.35,2,4,4,FALSE,1,TRUE,515,FALSE,4,4,4,18,309.25
FALSE,2,2805-AUFQN,ef1c563f-5aa9-f111-b374-3833c5fb3aa8,4,0,FALSE,FALSE,2,19.8,2,4,4,FALSE,3,TRUE,789,FALSE,4,4,4,25,475.2
FALSE,0,3099-OONVS,6c1d563f-5aa9-f111-b374-3833c5fb3aa8,2,1,TRUE,TRUE,0,54.3,2,2,3,FALSE,0,TRUE,914,FALSE,2,2,2,25,1296.8
FALSE,1,2580-ATZSQ,0e1e563f-5aa9-f111-b374-3833c5fb3aa8,3,0,TRUE,TRUE,0,61.35,2,3,3,FALSE,2,TRUE,1076,FALSE,2,2,3,65,3874.1
FALSE,2,6434-TTGJP,9e1e563f-5aa9-f111-b374-3833c5fb3aa8,3,1,TRUE,TRUE,0,53.7,3,3,3,FALSE,3,FALSE,1220,FALSE,3,2,2,10,521
TRUE,1,3058-HJCUY,4d1f563f-5aa9-f111-b374-3833c5fb3aa8,3,1,TRUE,TRUE,1,102.6,4,2,2,TRUE,0,TRUE,1395,FALSE,3,3,2,41,4213.35
FALSE,2,9916-AYHTC,c320563f-5aa9-f111-b374-3833c5fb3aa8,4,1,FALSE,FALSE,2,19.85,2,4,4,FALSE,3,FALSE,1769,FALSE,4,4,4,48,916
FALSE,1,5961-VUSRV,568f5e39-5aa9-f111-b374-3833c5fb3aa8,0,0,FALSE,FALSE,2,19.35,0,0,0,TRUE,2,TRUE,224,FALSE,0,0,0,12,219.35
FALSE,2,8755-OGKNA,0e915e39-5aa9-f111-b374-3833c5fb3aa8,0,0,TRUE,TRUE,2,19.5,0,0,0,FALSE,2,TRUE,664,FALSE,0,0,0,57,1167.6
FALSE,0,1456-TWCGB,36915e39-5aa9-f111-b374-3833c5fb3aa8,0,1,FALSE,FALSE,0,49.25,0,0,0,FALSE,1,TRUE,704,FALSE,0,0,0,4,208.45
TRUE,0,9889-TMAHG,99925e39-5aa9-f111-b374-3833c5fb3aa8,0,1,FALSE,FALSE,1,100.3,0,1,1,FALSE,3,TRUE,965,TRUE,1,1,1,8,832.35
FALSE,0,4918-FYJNT,23975e39-5aa9-f111-b374-3833c5fb3aa8,1,0,FALSE,TRUE,1,90.45,1,0,0,FALSE,0,TRUE,1705,TRUE,0,0,1,55,5044.8
FALSE,0,1803-BGNBD,55975e39-5aa9-f111-b374-3833c5fb3aa8,0,0,FALSE,FALSE,0,54.3,0,0,0,TRUE,0,TRUE,1755,FALSE,0,0,1,12,654.5
FALSE,0,2272-UOINI,ed975e39-5aa9-f111-b374-3833c5fb3aa8,0,0,FALSE,FALSE,0,78.5,0,0,1,TRUE,0,TRUE,1907,FALSE,1,1,1,7,571.05
FALSE,0,8201-AAXCB,a415563f-5aa9-f111-b374-3833c5fb3aa8,0,1,TRUE,TRUE,0,60.35,1,1,0,FALSE,0,TRUE,1922,FALSE,0,1,0,25,1404.65
TRUE,0,8000-REIQB,ed15563f-5aa9-f111-b374-3833c5fb3aa8,0,0,FALSE,FALSE,1,69.95,0,1,0,TRUE,0,TRUE,1995,TRUE,0,0,0,1,69.95
TRUE,0,6861-XWTWQ,6918563f-5aa9-f111-b374-3833c5fb3aa8,1,1,FALSE,TRUE,1,99.25,1,1,0,TRUE,0,TRUE,2631,TRUE,1,1,0,7,665.45
FALSE,1,5074-FBGHB,a418563f-5aa9-f111-b374-3833c5fb3aa8,1,1,FALSE,FALSE,1,104.65,1,1,0,TRUE,3,TRUE,2737,FALSE,1,1,1,64,6889.8
FALSE,2,6963-EZQEE,4d19563f-5aa9-f111-b374-3833c5fb3aa8,1,1,FALSE,TRUE,0,88.55,1,0,1,TRUE,3,TRUE,2859,TRUE,1,1,1,70,6306.5
FALSE,2,7159-NOKYQ,2a1a563f-5aa9-f111-b374-3833c5fb3aa8,3,1,FALSE,TRUE,1,93.15,4,3,2,TRUE,0,TRUE,80,FALSE,3,2,3,67,6368.2
TRUE,0,6861-OKBCE,3d1a563f-5aa9-f111-b374-3833c5fb3aa8,4,0,TRUE,FALSE,2,20.1,2,4,4,FALSE,3,TRUE,99,FALSE,4,4,4,11,221.35
FALSE,2,7566-DSRLQ,9f1a563f-5aa9-f111-b374-3833c5fb3aa8,3,0,FALSE,TRUE,1,110.15,4,3,2,TRUE,0,TRUE,197,FALSE,3,3,2,72,7998.8
FALSE,0,3589-PPVKW,be1a563f-5aa9-f111-b374-3833c5fb3aa8,2,1,FALSE,FALSE,0,44.4,2,2,2,TRUE,1,TRUE,228,FALSE,2,2,3,9,348.15
FALSE,2,9866-OCCKE,191b563f-5aa9-f111-b374-3833c5fb3aa8,3,0,FALSE,TRUE,1,109.75,4,2,3,TRUE,1,TRUE,319,TRUE,3,3,2,72,8075.35
FALSE,0,4067-HLYQI,6a1b563f-5aa9-f111-b374-3833c5fb3aa8,2,0,FALSE,FALSE,1,70.4,2,2,2,TRUE,2,TRUE,400,FALSE,2,2,3,33,2406.1
FALSE,0,2270-CHBFN,121c563f-5aa9-f111-b374-3833c5fb3aa8,3,0,FALSE,TRUE,1,95.1,4,3,3,TRUE,3,TRUE,568,FALSE,2,2,2,44,4060.55
TRUE,0,6821-BUXUX,4e1c563f-5aa9-f111-b374-3833c5fb3aa8,2,0,FALSE,FALSE,1,96.65,4,3,3,TRUE,0,TRUE,628,FALSE,2,3,3,13,1244.5
TRUE,0,1597-LHYNC,f31e563f-5aa9-f111-b374-3833c5fb3aa8,2,0,FALSE,FALSE,1,95,4,3,3,TRUE,0,TRUE,1305,TRUE,3,2,3,26,2497.2
FALSE,0,3865-ZYKAD,651f563f-5aa9-f111-b374-3833c5fb3aa8,2,1,FALSE,TRUE,1,84.9,4,3,3,TRUE,3,TRUE,1419,TRUE,2,2,3,69,5785.65
FALSE,0,5012-YSPJJ,e61f563f-5aa9-f111-b374-3833c5fb3aa8,3,1,TRUE,TRUE,0,54.35,2,2,2,FALSE,1,TRUE,1548,FALSE,2,2,2,31,1647
FALSE,2,2005-DWQZJ,da10fb45-5aa9-f111-b374-3833c5fb3aa8,4,0,TRUE,TRUE,2,19.05,2,4,4,FALSE,1,TRUE,1828,FALSE,4,4,4,8,201.7
FALSE,1,8191-XWSZG,f2235ccc-4a4c-4e85-bf97-cad33f8066bf,0,0,FALSE,FALSE,2,20.65,0,0,0,FALSE,1,TRUE,16,FALSE,0,0,0,52,1022.95
TRUE,0,2070-FNEXE,a08e5e39-5aa9-f111-b374-3833c5fb3aa8,0,0,FALSE,FALSE,1,76.45,0,1,1,FALSE,2,TRUE,177,TRUE,0,0,0,7,503.6
FALSE,2,2040-LDIWQ,3f8f5e39-5aa9-f111-b374-3833c5fb3aa8,1,1,TRUE,TRUE,0,84.2,1,0,0,TRUE,2,TRUE,218,FALSE,1,1,1,65,5324.5
FALSE,0,4522-AKYLR,6a8f5e39-5aa9-f111-b374-3833c5fb3aa8,1,0,FALSE,FALSE,0,54.8,0,0,0,TRUE,0,TRUE,244,TRUE,0,0,0,13,731.3
FALSE,0,6575-SUVOI,d68f5e39-5aa9-f111-b374-3833c5fb3aa8,0,0,FALSE,TRUE,0,69.5,1,1,1,TRUE,3,TRUE,52,TRUE,0,1,1,25,1752.65
FALSE,2,9848-JQJTX,00905e39-5aa9-f111-b374-3833c5fb3aa8,1,1,FALSE,FALSE,1,100.9,1,0,0,TRUE,2,TRUE,94,FALSE,1,1,0,72,7459.05
FALSE,0,8734-DKSTZ,21905e39-5aa9-f111-b374-3833c5fb3aa8,0,0,TRUE,TRUE,1,85.95,1,1,0,FALSE,0,TRUE,427,FALSE,1,0,0,10,858.6
TRUE,0,0257-ZESQC,7c905e39-5aa9-f111-b374-3833c5fb3aa8,0,0,FALSE,TRUE,1,75.2,0,1,1,TRUE,2,TRUE,518,TRUE,0,0,0,27,1929.35
FALSE,0,7319-VENRZ,aa905e39-5aa9-f111-b374-3833c5fb3aa8,1,1,FALSE,FALSE,0,64.3,0,1,0,FALSE,2,TRUE,564,FALSE,0,1,1,7,445.95
FALSE,0,8120-JDCAM,da925e39-5aa9-f111-b374-3833c5fb3aa8,0,1,TRUE,TRUE,1,69.55,0,1,0,TRUE,1,TRUE,1002,FALSE,0,0,0,4,284.9
FALSE,1,3486-NPGST,64935e39-5aa9-f111-b374-3833c5fb3aa8,0,0,FALSE,FALSE,2,19.55,0,0,0,FALSE,1,TRUE,1055,FALSE,0,0,0,36,620.75
FALSE,1,3082-WQRVY,88935e39-5aa9-f111-b374-3833c5fb3aa8,0,1,FALSE,TRUE,2,19.65,0,0,0,FALSE,1,TRUE,1139,TRUE,0,0,0,14,228.65
FALSE,2,1298-PHBTI,1c975e39-5aa9-f111-b374-3833c5fb3aa8,0,1,TRUE,TRUE,1,84.8,1,0,0,TRUE,0,TRUE,1698,FALSE,0,0,1,71,6152.4
FALSE,0,3496-LFSZU,d716563f-5aa9-f111-b374-3833c5fb3aa8,0,1,FALSE,TRUE,1,70.5,0,1,0,FALSE,0,TRUE,2229,FALSE,0,0,0,4,294.2
FALSE,0,1465-LNTLJ,1017563f-5aa9-f111-b374-3833c5fb3aa8,1,1,FALSE,TRUE,0,64.4,0,1,0,TRUE,3,TRUE,2286,TRUE,1,0,1,8,581.7
FALSE,0,2637-FKFSY,4917563f-5aa9-f111-b374-3833c5fb3aa8,0,0,FALSE,TRUE,0,46.1,0,1,0,TRUE,1,TRUE,2343,FALSE,0,0,0,3,130.15
FALSE,2,0815-MFZGM,b218563f-5aa9-f111-b374-3833c5fb3aa8,1,0,FALSE,TRUE,1,99,0,1,0,TRUE,3,TRUE,2744,FALSE,1,1,1,42,4135
FALSE,2,5472-CVMDX,d318563f-5aa9-f111-b374-3833c5fb3aa8,1,0,FALSE,FALSE,0,38.9,0,1,1,FALSE,1,FALSE,2696,FALSE,0,0,1,68,2719.2
FALSE,0,9093-FPDLG,3f19563f-5aa9-f111-b374-3833c5fb3aa8,1,0,FALSE,FALSE,1,94.2,0,0,0,TRUE,0,TRUE,2845,FALSE,1,0,1,11,999.9
FALSE,0,8547-NSBBO,3b1a563f-5aa9-f111-b374-3833c5fb3aa8,3,1,FALSE,FALSE,1,96.75,4,3,3,TRUE,1,TRUE,97,FALSE,2,2,2,35,3403.4
FALSE,0,6705-LNMDD,2b1b563f-5aa9-f111-b374-3833c5fb3aa8,2,1,FALSE,FALSE,0,50,2,2,2,FALSE,1,TRUE,337,FALSE,2,2,2,20,1003.05
FALSE,2,4718-WXBGI,7f1e563f-5aa9-f111-b374-3833c5fb3aa8,3,1,TRUE,TRUE,0,91.95,4,3,3,TRUE,3,TRUE,1189,FALSE,3,3,2,72,6614.9
FALSE,1,6537-OTKMY,961e563f-5aa9-f111-b374-3833c5fb3aa8,3,1,FALSE,FALSE,0,50.75,3,2,2,FALSE,0,FALSE,1212,FALSE,3,3,3,15,688.2
TRUE,0,2575-GFSOE,a11e563f-5aa9-f111-b374-3833c5fb3aa8,2,0,TRUE,TRUE,1,69,2,2,2,TRUE,0,TRUE,1223,FALSE,2,2,3,7,506.9
FALSE,2,6631-HMANX,a71e563f-5aa9-f111-b374-3833c5fb3aa8,3,1,FALSE,TRUE,0,85.45,4,3,2,TRUE,3,TRUE,1229,FALSE,3,3,2,72,6227.5
FALSE,1,0864-FVJNJ,eb1e563f-5aa9-f111-b374-3833c5fb3aa8,3,0,TRUE,TRUE,1,113.35,4,3,3,FALSE,0,TRUE,1297,FALSE,3,3,2,64,7222.75
FALSE,1,8249-THVEC,4820563f-5aa9-f111-b374-3833c5fb3aa8,4,1,TRUE,TRUE,2,19.4,2,4,4,FALSE,1,TRUE,1646,FALSE,4,4,4,51,997.75
FALSE,0,2027-CWDNU,8020563f-5aa9-f111-b374-3833c5fb3aa8,2,1,TRUE,TRUE,1,85.6,2,2,2,TRUE,0,TRUE,1702,FALSE,3,2,2,18,1601.5
TRUE,0,4745-LSPLO,6711fb45-5aa9-f111-b374-3833c5fb3aa8,4,1,FALSE,FALSE,2,20.5,2,4,4,FALSE,1,TRUE,1969,FALSE,4,4,4,1,20.5
FALSE,0,7219-TLZHO,cf8d5e39-5aa9-f111-b374-3833c5fb3aa8,0,0,TRUE,TRUE,2,20.85,0,0,0,FALSE,1,TRUE,124,FALSE,0,0,0,4,62.9
FALSE,0,6168-YBYNP,ed8e5e39-5aa9-f111-b374-3833c5fb3aa8,1,1,FALSE,FALSE,1,111.35,1,0,0,TRUE,0,TRUE,197,FALSE,1,1,1,59,6519.75
FALSE,1,9750-BOOHV,0d905e39-5aa9-f111-b374-3833c5fb3aa8,0,0,FALSE,FALSE,0,30.15,0,1,1,FALSE,1,FALSE,107,FALSE,0,0,0,32,927.65
FALSE,1,5791-KAJFD,a1905e39-5aa9-f111-b374-3833c5fb3aa8,1,0,TRUE,TRUE,0,68.75,1,1,1,TRUE,2,TRUE,555,FALSE,1,0,0,56,3808
TRUE,0,8357-EQXFO,d6925e39-5aa9-f111-b374-3833c5fb3aa8,1,0,FALSE,FALSE,1,95.35,0,1,0,TRUE,0,TRUE,1000,FALSE,1,1,0,7,660.9
TRUE,0,3165-HDOEW,42955e39-5aa9-f111-b374-3833c5fb3aa8,0,1,TRUE,TRUE,0,45.85,0,1,0,TRUE,1,TRUE,1224,FALSE,0,0,0,1,45.85
FALSE,0,0096-FCPUF,53955e39-5aa9-f111-b374-3833c5fb3aa8,0,1,FALSE,FALSE,0,64.5,1,1,1,TRUE,1,TRUE,1241,FALSE,1,0,0,30,1888.45
FALSE,0,6184-DYUOB,6a965e39-5aa9-f111-b374-3833c5fb3aa8,0,0,FALSE,TRUE,2,19.6,0,0,0,TRUE,1,TRUE,1520,FALSE,0,0,0,3,55.25
FALSE,1,2550-QHZGP,1e16563f-5aa9-f111-b374-3833c5fb3aa8,0,1,FALSE,FALSE,2,19.5,0,0,0,FALSE,1,TRUE,2044,FALSE,0,0,0,7,128.6
TRUE,0,4529-CKBCL,f816563f-5aa9-f111-b374-3833c5fb3aa8,0,0,FALSE,FALSE,1,80.2,0,1,0,TRUE,0,TRUE,2262,FALSE,0,1,0,2,146.05
FALSE,1,7089-RKVSZ,4d17563f-5aa9-f111-b374-3833c5fb3aa8,0,1,TRUE,TRUE,2,24.4,1,0,0,FALSE,1,TRUE,2347,FALSE,0,0,0,8,203.95
FALSE,0,8384-FZBJK,4118563f-5aa9-f111-b374-3833c5fb3aa8,0,0,TRUE,TRUE,1,100.6,1,0,0,TRUE,0,TRUE,2591,FALSE,1,1,0,57,5611.7
TRUE,0,4659-NZRUF,9e18563f-5aa9-f111-b374-3833c5fb3aa8,0,0,FALSE,FALSE,1,95.15,1,0,1,TRUE,0,TRUE,2669,FALSE,1,0,0,19,1789.25
FALSE,0,5439-WIKXB,731a563f-5aa9-f111-b374-3833c5fb3aa8,2,1,FALSE,TRUE,1,94.55,2,3,2,TRUE,0,TRUE,153,TRUE,3,3,3,41,3851.45
FALSE,2,4012-YCFAI,9f1b563f-5aa9-f111-b374-3833c5fb3aa8,2,1,FALSE,TRUE,0,61.35,2,3,3,TRUE,1,TRUE,453,FALSE,2,2,2,60,3766.2
FALSE,0,8457-XIGKN,011c563f-5aa9-f111-b374-3833c5fb3aa8,4,1,FALSE,FALSE,2,19.6,2,4,4,TRUE,3,TRUE,551,FALSE,4,4,4,20,356.15
FALSE,0,4396-KLSEH,6f1c563f-5aa9-f111-b374-3833c5fb3aa8,4,1,FALSE,FALSE,2,19.85,2,4,4,TRUE,0,TRUE,661,FALSE,4,4,4,4,63
FALSE,0,8033-ATFAS,591d563f-5aa9-f111-b374-3833c5fb3aa8,3,0,TRUE,TRUE,0,59.85,2,2,2,TRUE,1,TRUE,895,FALSE,2,3,3,39,2341.5
TRUE,0,4192-GORJT,7e1d563f-5aa9-f111-b374-3833c5fb3aa8,3,1,FALSE,TRUE,1,94.45,2,2,2,TRUE,0,TRUE,932,FALSE,3,3,3,5,498.1
FALSE,1,2205-LPVGL,801f563f-5aa9-f111-b374-3833c5fb3aa8,2,1,TRUE,TRUE,1,89.85,4,3,3,TRUE,2,TRUE,1446,TRUE,2,2,2,58,5125.75
TRUE,0,6661-HBGWL,e21f563f-5aa9-f111-b374-3833c5fb3aa8,3,0,FALSE,FALSE,1,104.75,4,3,2,TRUE,2,TRUE,1544,TRUE,3,3,3,42,4323.45
FALSE,2,2229-DPMBI,fb1f563f-5aa9-f111-b374-3833c5fb3aa8,4,0,TRUE,TRUE,2,19.5,2,4,4,FALSE,1,TRUE,1569,FALSE,4,4,4,8,162.15
FALSE,0,3733-ZEECP,8320563f-5aa9-f111-b374-3833c5fb3aa8,2,1,TRUE,TRUE,0,51.1,2,2,2,TRUE,0,TRUE,1705,FALSE,2,2,2,22,1232.9
FALSE,1,4654-DLAMQ,378e5e39-5aa9-f111-b374-3833c5fb3aa8,1,0,FALSE,TRUE,1,97,0,0,1,FALSE,2,TRUE,349,TRUE,1,0,0,64,6430.9
FALSE,0,0221-WMXNQ,6b8f5e39-5aa9-f111-b374-3833c5fb3aa8,0,1,FALSE,FALSE,1,75.35,0,1,1,FALSE,0,TRUE,245,TRUE,0,0,0,4,273.4
FALSE,0,3675-YDUPJ,748f5e39-5aa9-f111-b374-3833c5fb3aa8,0,1,FALSE,FALSE,2,19.85,0,0,0,TRUE,1,TRUE,254,FALSE,0,0,0,10,193.05
TRUE,0,6543-CPZMK,d8905e39-5aa9-f111-b374-3833c5fb3aa8,0,1,TRUE,TRUE,0,29.95,0,0,0,TRUE,0,FALSE,610,FALSE,0,0,0,9,248.95
FALSE,2,0078-XZMHT,2e915e39-5aa9-f111-b374-3833c5fb3aa8,1,1,FALSE,TRUE,0,85.15,1,0,0,TRUE,2,TRUE,696,FALSE,1,1,1,72,6316.2
TRUE,1,4081-DYXAV,62935e39-5aa9-f111-b374-3833c5fb3aa8,0,0,FALSE,FALSE,0,44.85,0,1,0,TRUE,3,FALSE,1122,FALSE,1,1,0,19,893.55
TRUE,0,6166-ILMNY,81935e39-5aa9-f111-b374-3833c5fb3aa8,0,0,FALSE,FALSE,1,69.75,0,1,0,FALSE,2,TRUE,1070,FALSE,0,0,0,2,144.55
TRUE,0,1373-ORVIZ,ff935e39-5aa9-f111-b374-3833c5fb3aa8,0,0,TRUE,TRUE,0,66.35,1,1,0,TRUE,0,TRUE,1211,FALSE,1,0,1,11,740.8
FALSE,0,2692-BUCFV,fd955e39-5aa9-f111-b374-3833c5fb3aa8,1,1,FALSE,FALSE,1,101.45,0,0,0,TRUE,2,TRUE,1411,TRUE,1,1,0,29,2948.6
FALSE,1,2361-FJWNO,ec975e39-5aa9-f111-b374-3833c5fb3aa8,0,1,FALSE,FALSE,0,36,0,0,0,FALSE,3,FALSE,1906,FALSE,0,0,1,40,1382.9
FALSE,1,7328-OWMOM,ff15563f-5aa9-f111-b374-3833c5fb3aa8,0,0,TRUE,FALSE,2,20.1,0,0,0,FALSE,3,TRUE,2013,FALSE,0,0,0,31,589.25
FALSE,0,7989-AWGEH,5c17563f-5aa9-f111-b374-3833c5fb3aa8,0,1,TRUE,TRUE,0,39.2,0,1,1,TRUE,0,FALSE,2362,FALSE,1,0,0,49,1838.15
FALSE,0,9101-NTIXF,6817563f-5aa9-f111-b374-3833c5fb3aa8,0,1,FALSE,FALSE,2,19.4,0,0,0,FALSE,1,TRUE,2374,FALSE,0,0,0,2,50.6
FALSE,2,9405-GPBBG,ee17563f-5aa9-f111-b374-3833c5fb3aa8,1,0,FALSE,FALSE,1,110.5,1,0,0,TRUE,3,TRUE,2508,FALSE,1,1,1,64,7069.25
FALSE,1,4328-VUFWD,8318563f-5aa9-f111-b374-3833c5fb3aa8,0,0,FALSE,FALSE,0,59.3,0,1,0,FALSE,0,TRUE,2656,FALSE,1,0,1,39,2209.15
TRUE,0,9170-GYZJC,2819563f-5aa9-f111-b374-3833c5fb3aa8,1,0,TRUE,TRUE,0,79.9,1,0,1,FALSE,3,TRUE,2822,FALSE,1,0,1,41,3326.2
TRUE,0,6653-CBBOM,f119563f-5aa9-f111-b374-3833c5fb3aa8,2,0,FALSE,FALSE,1,70.3,2,2,2,TRUE,0,TRUE,23,FALSE,2,2,3,1,70.3
TRUE,0,8821-XNHVZ,061b563f-5aa9-f111-b374-3833c5fb3aa8,2,0,TRUE,TRUE,1,80.05,2,2,2,TRUE,1,TRUE,300,FALSE,2,3,3,1,80.05
FALSE,0,3936-QQFLL,681b563f-5aa9-f111-b374-3833c5fb3aa8,4,1,FALSE,FALSE,2,19.75,2,4,4,FALSE,1,TRUE,398,FALSE,4,4,4,2,39.3
FALSE,0,1580-BMCMR,b61c563f-5aa9-f111-b374-3833c5fb3aa8,2,1,FALSE,FALSE,1,87.3,2,2,3,TRUE,0,TRUE,732,TRUE,3,2,3,19,1637.3
FALSE,0,2338-BQEZT,311d563f-5aa9-f111-b374-3833c5fb3aa8,2,0,FALSE,FALSE,0,50.55,2,2,3,TRUE,3,TRUE,855,FALSE,2,2,3,55,2832.75
FALSE,0,5271-DBYSJ,b41d563f-5aa9-f111-b374-3833c5fb3aa8,2,1,FALSE,FALSE,1,79.15,2,2,2,TRUE,3,TRUE,986,TRUE,3,2,3,11,827.7
FALSE,0,0708-LGSMF,f11d563f-5aa9-f111-b374-3833c5fb3aa8,2,1,FALSE,TRUE,0,65.85,4,2,3,TRUE,0,TRUE,1047,FALSE,3,2,3,13,902.25
FALSE,0,8709-KRDVL,ef1f563f-5aa9-f111-b374-3833c5fb3aa8,2,0,FALSE,FALSE,1,100,4,3,2,TRUE,0,TRUE,1557,FALSE,3,3,3,33,3320.6
FALSE,2,6365-HITVU,a120563f-5aa9-f111-b374-3833c5fb3aa8,3,0,TRUE,TRUE,0,87.25,2,3,3,FALSE,3,TRUE,1735,FALSE,3,3,2,71,6328.7
FALSE,0,7398-LXGYX,bf10fb45-5aa9-f111-b374-3833c5fb3aa8,3,1,FALSE,TRUE,1,84.8,4,2,3,TRUE,3,TRUE,2024,FALSE,2,2,3,44,3626.35
FALSE,0,6633-SYEUS,7511fb45-5aa9-f111-b374-3833c5fb3aa8,3,0,FALSE,FALSE,1,83.2,2,3,2,FALSE,2,TRUE,1983,FALSE,2,2,2,23,2032.3
FALSE,1,4091-TVOCN,ab8f5e39-5aa9-f111-b374-3833c5fb3aa8,1,1,TRUE,FALSE,0,78.75,1,1,1,TRUE,3,TRUE,309,FALSE,1,1,0,48,3682.45
FALSE,0,7277-OZCGZ,ad8f5e39-5aa9-f111-b374-3833c5fb3aa8,0,0,FALSE,FALSE,1,89.05,0,1,1,TRUE,0,TRUE,311,FALSE,1,0,1,22,1886.25
FALSE,2,7501-IWUNG,1f915e39-5aa9-f111-b374-3833c5fb3aa8,1,0,TRUE,TRUE,0,73.8,0,1,0,TRUE,2,TRUE,681,FALSE,1,1,1,61,4616.05
FALSE,0,2480-JZOSN,2d915e39-5aa9-f111-b374-3833c5fb3aa8,0,0,FALSE,TRUE,2,20.65,0,0,0,TRUE,1,TRUE,695,FALSE,0,0,0,1,20.65
TRUE,1,1038-ZAGBI,d0925e39-5aa9-f111-b374-3833c5fb3aa8,0,0,TRUE,TRUE,2,19.8,0,0,0,FALSE,2,TRUE,842,FALSE,0,0,0,12,229.6
FALSE,1,1543-LLLFT,4d955e39-5aa9-f111-b374-3833c5fb3aa8,1,1,FALSE,TRUE,1,98.3,1,0,0,TRUE,1,TRUE,1235,TRUE,0,1,1,61,6066.55
TRUE,0,1934-SJVJK,b4955e39-5aa9-f111-b374-3833c5fb3aa8,0,1,FALSE,FALSE,2,20.15,0,0,0,FALSE,1,TRUE,1338,FALSE,0,0,0,1,20.15
FALSE,2,7898-PDWQE,60965e39-5aa9-f111-b374-3833c5fb3aa8,1,1,FALSE,TRUE,0,80.4,1,0,1,FALSE,3,TRUE,1510,FALSE,1,0,1,71,5727.15
TRUE,1,9254-RBFON,a3965e39-5aa9-f111-b374-3833c5fb3aa8,1,0,TRUE,TRUE,1,98.6,0,1,0,FALSE,2,TRUE,1577,FALSE,1,1,1,17,1704.95
TRUE,0,3806-DXQOM,4916563f-5aa9-f111-b374-3833c5fb3aa8,0,0,FALSE,FALSE,0,33.65,0,0,1,TRUE,0,FALSE,2087,FALSE,0,0,0,4,137.85
FALSE,1,3378-AJRAO,e416563f-5aa9-f111-b374-3833c5fb3aa8,0,1,TRUE,TRUE,2,24.85,1,0,0,FALSE,0,TRUE,2242,FALSE,0,0,0,44,1013.6
FALSE,0,7389-KBFIT,8017563f-5aa9-f111-b374-3833c5fb3aa8,0,0,TRUE,TRUE,0,30.25,0,0,0,TRUE,1,FALSE,2398,FALSE,0,0,0,2,63.75
FALSE,2,7473-ZBDSN,8718563f-5aa9-f111-b374-3833c5fb3aa8,0,0,TRUE,TRUE,2,18.8,0,0,0,FALSE,1,TRUE,2658,FALSE,0,0,0,14,255.55
FALSE,2,9150-KPBJQ,e219563f-5aa9-f111-b374-3833c5fb3aa8,4,0,FALSE,FALSE,2,19.65,2,4,4,FALSE,3,TRUE,8,FALSE,4,4,4,6,116.85
TRUE,0,6686-YPGHK,491a563f-5aa9-f111-b374-3833c5fb3aa8,2,1,FALSE,FALSE,1,85.5,2,2,3,FALSE,1,TRUE,111,TRUE,3,2,3,47,4042.3
FALSE,2,2885-HIJDH,e61a563f-5aa9-f111-b374-3833c5fb3aa8,3,1,TRUE,TRUE,0,86.9,4,2,3,FALSE,2,TRUE,268,FALSE,3,3,2,69,6194.1
FALSE,2,9027-TMATR,0b1b563f-5aa9-f111-b374-3833c5fb3aa8,3,0,FALSE,TRUE,0,78.8,2,2,3,TRUE,0,TRUE,305,FALSE,3,3,2,0,3460.3
TRUE,0,5510-BOIUJ,601c563f-5aa9-f111-b374-3833c5fb3aa8,4,1,TRUE,FALSE,2,19.25,2,4,4,FALSE,1,TRUE,646,FALSE,4,4,4,1,19.25
FALSE,2,4896-CPRPF,dd1d563f-5aa9-f111-b374-3833c5fb3aa8,4,1,TRUE,TRUE,2,25.45,4,4,4,FALSE,2,TRUE,1027,FALSE,4,4,4,35,809.25
FALSE,1,2868-LLSKM,841e563f-5aa9-f111-b374-3833c5fb3aa8,2,0,TRUE,TRUE,1,83.65,4,3,2,TRUE,2,TRUE,1194,FALSE,2,2,2,68,5733.4
FALSE,0,8735-DCXNF,231f563f-5aa9-f111-b374-3833c5fb3aa8,2,1,FALSE,TRUE,0,54.95,2,2,3,TRUE,3,TRUE,1353,FALSE,2,2,2,10,568.85
FALSE,0,3999-WRNGR,4a1f563f-5aa9-f111-b374-3833c5fb3aa8,2,0,TRUE,TRUE,0,49.75,3,3,2,TRUE,0,FALSE,1392,FALSE,3,3,3,60,3069.45
FALSE,1,1150-FTQGN,9a1f563f-5aa9-f111-b374-3833c5fb3aa8,2,0,TRUE,TRUE,1,94.15,4,3,3,FALSE,2,TRUE,1472,FALSE,2,3,3,60,5811.8
FALSE,0,9332-GYWLO,c71f563f-5aa9-f111-b374-3833c5fb3aa8,2,0,TRUE,TRUE,0,54.85,2,2,2,FALSE,0,TRUE,1517,FALSE,2,3,3,6,355.1
FALSE,0,5605-IYGFG,1b905e39-5aa9-f111-b374-3833c5fb3aa8,0,0,FALSE,FALSE,1,69.85,0,1,0,TRUE,2,TRUE,421,FALSE,0,0,0,7,515.45
TRUE,1,4710-FDUIZ,b3905e39-5aa9-f111-b374-3833c5fb3aa8,0,1,FALSE,TRUE,1,100.3,1,0,0,FALSE,3,TRUE,573,FALSE,1,1,0,56,5614.45
FALSE,0,9505-SQFSW,7e915e39-5aa9-f111-b374-3833c5fb3aa8,0,0,TRUE,TRUE,0,40.3,0,0,0,FALSE,1,FALSE,776,FALSE,1,0,0,3,92.5
TRUE,0,6513-EECDB,32935e39-5aa9-f111-b374-3833c5fb3aa8,0,1,FALSE,TRUE,1,73.55,1,1,0,TRUE,0,TRUE,915,TRUE,0,0,0,1,73.55
FALSE,0,2294-DMMUS,08945e39-5aa9-f111-b374-3833c5fb3aa8,0,0,TRUE,TRUE,0,70.45,1,1,0,TRUE,3,TRUE,1219,FALSE,1,1,0,62,4300.45
FALSE,0,5478-JJVZK,d3955e39-5aa9-f111-b374-3833c5fb3aa8,0,0,FALSE,FALSE,0,60.9,1,0,1,TRUE,1,TRUE,1369,FALSE,0,0,0,33,2033.85
FALSE,0,3292-PBZEJ,9a965e39-5aa9-f111-b374-3833c5fb3aa8,1,1,FALSE,FALSE,1,111.4,1,0,0,TRUE,0,TRUE,1568,TRUE,1,1,1,11,1183.05
FALSE,0,2243-FNMMI,59975e39-5aa9-f111-b374-3833c5fb3aa8,0,1,FALSE,FALSE,2,19.4,0,0,0,FALSE,1,TRUE,1759,FALSE,0,0,0,20,415.4
TRUE,0,8380-PEFPE,71975e39-5aa9-f111-b374-3833c5fb3aa8,0,1,TRUE,FALSE,1,71.65,0,1,0,TRUE,0,TRUE,1783,FALSE,0,0,0,1,71.65
FALSE,1,9894-QMIMJ,da975e39-5aa9-f111-b374-3833c5fb3aa8,1,0,FALSE,FALSE,0,55.8,0,0,0,FALSE,2,TRUE,1888,FALSE,0,0,0,23,1327.85
FALSE,1,3511-APPBJ,cc15563f-5aa9-f111-b374-3833c5fb3aa8,1,1,FALSE,FALSE,1,99.95,0,1,1,TRUE,3,TRUE,1962,FALSE,1,1,0,23,2292.75
FALSE,1,9720-JJJOR,1416563f-5aa9-f111-b374-3833c5fb3aa8,1,1,TRUE,TRUE,0,60.3,0,0,1,TRUE,2,TRUE,2034,FALSE,0,0,0,41,2511.3
TRUE,0,7619-ODSGN,ab16563f-5aa9-f111-b374-3833c5fb3aa8,0,1,TRUE,TRUE,0,54.75,1,1,1,FALSE,0,TRUE,2185,FALSE,0,0,0,24,1338.15
FALSE,2,4500-HKANN,dc16563f-5aa9-f111-b374-3833c5fb3aa8,0,1,TRUE,TRUE,0,59.7,1,0,0,FALSE,1,TRUE,2234,FALSE,0,0,1,23,1414.2
FALSE,1,8499-BRXTD,2a17563f-5aa9-f111-b374-3833c5fb3aa8,0,1,FALSE,FALSE,2,20.1,0,0,0,FALSE,1,TRUE,2312,FALSE,0,0,0,18,401.85
FALSE,1,9067-SQTNS,e917563f-5aa9-f111-b374-3833c5fb3aa8,0,1,TRUE,TRUE,2,20.6,0,0,0,FALSE,2,TRUE,2503,FALSE,0,0,0,44,926
TRUE,1,3230-WYKIR,2618563f-5aa9-f111-b374-3833c5fb3aa8,1,1,FALSE,FALSE,0,82,1,1,0,TRUE,3,TRUE,2564,FALSE,1,1,1,18,1425.45
FALSE,1,1069-QJOEE,5c18563f-5aa9-f111-b374-3833c5fb3aa8,0,1,TRUE,TRUE,2,19.9,0,0,0,FALSE,0,TRUE,2618,FALSE,0,0,0,25,505.45
FALSE,0,3572-UOLYZ,df18563f-5aa9-f111-b374-3833c5fb3aa8,1,0,TRUE,FALSE,1,84.8,1,1,0,TRUE,2,TRUE,2767,FALSE,0,0,1,46,3958.85
TRUE,0,2983-ZANRP,b01a563f-5aa9-f111-b374-3833c5fb3aa8,2,0,TRUE,TRUE,1,73.55,2,3,2,TRUE,2,TRUE,214,FALSE,2,2,3,2,145.4
FALSE,2,9648-BCHKM,af1c563f-5aa9-f111-b374-3833c5fb3aa8,4,0,TRUE,TRUE,2,24.65,4,4,4,TRUE,3,TRUE,725,FALSE,4,4,4,18,471.35
TRUE,0,6595-YGXIT,e31d563f-5aa9-f111-b374-3833c5fb3aa8,2,1,FALSE,FALSE,1,88.95,4,3,2,TRUE,0,TRUE,1033,TRUE,2,3,3,25,2291.2
FALSE,0,7542-CYDDM,7e1e563f-5aa9-f111-b374-3833c5fb3aa8,4,1,FALSE,FALSE,2,20.05,2,4,4,FALSE,1,TRUE,1188,FALSE,4,4,4,18,358.5
FALSE,0,6048-QBXKL,1b1f563f-5aa9-f111-b374-3833c5fb3aa8,2,0,FALSE,FALSE,0,56.55,4,3,2,TRUE,3,TRUE,1345,TRUE,2,2,3,2,118.25
FALSE,1,9912-OMZDS,8220563f-5aa9-f111-b374-3833c5fb3aa8,3,0,TRUE,TRUE,1,106.15,4,3,2,TRUE,0,TRUE,1704,FALSE,3,3,3,59,6256.2
TRUE,2,7359-SSBJK,9620563f-5aa9-f111-b374-3833c5fb3aa8,2,0,FALSE,FALSE,0,70.2,2,3,3,TRUE,3,TRUE,1724,TRUE,2,3,2,64,4481
TRUE,0,8779-QRDMV,b68f5e39-5aa9-f111-b374-3833c5fb3aa8,1,1,FALSE,FALSE,0,39.65,0,1,0,TRUE,0,FALSE,20,TRUE,1,0,0,1,39.65
FALSE,2,1459-QNFQT,dd935e39-5aa9-f111-b374-3833c5fb3aa8,1,1,TRUE,TRUE,0,59.5,0,1,1,FALSE,2,FALSE,1119,FALSE,1,1,1,70,4144.8
FALSE,2,2616-FLVQC,82955e39-5aa9-f111-b374-3833c5fb3aa8,0,1,FALSE,FALSE,2,19.55,0,0,0,FALSE,1,TRUE,1288,FALSE,0,0,0,64,1240.15
FALSE,0,0793-TWELN,06975e39-5aa9-f111-b374-3833c5fb3aa8,0,0,FALSE,FALSE,1,80.15,1,1,1,TRUE,0,TRUE,1676,FALSE,0,0,0,4,319.85
FALSE,0,2155-AMQRX,6b975e39-5aa9-f111-b374-3833c5fb3aa8,0,0,FALSE,FALSE,0,54.9,1,1,0,TRUE,3,TRUE,1777,FALSE,0,0,1,28,1505.15
TRUE,0,5922-ABDVO,7d975e39-5aa9-f111-b374-3833c5fb3aa8,1,0,FALSE,TRUE,1,89.65,1,1,0,FALSE,1,TRUE,1795,FALSE,1,0,0,19,1761.05
FALSE,2,1927-QEWMY,91975e39-5aa9-f111-b374-3833c5fb3aa8,0,0,FALSE,TRUE,2,20.5,0,0,0,FALSE,3,TRUE,1815,FALSE,0,0,0,72,1502.25
FALSE,1,1839-UMACK,9e975e39-5aa9-f111-b374-3833c5fb3aa8,0,1,FALSE,FALSE,2,25.05,1,0,0,FALSE,0,TRUE,1828,FALSE,0,0,0,42,949.85
FALSE,0,3365-SAIGS,ea15563f-5aa9-f111-b374-3833c5fb3aa8,0,0,FALSE,FALSE,1,83.55,0,0,0,TRUE,0,TRUE,1992,FALSE,0,1,0,17,1329.15
FALSE,1,6161-ERDGD,7717563f-5aa9-f111-b374-3833c5fb3aa8,1,1,TRUE,TRUE,0,85.45,1,1,1,FALSE,0,TRUE,2389,FALSE,1,1,1,71,6300.85
FALSE,0,1051-EQPZR,3c18563f-5aa9-f111-b374-3833c5fb3aa8,0,0,TRUE,TRUE,2,19.6,0,0,0,FALSE,1,TRUE,2586,FALSE,0,0,0,44,780.25
TRUE,0,4325-NFSKC,051a563f-5aa9-f111-b374-3833c5fb3aa8,2,1,FALSE,FALSE,1,90.6,4,2,3,TRUE,0,TRUE,43,TRUE,2,3,3,19,1660
FALSE,0,5995-SNNEW,221a563f-5aa9-f111-b374-3833c5fb3aa8,3,1,FALSE,TRUE,1,104.45,4,3,2,TRUE,0,TRUE,72,TRUE,3,3,3,23,2184.85
FALSE,0,4128-ETESU,5a1a563f-5aa9-f111-b374-3833c5fb3aa8,3,0,FALSE,TRUE,1,99.7,4,2,2,FALSE,0,TRUE,128,TRUE,3,3,3,47,4747.2
FALSE,1,7105-BENQF,831a563f-5aa9-f111-b374-3833c5fb3aa8,3,1,TRUE,FALSE,0,64.85,2,2,3,FALSE,1,TRUE,169,FALSE,3,2,3,15,950.75
FALSE,0,3976-NLDEZ,b51a563f-5aa9-f111-b374-3833c5fb3aa8,4,1,FALSE,FALSE,2,20.6,2,4,4,FALSE,1,TRUE,219,FALSE,4,4,4,1,20.6
FALSE,2,2799-TSLAG,c61b563f-5aa9-f111-b374-3833c5fb3aa8,4,0,TRUE,TRUE,2,25.3,4,4,4,TRUE,2,TRUE,492,FALSE,4,4,4,65,1748.55
FALSE,1,3214-IYUUQ,241f563f-5aa9-f111-b374-3833c5fb3aa8,2,0,FALSE,TRUE,1,93.7,2,3,3,FALSE,2,TRUE,1354,FALSE,3,2,2,61,5860.7
FALSE,2,6762-NSODU,2f20563f-5aa9-f111-b374-3833c5fb3aa8,4,0,TRUE,TRUE,2,19.4,2,4,4,FALSE,3,TRUE,1621,FALSE,4,4,4,46,958.15
FALSE,2,3508-CFVZL,f910fb45-5aa9-f111-b374-3833c5fb3aa8,3,0,FALSE,FALSE,1,111.3,4,3,3,FALSE,1,TRUE,1859,FALSE,3,3,2,71,7985.9
TRUE,0,2135-RXIHG,2a8e5e39-5aa9-f111-b374-3833c5fb3aa8,0,1,FALSE,FALSE,0,45.65,0,1,0,TRUE,0,FALSE,147,FALSE,0,0,0,1,45.65
FALSE,0,3780-YVMFA,368e5e39-5aa9-f111-b374-3833c5fb3aa8,0,0,TRUE,TRUE,0,68.55,0,1,0,TRUE,0,TRUE,150,FALSE,1,1,1,8,564.35
FALSE,1,4163-NCJAK,2d8f5e39-5aa9-f111-b374-3833c5fb3aa8,0,0,FALSE,TRUE,2,24.45,1,0,0,TRUE,2,TRUE,411,FALSE,0,0,0,46,1066.15
TRUE,0,5099-BAILX,ec905e39-5aa9-f111-b374-3833c5fb3aa8,1,1,TRUE,TRUE,1,110.75,1,0,0,TRUE,2,TRUE,630,TRUE,1,1,1,43,4687.9
FALSE,2,7503-MIOGA,59915e39-5aa9-f111-b374-3833c5fb3aa8,1,0,FALSE,TRUE,0,89.85,1,0,1,TRUE,2,TRUE,739,TRUE,1,1,1,72,6697.35
FALSE,2,6916-HIJSE,d7925e39-5aa9-f111-b374-3833c5fb3aa8,1,0,FALSE,FALSE,0,84.85,0,0,1,TRUE,2,TRUE,846,FALSE,1,1,1,65,5459.2
FALSE,2,0379-DJQHR,27935e39-5aa9-f111-b374-3833c5fb3aa8,1,1,TRUE,TRUE,0,81.35,0,0,1,FALSE,3,TRUE,904,FALSE,1,1,0,67,5398.6
TRUE,0,3097-NNSPB,82935e39-5aa9-f111-b374-3833c5fb3aa8,0,0,FALSE,FALSE,0,49.05,0,0,0,TRUE,3,TRUE,1071,FALSE,0,0,0,2,91.1
FALSE,1,6479-OAUSD,bd935e39-5aa9-f111-b374-3833c5fb3aa8,0,1,FALSE,FALSE,2,19.9,0,0,0,FALSE,3,TRUE,1165,FALSE,0,0,0,25,510.8
FALSE,2,9432-RUVSL,e3955e39-5aa9-f111-b374-3833c5fb3aa8,1,0,FALSE,FALSE,1,102.5,0,1,1,TRUE,3,TRUE,1385,FALSE,1,1,1,48,4904.25
FALSE,0,3569-EDBPQ,f0955e39-5aa9-f111-b374-3833c5fb3aa8,0,0,FALSE,FALSE,1,84.35,1,1,1,TRUE,0,TRUE,1398,FALSE,0,0,1,24,1938.05
FALSE,2,4735-BJKOU,12975e39-5aa9-f111-b374-3833c5fb3aa8,0,0,FALSE,FALSE,2,20.15,0,0,0,FALSE,1,TRUE,1688,FALSE,0,0,0,40,804.85
FALSE,0,1156-ZFYDO,611a563f-5aa9-f111-b374-3833c5fb3aa8,4,0,FALSE,FALSE,2,19.75,2,4,4,FALSE,0,TRUE,135,FALSE,4,4,4,1,19.75
TRUE,1,0193-ESZXP,861c563f-5aa9-f111-b374-3833c5fb3aa8,2,0,FALSE,TRUE,1,105.5,2,3,3,TRUE,3,TRUE,684,TRUE,3,3,2,58,6205.5
FALSE,2,2384-OVPSA,c11c563f-5aa9-f111-b374-3833c5fb3aa8,4,0,FALSE,FALSE,2,20.2,2,4,4,FALSE,1,TRUE,743,TRUE,4,4,4,38,735.9
TRUE,0,1496-GGSUK,9d1e563f-5aa9-f111-b374-3833c5fb3aa8,2,0,FALSE,FALSE,0,25.7,3,2,2,TRUE,1,FALSE,1219,TRUE,2,2,3,1,25.7
FALSE,0,3323-CPBWR,161f563f-5aa9-f111-b374-3833c5fb3aa8,3,1,FALSE,FALSE,1,96.9,4,2,2,TRUE,3,TRUE,1340,FALSE,2,3,2,23,2085.45
FALSE,1,6121-TNHBO,5c1f563f-5aa9-f111-b374-3833c5fb3aa8,3,0,FALSE,FALSE,0,83,4,3,3,FALSE,2,TRUE,1410,TRUE,2,3,2,63,5243.05
FALSE,1,1177-XZBJL,9e1f563f-5aa9-f111-b374-3833c5fb3aa8,2,1,TRUE,TRUE,0,64.15,4,3,3,FALSE,2,TRUE,1476,FALSE,2,2,2,53,3491.55
FALSE,2,1092-WPIVQ,cb1f563f-5aa9-f111-b374-3833c5fb3aa8,4,0,TRUE,TRUE,2,25.1,4,4,4,FALSE,1,TRUE,1521,FALSE,4,4,4,18,428.45
FALSE,1,3468-DRVQJ,3e20563f-5aa9-f111-b374-3833c5fb3aa8,2,0,TRUE,TRUE,0,70.3,4,3,3,FALSE,0,TRUE,1636,FALSE,2,3,3,10,676.15
FALSE,1,0052-YNYOT,8611fb45-5aa9-f111-b374-3833c5fb3aa8,4,0,FALSE,FALSE,2,20.55,2,4,4,FALSE,0,TRUE,2000,FALSE,4,4,4,67,1343.4
TRUE,0,7495-OOKFY,d78f5e39-5aa9-f111-b374-3833c5fb3aa8,0,0,FALSE,TRUE,1,80.65,1,0,0,TRUE,3,TRUE,53,TRUE,0,0,0,8,633.3
FALSE,0,3347-YJZZE,3b915e39-5aa9-f111-b374-3833c5fb3aa8,1,1,TRUE,TRUE,0,80.1,1,0,0,FALSE,3,TRUE,709,FALSE,1,1,0,29,2211.8
FALSE,0,1307-TVUFB,58915e39-5aa9-f111-b374-3833c5fb3aa8,0,1,FALSE,FALSE,1,79.35,1,0,0,TRUE,2,TRUE,738,TRUE,0,0,0,42,3344.1
FALSE,2,0979-MOZQI,ff925e39-5aa9-f111-b374-3833c5fb3aa8,0,1,FALSE,TRUE,0,39,0,1,0,TRUE,2,FALSE,866,FALSE,0,1,1,62,2337.45
TRUE,0,5981-ITEMU,63935e39-5aa9-f111-b374-3833c5fb3aa8,0,1,FALSE,TRUE,1,97.1,1,1,0,TRUE,2,TRUE,1054,FALSE,1,1,0,40,3706.95
FALSE,1,5832-TRLPB,aa935e39-5aa9-f111-b374-3833c5fb3aa8,1,1,FALSE,FALSE,0,75.35,0,1,0,TRUE,2,TRUE,1091,FALSE,1,1,1,29,2243.9
FALSE,0,1866-OBPNR,33965e39-5aa9-f111-b374-3833c5fb3aa8,0,1,TRUE,TRUE,1,74.6,0,0,0,FALSE,3,TRUE,1465,FALSE,0,0,0,1,74.6
FALSE,0,1960-UYCNN,de15563f-5aa9-f111-b374-3833c5fb3aa8,1,1,FALSE,FALSE,1,95.25,1,0,0,TRUE,0,TRUE,1980,FALSE,1,0,0,10,1021.55
FALSE,2,8069-RHUXK,e116563f-5aa9-f111-b374-3833c5fb3aa8,0,0,TRUE,TRUE,0,35.7,0,1,1,FALSE,3,FALSE,2239,FALSE,0,0,1,67,2545.7
FALSE,0,9168-INPSZ,0617563f-5aa9-f111-b374-3833c5fb3aa8,1,0,FALSE,TRUE,1,104.15,1,1,0,FALSE,0,TRUE,2276,TRUE,1,1,1,44,4495.65
FALSE,2,9548-ZMVTX,4f17563f-5aa9-f111-b374-3833c5fb3aa8,1,1,TRUE,TRUE,1,90.45,1,0,0,FALSE,2,TRUE,2349,FALSE,0,0,1,72,6565.85
TRUE,0,0952-KMEEH,1118563f-5aa9-f111-b374-3833c5fb3aa8,0,1,FALSE,FALSE,1,98.15,1,1,1,FALSE,1,TRUE,2543,FALSE,1,1,0,13,1230.25
FALSE,1,7446-SFAOA,7119563f-5aa9-f111-b374-3833c5fb3aa8,0,0,FALSE,TRUE,2,19.85,0,0,0,TRUE,2,TRUE,2895,FALSE,0,0,0,37,717.5
TRUE,0,5980-NOPLP,5d1a563f-5aa9-f111-b374-3833c5fb3aa8,2,0,FALSE,TRUE,1,96.1,4,2,2,TRUE,0,TRUE,131,FALSE,3,3,3,44,4364.1
FALSE,2,4119-ZYPZY,641a563f-5aa9-f111-b374-3833c5fb3aa8,2,1,FALSE,FALSE,1,106.8,4,3,2,TRUE,0,TRUE,138,TRUE,3,3,2,71,7623.2
FALSE,0,2080-CAZNM,951a563f-5aa9-f111-b374-3833c5fb3aa8,3,0,FALSE,FALSE,1,104.4,4,3,2,TRUE,0,TRUE,187,TRUE,3,3,3,41,4133.95
TRUE,0,2082-OJVTK,071b563f-5aa9-f111-b374-3833c5fb3aa8,3,1,TRUE,TRUE,1,89.2,4,2,2,TRUE,0,TRUE,301,FALSE,3,2,3,29,2698.35
FALSE,2,8630-QSGXK,841b563f-5aa9-f111-b374-3833c5fb3aa8,2,1,FALSE,TRUE,0,75.2,4,2,2,TRUE,2,TRUE,426,FALSE,3,3,2,51,3901.25
FALSE,2,0248-PGHBZ,db1b563f-5aa9-f111-b374-3833c5fb3aa8,2,0,FALSE,FALSE,1,92.45,2,3,3,TRUE,2,TRUE,513,TRUE,2,3,2,67,6140.85
FALSE,0,2969-QWUBZ,1f1d563f-5aa9-f111-b374-3833c5fb3aa8,2,0,FALSE,FALSE,0,51.4,3,3,2,FALSE,0,FALSE,837,FALSE,3,3,3,2,96.8
FALSE,0,9943-VSZUV,5d1d563f-5aa9-f111-b374-3833c5fb3aa8,2,1,FALSE,FALSE,1,75.7,4,2,2,TRUE,1,TRUE,899,TRUE,2,2,3,67,5060.85
FALSE,0,0439-IFYUN,821e563f-5aa9-f111-b374-3833c5fb3aa8,2,0,FALSE,FALSE,1,74.7,2,3,2,TRUE,0,TRUE,1192,TRUE,2,2,3,18,1294.6
FALSE,0,6458-CYIDZ,8b1e563f-5aa9-f111-b374-3833c5fb3aa8,2,0,FALSE,FALSE,1,80.7,2,3,3,FALSE,0,TRUE,1201,TRUE,2,2,3,5,374.8
FALSE,2,0572-ZJKLT,c01f563f-5aa9-f111-b374-3833c5fb3aa8,3,0,TRUE,TRUE,1,99.65,4,2,3,FALSE,1,TRUE,1510,FALSE,3,2,2,46,4630.2
TRUE,0,1925-TIBLE,5020563f-5aa9-f111-b374-3833c5fb3aa8,2,0,FALSE,TRUE,1,86.5,4,2,2,TRUE,0,TRUE,1654,FALSE,2,3,3,7,582.5
TRUE,0,0032-PGELS,4d11fb45-5aa9-f111-b374-3833c5fb3aa8,2,0,TRUE,TRUE,0,30.5,3,2,3,FALSE,2,FALSE,1943,FALSE,2,2,3,1,30.5
FALSE,0,4929-XIHVW,c18f5e39-5aa9-f111-b374-3833c5fb3aa8,1,1,FALSE,TRUE,1,95.5,0,1,0,TRUE,3,TRUE,31,TRUE,1,1,0,2,181.65
FALSE,2,8896-RAZCR,4a905e39-5aa9-f111-b374-3833c5fb3aa8,0,0,TRUE,FALSE,2,19.9,0,0,0,FALSE,1,TRUE,468,FALSE,0,0,0,44,868.1
FALSE,1,9620-QJREV,2a915e39-5aa9-f111-b374-3833c5fb3aa8,0,1,TRUE,FALSE,2,20.55,0,0,0,FALSE,3,TRUE,692,FALSE,0,0,0,47,1013.05
FALSE,0,4824-GUCBY,6e925e39-5aa9-f111-b374-3833c5fb3aa8,0,0,FALSE,FALSE,1,81.7,0,0,1,FALSE,0,TRUE,924,TRUE,0,0,0,22,1820.9
TRUE,0,3027-ZTDHO,d4925e39-5aa9-f111-b374-3833c5fb3aa8,0,1,FALSE,FALSE,1,89.9,0,1,0,TRUE,0,TRUE,844,FALSE,1,1,0,1,89.9
FALSE,2,2612-PHGOX,6d955e39-5aa9-f111-b374-3833c5fb3aa8,1,1,FALSE,TRUE,0,76.1,1,0,0,TRUE,2,TRUE,1267,FALSE,0,1,1,64,4818.8
FALSE,2,6518-PPLMZ,ca965e39-5aa9-f111-b374-3833c5fb3aa8,0,1,TRUE,TRUE,2,19.4,0,0,0,TRUE,1,TRUE,1616,FALSE,0,0,0,53,1110.35
FALSE,2,1852-QSWCD,3416563f-5aa9-f111-b374-3833c5fb3aa8,0,1,TRUE,TRUE,2,24.8,1,0,0,TRUE,1,TRUE,2066,FALSE,0,0,0,64,1514.85
FALSE,0,7707-PYBBH,6416563f-5aa9-f111-b374-3833c5fb3aa8,0,1,FALSE,FALSE,0,61.9,0,0,1,TRUE,1,TRUE,2114,FALSE,0,0,1,40,2647.1
FALSE,1,2931-VUVJN,9816563f-5aa9-f111-b374-3833c5fb3aa8,1,0,FALSE,TRUE,1,94.05,1,0,1,TRUE,0,TRUE,2166,TRUE,0,0,1,59,5483.9
FALSE,2,8619-IJNDK,cf16563f-5aa9-f111-b374-3833c5fb3aa8,1,0,TRUE,TRUE,0,64.05,0,0,1,FALSE,3,TRUE,2221,FALSE,0,0,1,71,4492.9
FALSE,2,8922-NPKBJ,4919563f-5aa9-f111-b374-3833c5fb3aa8,0,1,TRUE,TRUE,2,19.35,0,0,0,FALSE,1,TRUE,2855,FALSE,0,0,0,42,867.3
FALSE,0,2067-QYTCF,de19563f-5aa9-f111-b374-3833c5fb3aa8,3,0,FALSE,TRUE,1,111.15,4,3,2,TRUE,0,TRUE,4,FALSE,3,3,2,64,6953.4
TRUE,1,2359-QWQUL,df19563f-5aa9-f111-b374-3833c5fb3aa8,3,0,FALSE,TRUE,1,104.7,2,2,3,TRUE,3,TRUE,5,FALSE,3,3,2,39,4134.85
FALSE,1,3823-KYNQY,901a563f-5aa9-f111-b374-3833c5fb3aa8,4,1,FALSE,FALSE,2,24.95,4,4,4,FALSE,3,TRUE,182,FALSE,4,4,4,12,280.4
FALSE,1,3021-VLNRJ,931a563f-5aa9-f111-b374-3833c5fb3aa8,3,0,TRUE,FALSE,0,70.8,2,2,3,TRUE,3,TRUE,185,FALSE,2,3,2,50,3478.15
FALSE,1,6574-MCOEH,f21a563f-5aa9-f111-b374-3833c5fb3aa8,3,0,TRUE,TRUE,0,79.15,4,2,2,TRUE,0,TRUE,280,FALSE,3,3,2,33,2531.4
TRUE,0,9574-RKJIF,e01b563f-5aa9-f111-b374-3833c5fb3aa8,2,1,TRUE,TRUE,1,94.4,4,3,3,TRUE,0,TRUE,518,FALSE,2,3,3,30,2838.7
TRUE,0,1324-NLTJE,a61d563f-5aa9-f111-b374-3833c5fb3aa8,2,0,FALSE,FALSE,0,55,4,2,2,FALSE,3,TRUE,972,TRUE,2,2,2,15,757.1
TRUE,0,6338-AVWCY,ed1d563f-5aa9-f111-b374-3833c5fb3aa8,3,1,FALSE,FALSE,0,40.15,3,2,2,TRUE,1,FALSE,1043,FALSE,2,3,3,3,130.75
TRUE,0,2867-UIMSS,801e563f-5aa9-f111-b374-3833c5fb3aa8,2,1,FALSE,FALSE,1,80.5,2,2,2,FALSE,0,TRUE,1190,FALSE,3,2,3,1,80.5
FALSE,0,7727-SHVZV,7d1f563f-5aa9-f111-b374-3833c5fb3aa8,4,0,FALSE,FALSE,2,19.5,2,4,4,FALSE,2,TRUE,1443,FALSE,4,4,4,9,150.35
FALSE,2,8722-PRFDV,4920563f-5aa9-f111-b374-3833c5fb3aa8,3,0,TRUE,TRUE,0,77.55,2,2,3,FALSE,3,TRUE,1647,FALSE,3,3,3,71,5574.35
FALSE,0,3174-RKMOW,d520563f-5aa9-f111-b374-3833c5fb3aa8,3,1,TRUE,TRUE,1,109.95,4,3,2,TRUE,0,TRUE,1787,FALSE,3,3,2,35,3782.4
FALSE,1,7619-PLRLP,3911fb45-5aa9-f111-b374-3833c5fb3aa8,3,0,FALSE,TRUE,0,74.1,4,3,3,FALSE,2,TRUE,1923,FALSE,3,2,3,53,3833.95
FALSE,0,4234-XTNEA,8a905e39-5aa9-f111-b374-3833c5fb3aa8,0,1,FALSE,FALSE,1,79.95,0,1,0,TRUE,0,TRUE,532,FALSE,0,1,0,2,174.45
FALSE,0,4220-TINQT,a5925e39-5aa9-f111-b374-3833c5fb3aa8,1,0,FALSE,TRUE,1,106.35,1,1,0,TRUE,0,TRUE,820,FALSE,1,1,1,61,6751.35
FALSE,1,1921-KYSAY,65965e39-5aa9-f111-b374-3833c5fb3aa8,1,0,FALSE,FALSE,0,68.6,1,1,0,TRUE,0,TRUE,1515,FALSE,1,0,1,41,2877.05
FALSE,0,1656-DRSMG,6e965e39-5aa9-f111-b374-3833c5fb3aa8,1,0,FALSE,FALSE,1,109.85,1,0,0,TRUE,3,TRUE,1524,FALSE,1,1,1,63,7002.95
FALSE,0,6267-DCFFZ,d6965e39-5aa9-f111-b374-3833c5fb3aa8,0,0,FALSE,TRUE,1,90.05,1,0,0,TRUE,0,TRUE,1628,TRUE,0,1,0,30,2627.2
FALSE,1,0219-QAERP,0317563f-5aa9-f111-b374-3833c5fb3aa8,0,1,FALSE,TRUE,2,19.8,0,0,0,FALSE,3,TRUE,2273,FALSE,0,0,0,30,576.65
FALSE,0,9367-OIUXP,2e17563f-5aa9-f111-b374-3833c5fb3aa8,0,1,FALSE,FALSE,2,20.7,0,0,0,FALSE,1,TRUE,2316,FALSE,0,0,0,4,73.05
FALSE,0,3255-GRXMG,0e1a563f-5aa9-f111-b374-3833c5fb3aa8,2,1,TRUE,FALSE,0,45.65,2,2,2,TRUE,3,TRUE,52,FALSE,2,2,3,18,747.2
FALSE,0,5562-YJQGT,711a563f-5aa9-f111-b374-3833c5fb3aa8,4,0,FALSE,FALSE,2,20.35,2,4,4,FALSE,3,TRUE,151,FALSE,4,4,4,2,35.1
FALSE,0,4282-ACRXS,a61a563f-5aa9-f111-b374-3833c5fb3aa8,2,1,FALSE,TRUE,0,24.85,3,2,2,TRUE,0,FALSE,204,TRUE,2,2,3,38,955.75
FALSE,0,6854-EXGSF,b81a563f-5aa9-f111-b374-3833c5fb3aa8,3,0,FALSE,FALSE,0,65.5,4,3,3,TRUE,2,TRUE,222,FALSE,2,2,3,8,573.15
FALSE,0,3137-LUPIX,5a1b563f-5aa9-f111-b374-3833c5fb3aa8,2,0,FALSE,FALSE,0,64.4,4,2,2,TRUE,1,TRUE,384,FALSE,2,3,2,4,253
FALSE,2,4419-UJMUS,be1b563f-5aa9-f111-b374-3833c5fb3aa8,2,1,TRUE,TRUE,1,99.35,4,2,2,TRUE,0,TRUE,484,FALSE,3,3,2,69,6856.45
FALSE,2,9958-MEKUC,2a1d563f-5aa9-f111-b374-3833c5fb3aa8,3,1,TRUE,TRUE,1,103.95,4,3,3,FALSE,3,TRUE,848,FALSE,3,2,2,72,7517.7
TRUE,0,2446-PLQVO,f220563f-5aa9-f111-b374-3833c5fb3aa8,2,1,FALSE,FALSE,1,70.3,2,2,2,TRUE,0,TRUE,1816,FALSE,2,2,3,1,70.3
TRUE,0,8361-LTMKD,d010fb45-5aa9-f111-b374-3833c5fb3aa8,2,1,FALSE,TRUE,1,74.4,4,2,2,TRUE,1,TRUE,2041,TRUE,2,2,3,4,306.6
TRUE,0,5868-YWPDW,e210fb45-5aa9-f111-b374-3833c5fb3aa8,2,1,FALSE,TRUE,1,84.2,2,3,2,TRUE,0,TRUE,1836,TRUE,3,2,3,6,519.15
TRUE,0,8739-WWKDU,6511fb45-5aa9-f111-b374-3833c5fb3aa8,2,1,FALSE,FALSE,1,89.5,4,3,2,TRUE,0,TRUE,1967,TRUE,2,3,3,25,2196.15
FALSE,1,0557-ASKVU,e18f5e39-5aa9-f111-b374-3833c5fb3aa8,1,0,TRUE,TRUE,0,54.4,0,1,0,TRUE,3,TRUE,63,FALSE,0,0,1,18,957.1
FALSE,1,4980-URKXC,2a905e39-5aa9-f111-b374-3833c5fb3aa8,0,1,FALSE,TRUE,2,20.85,0,0,0,FALSE,2,TRUE,436,FALSE,0,0,0,36,720.05
FALSE,2,4376-KFVRS,2b905e39-5aa9-f111-b374-3833c5fb3aa8,1,1,TRUE,TRUE,1,114.05,1,0,1,TRUE,3,TRUE,437,FALSE,1,1,1,72,8468.2
FALSE,0,4719-UMSIY,42905e39-5aa9-f111-b374-3833c5fb3aa8,0,1,TRUE,FALSE,2,19.65,0,0,0,FALSE,1,TRUE,460,FALSE,0,0,0,6,100.9
FALSE,2,0301-KOBTQ,93935e39-5aa9-f111-b374-3833c5fb3aa8,0,1,FALSE,FALSE,2,20.05,0,0,0,TRUE,2,TRUE,1080,FALSE,0,0,0,32,614.45
TRUE,0,1725-MIMXW,a1955e39-5aa9-f111-b374-3833c5fb3aa8,0,1,TRUE,FALSE,2,19.45,0,0,0,TRUE,1,TRUE,1319,FALSE,0,0,0,1,19.45
FALSE,0,6439-LAJXL,13965e39-5aa9-f111-b374-3833c5fb3aa8,0,1,FALSE,TRUE,0,68.95,0,0,1,TRUE,1,TRUE,1433,FALSE,0,1,1,9,593.85
FALSE,0,5155-AZQPB,0116563f-5aa9-f111-b374-3833c5fb3aa8,0,0,TRUE,TRUE,0,49.9,1,1,0,FALSE,1,TRUE,2015,FALSE,0,0,0,28,1410.25
FALSE,0,1391-UBDAR,8316563f-5aa9-f111-b374-3833c5fb3aa8,1,1,FALSE,FALSE,1,72.9,0,1,0,FALSE,0,TRUE,2145,FALSE,0,0,0,11,818.45
FALSE,1,3275-RHRNE,8b17563f-5aa9-f111-b374-3833c5fb3aa8,1,1,TRUE,TRUE,0,60,0,0,0,TRUE,3,FALSE,2409,FALSE,1,1,1,28,1682.05
FALSE,0,7878-JGDKK,d017563f-5aa9-f111-b374-3833c5fb3aa8,0,1,FALSE,FALSE,0,44.55,0,1,0,FALSE,1,TRUE,2478,FALSE,0,0,0,4,220.75
FALSE,0,0447-RXSGD,f817563f-5aa9-f111-b374-3833c5fb3aa8,0,1,FALSE,FALSE,1,99.65,1,0,0,TRUE,2,TRUE,2518,FALSE,1,1,0,24,2404.85
FALSE,2,7996-BPXHY,2718563f-5aa9-f111-b374-3833c5fb3aa8,0,0,TRUE,TRUE,2,25,1,0,0,TRUE,2,TRUE,2565,FALSE,0,0,0,13,332.5
FALSE,0,3043-TYBNO,c119563f-5aa9-f111-b374-3833c5fb3aa8,0,1,FALSE,FALSE,0,60.65,0,1,0,FALSE,1,TRUE,2975,FALSE,1,0,1,3,196.9
FALSE,0,5600-PDUJF,da19563f-5aa9-f111-b374-3833c5fb3aa8,2,1,FALSE,FALSE,0,49.5,2,2,2,TRUE,3,TRUE,0,FALSE,2,2,2,6,312.7
TRUE,0,2955-PSXOE,0b1a563f-5aa9-f111-b374-3833c5fb3aa8,4,0,FALSE,FALSE,2,20.2,2,4,4,TRUE,2,TRUE,49,FALSE,4,4,4,1,20.2
FALSE,0,7354-OIJLX,131a563f-5aa9-f111-b374-3833c5fb3aa8,2,1,FALSE,FALSE,1,75.85,4,2,2,TRUE,0,TRUE,57,FALSE,2,2,3,9,724.65
FALSE,0,2931-FSOHN,811d563f-5aa9-f111-b374-3833c5fb3aa8,2,1,FALSE,FALSE,0,59.9,2,3,2,TRUE,0,TRUE,935,TRUE,2,3,3,13,788.35
FALSE,1,0725-CXOTM,621e563f-5aa9-f111-b374-3833c5fb3aa8,3,0,FALSE,FALSE,0,89.65,4,2,3,TRUE,3,TRUE,1160,FALSE,3,3,2,36,3348.1
TRUE,0,5889-LFOLL,bc1f563f-5aa9-f111-b374-3833c5fb3aa8,2,0,FALSE,FALSE,1,84.6,4,2,2,TRUE,0,TRUE,1506,FALSE,3,2,3,13,1115.2
FALSE,0,3541-ZNUHK,dd20563f-5aa9-f111-b374-3833c5fb3aa8,2,0,TRUE,TRUE,1,85.1,4,3,3,TRUE,0,TRUE,1795,FALSE,2,2,3,55,4600.95
FALSE,1,3712-PKXZA,a78e5e39-5aa9-f111-b374-3833c5fb3aa8,0,1,FALSE,TRUE,2,20.55,0,0,0,TRUE,3,TRUE,179,FALSE,0,0,0,61,1252
FALSE,0,3316-UWXUY,5d8f5e39-5aa9-f111-b374-3833c5fb3aa8,0,1,FALSE,FALSE,1,93.5,0,0,1,TRUE,3,TRUE,231,FALSE,1,0,1,50,4747.5
TRUE,0,3488-PGMQJ,968f5e39-5aa9-f111-b374-3833c5fb3aa8,0,1,FALSE,FALSE,1,74.5,0,0,0,TRUE,0,TRUE,288,TRUE,0,0,0,8,606.55
FALSE,0,6865-JZNKO,bb8f5e39-5aa9-f111-b374-3833c5fb3aa8,0,0,FALSE,FALSE,0,55.3,0,0,1,TRUE,2,TRUE,25,FALSE,0,0,0,30,1530.6
TRUE,0,0256-LTHVJ,3b905e39-5aa9-f111-b374-3833c5fb3aa8,0,0,TRUE,TRUE,1,81.05,0,1,0,TRUE,0,TRUE,453,FALSE,1,0,0,28,2227.1
FALSE,0,5348-CAGXB,8d905e39-5aa9-f111-b374-3833c5fb3aa8,1,1,FALSE,FALSE,1,89.55,1,1,0,TRUE,0,TRUE,535,FALSE,0,1,0,12,1021.75
FALSE,2,0678-RLHVP,1f935e39-5aa9-f111-b374-3833c5fb3aa8,1,0,FALSE,FALSE,1,105.55,1,0,0,FALSE,0,TRUE,897,FALSE,1,1,0,53,5682.25
TRUE,0,5293-WXJAK,78935e39-5aa9-f111-b374-3833c5fb3aa8,1,0,FALSE,TRUE,1,104.05,1,1,0,TRUE,2,TRUE,1132,TRUE,1,1,1,11,1133.65
FALSE,0,9277-JOOMO,9f955e39-5aa9-f111-b374-3833c5fb3aa8,0,0,FALSE,FALSE,2,24.6,1,0,0,FALSE,1,TRUE,1317,FALSE,0,0,0,3,86.35
FALSE,0,6416-YJTTB,4f965e39-5aa9-f111-b374-3833c5fb3aa8,1,1,FALSE,FALSE,1,79.5,0,1,1,TRUE,2,TRUE,1493,FALSE,0,0,0,11,795.65
FALSE,2,7643-RCHXS,b0965e39-5aa9-f111-b374-3833c5fb3aa8,0,0,TRUE,TRUE,2,19.35,0,0,0,FALSE,0,TRUE,1590,FALSE,0,0,0,63,1263.85
FALSE,0,1320-REHCS,4f975e39-5aa9-f111-b374-3833c5fb3aa8,1,1,FALSE,FALSE,1,110.75,1,0,0,TRUE,0,TRUE,1749,TRUE,1,1,1,52,5832
FALSE,0,6959-GQEGV,ac975e39-5aa9-f111-b374-3833c5fb3aa8,1,1,FALSE,FALSE,0,75.95,0,1,1,TRUE,0,TRUE,1842,FALSE,1,1,0,45,3273.8
FALSE,0,5702-SKUOB,e317563f-5aa9-f111-b374-3833c5fb3aa8,0,0,FALSE,TRUE,2,19.6,0,0,0,FALSE,1,TRUE,2497,FALSE,0,0,0,4,93.45
FALSE,2,9953-ZMKSM,6d18563f-5aa9-f111-b374-3833c5fb3aa8,0,1,FALSE,FALSE,2,25.25,1,0,0,FALSE,1,TRUE,2635,FALSE,0,0,0,63,1559.3
FALSE,0,2439-QKJUL,ce18563f-5aa9-f111-b374-3833c5fb3aa8,0,1,FALSE,FALSE,2,20.25,0,0,0,FALSE,1,TRUE,2758,FALSE,0,0,0,5,109.8
FALSE,0,7587-AOVVU,b119563f-5aa9-f111-b374-3833c5fb3aa8,0,1,TRUE,TRUE,1,100.75,1,0,1,FALSE,0,TRUE,2959,FALSE,0,1,1,27,2793.55
FALSE,0,9839-ETQOE,091b563f-5aa9-f111-b374-3833c5fb3aa8,3,1,TRUE,FALSE,0,40.45,3,3,3,TRUE,0,FALSE,303,FALSE,2,2,3,43,1912.85
FALSE,1,9495-REDIY,361b563f-5aa9-f111-b374-3833c5fb3aa8,2,1,TRUE,FALSE,0,40.65,3,2,3,TRUE,3,FALSE,348,FALSE,2,3,3,25,970.55
FALSE,1,7472-EQOAV,df1b563f-5aa9-f111-b374-3833c5fb3aa8,3,1,TRUE,TRUE,1,86.7,2,3,3,TRUE,2,TRUE,517,TRUE,2,2,3,71,6179.35
FALSE,0,1169-WCVAK,f71c563f-5aa9-f111-b374-3833c5fb3aa8,2,1,FALSE,TRUE,1,88.8,4,3,3,TRUE,3,TRUE,797,FALSE,2,2,2,19,1672.35
TRUE,0,1522-VVDMG,a91d563f-5aa9-f111-b374-3833c5fb3aa8,2,1,TRUE,TRUE,1,89.75,2,3,2,TRUE,0,TRUE,975,FALSE,2,3,2,7,608.8
FALSE,2,8085-MSNLK,0f1e563f-5aa9-f111-b374-3833c5fb3aa8,3,0,FALSE,TRUE,1,113.95,4,3,3,FALSE,1,TRUE,1077,FALSE,3,3,2,62,6891.4
FALSE,0,0547-HURJB,001f563f-5aa9-f111-b374-3833c5fb3aa8,4,1,TRUE,FALSE,2,21.05,2,4,4,FALSE,3,TRUE,1318,FALSE,4,4,4,12,235.8
TRUE,1,8079-XRJRS,271f563f-5aa9-f111-b374-3833c5fb3aa8,3,1,FALSE,TRUE,1,89.75,4,3,3,FALSE,0,TRUE,1357,FALSE,2,2,3,65,5769.6
FALSE,2,7196-LIWRH,9c1f563f-5aa9-f111-b374-3833c5fb3aa8,4,0,FALSE,FALSE,2,19.55,2,4,4,FALSE,1,TRUE,1474,FALSE,4,4,4,6,124.45
FALSE,0,9364-YKUVW,5811fb45-5aa9-f111-b374-3833c5fb3aa8,4,1,FALSE,FALSE,2,19.8,2,4,4,TRUE,1,TRUE,1954,FALSE,4,4,4,15,309.4
FALSE,1,5981-ZVXOT,7911fb45-5aa9-f111-b374-3833c5fb3aa8,3,0,FALSE,FALSE,1,108.35,4,3,3,TRUE,0,TRUE,1987,TRUE,3,3,3,35,3726.15
FALSE,0,6180-YBIQI,0b905e39-5aa9-f111-b374-3833c5fb3aa8,0,1,FALSE,FALSE,0,24.3,0,1,0,FALSE,1,FALSE,105,FALSE,0,0,0,5,100.2
FALSE,0,5628-RKIFK,2f905e39-5aa9-f111-b374-3833c5fb3aa8,0,0,FALSE,FALSE,1,101.55,1,1,1,FALSE,3,TRUE,441,TRUE,1,1,0,49,5070.4
FALSE,0,1635-FJFCC,5e915e39-5aa9-f111-b374-3833c5fb3aa8,0,0,FALSE,FALSE,0,44.05,0,1,0,TRUE,3,TRUE,744,FALSE,0,0,0,5,202.15
FALSE,0,5899-OUVKV,27965e39-5aa9-f111-b374-3833c5fb3aa8,0,1,FALSE,FALSE,1,94.5,0,0,0,TRUE,0,TRUE,1453,FALSE,1,1,0,31,2979.2
FALSE,0,8205-MQUGY,34965e39-5aa9-f111-b374-3833c5fb3aa8,0,1,TRUE,TRUE,0,49.2,0,1,1,TRUE,0,TRUE,1466,FALSE,0,0,0,12,571.15
TRUE,0,7079-QRCBC,3b965e39-5aa9-f111-b374-3833c5fb3aa8,1,0,FALSE,FALSE,1,98.75,1,1,0,TRUE,0,TRUE,1473,FALSE,1,1,0,24,2407.3
TRUE,0,9300-RENDD,5116563f-5aa9-f111-b374-3833c5fb3aa8,0,1,FALSE,FALSE,1,79.95,0,1,0,TRUE,0,TRUE,2095,FALSE,0,1,0,1,79.95
FALSE,0,1345-GKDZZ,8616563f-5aa9-f111-b374-3833c5fb3aa8,0,1,TRUE,FALSE,2,19.55,0,0,0,FALSE,1,TRUE,2148,FALSE,0,0,0,6,128.6
FALSE,0,8963-JLGJT,0e17563f-5aa9-f111-b374-3833c5fb3aa8,1,1,TRUE,FALSE,0,55.9,0,1,1,FALSE,1,TRUE,2284,FALSE,0,0,0,3,157.55
TRUE,0,7470-MCQTK,1417563f-5aa9-f111-b374-3833c5fb3aa8,1,0,FALSE,TRUE,0,48.75,0,1,0,TRUE,2,FALSE,2290,FALSE,1,1,0,13,633.4
TRUE,0,4446-BZKHU,5318563f-5aa9-f111-b374-3833c5fb3aa8,1,1,FALSE,TRUE,1,105.55,1,0,0,TRUE,0,TRUE,2609,FALSE,1,1,0,61,6281.45
FALSE,0,6838-HVLXG,4319563f-5aa9-f111-b374-3833c5fb3aa8,0,0,FALSE,FALSE,2,20.3,0,0,0,FALSE,1,TRUE,2849,FALSE,0,0,0,12,246.7
TRUE,1,1644-IRKSF,261a563f-5aa9-f111-b374-3833c5fb3aa8,3,0,TRUE,TRUE,1,93.8,2,2,2,TRUE,0,TRUE,76,FALSE,3,3,3,33,3124.5
FALSE,0,8016-NCFVO,631a563f-5aa9-f111-b374-3833c5fb3aa8,3,1,FALSE,FALSE,1,116.5,4,3,3,TRUE,0,TRUE,137,TRUE,3,3,2,55,6382.55
TRUE,1,2794-XIMMO,ac1a563f-5aa9-f111-b374-3833c5fb3aa8,3,1,FALSE,TRUE,0,60.45,3,3,2,TRUE,0,FALSE,210,FALSE,3,3,2,53,3184.25
TRUE,0,4391-RESHN,481c563f-5aa9-f111-b374-3833c5fb3aa8,3,1,FALSE,FALSE,1,104.05,4,2,2,TRUE,1,TRUE,622,FALSE,3,3,2,23,2470.1
TRUE,0,3565-UNOCC,261e563f-5aa9-f111-b374-3833c5fb3aa8,3,0,FALSE,TRUE,1,99.05,4,2,2,TRUE,2,TRUE,1100,TRUE,3,3,3,29,2952.85
FALSE,2,2845-KDHVX,301f563f-5aa9-f111-b374-3833c5fb3aa8,3,0,FALSE,TRUE,0,68.3,2,3,2,TRUE,1,TRUE,1366,FALSE,3,2,2,64,4378.8
FALSE,1,3926-YZVVX,6c1f563f-5aa9-f111-b374-3833c5fb3aa8,2,0,FALSE,FALSE,0,50.05,2,2,2,FALSE,2,TRUE,1426,FALSE,2,2,2,41,2029.05
TRUE,0,4488-PSYCG,f01f563f-5aa9-f111-b374-3833c5fb3aa8,4,1,FALSE,FALSE,2,20.25,2,4,4,FALSE,2,TRUE,1558,FALSE,4,4,4,16,327.45
FALSE,1,6810-VCAEX,5820563f-5aa9-f111-b374-3833c5fb3aa8,2,0,FALSE,FALSE,0,39.65,3,3,3,FALSE,3,FALSE,1662,FALSE,2,2,2,47,1798.65
TRUE,0,2180-DXNEG,a720563f-5aa9-f111-b374-3833c5fb3aa8,3,0,FALSE,FALSE,1,96,2,2,2,TRUE,0,TRUE,1741,FALSE,3,3,3,12,1062.1
TRUE,0,4190-MFLUW,6c99a189-ac75-480f-af0f-b68fa80ae9ff,1,0,TRUE,TRUE,0,55.2,0,1,0,FALSE,3,TRUE,18,FALSE,0,0,1,10,528.35
FALSE,2,6007-TCTST,e0925e39-5aa9-f111-b374-3833c5fb3aa8,1,0,TRUE,TRUE,1,115.8,1,0,1,TRUE,2,TRUE,850,FALSE,1,1,1,72,8476.5
FALSE,2,7771-ZONAT,83935e39-5aa9-f111-b374-3833c5fb3aa8,1,1,FALSE,FALSE,0,56.75,0,1,0,FALSE,2,FALSE,1072,FALSE,1,1,1,22,1304.85
FALSE,0,6242-MBHPK,b4935e39-5aa9-f111-b374-3833c5fb3aa8,0,0,FALSE,TRUE,1,95.1,0,1,1,TRUE,0,TRUE,1160,TRUE,1,1,0,23,2326.05
FALSE,1,9968-FFVVH,83955e39-5aa9-f111-b374-3833c5fb3aa8,1,1,FALSE,FALSE,0,68.8,1,0,1,FALSE,2,TRUE,1289,FALSE,0,0,1,63,4111.35
TRUE,0,8519-IMDHU,92955e39-5aa9-f111-b374-3833c5fb3aa8,0,1,FALSE,TRUE,1,85.6,1,1,0,TRUE,2,TRUE,1304,TRUE,1,0,0,15,1345.55
FALSE,0,3374-PZLXD,c7965e39-5aa9-f111-b374-3833c5fb3aa8,0,1,FALSE,FALSE,2,19.7,0,0,0,FALSE,1,TRUE,1613,FALSE,0,0,0,34,675.6
TRUE,0,0107-YHINA,22975e39-5aa9-f111-b374-3833c5fb3aa8,1,1,TRUE,FALSE,1,99.75,1,1,0,TRUE,0,TRUE,1704,FALSE,1,1,0,1,99.75
FALSE,0,1702-CCFNJ,2b975e39-5aa9-f111-b374-3833c5fb3aa8,0,1,FALSE,TRUE,0,61.35,1,0,0,FALSE,2,TRUE,1713,FALSE,0,0,1,52,3169.55
FALSE,0,2135-DQWAQ,1217563f-5aa9-f111-b374-3833c5fb3aa8,0,0,FALSE,FALSE,1,85.3,0,0,0,TRUE,1,TRUE,2288,FALSE,0,1,0,5,420.45
FALSE,0,5780-INQIK,3e18563f-5aa9-f111-b374-3833c5fb3aa8,0,0,FALSE,FALSE,0,49.4,0,1,0,FALSE,0,TRUE,2588,FALSE,0,0,1,8,408.25
FALSE,1,0254-KCJGT,d118563f-5aa9-f111-b374-3833c5fb3aa8,1,1,FALSE,TRUE,0,81.4,1,0,1,TRUE,3,TRUE,2695,FALSE,1,0,1,52,4354.45
FALSE,0,3295-YVUSR,621a563f-5aa9-f111-b374-3833c5fb3aa8,2,1,FALSE,FALSE,1,72.6,4,2,2,TRUE,1,TRUE,136,TRUE,2,2,3,2,154.3
FALSE,0,7577-SWIFR,661a563f-5aa9-f111-b374-3833c5fb3aa8,2,1,FALSE,FALSE,1,89.25,2,2,2,TRUE,0,TRUE,140,FALSE,3,3,3,1,89.25
FALSE,2,5057-RKGLH,6c1b563f-5aa9-f111-b374-3833c5fb3aa8,4,0,TRUE,TRUE,2,20.35,2,4,4,FALSE,1,TRUE,402,FALSE,4,4,4,9,191.1
FALSE,2,0675-NCDYU,081c563f-5aa9-f111-b374-3833c5fb3aa8,3,0,TRUE,TRUE,1,116.4,4,3,3,TRUE,3,TRUE,558,FALSE,3,3,2,72,8543.25
TRUE,0,6982-UQZLY,821c563f-5aa9-f111-b374-3833c5fb3aa8,4,0,FALSE,TRUE,2,20.85,2,4,4,TRUE,1,TRUE,680,TRUE,4,4,4,1,20.85
FALSE,0,2862-PFNIK,901d563f-5aa9-f111-b374-3833c5fb3aa8,2,1,TRUE,FALSE,0,24.7,3,2,2,TRUE,0,FALSE,950,FALSE,2,2,3,1,24.7
FALSE,1,4451-RWASJ,ca1d563f-5aa9-f111-b374-3833c5fb3aa8,4,1,TRUE,TRUE,2,19.5,2,4,4,TRUE,1,TRUE,1008,FALSE,4,4,4,15,239.75
FALSE,0,8495-PRWFH,811e563f-5aa9-f111-b374-3833c5fb3aa8,3,0,FALSE,FALSE,0,55.65,4,2,2,FALSE,0,TRUE,1191,TRUE,2,2,3,42,2421.75
TRUE,0,7016-BPGEU,c51f563f-5aa9-f111-b374-3833c5fb3aa8,2,0,FALSE,FALSE,0,25.1,3,2,2,TRUE,3,FALSE,1515,FALSE,2,2,3,29,712.85
FALSE,0,9626-WEQRM,fc1f563f-5aa9-f111-b374-3833c5fb3aa8,2,0,FALSE,FALSE,0,29.15,3,2,3,TRUE,1,FALSE,1570,FALSE,2,2,3,4,110.05
FALSE,2,2068-WWXQZ,9520563f-5aa9-f111-b374-3833c5fb3aa8,4,1,FALSE,FALSE,2,20.05,2,4,4,FALSE,2,TRUE,1723,FALSE,4,4,4,46,902
FALSE,0,4690-PKDQG,5e11fb45-5aa9-f111-b374-3833c5fb3aa8,3,0,FALSE,TRUE,1,95.55,4,3,2,TRUE,0,TRUE,1960,TRUE,2,3,3,42,3930.6
TRUE,0,2656-FMOKZ,9c8e5e39-5aa9-f111-b374-3833c5fb3aa8,0,0,FALSE,FALSE,1,74.45,1,1,0,TRUE,1,TRUE,176,TRUE,0,0,0,15,1145.7
FALSE,2,7605-BDWDC,7d8f5e39-5aa9-f111-b374-3833c5fb3aa8,0,0,FALSE,FALSE,0,49.85,0,0,1,TRUE,2,FALSE,263,FALSE,1,0,1,31,1520.1
FALSE,1,9199-PWQVC,6d925e39-5aa9-f111-b374-3833c5fb3aa8,0,0,FALSE,TRUE,0,79.7,1,0,1,TRUE,3,TRUE,923,FALSE,1,1,0,63,4786.15
FALSE,0,5898-IGSLP,18935e39-5aa9-f111-b374-3833c5fb3aa8,1,1,TRUE,TRUE,1,89.3,1,1,1,FALSE,0,TRUE,890,FALSE,0,0,1,31,2823
FALSE,0,7241-AJHFS,a2935e39-5aa9-f111-b374-3833c5fb3aa8,0,1,FALSE,FALSE,1,87.65,1,1,1,FALSE,2,TRUE,1087,FALSE,0,0,1,32,2766.4
FALSE,1,1934-MKPXS,ea955e39-5aa9-f111-b374-3833c5fb3aa8,0,1,TRUE,TRUE,2,20.1,0,0,0,FALSE,3,TRUE,1392,FALSE,0,0,0,33,620.55
FALSE,0,8097-VBQTZ,db16563f-5aa9-f111-b374-3833c5fb3aa8,0,1,FALSE,FALSE,0,69.9,0,0,1,TRUE,1,TRUE,2233,FALSE,0,1,1,54,3883.3
FALSE,1,6114-TCFID,7017563f-5aa9-f111-b374-3833c5fb3aa8,0,0,FALSE,FALSE,0,39.5,0,0,1,FALSE,3,FALSE,2382,FALSE,0,0,1,29,1082.75
FALSE,1,7629-WIXZF,c918563f-5aa9-f111-b374-3833c5fb3aa8,0,0,FALSE,FALSE,0,59.1,0,1,1,TRUE,0,TRUE,2691,FALSE,1,0,0,7,369.25
FALSE,2,6838-YAUVY,f818563f-5aa9-f111-b374-3833c5fb3aa8,1,0,FALSE,FALSE,1,95.1,1,1,0,TRUE,2,TRUE,2714,FALSE,1,0,1,54,5064.85
TRUE,0,1213-NGCUN,171b563f-5aa9-f111-b374-3833c5fb3aa8,2,0,FALSE,FALSE,0,49.65,2,2,2,TRUE,2,TRUE,317,FALSE,2,2,2,6,267.35
FALSE,0,4983-CCWMC,7d1c563f-5aa9-f111-b374-3833c5fb3aa8,2,1,FALSE,FALSE,1,69.6,2,2,2,TRUE,1,TRUE,675,FALSE,2,2,3,3,207.4
TRUE,1,1984-FCOWB,931c563f-5aa9-f111-b374-3833c5fb3aa8,3,0,FALSE,TRUE,1,109.5,4,3,2,TRUE,0,TRUE,697,FALSE,3,3,2,70,7674.55
FALSE,0,4673-KKSLS,a31d563f-5aa9-f111-b374-3833c5fb3aa8,3,0,FALSE,FALSE,1,87.6,2,2,3,FALSE,0,TRUE,969,FALSE,2,2,2,31,2724.25
FALSE,1,7356-AYNJP,2a1e563f-5aa9-f111-b374-3833c5fb3aa8,4,0,FALSE,FALSE,2,23.9,4,4,4,FALSE,0,TRUE,1104,FALSE,4,4,4,4,97.5
FALSE,1,2696-ECXKC,131f563f-5aa9-f111-b374-3833c5fb3aa8,2,0,TRUE,TRUE,1,100.9,4,2,3,FALSE,1,TRUE,1337,FALSE,3,3,3,55,5448.6
TRUE,0,0402-CQAJN,fa10fb45-5aa9-f111-b374-3833c5fb3aa8,3,0,FALSE,FALSE,1,101.9,4,3,2,TRUE,2,TRUE,1860,FALSE,3,3,3,37,3545.35
FALSE,0,4459-BBGHE,2711fb45-5aa9-f111-b374-3833c5fb3aa8,2,1,TRUE,FALSE,0,44.5,3,2,2,TRUE,0,FALSE,1905,FALSE,3,3,3,30,1307.8
FALSE,0,2181-UAESM,26905e39-5aa9-f111-b374-3833c5fb3aa8,1,1,FALSE,FALSE,0,53.45,0,1,1,FALSE,0,TRUE,432,FALSE,0,0,0,2,119.5
FALSE,0,6522-YRBXD,b8905e39-5aa9-f111-b374-3833c5fb3aa8,0,1,FALSE,TRUE,1,94.55,1,0,1,TRUE,0,TRUE,578,TRUE,1,0,0,35,3365.4
FALSE,0,5172-MIGPM,cb905e39-5aa9-f111-b374-3833c5fb3aa8,0,1,FALSE,FALSE,0,65.55,1,1,0,FALSE,1,TRUE,597,FALSE,1,0,1,4,237.2
FALSE,1,8672-OAUPW,d5905e39-5aa9-f111-b374-3833c5fb3aa8,0,1,TRUE,FALSE,0,47.85,0,1,0,FALSE,3,TRUE,607,FALSE,0,0,1,51,2356.75
FALSE,2,2077-DDHJK,f3905e39-5aa9-f111-b374-3833c5fb3aa8,1,0,FALSE,TRUE,0,70.9,1,0,1,FALSE,3,TRUE,637,FALSE,0,0,1,68,4911.35
FALSE,2,7596-ZYWBB,38915e39-5aa9-f111-b374-3833c5fb3aa8,0,0,FALSE,FALSE,0,59.6,0,0,1,TRUE,1,TRUE,706,FALSE,0,0,1,65,3739.8
FALSE,0,7382-DFJTU,9c915e39-5aa9-f111-b374-3833c5fb3aa8,1,1,FALSE,FALSE,0,55.2,0,1,0,FALSE,3,TRUE,806,FALSE,0,0,1,18,1058.1
FALSE,0,2460-NGXBJ,8e935e39-5aa9-f111-b374-3833c5fb3aa8,0,1,TRUE,TRUE,1,75.2,1,1,0,TRUE,3,TRUE,1142,TRUE,0,0,0,11,775.3
FALSE,2,8966-KZXXA,88975e39-5aa9-f111-b374-3833c5fb3aa8,0,1,TRUE,TRUE,2,25.1,1,0,0,FALSE,3,TRUE,1806,FALSE,0,0,0,36,930.95
FALSE,2,2626-VEEWG,a216563f-5aa9-f111-b374-3833c5fb3aa8,0,1,TRUE,TRUE,2,19.4,0,0,0,TRUE,3,TRUE,2176,FALSE,0,0,0,67,1284.2
FALSE,2,1657-DYMBM,a416563f-5aa9-f111-b374-3833c5fb3aa8,0,1,FALSE,TRUE,2,19.9,0,0,0,FALSE,3,TRUE,2178,FALSE,0,0,0,53,1110.05
FALSE,1,9825-YCXWZ,0618563f-5aa9-f111-b374-3833c5fb3aa8,1,0,FALSE,FALSE,1,101.1,0,1,0,TRUE,2,TRUE,2532,TRUE,1,1,1,41,4016.2
TRUE,0,8802-UNOJF,9d19563f-5aa9-f111-b374-3833c5fb3aa8,1,1,FALSE,FALSE,1,83.8,0,0,0,TRUE,1,TRUE,2939,TRUE,0,0,1,12,1029.75
FALSE,0,3320-VEOYC,ed19563f-5aa9-f111-b374-3833c5fb3aa8,2,1,FALSE,FALSE,1,95.6,4,2,2,TRUE,0,TRUE,19,TRUE,3,3,3,14,1273.3
FALSE,2,5317-FLPJF,4f1a563f-5aa9-f111-b374-3833c5fb3aa8,3,0,FALSE,FALSE,0,61.35,3,2,3,TRUE,2,FALSE,117,FALSE,3,3,2,66,4193.4
TRUE,0,4797-AXPXK,801c563f-5aa9-f111-b374-3833c5fb3aa8,2,0,TRUE,FALSE,0,60,2,3,3,TRUE,0,TRUE,678,FALSE,2,2,2,1,60
TRUE,0,2446-BEGGB,991e563f-5aa9-f111-b374-3833c5fb3aa8,2,0,FALSE,FALSE,1,98.25,4,3,2,TRUE,0,TRUE,1215,TRUE,3,3,3,6,560.6
FALSE,0,6128-DAFVY,bf1e563f-5aa9-f111-b374-3833c5fb3aa8,2,0,FALSE,FALSE,0,44.85,3,2,2,TRUE,3,FALSE,1253,FALSE,3,3,3,56,2564.95
FALSE,1,1929-ZCBHE,0d1f563f-5aa9-f111-b374-3833c5fb3aa8,3,1,TRUE,TRUE,0,40.3,3,2,3,FALSE,0,FALSE,1331,FALSE,2,2,2,47,1794.8
FALSE,0,1104-TNLZA,d71f563f-5aa9-f111-b374-3833c5fb3aa8,2,1,FALSE,TRUE,1,105.8,4,3,2,TRUE,0,TRUE,1533,TRUE,3,3,2,28,2998
FALSE,0,7729-JTEEC,1e20563f-5aa9-f111-b374-3833c5fb3aa8,2,1,TRUE,TRUE,0,44.5,2,2,2,TRUE,0,TRUE,1604,FALSE,2,2,3,2,90.05
TRUE,0,0295-PPHDO,0011fb45-5aa9-f111-b374-3833c5fb3aa8,2,1,FALSE,FALSE,1,95.45,4,2,2,TRUE,0,TRUE,1866,FALSE,3,3,3,1,95.45
FALSE,1,9347-AERRL,8b11fb45-5aa9-f111-b374-3833c5fb3aa8,4,1,FALSE,TRUE,2,19.3,2,4,4,FALSE,3,TRUE,2005,FALSE,4,4,4,23,486.2
FALSE,0,2876-GZYZC,e68d5e39-5aa9-f111-b374-3833c5fb3aa8,0,0,FALSE,FALSE,1,85.95,1,1,0,TRUE,0,TRUE,130,FALSE,1,0,0,13,1215.65
FALSE,0,9142-KZXOP,098f5e39-5aa9-f111-b374-3833c5fb3aa8,0,1,FALSE,FALSE,1,68.85,0,1,0,FALSE,3,TRUE,204,FALSE,0,0,0,44,2958.95
FALSE,0,1215-FIGMP,df8f5e39-5aa9-f111-b374-3833c5fb3aa8,0,1,FALSE,FALSE,1,89.9,1,0,0,TRUE,2,TRUE,61,FALSE,0,1,0,60,5450.7
FALSE,2,0318-ZOPWS,f68f5e39-5aa9-f111-b374-3833c5fb3aa8,0,0,FALSE,TRUE,2,20.15,0,0,0,TRUE,2,TRUE,84,FALSE,0,0,0,49,973.35
FALSE,0,8535-SFUTN,75905e39-5aa9-f111-b374-3833c5fb3aa8,1,1,FALSE,FALSE,1,106.45,1,1,1,TRUE,0,TRUE,511,FALSE,1,1,0,61,6300.15
FALSE,1,5174-ITUMV,7e905e39-5aa9-f111-b374-3833c5fb3aa8,1,1,TRUE,TRUE,1,105.4,1,0,0,TRUE,0,TRUE,520,FALSE,1,1,0,67,6989.45
TRUE,0,7207-RMRDB,f1905e39-5aa9-f111-b374-3833c5fb3aa8,1,0,TRUE,TRUE,1,105.5,1,0,0,TRUE,0,TRUE,635,FALSE,1,1,0,65,6985.65
FALSE,2,9661-JALZV,3e915e39-5aa9-f111-b374-3833c5fb3aa8,0,0,FALSE,FALSE,2,24.7,1,0,0,TRUE,3,TRUE,712,FALSE,0,0,0,58,1519
FALSE,1,6994-ORCWG,d4935e39-5aa9-f111-b374-3833c5fb3aa8,0,0,FALSE,FALSE,0,54.25,1,0,0,TRUE,1,TRUE,1174,FALSE,0,0,0,14,773.2
FALSE,1,5312-TSZVC,a0965e39-5aa9-f111-b374-3833c5fb3aa8,0,0,TRUE,FALSE,2,19.65,0,0,0,FALSE,1,TRUE,1574,FALSE,0,0,0,15,270.6
FALSE,0,1219-NNDDO,fb965e39-5aa9-f111-b374-3833c5fb3aa8,0,0,FALSE,FALSE,1,76.85,1,1,0,TRUE,0,TRUE,1665,FALSE,0,0,0,9,663.55
FALSE,1,4223-BKEOR,8016563f-5aa9-f111-b374-3833c5fb3aa8,1,0,TRUE,FALSE,0,64.85,0,1,1,FALSE,1,TRUE,2142,FALSE,1,0,0,21,1336.8
TRUE,0,2737-YNGYW,8e16563f-5aa9-f111-b374-3833c5fb3aa8,0,0,FALSE,FALSE,1,80.55,0,1,0,FALSE,0,TRUE,2156,FALSE,1,0,0,2,184.1
FALSE,0,0015-UOCOJ,0817563f-5aa9-f111-b374-3833c5fb3aa8,0,0,FALSE,FALSE,0,48.2,0,1,1,TRUE,0,TRUE,2278,TRUE,0,0,0,7,340.35
TRUE,0,1740-CSDJP,c317563f-5aa9-f111-b374-3833c5fb3aa8,0,1,FALSE,FALSE,0,35.25,0,1,0,TRUE,2,FALSE,2465,FALSE,1,0,0,1,35.25
FALSE,0,7799-DSEWS,5e18563f-5aa9-f111-b374-3833c5fb3aa8,1,1,FALSE,FALSE,0,68.35,0,1,1,TRUE,0,TRUE,2620,FALSE,0,1,1,18,1299.8
FALSE,0,7693-QPEFS,9f18563f-5aa9-f111-b374-3833c5fb3aa8,0,1,FALSE,FALSE,1,72.95,1,1,0,TRUE,2,TRUE,2735,TRUE,0,0,0,52,3829.75
FALSE,1,1229-RCALF,dd18563f-5aa9-f111-b374-3833c5fb3aa8,1,0,FALSE,TRUE,1,115,1,0,1,TRUE,0,TRUE,2766,FALSE,1,1,1,64,7396.15
FALSE,2,4231-LZUYM,e618563f-5aa9-f111-b374-3833c5fb3aa8,0,0,FALSE,TRUE,2,25.65,1,0,0,FALSE,2,TRUE,2705,FALSE,0,0,0,72,1887
FALSE,1,7025-IWFHT,c61a563f-5aa9-f111-b374-3833c5fb3aa8,2,1,FALSE,FALSE,1,89.55,2,3,2,TRUE,0,TRUE,236,FALSE,2,3,2,41,3729.75
FALSE,1,5032-USPKF,2e1b563f-5aa9-f111-b374-3833c5fb3aa8,3,0,FALSE,FALSE,0,84.1,4,3,3,FALSE,2,TRUE,340,FALSE,3,3,3,38,3187.65
FALSE,2,3831-YCPUO,351e563f-5aa9-f111-b374-3833c5fb3aa8,3,0,TRUE,TRUE,1,109.5,2,3,3,TRUE,3,TRUE,1115,FALSE,3,3,2,72,7854.9
FALSE,1,8821-KVZKQ,9c1e563f-5aa9-f111-b374-3833c5fb3aa8,3,0,TRUE,TRUE,0,58.4,3,3,2,TRUE,2,FALSE,1218,FALSE,3,3,2,70,4113.15
FALSE,0,5442-BHQNG,f61e563f-5aa9-f111-b374-3833c5fb3aa8,2,0,FALSE,FALSE,1,70.35,2,2,2,FALSE,0,TRUE,1308,FALSE,2,2,3,2,139.25
FALSE,2,2995-YWTCD,771f563f-5aa9-f111-b374-3833c5fb3aa8,4,0,TRUE,TRUE,2,24.9,4,4,4,TRUE,2,TRUE,1437,FALSE,4,4,4,19,467.7
TRUE,0,4701-AHWMW,1320563f-5aa9-f111-b374-3833c5fb3aa8,3,1,FALSE,TRUE,0,54.55,3,2,2,TRUE,2,FALSE,1593,FALSE,3,3,2,55,2978.3
FALSE,0,9003-CPATH,b520563f-5aa9-f111-b374-3833c5fb3aa8,3,1,FALSE,FALSE,1,79.9,4,2,2,FALSE,0,TRUE,1755,FALSE,2,2,3,42,3313.4
FALSE,0,9294-TDIPC,648e5e39-5aa9-f111-b374-3833c5fb3aa8,0,1,TRUE,FALSE,2,20.2,0,0,0,FALSE,1,TRUE,360,FALSE,0,0,0,5,83.75
TRUE,0,0388-EOPEX,62905e39-5aa9-f111-b374-3833c5fb3aa8,0,0,FALSE,TRUE,1,74.4,0,1,1,TRUE,0,TRUE,492,FALSE,0,0,0,2,139.4
FALSE,0,5002-GCQFH,9f925e39-5aa9-f111-b374-3833c5fb3aa8,0,1,FALSE,TRUE,1,93.85,1,0,1,TRUE,2,TRUE,971,FALSE,0,1,0,49,4733.1
FALSE,2,7408-OFWXJ,dd925e39-5aa9-f111-b374-3833c5fb3aa8,1,0,TRUE,TRUE,0,89.8,1,0,1,FALSE,3,TRUE,849,FALSE,1,1,1,72,6510.45
FALSE,1,5170-PTRKA,12935e39-5aa9-f111-b374-3833c5fb3aa8,0,0,TRUE,TRUE,0,35.8,0,1,1,TRUE,3,FALSE,884,FALSE,0,0,1,49,1782
FALSE,2,8659-IOOPU,ae935e39-5aa9-f111-b374-3833c5fb3aa8,1,0,TRUE,TRUE,1,100.45,1,1,1,FALSE,0,TRUE,1093,FALSE,1,0,1,71,7159.7
FALSE,2,1291-CUOCY,8e955e39-5aa9-f111-b374-3833c5fb3aa8,1,1,FALSE,TRUE,1,110.6,1,0,0,TRUE,3,TRUE,1300,FALSE,1,1,1,72,7962.2
TRUE,0,2568-BRGYX,cc955e39-5aa9-f111-b374-3833c5fb3aa8,0,1,FALSE,FALSE,1,70.2,0,1,0,TRUE,0,TRUE,1362,FALSE,0,0,0,4,237.95
FALSE,1,8958-JPTRR,ab975e39-5aa9-f111-b374-3833c5fb3aa8,0,0,FALSE,TRUE,2,24.3,1,0,0,FALSE,0,TRUE,1841,FALSE,0,0,0,56,1261.7
FALSE,2,2208-MPXIO,dd15563f-5aa9-f111-b374-3833c5fb3aa8,0,0,TRUE,TRUE,2,20,0,0,0,TRUE,2,TRUE,1979,FALSE,0,0,0,45,886.4
FALSE,2,9885-MFVSU,e715563f-5aa9-f111-b374-3833c5fb3aa8,0,0,TRUE,TRUE,0,46.35,0,1,1,TRUE,3,FALSE,1989,FALSE,0,1,1,35,1662.05
FALSE,0,3061-BCKYI,3b16563f-5aa9-f111-b374-3833c5fb3aa8,0,1,FALSE,FALSE,2,19.9,0,0,0,FALSE,1,TRUE,2073,FALSE,0,0,0,14,283.75
FALSE,0,1475-VWVDO,b117563f-5aa9-f111-b374-3833c5fb3aa8,1,1,FALSE,FALSE,1,74.9,0,1,0,TRUE,0,TRUE,2447,FALSE,0,0,0,7,490.55
FALSE,1,8565-HBFNN,0818563f-5aa9-f111-b374-3833c5fb3aa8,1,1,FALSE,TRUE,1,107.2,1,0,1,TRUE,3,TRUE,2534,FALSE,1,0,1,69,7317.1
FALSE,2,5781-BKHOP,bd18563f-5aa9-f111-b374-3833c5fb3aa8,1,0,FALSE,TRUE,1,100.65,1,0,1,FALSE,2,TRUE,2685,FALSE,0,1,0,72,7334.05
FALSE,0,7883-ROJOC,fc18563f-5aa9-f111-b374-3833c5fb3aa8,0,0,FALSE,TRUE,0,44.9,0,1,0,FALSE,1,TRUE,2716,FALSE,0,0,0,19,839.65
FALSE,1,0052-DCKON,e319563f-5aa9-f111-b374-3833c5fb3aa8,3,1,FALSE,TRUE,1,115.8,4,3,3,FALSE,2,TRUE,9,FALSE,3,3,2,66,7942.15
FALSE,2,0363-SVHYR,3a1a563f-5aa9-f111-b374-3833c5fb3aa8,3,1,TRUE,TRUE,0,86.85,4,3,3,FALSE,2,TRUE,96,FALSE,3,3,2,71,6263.8
FALSE,2,9070-BCKQP,401a563f-5aa9-f111-b374-3833c5fb3aa8,3,0,FALSE,TRUE,1,110.15,4,2,3,TRUE,3,TRUE,102,FALSE,3,3,2,72,7881.2
FALSE,2,4188-PCPIG,811a563f-5aa9-f111-b374-3833c5fb3aa8,2,0,FALSE,TRUE,0,70.35,2,3,3,TRUE,3,TRUE,167,FALSE,2,3,2,57,4124.65
FALSE,2,8174-LNWMW,ee1b563f-5aa9-f111-b374-3833c5fb3aa8,4,0,FALSE,FALSE,2,20.9,2,4,4,FALSE,3,TRUE,532,FALSE,4,4,4,31,689.35
FALSE,2,1576-PFZIW,681c563f-5aa9-f111-b374-3833c5fb3aa8,3,1,FALSE,TRUE,1,105.35,2,3,3,FALSE,3,TRUE,654,TRUE,3,3,3,70,7511.9
FALSE,0,9355-NPPFS,721d563f-5aa9-f111-b374-3833c5fb3aa8,2,0,FALSE,FALSE,1,78.8,2,2,2,TRUE,0,TRUE,920,TRUE,3,2,3,26,2006.1
FALSE,1,3915-ODIYG,c71d563f-5aa9-f111-b374-3833c5fb3aa8,2,1,FALSE,FALSE,0,71.75,4,3,3,TRUE,0,TRUE,1005,TRUE,3,2,3,60,4374.55
FALSE,0,4819-HJPIW,2e1e563f-5aa9-f111-b374-3833c5fb3aa8,2,1,FALSE,FALSE,0,25.15,3,2,2,FALSE,1,FALSE,1108,FALSE,2,2,3,18,476.8
TRUE,0,2856-HYAPG,ec1f563f-5aa9-f111-b374-3833c5fb3aa8,2,0,FALSE,FALSE,1,68.65,2,2,2,FALSE,0,TRUE,1554,FALSE,2,2,3,1,68.65
FALSE,0,4657-FWVFY,1c20563f-5aa9-f111-b374-3833c5fb3aa8,3,0,TRUE,TRUE,1,96.35,4,3,2,TRUE,3,TRUE,1602,FALSE,2,3,3,40,3915.4
FALSE,1,8822-KNBHV,2b20563f-5aa9-f111-b374-3833c5fb3aa8,3,0,FALSE,FALSE,0,83.45,4,3,3,TRUE,3,TRUE,1617,FALSE,3,3,3,48,3887.85
FALSE,0,3914-FDRHP,5b11fb45-5aa9-f111-b374-3833c5fb3aa8,2,1,FALSE,FALSE,1,86.25,2,2,2,FALSE,0,TRUE,1957,FALSE,2,3,2,9,770.5
FALSE,2,9227-UAQFT,658f5e39-5aa9-f111-b374-3833c5fb3aa8,0,1,FALSE,FALSE,2,19.75,0,0,0,FALSE,1,TRUE,239,FALSE,0,0,0,16,284.35
FALSE,0,8203-XJZRC,9d8f5e39-5aa9-f111-b374-3833c5fb3aa8,0,1,FALSE,FALSE,2,20.25,0,0,0,FALSE,1,TRUE,295,FALSE,0,0,0,1,20.25
TRUE,2,3192-NQECA,0a905e39-5aa9-f111-b374-3833c5fb3aa8,1,1,FALSE,TRUE,1,110,1,0,0,TRUE,2,TRUE,104,FALSE,1,1,1,68,7611.85
TRUE,0,2684-EIWEO,4e915e39-5aa9-f111-b374-3833c5fb3aa8,1,0,FALSE,FALSE,1,91.7,1,0,1,FALSE,3,TRUE,728,TRUE,0,0,0,30,2758.15
FALSE,0,7147-AYBAA,42935e39-5aa9-f111-b374-3833c5fb3aa8,0,1,FALSE,FALSE,1,70.35,0,1,0,TRUE,1,TRUE,1024,FALSE,0,0,0,37,2552.9
TRUE,0,2952-QAYZF,2e965e39-5aa9-f111-b374-3833c5fb3aa8,1,1,FALSE,FALSE,1,85.3,1,0,0,TRUE,0,TRUE,1460,FALSE,0,0,0,5,424.15
TRUE,0,2484-DGXPZ,aa15563f-5aa9-f111-b374-3833c5fb3aa8,0,0,TRUE,TRUE,2,19.55,0,0,0,TRUE,1,TRUE,1928,FALSE,0,0,0,31,658.95
FALSE,0,3723-BFBGR,d015563f-5aa9-f111-b374-3833c5fb3aa8,0,1,FALSE,FALSE,0,54.8,1,0,0,FALSE,3,TRUE,1966,TRUE,0,0,0,24,1291.3
TRUE,0,4373-MAVJG,e215563f-5aa9-f111-b374-3833c5fb3aa8,0,0,TRUE,TRUE,1,90.9,1,0,0,TRUE,2,TRUE,1984,FALSE,1,0,0,14,1259
FALSE,0,4238-JSSWH,3a17563f-5aa9-f111-b374-3833c5fb3aa8,1,0,FALSE,TRUE,1,102.05,1,1,0,FALSE,2,TRUE,2328,TRUE,1,1,0,35,3452.55
FALSE,0,2712-SYWAY,6517563f-5aa9-f111-b374-3833c5fb3aa8,0,0,FALSE,FALSE,2,25.7,1,0,0,TRUE,0,TRUE,2371,FALSE,0,0,0,1,25.7
TRUE,0,7503-QQRVF,f118563f-5aa9-f111-b374-3833c5fb3aa8,0,1,FALSE,TRUE,1,74.3,0,0,0,TRUE,3,TRUE,2776,TRUE,0,0,0,16,1178.25
FALSE,0,2960-NKRSO,c419563f-5aa9-f111-b374-3833c5fb3aa8,1,1,FALSE,FALSE,1,85.95,0,0,0,TRUE,0,TRUE,2978,FALSE,0,0,1,24,2107.15
FALSE,0,6133-OZILE,161a563f-5aa9-f111-b374-3833c5fb3aa8,3,0,FALSE,FALSE,0,35.2,3,2,2,TRUE,0,FALSE,60,FALSE,2,2,2,18,607.3
FALSE,2,0394-YONDK,f11a563f-5aa9-f111-b374-3833c5fb3aa8,4,1,TRUE,TRUE,2,25.15,4,4,4,FALSE,3,TRUE,279,FALSE,4,4,4,70,1790.15
FALSE,0,9867-NNXLC,111d563f-5aa9-f111-b374-3833c5fb3aa8,4,0,FALSE,FALSE,2,20.05,2,4,4,TRUE,1,TRUE,823,FALSE,4,4,4,22,470.2
FALSE,0,3752-CQSJI,d71d563f-5aa9-f111-b374-3833c5fb3aa8,4,0,TRUE,TRUE,2,20.45,2,4,4,TRUE,1,TRUE,1021,FALSE,4,4,4,13,254.5
FALSE,1,7353-YOWFP,e41d563f-5aa9-f111-b374-3833c5fb3aa8,4,0,FALSE,FALSE,2,20.25,2,4,4,FALSE,1,TRUE,1034,FALSE,4,4,4,7,129.15
TRUE,0,9253-QXKBE,f21d563f-5aa9-f111-b374-3833c5fb3aa8,2,1,FALSE,TRUE,1,94.45,4,2,2,TRUE,0,TRUE,1048,TRUE,3,3,3,29,2653.65
FALSE,2,0916-KNFAJ,181e563f-5aa9-f111-b374-3833c5fb3aa8,3,1,FALSE,TRUE,0,69.9,4,2,3,TRUE,1,TRUE,1086,FALSE,3,2,3,61,4226.7
FALSE,2,3258-ZKPAI,551f563f-5aa9-f111-b374-3833c5fb3aa8,3,1,TRUE,TRUE,1,116.6,4,3,3,TRUE,2,TRUE,1403,FALSE,3,3,2,72,8337.45
FALSE,2,0480-KYJVA,691f563f-5aa9-f111-b374-3833c5fb3aa8,4,0,TRUE,TRUE,2,24.25,4,4,4,FALSE,3,TRUE,1423,FALSE,4,4,4,72,1784.5
FALSE,2,5893-KCLGT,cc20563f-5aa9-f111-b374-3833c5fb3aa8,4,0,TRUE,FALSE,2,19.75,2,4,4,TRUE,1,TRUE,1778,FALSE,4,4,4,72,1567
FALSE,0,9108-EJFJP,2b11fb45-5aa9-f111-b374-3833c5fb3aa8,2,0,FALSE,TRUE,0,53.55,2,3,3,TRUE,1,TRUE,1909,FALSE,2,2,3,1,53.55
FALSE,1,7102-JJVTX,d08d5e39-5aa9-f111-b374-3833c5fb3aa8,0,0,TRUE,TRUE,0,48.6,0,1,1,FALSE,1,TRUE,323,FALSE,0,0,0,9,422.3
FALSE,0,3808-HFKDE,948f5e39-5aa9-f111-b374-3833c5fb3aa8,0,0,FALSE,FALSE,0,44.35,0,1,0,TRUE,0,TRUE,286,FALSE,0,0,0,20,927.15
FALSE,1,6728-DKUCO,0c905e39-5aa9-f111-b374-3833c5fb3aa8,0,0,TRUE,TRUE,1,104.15,1,0,1,TRUE,0,TRUE,106,FALSE,1,1,0,72,7303.05
TRUE,0,0306-JAELE,54905e39-5aa9-f111-b374-3833c5fb3aa8,0,1,FALSE,FALSE,1,96.1,0,1,0,TRUE,0,TRUE,478,FALSE,1,1,1,5,453.4
FALSE,2,0619-OLYUR,c4905e39-5aa9-f111-b374-3833c5fb3aa8,1,1,FALSE,TRUE,1,111.9,1,1,1,TRUE,3,TRUE,590,FALSE,1,1,1,72,8071.05
FALSE,0,6942-LBFDP,35915e39-5aa9-f111-b374-3833c5fb3aa8,0,0,FALSE,FALSE,2,20.55,0,0,0,TRUE,1,TRUE,703,FALSE,0,0,0,2,33.6
TRUE,0,9625-QSTYE,71925e39-5aa9-f111-b374-3833c5fb3aa8,1,0,FALSE,FALSE,1,81.15,0,0,0,TRUE,0,TRUE,927,FALSE,0,0,0,13,952.3
FALSE,0,1047-NNCBF,5e935e39-5aa9-f111-b374-3833c5fb3aa8,0,1,FALSE,FALSE,1,70.55,0,1,0,FALSE,3,TRUE,1120,FALSE,0,0,0,20,1493.55
FALSE,2,1271-UODNO,d5935e39-5aa9-f111-b374-3833c5fb3aa8,0,1,FALSE,FALSE,0,53.85,1,1,0,TRUE,3,TRUE,1115,FALSE,0,0,1,39,2200.7
FALSE,2,5542-NKVRU,f2935e39-5aa9-f111-b374-3833c5fb3aa8,0,0,FALSE,FALSE,2,20.75,0,0,0,TRUE,2,TRUE,1198,FALSE,0,0,0,42,844.45
FALSE,1,9824-QCJPK,30965e39-5aa9-f111-b374-3833c5fb3aa8,0,1,FALSE,TRUE,2,20,0,0,0,FALSE,1,TRUE,1462,FALSE,0,0,0,36,666.75
TRUE,0,4349-GFQHK,6616563f-5aa9-f111-b374-3833c5fb3aa8,1,1,FALSE,FALSE,0,54.35,1,1,0,FALSE,0,TRUE,2116,FALSE,0,0,0,1,54.35
FALSE,0,5630-IXDXV,cc17563f-5aa9-f111-b374-3833c5fb3aa8,1,0,FALSE,FALSE,1,106.35,1,0,0,TRUE,0,TRUE,2474,FALSE,1,1,0,47,4849.1
FALSE,2,9153-BTBVV,2e18563f-5aa9-f111-b374-3833c5fb3aa8,0,0,FALSE,TRUE,2,25,1,0,0,FALSE,2,TRUE,2572,FALSE,0,0,0,71,1753
TRUE,0,0772-GYEQQ,2119563f-5aa9-f111-b374-3833c5fb3aa8,1,1,FALSE,FALSE,1,88.35,0,1,0,TRUE,1,TRUE,2815,FALSE,0,1,1,3,262.05
FALSE,0,5311-IHLEI,a219563f-5aa9-f111-b374-3833c5fb3aa8,0,1,FALSE,FALSE,0,50.95,0,0,1,TRUE,2,FALSE,2944,FALSE,0,1,1,12,605.75
TRUE,0,1481-ZUWZA,c019563f-5aa9-f111-b374-3833c5fb3aa8,0,1,FALSE,FALSE,1,94.5,1,0,1,TRUE,3,TRUE,2974,FALSE,1,0,0,28,2659.4
FALSE,2,5707-ZMDJP,2b1a563f-5aa9-f111-b374-3833c5fb3aa8,2,1,TRUE,TRUE,0,69.7,2,3,3,TRUE,1,TRUE,81,FALSE,2,3,2,53,3729.6
FALSE,0,7668-XCFYV,af1a563f-5aa9-f111-b374-3833c5fb3aa8,2,0,FALSE,TRUE,1,92.55,4,2,2,TRUE,0,TRUE,213,TRUE,3,3,3,17,1614.7
FALSE,2,5696-CEIQJ,9b1b563f-5aa9-f111-b374-3833c5fb3aa8,3,1,TRUE,TRUE,1,103.15,2,3,2,FALSE,2,TRUE,449,FALSE,3,3,2,67,6895.5
TRUE,0,8073-IJDCM,2a1f563f-5aa9-f111-b374-3833c5fb3aa8,4,0,FALSE,FALSE,2,20.3,2,4,4,TRUE,1,TRUE,1360,FALSE,4,4,4,1,20.3
FALSE,1,9801-NOSHQ,f21f563f-5aa9-f111-b374-3833c5fb3aa8,4,1,TRUE,FALSE,2,19.8,2,4,4,FALSE,1,TRUE,1560,FALSE,4,4,4,23,465.45
FALSE,0,8317-BVKSO,1420563f-5aa9-f111-b374-3833c5fb3aa8,4,1,FALSE,FALSE,2,20.05,2,4,4,TRUE,0,TRUE,1594,FALSE,4,4,4,14,299.3
FALSE,2,5996-EBTKM,4811fb45-5aa9-f111-b374-3833c5fb3aa8,3,0,TRUE,TRUE,0,69.9,4,2,2,TRUE,2,TRUE,1938,FALSE,3,2,2,67,4615.9
TRUE,0,8685-WHQPW,6611fb45-5aa9-f111-b374-3833c5fb3aa8,2,0,FALSE,FALSE,1,74.4,4,2,2,TRUE,2,TRUE,1968,TRUE,2,2,3,22,1692.6
FALSE,1,6341-JVQGF,588f5e39-5aa9-f111-b374-3833c5fb3aa8,1,0,TRUE,TRUE,0,81.15,0,1,1,TRUE,1,TRUE,226,FALSE,1,1,1,31,2545.75
FALSE,0,8266-VBFQL,a48f5e39-5aa9-f111-b374-3833c5fb3aa8,1,1,FALSE,FALSE,1,90.4,0,1,0,TRUE,0,TRUE,302,FALSE,1,0,1,4,356.65
FALSE,1,8769-KKTPH,da8f5e39-5aa9-f111-b374-3833c5fb3aa8,0,0,TRUE,TRUE,1,99.65,1,1,1,TRUE,3,TRUE,56,FALSE,1,1,0,63,6311.2
FALSE,2,3552-CTCYF,60905e39-5aa9-f111-b374-3833c5fb3aa8,1,1,TRUE,TRUE,1,104.8,1,0,0,TRUE,2,TRUE,490,FALSE,1,1,0,63,6597.25
FALSE,1,8905-IAZPF,90905e39-5aa9-f111-b374-3833c5fb3aa8,0,0,FALSE,TRUE,1,95.65,0,0,0,TRUE,3,TRUE,538,FALSE,1,1,0,69,6744.2
FALSE,1,4189-NAKJS,c4935e39-5aa9-f111-b374-3833c5fb3aa8,0,1,FALSE,FALSE,0,51.55,1,1,0,TRUE,3,TRUE,1167,FALSE,0,0,0,26,1295.4
FALSE,0,5515-RUGKN,2e975e39-5aa9-f111-b374-3833c5fb3aa8,0,1,FALSE,FALSE,0,54.75,0,1,0,TRUE,3,TRUE,1716,FALSE,1,0,0,8,438.05
TRUE,0,4514-GFCFI,e815563f-5aa9-f111-b374-3833c5fb3aa8,0,0,FALSE,FALSE,1,84.75,1,1,0,TRUE,0,TRUE,1990,TRUE,0,1,0,16,1350.15
FALSE,1,1153-GNOLC,d316563f-5aa9-f111-b374-3833c5fb3aa8,0,1,FALSE,FALSE,0,39.1,0,0,0,TRUE,0,FALSE,2225,FALSE,0,1,0,33,1309
TRUE,0,7180-PISOG,0517563f-5aa9-f111-b374-3833c5fb3aa8,0,1,TRUE,TRUE,1,74.5,1,1,0,TRUE,0,TRUE,2275,FALSE,0,0,0,1,74.5
FALSE,0,9796-BPKIW,1618563f-5aa9-f111-b374-3833c5fb3aa8,0,1,FALSE,FALSE,1,69.95,0,1,0,TRUE,3,TRUE,2548,TRUE,0,0,0,8,562.7
FALSE,0,5131-PONJI,a519563f-5aa9-f111-b374-3833c5fb3aa8,1,1,TRUE,TRUE,1,90.4,0,0,0,TRUE,3,TRUE,2947,FALSE,0,1,0,49,4494.65
FALSE,0,7246-ZGQDF,8e1b563f-5aa9-f111-b374-3833c5fb3aa8,2,0,TRUE,FALSE,0,54.5,2,2,3,FALSE,0,TRUE,436,FALSE,2,2,2,1,54.5
FALSE,1,6072-NUQCB,021c563f-5aa9-f111-b374-3833c5fb3aa8,4,1,TRUE,TRUE,2,20.25,2,4,4,FALSE,2,TRUE,552,FALSE,4,4,4,22,488.25
FALSE,1,7452-FOLON,5b1c563f-5aa9-f111-b374-3833c5fb3aa8,4,1,TRUE,FALSE,2,25.45,4,4,4,FALSE,2,TRUE,641,FALSE,4,4,4,39,958.45
TRUE,0,6017-PPLPX,1a1d563f-5aa9-f111-b374-3833c5fb3aa8,2,1,TRUE,TRUE,1,70.45,2,2,2,TRUE,0,TRUE,832,FALSE,2,2,3,20,1470.95
FALSE,2,0625-AFOHS,d01e563f-5aa9-f111-b374-3833c5fb3aa8,4,0,TRUE,TRUE,2,20.2,2,4,4,FALSE,1,TRUE,1270,FALSE,4,4,4,29,558.8
TRUE,0,2869-ADAWR,341f563f-5aa9-f111-b374-3833c5fb3aa8,2,0,FALSE,FALSE,1,89.3,4,3,2,TRUE,3,TRUE,1370,FALSE,2,3,3,45,4016.85
FALSE,2,6953-PBDIN,0320563f-5aa9-f111-b374-3833c5fb3aa8,3,1,FALSE,TRUE,0,72.95,4,3,2,FALSE,2,TRUE,1577,FALSE,2,3,2,70,5265.55
FALSE,1,4742-DRORA,1a8f5e39-5aa9-f111-b374-3833c5fb3aa8,1,1,TRUE,TRUE,1,95.4,1,1,1,TRUE,2,TRUE,406,FALSE,0,1,0,60,5812
FALSE,1,5125-CNDSP,86915e39-5aa9-f111-b374-3833c5fb3aa8,0,1,TRUE,FALSE,0,40.6,0,0,1,TRUE,2,FALSE,784,FALSE,0,0,1,63,2588.95
FALSE,2,5787-KXGIY,76925e39-5aa9-f111-b374-3833c5fb3aa8,0,1,FALSE,TRUE,2,19.3,0,0,0,FALSE,3,TRUE,932,FALSE,0,0,0,72,1304.8
TRUE,0,9231-ZJYAM,c1925e39-5aa9-f111-b374-3833c5fb3aa8,0,0,FALSE,FALSE,1,78.85,0,1,0,TRUE,0,TRUE,834,TRUE,0,1,0,4,292.8
TRUE,0,6982-SSHFK,c6925e39-5aa9-f111-b374-3833c5fb3aa8,0,1,FALSE,FALSE,0,44.4,0,1,0,FALSE,1,TRUE,837,FALSE,0,0,0,1,44.4
TRUE,0,4315-MURBD,20935e39-5aa9-f111-b374-3833c5fb3aa8,0,0,FALSE,FALSE,1,98.9,0,1,1,TRUE,2,TRUE,898,FALSE,1,1,1,12,1120.95
FALSE,2,1767-CJKBA,4d935e39-5aa9-f111-b374-3833c5fb3aa8,0,1,FALSE,FALSE,2,25.1,1,0,0,FALSE,1,TRUE,1035,FALSE,0,0,0,66,1697.7
FALSE,1,5370-IIVVL,f4935e39-5aa9-f111-b374-3833c5fb3aa8,0,1,FALSE,FALSE,1,104.5,1,0,0,TRUE,3,TRUE,1200,FALSE,1,1,1,37,3778
FALSE,2,6265-FRMTQ,b3955e39-5aa9-f111-b374-3833c5fb3aa8,0,1,FALSE,FALSE,2,20.4,0,0,0,FALSE,2,TRUE,1337,FALSE,0,0,0,31,609.1
FALSE,2,5939-SXWHM,ad965e39-5aa9-f111-b374-3833c5fb3aa8,0,1,TRUE,TRUE,2,26.3,1,0,0,FALSE,2,TRUE,1587,FALSE,0,0,0,48,1245.05
TRUE,0,8017-LXHFA,cc965e39-5aa9-f111-b374-3833c5fb3aa8,0,0,FALSE,FALSE,1,94.75,0,0,0,TRUE,0,TRUE,1618,TRUE,1,1,0,23,2293.6
FALSE,0,8563-OYMQY,e5975e39-5aa9-f111-b374-3833c5fb3aa8,1,1,FALSE,FALSE,1,90.95,0,0,0,TRUE,3,TRUE,1899,FALSE,1,0,0,17,1612.2
TRUE,0,4285-GYRQC,c116563f-5aa9-f111-b374-3833c5fb3aa8,1,0,FALSE,TRUE,1,86.25,0,1,0,TRUE,0,TRUE,2207,FALSE,0,1,0,7,587.1
FALSE,2,0839-JTCUD,cb16563f-5aa9-f111-b374-3833c5fb3aa8,1,0,TRUE,TRUE,0,89.9,1,0,1,FALSE,3,TRUE,2217,FALSE,1,1,1,66,5958.85
FALSE,0,4373-VVHQL,5d17563f-5aa9-f111-b374-3833c5fb3aa8,0,1,FALSE,FALSE,0,44.75,0,1,0,TRUE,0,TRUE,2363,FALSE,0,0,0,1,44.75
FALSE,0,2171-UDMFD,aa17563f-5aa9-f111-b374-3833c5fb3aa8,0,1,TRUE,TRUE,2,19.45,0,0,0,TRUE,3,TRUE,2440,FALSE,0,0,0,32,674.55
FALSE,1,9067-YGSCA,e817563f-5aa9-f111-b374-3833c5fb3aa8,0,0,FALSE,FALSE,2,26.05,1,0,0,FALSE,3,TRUE,2502,FALSE,0,0,0,70,1856.4
TRUE,0,4826-XTSOH,b418563f-5aa9-f111-b374-3833c5fb3aa8,0,1,FALSE,TRUE,1,86.05,1,1,0,TRUE,0,TRUE,2745,TRUE,0,1,0,1,86.05
FALSE,2,7225-IILWY,6519563f-5aa9-f111-b374-3833c5fb3aa8,0,1,TRUE,TRUE,2,25.75,1,0,0,FALSE,1,TRUE,2883,FALSE,0,0,0,68,1686.15
FALSE,0,8149-AIQCG,091a563f-5aa9-f111-b374-3833c5fb3aa8,2,1,FALSE,FALSE,1,73.15,4,2,2,TRUE,3,TRUE,47,FALSE,2,2,3,39,2730.85
FALSE,1,2821-WARNZ,241a563f-5aa9-f111-b374-3833c5fb3aa8,4,0,TRUE,FALSE,2,19.45,2,4,4,FALSE,3,TRUE,74,FALSE,4,4,4,49,921.3
FALSE,1,1470-PSXNM,161b563f-5aa9-f111-b374-3833c5fb3aa8,3,1,TRUE,TRUE,1,93.65,4,3,2,TRUE,0,TRUE,316,FALSE,2,3,3,49,4520.15
FALSE,1,9644-KVCNC,ec1b563f-5aa9-f111-b374-3833c5fb3aa8,3,0,FALSE,FALSE,1,92.15,4,2,2,TRUE,2,TRUE,530,FALSE,2,3,3,66,6056.9
TRUE,0,6424-ELEYH,471c563f-5aa9-f111-b374-3833c5fb3aa8,2,0,FALSE,TRUE,1,74.75,4,2,2,TRUE,3,TRUE,621,FALSE,2,2,3,3,229.5
FALSE,0,9752-ZNQUT,661c563f-5aa9-f111-b374-3833c5fb3aa8,2,0,FALSE,FALSE,0,48.6,2,3,2,TRUE,0,TRUE,652,FALSE,2,2,3,1,48.6
FALSE,2,2516-XSJKX,f61d563f-5aa9-f111-b374-3833c5fb3aa8,2,0,TRUE,TRUE,0,78.45,2,3,3,FALSE,0,TRUE,1052,FALSE,3,3,2,41,3126.45
FALSE,0,0943-ZQPXH,371f563f-5aa9-f111-b374-3833c5fb3aa8,3,1,TRUE,TRUE,1,92.95,2,2,2,TRUE,2,TRUE,1373,FALSE,3,3,3,44,4122.9
TRUE,0,8708-XPXHZ,be1f563f-5aa9-f111-b374-3833c5fb3aa8,2,0,TRUE,TRUE,1,94.2,4,2,2,TRUE,0,TRUE,1508,FALSE,3,3,3,42,4186.3
FALSE,2,6437-UDQJM,3720563f-5aa9-f111-b374-3833c5fb3aa8,3,0,FALSE,TRUE,0,84.1,4,3,3,TRUE,3,TRUE,1629,TRUE,3,3,3,72,6129.65
FALSE,0,9039-ZVJDC,4e11fb45-5aa9-f111-b374-3833c5fb3aa8,4,1,FALSE,FALSE,2,19.1,2,4,4,TRUE,1,TRUE,1944,FALSE,4,4,4,3,53.05
FALSE,1,9498-FIMXL,f08d5e39-5aa9-f111-b374-3833c5fb3aa8,0,0,FALSE,FALSE,2,19.2,0,0,0,TRUE,1,TRUE,331,FALSE,0,0,0,8,161.95
TRUE,0,1218-VKFPE,ba905e39-5aa9-f111-b374-3833c5fb3aa8,0,0,TRUE,TRUE,2,19,0,0,0,FALSE,1,TRUE,580,FALSE,0,0,0,12,233.55
FALSE,0,2085-JVGAD,09915e39-5aa9-f111-b374-3833c5fb3aa8,0,1,FALSE,TRUE,2,20.35,0,0,0,FALSE,2,TRUE,659,FALSE,0,0,0,37,697.65
FALSE,0,5393-HJZSM,6f925e39-5aa9-f111-b374-3833c5fb3aa8,1,0,TRUE,TRUE,0,76.3,0,0,1,FALSE,2,TRUE,925,FALSE,1,0,1,32,2404.15
FALSE,1,4198-VFOEA,78925e39-5aa9-f111-b374-3833c5fb3aa8,0,0,FALSE,FALSE,0,33.6,0,1,1,TRUE,1,FALSE,934,FALSE,0,0,1,12,435.45
FALSE,0,0851-DFJKB,8d925e39-5aa9-f111-b374-3833c5fb3aa8,1,0,FALSE,FALSE,0,58.95,0,1,1,FALSE,0,TRUE,953,FALSE,0,0,1,15,955.15
TRUE,0,4184-TJFAN,47935e39-5aa9-f111-b374-3833c5fb3aa8,0,0,TRUE,TRUE,1,88.3,0,1,1,TRUE,1,TRUE,1029,TRUE,0,1,1,3,273.75
FALSE,0,4581-LNWUM,4f935e39-5aa9-f111-b374-3833c5fb3aa8,1,0,FALSE,FALSE,0,49.15,0,1,0,FALSE,0,FALSE,1037,FALSE,1,1,0,13,649.4
FALSE,0,0098-BOWSO,70935e39-5aa9-f111-b374-3833c5fb3aa8,0,1,FALSE,FALSE,2,19.4,0,0,0,TRUE,0,TRUE,1128,FALSE,0,0,0,27,529.8
TRUE,0,9866-QEVEE,03945e39-5aa9-f111-b374-3833c5fb3aa8,0,1,FALSE,FALSE,1,86,1,1,0,TRUE,2,TRUE,1214,FALSE,1,0,0,19,1532.45
FALSE,0,3733-LSYCE,b2955e39-5aa9-f111-b374-3833c5fb3aa8,0,0,FALSE,TRUE,1,75.35,0,0,0,FALSE,2,TRUE,1336,FALSE,0,0,0,15,1114.55
FALSE,0,1735-XMJVH,24965e39-5aa9-f111-b374-3833c5fb3aa8,0,1,TRUE,TRUE,2,19.35,0,0,0,TRUE,1,TRUE,1450,FALSE,0,0,0,8,152.6
FALSE,2,2808-CHTDM,04975e39-5aa9-f111-b374-3833c5fb3aa8,0,0,TRUE,TRUE,2,25.1,1,0,0,FALSE,1,TRUE,1674,FALSE,0,0,0,23,611.45
TRUE,1,6481-OGDOO,0f16563f-5aa9-f111-b374-3833c5fb3aa8,0,1,FALSE,TRUE,1,90.6,0,0,1,TRUE,3,TRUE,2029,FALSE,1,0,0,67,6056.15
FALSE,0,3981-QSVQI,5217563f-5aa9-f111-b374-3833c5fb3aa8,0,1,FALSE,FALSE,2,19.7,0,0,0,TRUE,2,TRUE,2352,FALSE,0,0,0,8,168.9
FALSE,0,0953-LGOVU,7919563f-5aa9-f111-b374-3833c5fb3aa8,0,1,TRUE,TRUE,0,35.5,0,0,0,FALSE,1,FALSE,2903,FALSE,0,0,1,12,432.25
FALSE,2,5840-NVDCG,771a563f-5aa9-f111-b374-3833c5fb3aa8,2,0,TRUE,TRUE,0,68.25,2,3,3,FALSE,2,TRUE,157,FALSE,3,2,2,16,1114.85
FALSE,1,2137-DQMEV,ed1b563f-5aa9-f111-b374-3833c5fb3aa8,2,1,TRUE,TRUE,0,44.8,3,3,3,FALSE,1,FALSE,531,FALSE,2,3,3,68,2983.65
FALSE,2,5666-MBJPT,691c563f-5aa9-f111-b374-3833c5fb3aa8,4,1,FALSE,FALSE,2,25.1,4,4,4,TRUE,2,TRUE,655,FALSE,4,4,4,65,1725
FALSE,0,0374-IOEGQ,0a1d563f-5aa9-f111-b374-3833c5fb3aa8,2,0,FALSE,FALSE,0,44.6,2,2,2,FALSE,0,TRUE,816,FALSE,2,2,3,3,122.7
FALSE,1,9711-FJTBX,861d563f-5aa9-f111-b374-3833c5fb3aa8,3,1,TRUE,TRUE,1,85.85,2,3,2,TRUE,1,TRUE,940,FALSE,2,2,2,56,4793.8
FALSE,0,9812-GHVRI,311e563f-5aa9-f111-b374-3833c5fb3aa8,2,0,FALSE,FALSE,1,83.85,4,2,2,FALSE,2,TRUE,1111,FALSE,3,2,3,40,3532.25
FALSE,0,3039-MJSLN,4d1e563f-5aa9-f111-b374-3833c5fb3aa8,4,1,TRUE,FALSE,2,20.2,2,4,4,FALSE,2,TRUE,1139,FALSE,4,4,4,3,50.6
FALSE,0,2322-VCZHZ,521e563f-5aa9-f111-b374-3833c5fb3aa8,2,1,FALSE,TRUE,1,90,2,3,3,TRUE,0,TRUE,1144,TRUE,3,2,3,23,2024.1
FALSE,0,7718-RXDGG,1d1f563f-5aa9-f111-b374-3833c5fb3aa8,2,1,FALSE,TRUE,1,68.6,2,2,2,TRUE,2,TRUE,1347,FALSE,2,2,3,15,1108.6
TRUE,0,1309-BXVOQ,e81f563f-5aa9-f111-b374-3833c5fb3aa8,3,1,FALSE,TRUE,1,106.1,4,2,2,TRUE,0,TRUE,1550,FALSE,3,3,2,21,2249.95
FALSE,0,2832-KJCRD,5e20563f-5aa9-f111-b374-3833c5fb3aa8,3,0,FALSE,FALSE,1,103.65,4,2,2,TRUE,0,TRUE,1668,FALSE,3,3,2,38,3988.5
FALSE,0,5060-TQUQN,ef10fb45-5aa9-f111-b374-3833c5fb3aa8,2,1,TRUE,TRUE,1,83.55,4,3,2,TRUE,2,TRUE,1849,FALSE,2,2,2,30,2570.2
FALSE,2,6848-HJTXY,0911fb45-5aa9-f111-b374-3833c5fb3aa8,4,0,FALSE,TRUE,2,19.45,2,4,4,FALSE,3,TRUE,1875,FALSE,4,4,4,64,1208.6
FALSE,1,6837-BJYDQ,268e5e39-5aa9-f111-b374-3833c5fb3aa8,0,1,FALSE,FALSE,2,19.6,0,0,0,FALSE,1,TRUE,146,FALSE,0,0,0,3,61.35
FALSE,1,9571-EDEBV,868e5e39-5aa9-f111-b374-3833c5fb3aa8,1,1,FALSE,TRUE,1,98.65,1,1,0,TRUE,3,TRUE,368,FALSE,1,1,0,71,6962.85
FALSE,0,5046-NUHWD,798f5e39-5aa9-f111-b374-3833c5fb3aa8,1,0,FALSE,TRUE,0,45,0,1,1,TRUE,0,FALSE,259,TRUE,1,0,0,29,1228.65
FALSE,2,1982-FEBTD,9f905e39-5aa9-f111-b374-3833c5fb3aa8,0,0,TRUE,TRUE,2,25.6,1,0,0,TRUE,3,TRUE,553,FALSE,0,0,0,23,514.75
FALSE,0,6952-OMNWB,45915e39-5aa9-f111-b374-3833c5fb3aa8,1,1,FALSE,TRUE,1,80.35,1,1,0,TRUE,3,TRUE,719,TRUE,0,0,0,68,5589.3
TRUE,0,9878-TNQGW,9a935e39-5aa9-f111-b374-3833c5fb3aa8,0,1,FALSE,FALSE,1,80.95,0,1,0,TRUE,0,TRUE,1083,FALSE,1,0,0,2,171.15
FALSE,2,4859-ZSRDZ,02965e39-5aa9-f111-b374-3833c5fb3aa8,1,0,TRUE,TRUE,0,55.5,0,1,0,TRUE,3,FALSE,1416,FALSE,1,1,1,58,3166.9
FALSE,0,5651-WYIPH,03965e39-5aa9-f111-b374-3833c5fb3aa8,0,0,FALSE,FALSE,0,49.85,0,0,0,TRUE,3,TRUE,1417,TRUE,0,0,0,18,865.75
FALSE,2,2882-WDTBA,7a965e39-5aa9-f111-b374-3833c5fb3aa8,1,1,TRUE,TRUE,0,75.75,0,0,1,TRUE,2,TRUE,1536,FALSE,0,1,1,69,5388.15
FALSE,0,1171-TYKUR,f6965e39-5aa9-f111-b374-3833c5fb3aa8,0,1,FALSE,TRUE,2,25.4,1,0,0,FALSE,0,TRUE,1660,FALSE,0,0,0,47,1139.2
FALSE,2,2007-QVGAW,67975e39-5aa9-f111-b374-3833c5fb3aa8,0,0,TRUE,TRUE,2,19.35,0,0,0,TRUE,2,TRUE,1773,FALSE,0,0,0,68,1292.65
FALSE,2,5129-HHMZC,cc975e39-5aa9-f111-b374-3833c5fb3aa8,0,0,FALSE,TRUE,0,86.45,1,0,1,FALSE,3,TRUE,1874,FALSE,1,1,1,43,3574.5
FALSE,0,7442-YGZFK,b915563f-5aa9-f111-b374-3833c5fb3aa8,0,1,FALSE,FALSE,0,49.8,1,1,0,TRUE,3,TRUE,1943,FALSE,0,0,0,1,49.8
FALSE,2,5480-XTFFL,b618563f-5aa9-f111-b374-3833c5fb3aa8,0,0,TRUE,TRUE,2,21,0,0,0,FALSE,1,TRUE,2746,FALSE,0,0,0,31,697.7
FALSE,2,0301-FIDRB,8519563f-5aa9-f111-b374-3833c5fb3aa8,1,0,TRUE,TRUE,0,63.8,0,0,1,TRUE,2,FALSE,2915,FALSE,1,1,1,72,4684.3
TRUE,0,1428-GTBJJ,8e19563f-5aa9-f111-b374-3833c5fb3aa8,0,1,FALSE,FALSE,1,74.55,0,0,0,TRUE,0,TRUE,2924,FALSE,0,0,0,11,824.75
FALSE,2,7647-GYYKX,031b563f-5aa9-f111-b374-3833c5fb3aa8,4,0,TRUE,TRUE,2,20.35,2,4,4,TRUE,2,TRUE,297,FALSE,4,4,4,54,1092.35
FALSE,1,2862-JVEOY,1e1d563f-5aa9-f111-b374-3833c5fb3aa8,4,1,FALSE,FALSE,2,19.15,0,4,4,FALSE,1,TRUE,836,FALSE,4,4,4,6,124.4
FALSE,0,2081-KJSQF,141f563f-5aa9-f111-b374-3833c5fb3aa8,4,1,FALSE,FALSE,2,20.25,2,4,4,TRUE,1,TRUE,1338,FALSE,4,4,4,1,20.25
FALSE,2,7560-QJAVJ,761f563f-5aa9-f111-b374-3833c5fb3aa8,3,0,FALSE,FALSE,0,79.6,2,2,3,FALSE,2,TRUE,1436,FALSE,3,3,2,70,5589.45
TRUE,0,9728-FTTVZ,ad1f563f-5aa9-f111-b374-3833c5fb3aa8,2,0,FALSE,FALSE,1,69.2,2,2,2,TRUE,0,TRUE,1491,FALSE,2,2,3,1,69.2
FALSE,0,6339-YPSAH,f31f563f-5aa9-f111-b374-3833c5fb3aa8,3,1,FALSE,FALSE,1,73.8,2,2,2,TRUE,0,TRUE,1561,FALSE,2,2,3,9,704.3
FALSE,2,4779-ZGICK,5220563f-5aa9-f111-b374-3833c5fb3aa8,4,1,TRUE,TRUE,2,23.55,4,4,4,FALSE,1,TRUE,1656,FALSE,4,4,4,48,1173.35
TRUE,0,7758-XKCBS,ec20563f-5aa9-f111-b374-3833c5fb3aa8,2,1,FALSE,FALSE,0,29.7,3,2,2,TRUE,0,FALSE,1810,FALSE,2,2,2,15,438.25
TRUE,0,2990-HWIML,0c11fb45-5aa9-f111-b374-3833c5fb3aa8,2,0,FALSE,FALSE,1,89.5,2,2,2,TRUE,0,TRUE,1878,FALSE,3,3,3,6,573.3
TRUE,0,1122-JWTJW,9811fb45-5aa9-f111-b374-3833c5fb3aa8,2,1,TRUE,TRUE,1,70.65,2,2,2,TRUE,1,TRUE,2018,FALSE,2,2,3,1,70.65
FALSE,0,7916-VCCPB,3c8f5e39-5aa9-f111-b374-3833c5fb3aa8,0,0,TRUE,TRUE,1,73.25,0,0,0,FALSE,2,TRUE,415,FALSE,0,0,0,16,1195.75
FALSE,1,0303-UNCIP,6c8f5e39-5aa9-f111-b374-3833c5fb3aa8,1,1,FALSE,FALSE,0,65,1,1,0,FALSE,1,TRUE,246,FALSE,1,0,0,41,2531.8
FALSE,1,4374-YMUSQ,6a905e39-5aa9-f111-b374-3833c5fb3aa8,1,1,FALSE,FALSE,1,116.25,1,0,1,FALSE,3,TRUE,500,FALSE,1,1,1,34,3899.05
FALSE,1,0516-UXRMT,e3905e39-5aa9-f111-b374-3833c5fb3aa8,1,0,FALSE,FALSE,1,92.05,1,0,1,TRUE,0,TRUE,621,FALSE,0,0,0,62,5755.8
FALSE,1,3442-ZHHCC,8d915e39-5aa9-f111-b374-3833c5fb3aa8,1,1,FALSE,FALSE,0,76.9,1,0,1,TRUE,3,TRUE,791,FALSE,1,0,0,68,5023
TRUE,0,5875-YPQFJ,a4925e39-5aa9-f111-b374-3833c5fb3aa8,0,1,FALSE,FALSE,1,69.9,0,1,0,TRUE,0,TRUE,976,FALSE,0,0,0,1,69.9
FALSE,1,0810-DHDBD,58935e39-5aa9-f111-b374-3833c5fb3aa8,1,0,FALSE,FALSE,0,74,1,1,1,FALSE,3,TRUE,1046,FALSE,0,1,1,52,3877.65
FALSE,1,7670-ZBPOQ,e6935e39-5aa9-f111-b374-3833c5fb3aa8,0,0,FALSE,TRUE,0,61.05,1,0,1,TRUE,2,TRUE,1186,FALSE,0,0,1,58,3478.75
FALSE,2,9795-SHUHB,8f955e39-5aa9-f111-b374-3833c5fb3aa8,0,0,TRUE,TRUE,0,58.2,0,0,1,TRUE,3,TRUE,1301,FALSE,0,0,1,66,3810.8
TRUE,0,9546-CQJSU,16965e39-5aa9-f111-b374-3833c5fb3aa8,1,0,FALSE,FALSE,1,91.4,1,1,0,TRUE,0,TRUE,1436,FALSE,0,1,0,2,193.6
TRUE,0,0506-LVNGN,19965e39-5aa9-f111-b374-3833c5fb3aa8,1,0,FALSE,FALSE,1,75.55,0,1,0,TRUE,3,TRUE,1439,TRUE,0,0,0,5,349.65
FALSE,2,0640-YJTPY,71965e39-5aa9-f111-b374-3833c5fb3aa8,0,1,TRUE,TRUE,2,21,0,0,0,FALSE,2,TRUE,1527,FALSE,0,0,0,72,1493.75
FALSE,1,6303-KFWSL,2a975e39-5aa9-f111-b374-3833c5fb3aa8,0,0,FALSE,FALSE,0,55.25,1,0,0,TRUE,0,TRUE,1712,FALSE,0,0,0,29,1620.2
FALSE,0,2882-DDZPG,1918563f-5aa9-f111-b374-3833c5fb3aa8,0,0,FALSE,FALSE,2,19.45,0,0,0,FALSE,2,TRUE,2551,FALSE,0,0,0,12,227.45
FALSE,1,8779-YIQQA,2c1a563f-5aa9-f111-b374-3833c5fb3aa8,4,1,TRUE,TRUE,2,19.8,2,4,4,FALSE,1,TRUE,82,FALSE,4,4,4,21,350.1
FALSE,0,0365-TRTPY,a71a563f-5aa9-f111-b374-3833c5fb3aa8,3,0,FALSE,FALSE,1,91.2,4,3,3,FALSE,2,TRUE,205,FALSE,2,2,3,37,3382.3
FALSE,0,3948-FVVRP,8e1c563f-5aa9-f111-b374-3833c5fb3aa8,2,1,TRUE,TRUE,0,54.8,2,3,2,FALSE,1,TRUE,692,FALSE,2,2,2,9,452.8
FALSE,1,6726-WEXXK,d11e563f-5aa9-f111-b374-3833c5fb3aa8,3,1,FALSE,TRUE,1,85.9,4,2,3,TRUE,0,TRUE,1271,TRUE,2,2,3,27,2220.1
FALSE,1,0186-CAERR,f41e563f-5aa9-f111-b374-3833c5fb3aa8,3,1,FALSE,FALSE,1,116.3,4,3,3,TRUE,2,TRUE,1306,FALSE,3,3,2,71,8309.55
TRUE,0,8634-MPHTR,871f563f-5aa9-f111-b374-3833c5fb3aa8,3,1,FALSE,TRUE,1,100.05,4,2,2,TRUE,0,TRUE,1453,TRUE,3,3,3,47,4871.05
FALSE,2,0827-ITJPH,4e20563f-5aa9-f111-b374-3833c5fb3aa8,4,1,FALSE,FALSE,2,18.55,2,4,4,TRUE,3,TRUE,1652,FALSE,4,4,4,36,689
TRUE,0,7240-FQLHE,6911fb45-5aa9-f111-b374-3833c5fb3aa8,2,0,FALSE,TRUE,1,99.75,4,2,2,FALSE,2,TRUE,1971,TRUE,3,3,2,18,1836.25
TRUE,0,7703-ZEKEF,8f11fb45-5aa9-f111-b374-3833c5fb3aa8,3,1,FALSE,FALSE,1,81,4,2,2,TRUE,0,TRUE,2009,FALSE,2,2,3,23,1917.1
TRUE,0,0219-YTZUE,478e5e39-5aa9-f111-b374-3833c5fb3aa8,1,1,TRUE,TRUE,1,84.8,1,0,0,TRUE,2,TRUE,353,FALSE,0,0,0,4,371.9
FALSE,2,3363-DTIVD,018f5e39-5aa9-f111-b374-3833c5fb3aa8,1,1,TRUE,TRUE,1,105.55,1,1,1,FALSE,0,TRUE,202,FALSE,1,1,0,71,7405.5
FALSE,2,5726-CVNYA,8e915e39-5aa9-f111-b374-3833c5fb3aa8,0,0,TRUE,TRUE,2,19.85,0,0,0,TRUE,1,TRUE,792,FALSE,0,0,0,8,146.6
TRUE,0,6400-BWQKW,7d925e39-5aa9-f111-b374-3833c5fb3aa8,0,0,FALSE,FALSE,1,79.05,1,1,1,TRUE,0,TRUE,937,FALSE,0,0,0,6,434.5
FALSE,1,3487-EARAT,bd925e39-5aa9-f111-b374-3833c5fb3aa8,1,0,TRUE,TRUE,0,74.1,0,0,1,FALSE,3,TRUE,832,FALSE,1,0,1,70,5222.3
FALSE,0,9818-XQCUV,91965e39-5aa9-f111-b374-3833c5fb3aa8,0,0,FALSE,FALSE,2,20.35,0,0,0,FALSE,1,TRUE,1559,FALSE,0,0,0,2,45.3
FALSE,2,5242-UOWHD,d816563f-5aa9-f111-b374-3833c5fb3aa8,0,1,TRUE,TRUE,2,20.35,0,0,0,FALSE,1,TRUE,2230,FALSE,0,0,0,45,929.2
TRUE,0,5228-EXCET,811b563f-5aa9-f111-b374-3833c5fb3aa8,2,1,FALSE,FALSE,1,80.85,2,2,2,TRUE,0,TRUE,423,FALSE,3,2,3,13,1008.7
FALSE,1,4632-PAOYU,f51b563f-5aa9-f111-b374-3833c5fb3aa8,4,1,TRUE,TRUE,2,19.95,2,4,4,FALSE,1,TRUE,539,FALSE,4,4,4,22,433.5
TRUE,0,4929-BSTRX,1a1c563f-5aa9-f111-b374-3833c5fb3aa8,2,0,FALSE,FALSE,0,53.55,2,2,2,TRUE,1,TRUE,576,FALSE,2,3,3,1,53.55
FALSE,1,6736-DHUQI,c61d563f-5aa9-f111-b374-3833c5fb3aa8,3,0,TRUE,TRUE,1,84.8,2,3,3,FALSE,2,TRUE,1004,FALSE,2,2,3,67,5598.3
FALSE,1,1397-XKKWR,051e563f-5aa9-f111-b374-3833c5fb3aa8,3,1,FALSE,FALSE,0,35.3,3,2,3,FALSE,1,FALSE,1067,FALSE,2,2,3,7,264.8
FALSE,0,2159-TURXX,f61f563f-5aa9-f111-b374-3833c5fb3aa8,4,1,FALSE,FALSE,2,20.05,2,4,4,FALSE,3,TRUE,1564,FALSE,4,4,4,5,95.55
FALSE,2,3967-KXAPS,5520563f-5aa9-f111-b374-3833c5fb3aa8,3,1,FALSE,TRUE,0,92.3,4,3,3,FALSE,3,TRUE,1659,FALSE,3,3,2,72,6719.9
FALSE,0,5243-SAOTC,3711fb45-5aa9-f111-b374-3833c5fb3aa8,2,1,FALSE,FALSE,1,79.85,4,3,2,TRUE,2,TRUE,1921,FALSE,2,2,3,54,4308.25
FALSE,1,5306-BVTKJ,3e11fb45-5aa9-f111-b374-3833c5fb3aa8,3,1,TRUE,TRUE,0,55.8,2,3,2,TRUE,3,TRUE,1928,FALSE,2,2,3,48,2651.2
FALSE,1,9833-TGFHX,608e5e39-5aa9-f111-b374-3833c5fb3aa8,0,1,TRUE,TRUE,1,97.1,1,1,1,FALSE,0,TRUE,359,FALSE,1,1,0,42,4016.75
FALSE,0,3780-DDGSE,52905e39-5aa9-f111-b374-3833c5fb3aa8,0,1,TRUE,TRUE,0,76.05,0,0,0,TRUE,0,TRUE,476,TRUE,1,1,1,35,2747.2
FALSE,0,5977-CKHON,fb955e39-5aa9-f111-b374-3833c5fb3aa8,1,0,TRUE,TRUE,1,92.55,1,1,0,TRUE,2,TRUE,1409,FALSE,1,0,0,43,4039
FALSE,0,8058-DMYRU,a8975e39-5aa9-f111-b374-3833c5fb3aa8,0,1,FALSE,FALSE,1,90.05,1,0,0,TRUE,0,TRUE,1838,TRUE,1,0,0,54,4931.8
FALSE,2,9565-AXSMR,f317563f-5aa9-f111-b374-3833c5fb3aa8,0,1,TRUE,TRUE,2,19.2,0,0,0,FALSE,1,TRUE,2513,FALSE,0,0,0,52,1054.75
TRUE,0,4283-FUTGF,bf18563f-5aa9-f111-b374-3833c5fb3aa8,1,1,FALSE,FALSE,1,79.85,1,1,0,TRUE,0,TRUE,2686,TRUE,0,0,0,19,1471.75
FALSE,0,1845-ZLLIG,2d19563f-5aa9-f111-b374-3833c5fb3aa8,0,1,FALSE,FALSE,0,50.15,0,0,0,TRUE,1,TRUE,2827,FALSE,0,0,0,1,50.15
FALSE,1,0484-FFVBJ,8419563f-5aa9-f111-b374-3833c5fb3aa8,0,1,FALSE,FALSE,0,64.85,0,1,0,TRUE,2,TRUE,2914,FALSE,1,1,0,32,2010.95
FALSE,2,2676-SSLTO,371a563f-5aa9-f111-b374-3833c5fb3aa8,2,1,FALSE,FALSE,0,66.15,4,2,2,TRUE,2,TRUE,93,FALSE,2,3,2,49,3199
TRUE,0,0875-CABNR,721c563f-5aa9-f111-b374-3833c5fb3aa8,3,0,FALSE,FALSE,1,84.6,2,2,2,TRUE,3,TRUE,664,TRUE,3,2,3,10,865.55
FALSE,1,2325-WINES,aa1c563f-5aa9-f111-b374-3833c5fb3aa8,3,0,FALSE,FALSE,1,104.05,4,3,2,TRUE,3,TRUE,720,FALSE,3,3,3,32,3416.85
FALSE,0,5828-DWPIL,7b1d563f-5aa9-f111-b374-3833c5fb3aa8,3,1,FALSE,TRUE,1,89.1,4,0,3,TRUE,0,TRUE,929,TRUE,2,2,3,62,5618.3
TRUE,0,4351-QLCSU,a11f563f-5aa9-f111-b374-3833c5fb3aa8,2,0,FALSE,FALSE,0,55,2,2,2,TRUE,3,TRUE,1479,FALSE,2,3,3,1,55
TRUE,0,2100-BDNSN,a81f563f-5aa9-f111-b374-3833c5fb3aa8,3,0,FALSE,TRUE,0,67.95,4,2,2,FALSE,2,TRUE,1486,FALSE,2,3,2,5,350.3
FALSE,1,0898-XCGTF,4620563f-5aa9-f111-b374-3833c5fb3aa8,2,1,FALSE,TRUE,1,96.5,4,2,2,TRUE,2,TRUE,1644,FALSE,3,3,3,61,5673.7
FALSE,0,8591-NXRCV,7620563f-5aa9-f111-b374-3833c5fb3aa8,3,0,FALSE,FALSE,0,74.65,4,2,3,TRUE,2,TRUE,1692,FALSE,3,2,2,41,3090.65
FALSE,2,9928-BZVLZ,b220563f-5aa9-f111-b374-3833c5fb3aa8,3,0,FALSE,FALSE,0,49.85,3,2,3,FALSE,1,FALSE,1752,FALSE,3,2,2,12,552.1
FALSE,0,7078-NVFAM,0f11fb45-5aa9-f111-b374-3833c5fb3aa8,2,0,TRUE,TRUE,0,35.15,3,3,3,TRUE,0,FALSE,1881,FALSE,2,2,3,32,1051.05
FALSE,2,2595-KIWPV,3611fb45-5aa9-f111-b374-3833c5fb3aa8,4,1,TRUE,FALSE,2,19.7,2,4,4,FALSE,3,TRUE,1920,FALSE,4,4,4,27,509.3
FALSE,2,3454-JFUBC,4c11fb45-5aa9-f111-b374-3833c5fb3aa8,4,1,FALSE,FALSE,2,20,2,4,4,TRUE,3,TRUE,1942,TRUE,4,4,4,68,1396
FALSE,2,6439-PKTRR,7011fb45-5aa9-f111-b374-3833c5fb3aa8,3,0,TRUE,TRUE,0,80.7,4,3,3,FALSE,0,TRUE,1978,FALSE,2,3,2,70,5617.95
TRUE,0,9412-GHEEC,79905e39-5aa9-f111-b374-3833c5fb3aa8,1,1,FALSE,FALSE,1,104.8,1,1,0,FALSE,2,TRUE,515,FALSE,1,1,1,40,4131.95
FALSE,1,6967-QIQRV,ac905e39-5aa9-f111-b374-3833c5fb3aa8,0,1,TRUE,TRUE,1,101.9,0,1,1,FALSE,0,TRUE,566,FALSE,1,1,1,15,1667.25
FALSE,1,5173-ZXXXL,cf905e39-5aa9-f111-b374-3833c5fb3aa8,0,1,FALSE,FALSE,2,19.95,0,0,0,FALSE,1,TRUE,601,FALSE,0,0,0,2,47.7
FALSE,2,7954-MLBUN,f2905e39-5aa9-f111-b374-3833c5fb3aa8,1,1,FALSE,FALSE,1,99.45,0,1,0,FALSE,2,TRUE,636,FALSE,1,1,1,31,3109.9
TRUE,1,0691-IFBQW,87915e39-5aa9-f111-b374-3833c5fb3aa8,1,0,FALSE,FALSE,1,110,1,0,1,TRUE,0,TRUE,785,TRUE,1,1,0,46,4874.8
FALSE,2,4713-ZBURT,07935e39-5aa9-f111-b374-3833c5fb3aa8,1,1,TRUE,FALSE,1,99.7,1,1,0,FALSE,2,TRUE,874,FALSE,1,1,0,45,4634.35
FALSE,0,8242-SOQUO,40935e39-5aa9-f111-b374-3833c5fb3aa8,0,0,FALSE,FALSE,1,84.7,0,0,0,TRUE,0,TRUE,1022,TRUE,0,1,0,5,392.5
TRUE,0,0135-NMXAP,b9935e39-5aa9-f111-b374-3833c5fb3aa8,0,0,FALSE,FALSE,1,89.75,1,0,0,TRUE,2,TRUE,1163,FALSE,0,1,0,12,1052.4
TRUE,1,6270-OMFIW,ce935e39-5aa9-f111-b374-3833c5fb3aa8,0,1,FALSE,TRUE,1,94.4,0,0,0,TRUE,0,TRUE,1171,FALSE,1,1,0,60,5610.25
FALSE,2,0040-HALCW,05945e39-5aa9-f111-b374-3833c5fb3aa8,0,1,TRUE,TRUE,2,20.4,0,0,0,FALSE,3,TRUE,1216,FALSE,0,0,0,54,1090.6
TRUE,0,9809-IMGCQ,47965e39-5aa9-f111-b374-3833c5fb3aa8,0,1,FALSE,FALSE,1,96.7,1,1,0,TRUE,0,TRUE,1485,TRUE,1,1,0,22,2082.95
TRUE,0,4587-NUKOX,b015563f-5aa9-f111-b374-3833c5fb3aa8,0,0,FALSE,FALSE,1,79.1,0,0,1,TRUE,0,TRUE,1934,FALSE,0,0,0,3,246.5
FALSE,1,9150-HEPMB,f416563f-5aa9-f111-b374-3833c5fb3aa8,1,1,FALSE,FALSE,0,52.7,0,1,1,FALSE,1,TRUE,2258,FALSE,0,0,0,56,3019.7
FALSE,2,9424-CMPOG,5417563f-5aa9-f111-b374-3833c5fb3aa8,0,1,TRUE,TRUE,2,19.6,0,0,0,FALSE,1,TRUE,2354,FALSE,0,0,0,9,197.4
FALSE,2,0774-RMNUW,fc1a563f-5aa9-f111-b374-3833c5fb3aa8,2,0,TRUE,TRUE,0,59.7,3,3,3,FALSE,2,FALSE,290,FALSE,3,3,2,71,4122.65
FALSE,0,9279-CJEOJ,ef1b563f-5aa9-f111-b374-3833c5fb3aa8,2,0,FALSE,FALSE,1,95.4,4,2,2,TRUE,2,TRUE,533,TRUE,3,3,3,21,2025.1
FALSE,1,6754-WKSHP,181d563f-5aa9-f111-b374-3833c5fb3aa8,4,1,TRUE,FALSE,2,25.35,4,4,4,FALSE,2,TRUE,830,FALSE,4,4,4,30,723.3
TRUE,0,9526-BIHHD,121e563f-5aa9-f111-b374-3833c5fb3aa8,2,1,FALSE,FALSE,0,29.7,3,2,3,FALSE,1,FALSE,1080,FALSE,2,2,3,1,29.7
FALSE,1,4685-ERGHK,d41e563f-5aa9-f111-b374-3833c5fb3aa8,2,1,FALSE,FALSE,1,86.9,4,2,2,TRUE,0,TRUE,1274,FALSE,2,3,3,57,4939.25
TRUE,0,4195-SMMNX,d71e563f-5aa9-f111-b374-3833c5fb3aa8,4,1,FALSE,FALSE,2,20.35,2,4,4,FALSE,1,TRUE,1277,FALSE,4,4,4,2,33.2
FALSE,2,7208-PSIHR,d81e563f-5aa9-f111-b374-3833c5fb3aa8,3,0,FALSE,TRUE,1,104.3,4,2,2,TRUE,2,TRUE,1278,FALSE,3,3,2,70,7188.5
FALSE,1,9979-RGMZT,3620563f-5aa9-f111-b374-3833c5fb3aa8,2,0,FALSE,FALSE,1,94.05,2,3,2,TRUE,1,TRUE,1628,FALSE,3,3,3,7,633.45
FALSE,2,4115-BNPJY,a98f5e39-5aa9-f111-b374-3833c5fb3aa8,1,1,TRUE,TRUE,0,75.55,0,1,0,FALSE,1,TRUE,307,FALSE,1,1,1,29,2054.4
FALSE,2,5954-BDFSG,dd8f5e39-5aa9-f111-b374-3833c5fb3aa8,1,0,FALSE,FALSE,1,107.5,1,1,0,TRUE,3,TRUE,59,FALSE,1,1,1,72,7853.7
FALSE,1,0206-TBWLC,30905e39-5aa9-f111-b374-3833c5fb3aa8,1,0,FALSE,TRUE,1,114.65,1,0,1,TRUE,1,TRUE,442,FALSE,1,1,1,54,6049.5
FALSE,0,4237-CLSMM,40905e39-5aa9-f111-b374-3833c5fb3aa8,0,1,FALSE,TRUE,2,20,0,0,0,FALSE,1,TRUE,458,FALSE,0,0,0,2,38
FALSE,0,0285-INHLN,84915e39-5aa9-f111-b374-3833c5fb3aa8,0,1,TRUE,TRUE,0,54.75,0,0,1,TRUE,3,TRUE,782,FALSE,0,0,0,27,1510.3
FALSE,0,2732-ISEZX,00935e39-5aa9-f111-b374-3833c5fb3aa8,0,0,FALSE,FALSE,2,20.5,0,0,0,TRUE,1,TRUE,867,FALSE,0,0,0,5,104.3
TRUE,0,5552-ZNFSJ,55955e39-5aa9-f111-b374-3833c5fb3aa8,0,1,FALSE,FALSE,0,45.3,0,1,0,FALSE,0,TRUE,1243,FALSE,0,0,0,1,45.3
FALSE,2,2091-GPPIQ,7b965e39-5aa9-f111-b374-3833c5fb3aa8,0,0,TRUE,TRUE,0,78.95,1,0,0,TRUE,0,TRUE,1537,FALSE,1,1,1,72,5730.15
FALSE,2,8345-MVDYC,3a975e39-5aa9-f111-b374-3833c5fb3aa8,1,0,FALSE,FALSE,0,81.65,0,1,1,FALSE,2,TRUE,1728,FALSE,1,1,1,45,3618.7
FALSE,2,0730-BGQGF,6617563f-5aa9-f111-b374-3833c5fb3aa8,1,1,TRUE,TRUE,0,90.3,1,0,1,FALSE,3,TRUE,2372,FALSE,1,1,1,71,6287.3
FALSE,0,3301-LSLWQ,8518563f-5aa9-f111-b374-3833c5fb3aa8,0,0,FALSE,FALSE,0,66.1,1,1,1,TRUE,0,TRUE,2657,FALSE,1,0,0,29,1912.15
FALSE,2,8628-MFKAX,c518563f-5aa9-f111-b374-3833c5fb3aa8,1,0,FALSE,TRUE,1,116.75,1,0,1,TRUE,3,TRUE,2689,TRUE,1,1,1,72,8277.05
TRUE,0,2845-AFFTX,a619563f-5aa9-f111-b374-3833c5fb3aa8,1,1,FALSE,TRUE,1,99.8,1,1,0,TRUE,0,TRUE,2948,TRUE,1,1,0,41,4259.3
TRUE,0,8292-TYSPY,db19563f-5aa9-f111-b374-3833c5fb3aa8,3,1,FALSE,FALSE,0,55,2,2,2,TRUE,3,TRUE,1,FALSE,2,2,2,19,1046.5
TRUE,0,1902-XBTFB,9c1a563f-5aa9-f111-b374-3833c5fb3aa8,3,1,TRUE,FALSE,1,89.4,2,3,2,TRUE,0,TRUE,194,FALSE,2,3,3,22,2001.5
TRUE,0,0302-JOIVN,c31a563f-5aa9-f111-b374-3833c5fb3aa8,3,0,FALSE,TRUE,1,101.15,2,3,2,FALSE,0,TRUE,233,FALSE,3,3,3,8,842.9
TRUE,2,6804-GDMOI,f71b563f-5aa9-f111-b374-3833c5fb3aa8,3,0,FALSE,FALSE,1,106.6,4,2,2,TRUE,0,TRUE,541,FALSE,3,3,2,61,6428.4
TRUE,0,7638-QVMVY,671c563f-5aa9-f111-b374-3833c5fb3aa8,2,0,FALSE,FALSE,1,79,2,2,2,TRUE,0,TRUE,653,FALSE,2,3,3,7,522.95
FALSE,0,9761-XUJWD,e01c563f-5aa9-f111-b374-3833c5fb3aa8,2,1,FALSE,FALSE,0,65.6,2,3,2,TRUE,2,TRUE,774,FALSE,3,2,2,5,339.9
FALSE,0,0856-NAOES,681d563f-5aa9-f111-b374-3833c5fb3aa8,3,1,FALSE,FALSE,0,60.9,2,2,2,FALSE,1,TRUE,910,FALSE,2,3,3,6,414.1
TRUE,0,3627-FCRDW,591e563f-5aa9-f111-b374-3833c5fb3aa8,2,0,FALSE,FALSE,1,71,2,2,2,FALSE,0,TRUE,1151,FALSE,2,2,3,9,672.55
FALSE,1,4544-RXFMG,981f563f-5aa9-f111-b374-3833c5fb3aa8,2,1,TRUE,TRUE,0,43.45,2,2,2,TRUE,1,TRUE,1470,FALSE,2,2,3,8,345.5
FALSE,2,2710-WYVXG,f420563f-5aa9-f111-b374-3833c5fb3aa8,2,0,FALSE,FALSE,0,71.1,2,3,3,FALSE,1,TRUE,1818,FALSE,3,2,2,3,213.35
FALSE,1,1389-WNUIB,7b11fb45-5aa9-f111-b374-3833c5fb3aa8,2,0,TRUE,TRUE,0,76,4,2,3,FALSE,2,TRUE,1989,FALSE,3,3,3,20,1588.75
FALSE,1,2636-SJDOU,1a8e5e39-5aa9-f111-b374-3833c5fb3aa8,0,1,FALSE,FALSE,1,84.3,1,0,1,TRUE,3,TRUE,143,FALSE,0,0,0,64,5289.05
FALSE,2,5997-OPVFA,7a8e5e39-5aa9-f111-b374-3833c5fb3aa8,1,1,FALSE,TRUE,0,89.05,1,0,1,TRUE,2,TRUE,167,FALSE,1,1,1,72,6254.45
FALSE,1,4933-IKULF,4c905e39-5aa9-f111-b374-3833c5fb3aa8,0,0,FALSE,FALSE,2,20.65,0,0,0,FALSE,1,TRUE,470,TRUE,0,0,0,17,330.6
FALSE,0,1140-UKVZG,03915e39-5aa9-f111-b374-3833c5fb3aa8,0,0,FALSE,FALSE,2,24.8,1,0,0,FALSE,1,TRUE,653,FALSE,0,0,0,17,475.25
FALSE,2,8338-QIUNR,31915e39-5aa9-f111-b374-3833c5fb3aa8,1,1,TRUE,TRUE,0,66.5,1,1,1,TRUE,3,TRUE,699,FALSE,0,0,1,72,4811.6
FALSE,0,5146-CBVOE,74925e39-5aa9-f111-b374-3833c5fb3aa8,0,0,FALSE,FALSE,1,75.1,0,0,0,FALSE,2,TRUE,930,FALSE,0,0,0,16,1212.85
TRUE,1,3313-QKNKB,01935e39-5aa9-f111-b374-3833c5fb3aa8,0,1,FALSE,TRUE,1,85.55,1,1,0,FALSE,0,TRUE,868,FALSE,1,0,0,59,5084.65
TRUE,0,9227-LUNBG,1b935e39-5aa9-f111-b374-3833c5fb3aa8,0,0,FALSE,FALSE,0,24.6,0,1,0,FALSE,0,FALSE,893,FALSE,0,0,0,1,24.6
FALSE,0,7363-QTBIW,c3935e39-5aa9-f111-b374-3833c5fb3aa8,0,0,FALSE,TRUE,1,79.75,0,1,0,TRUE,0,TRUE,1105,FALSE,1,0,0,9,769.1
FALSE,2,8480-PPONV,6f955e39-5aa9-f111-b374-3833c5fb3aa8,1,1,TRUE,TRUE,1,115.55,1,0,1,FALSE,2,TRUE,1269,FALSE,1,1,1,62,7159.05
FALSE,2,8039-ACLPL,e8955e39-5aa9-f111-b374-3833c5fb3aa8,1,0,TRUE,TRUE,0,68.75,0,0,1,FALSE,3,TRUE,1390,FALSE,1,0,0,72,4888.2
TRUE,1,9651-GTSAQ,8d965e39-5aa9-f111-b374-3833c5fb3aa8,1,0,FALSE,TRUE,1,106.1,0,0,1,TRUE,2,TRUE,1555,FALSE,1,1,0,53,5769.75
FALSE,1,0234-TEVTT,4617563f-5aa9-f111-b374-3833c5fb3aa8,1,0,TRUE,TRUE,0,45,0,1,1,FALSE,3,FALSE,2340,FALSE,1,0,0,48,2196.3
TRUE,0,0235-KGSLC,6117563f-5aa9-f111-b374-3833c5fb3aa8,1,0,FALSE,FALSE,1,85.55,0,1,0,TRUE,3,TRUE,2367,FALSE,0,1,0,1,85.55
TRUE,0,1254-IZEYF,ae17563f-5aa9-f111-b374-3833c5fb3aa8,0,0,FALSE,FALSE,1,99.95,1,0,0,TRUE,0,TRUE,2444,TRUE,1,1,0,31,3186.65
FALSE,1,8996-ZROXE,c519563f-5aa9-f111-b374-3833c5fb3aa8,1,1,FALSE,FALSE,0,53.5,0,1,0,TRUE,0,TRUE,2979,TRUE,0,0,1,57,3035.8
FALSE,0,8118-TJAFG,f919563f-5aa9-f111-b374-3833c5fb3aa8,2,1,TRUE,TRUE,1,101.5,2,3,2,TRUE,0,TRUE,31,FALSE,3,3,2,9,906.85
TRUE,1,2237-ZFSMY,e51c563f-5aa9-f111-b374-3833c5fb3aa8,3,0,FALSE,FALSE,1,95.55,2,2,3,TRUE,0,TRUE,779,FALSE,2,3,2,39,3692.85
FALSE,0,4367-NHWMM,c31d563f-5aa9-f111-b374-3833c5fb3aa8,2,0,FALSE,FALSE,0,24.9,3,2,2,TRUE,1,FALSE,1001,FALSE,2,2,3,1,24.9
FALSE,2,1027-LKKQQ,281f563f-5aa9-f111-b374-3833c5fb3aa8,3,0,TRUE,TRUE,0,80.45,2,2,3,TRUE,2,TRUE,1358,FALSE,3,3,2,72,5886.85
FALSE,1,0872-CASZJ,911f563f-5aa9-f111-b374-3833c5fb3aa8,2,1,FALSE,TRUE,0,69.1,4,2,3,TRUE,1,TRUE,1463,FALSE,3,2,2,59,4096.9
FALSE,1,7781-EWARA,b91f563f-5aa9-f111-b374-3833c5fb3aa8,3,1,TRUE,TRUE,0,60.35,3,3,2,FALSE,0,FALSE,1503,FALSE,3,3,2,70,4138.7
TRUE,0,8676-TRMJS,9020563f-5aa9-f111-b374-3833c5fb3aa8,2,1,FALSE,FALSE,1,75,4,2,2,FALSE,1,TRUE,1718,FALSE,2,2,3,3,209.1
FALSE,0,3413-BMNZE,c48f5e39-5aa9-f111-b374-3833c5fb3aa8,0,1,FALSE,FALSE,0,45.25,0,1,0,FALSE,2,TRUE,34,TRUE,0,0,0,1,45.25
FALSE,2,0732-OCQOC,35905e39-5aa9-f111-b374-3833c5fb3aa8,0,0,TRUE,TRUE,2,25.05,1,0,0,TRUE,2,TRUE,447,FALSE,0,0,0,52,1270.25
FALSE,0,4059-IIEBK,e1905e39-5aa9-f111-b374-3833c5fb3aa8,0,0,FALSE,FALSE,1,78.55,1,0,0,TRUE,2,TRUE,619,FALSE,0,0,0,7,522.95
FALSE,2,9565-FLVCG,0d915e39-5aa9-f111-b374-3833c5fb3aa8,0,1,TRUE,TRUE,0,69.55,1,0,1,TRUE,1,TRUE,663,FALSE,1,0,0,65,4459.15
FALSE,2,3729-OWRVL,19915e39-5aa9-f111-b374-3833c5fb3aa8,1,1,FALSE,FALSE,1,110.35,1,1,1,TRUE,0,TRUE,675,TRUE,1,1,1,65,7246.15
FALSE,1,3865-YIOTT,2f935e39-5aa9-f111-b374-3833c5fb3aa8,1,1,TRUE,TRUE,1,106.1,1,1,1,TRUE,2,TRUE,912,FALSE,1,1,0,72,7848.5
FALSE,1,8883-GRDWQ,7f935e39-5aa9-f111-b374-3833c5fb3aa8,0,1,FALSE,FALSE,0,54,0,1,1,FALSE,1,TRUE,1069,TRUE,0,0,1,20,1055.9
FALSE,0,1845-CSBRZ,a615563f-5aa9-f111-b374-3833c5fb3aa8,0,0,TRUE,TRUE,1,85.35,1,1,0,FALSE,2,TRUE,1924,TRUE,0,1,0,22,1961.6
TRUE,0,8624-GIOUT,3816563f-5aa9-f111-b374-3833c5fb3aa8,0,0,FALSE,FALSE,0,59.75,1,0,1,TRUE,3,TRUE,2070,FALSE,0,0,0,49,2934.3
FALSE,0,2911-WDXMV,5816563f-5aa9-f111-b374-3833c5fb3aa8,1,1,TRUE,FALSE,1,80.55,1,1,0,TRUE,3,TRUE,2102,FALSE,0,0,0,18,1406.65
TRUE,0,1867-BDVFH,dd19563f-5aa9-f111-b374-3833c5fb3aa8,2,1,TRUE,TRUE,1,74.35,4,2,2,TRUE,0,TRUE,3,FALSE,2,2,3,11,834.2
TRUE,0,7503-ZGUZJ,9c1b563f-5aa9-f111-b374-3833c5fb3aa8,2,1,FALSE,FALSE,1,84.65,4,2,2,TRUE,1,TRUE,450,FALSE,2,3,3,1,84.65
FALSE,1,0068-FIGTF,731d563f-5aa9-f111-b374-3833c5fb3aa8,3,0,FALSE,FALSE,0,78.2,2,3,2,FALSE,1,TRUE,921,FALSE,3,3,2,27,2078.95
TRUE,0,8019-ENHXU,a01d563f-5aa9-f111-b374-3833c5fb3aa8,3,1,FALSE,TRUE,1,99.45,4,3,2,TRUE,0,TRUE,966,FALSE,3,2,2,42,4138.05
FALSE,0,2378-VTKDH,3e1f563f-5aa9-f111-b374-3833c5fb3aa8,3,1,FALSE,TRUE,1,104.35,4,3,2,TRUE,0,TRUE,1380,TRUE,3,3,3,65,6578.55
FALSE,0,5921-NGYRH,a71f563f-5aa9-f111-b374-3833c5fb3aa8,2,1,FALSE,TRUE,1,73.55,2,2,3,TRUE,1,TRUE,1485,FALSE,2,2,3,64,4764
FALSE,0,1427-VERSM,f11f563f-5aa9-f111-b374-3833c5fb3aa8,3,0,FALSE,TRUE,1,98.7,2,2,2,TRUE,0,TRUE,1559,FALSE,3,3,2,56,5669.5
FALSE,0,7956-XQWGU,b820563f-5aa9-f111-b374-3833c5fb3aa8,4,1,FALSE,FALSE,2,19.4,2,4,4,TRUE,3,TRUE,1758,FALSE,4,4,4,27,460.25
FALSE,0,8847-GEOOQ,3a905e39-5aa9-f111-b374-3833c5fb3aa8,1,1,FALSE,TRUE,0,60.2,0,0,0,TRUE,2,FALSE,452,FALSE,1,1,1,60,3582.4
FALSE,0,3196-NVXLZ,a5915e39-5aa9-f111-b374-3833c5fb3aa8,0,0,FALSE,FALSE,1,84.6,1,1,0,TRUE,1,TRUE,815,FALSE,0,1,0,25,2088.05
TRUE,0,9734-YWGEX,23935e39-5aa9-f111-b374-3833c5fb3aa8,1,0,FALSE,FALSE,1,98.3,1,1,0,FALSE,3,TRUE,901,FALSE,1,1,0,9,923.5
FALSE,0,8800-ZKRFW,81955e39-5aa9-f111-b374-3833c5fb3aa8,1,0,TRUE,TRUE,1,107.5,1,0,0,TRUE,0,TRUE,1287,FALSE,1,1,1,30,3242.5
TRUE,0,7206-GZCDC,a7955e39-5aa9-f111-b374-3833c5fb3aa8,0,0,FALSE,FALSE,1,69.25,0,1,0,TRUE,0,TRUE,1325,TRUE,0,0,0,1,69.25
TRUE,0,9415-DPEWS,c4955e39-5aa9-f111-b374-3833c5fb3aa8,0,0,FALSE,FALSE,1,88.35,1,1,0,TRUE,0,TRUE,1354,FALSE,0,1,1,18,1639.3
FALSE,1,5777-KJIRB,18965e39-5aa9-f111-b374-3833c5fb3aa8,1,0,FALSE,FALSE,0,50.25,0,1,0,TRUE,1,TRUE,1438,FALSE,0,0,0,40,2023.55
FALSE,1,5014-WUQMG,9f965e39-5aa9-f111-b374-3833c5fb3aa8,1,1,TRUE,TRUE,1,96.1,0,0,1,TRUE,0,TRUE,1573,FALSE,1,0,0,47,4391.45
FALSE,2,5605-XNWEN,6a975e39-5aa9-f111-b374-3833c5fb3aa8,0,1,FALSE,TRUE,2,25,1,0,0,TRUE,2,TRUE,1776,TRUE,0,0,0,72,1802.55
FALSE,0,8267-KFGYD,b515563f-5aa9-f111-b374-3833c5fb3aa8,0,1,TRUE,FALSE,2,21.05,0,0,0,TRUE,1,TRUE,1939,FALSE,0,0,0,1,21.05
FALSE,0,7483-IQWIB,2d16563f-5aa9-f111-b374-3833c5fb3aa8,1,1,TRUE,TRUE,1,92.95,1,0,0,TRUE,0,TRUE,2059,FALSE,0,1,0,37,3415.25
FALSE,2,5414-OFQCB,2717563f-5aa9-f111-b374-3833c5fb3aa8,0,1,FALSE,FALSE,1,90.45,1,1,0,TRUE,3,TRUE,2309,FALSE,0,1,1,57,5229.8
FALSE,0,2573-GYRUU,7217563f-5aa9-f111-b374-3833c5fb3aa8,1,1,FALSE,TRUE,1,91.05,1,1,0,TRUE,3,TRUE,2384,TRUE,1,0,0,48,4370.75
TRUE,0,8835-VSDSE,8917563f-5aa9-f111-b374-3833c5fb3aa8,0,0,FALSE,TRUE,1,70.7,0,1,0,TRUE,0,TRUE,2407,FALSE,0,0,0,2,141.45
TRUE,0,1596-BBVTG,e017563f-5aa9-f111-b374-3833c5fb3aa8,0,1,FALSE,FALSE,1,75.35,1,1,0,FALSE,3,TRUE,2494,FALSE,0,0,0,35,2636.05
FALSE,0,7145-FEJWU,3818563f-5aa9-f111-b374-3833c5fb3aa8,1,0,TRUE,FALSE,1,105.3,1,0,0,TRUE,0,TRUE,2582,FALSE,1,1,0,12,1275.65
FALSE,1,2252-JHJGE,801a563f-5aa9-f111-b374-3833c5fb3aa8,3,1,FALSE,FALSE,1,104,4,2,3,FALSE,0,TRUE,166,FALSE,3,3,3,61,6363.45
FALSE,1,7901-IIDQV,1e1b563f-5aa9-f111-b374-3833c5fb3aa8,2,1,FALSE,FALSE,0,54.6,4,2,2,FALSE,2,TRUE,324,FALSE,2,2,2,24,1242.25
TRUE,0,2506-TNFCO,a01b563f-5aa9-f111-b374-3833c5fb3aa8,2,0,FALSE,TRUE,1,69.55,2,2,2,TRUE,0,TRUE,454,TRUE,2,2,3,1,69.55
TRUE,0,6284-AHOOQ,2f1c563f-5aa9-f111-b374-3833c5fb3aa8,2,1,FALSE,FALSE,1,90.5,4,2,2,TRUE,2,TRUE,597,TRUE,2,3,2,22,1910.6
TRUE,0,2460-FPSYH,391c563f-5aa9-f111-b374-3833c5fb3aa8,2,0,FALSE,FALSE,0,55.8,3,3,3,TRUE,0,FALSE,607,TRUE,3,3,3,40,2109.35
FALSE,0,4316-XCSLJ,511d563f-5aa9-f111-b374-3833c5fb3aa8,2,1,TRUE,FALSE,0,50.3,2,2,3,TRUE,1,TRUE,887,FALSE,2,2,3,17,846.8
FALSE,2,7169-YWAMK,951d563f-5aa9-f111-b374-3833c5fb3aa8,2,1,TRUE,TRUE,0,68.4,2,3,3,FALSE,2,TRUE,955,FALSE,2,3,2,72,4855.35
FALSE,1,2680-XKKNJ,4c1f563f-5aa9-f111-b374-3833c5fb3aa8,2,0,FALSE,FALSE,0,58.2,2,3,3,FALSE,2,TRUE,1394,FALSE,2,2,2,8,469.25
FALSE,0,8006-PYCSW,4720563f-5aa9-f111-b374-3833c5fb3aa8,4,0,FALSE,FALSE,2,20.1,2,4,4,FALSE,1,TRUE,1645,FALSE,4,4,4,2,39.8
TRUE,0,5480-HPRRX,fe10fb45-5aa9-f111-b374-3833c5fb3aa8,2,0,FALSE,FALSE,0,25.3,3,2,2,FALSE,0,FALSE,1864,TRUE,2,2,3,3,77.75
FALSE,2,9880-TDQAC,c98d5e39-5aa9-f111-b374-3833c5fb3aa8,1,0,TRUE,TRUE,0,60,0,0,0,TRUE,0,FALSE,321,FALSE,1,1,1,72,4264
FALSE,2,3774-VBNXY,018e5e39-5aa9-f111-b374-3833c5fb3aa8,0,0,TRUE,TRUE,2,20.2,0,0,0,FALSE,1,TRUE,137,FALSE,0,0,0,64,1277.75
FALSE,2,1403-GYAFU,89905e39-5aa9-f111-b374-3833c5fb3aa8,0,1,TRUE,TRUE,2,20.05,0,0,0,FALSE,3,TRUE,531,FALSE,0,0,0,70,1360.25
TRUE,0,6439-GTPCA,50915e39-5aa9-f111-b374-3833c5fb3aa8,1,0,FALSE,FALSE,1,87.25,1,1,0,TRUE,0,TRUE,730,FALSE,0,0,1,45,3941.7
TRUE,1,3009-JWMPU,95915e39-5aa9-f111-b374-3833c5fb3aa8,1,1,FALSE,FALSE,1,96.75,1,1,0,TRUE,0,TRUE,799,FALSE,1,1,0,62,6125.4
TRUE,0,8111-SLLHI,6a935e39-5aa9-f111-b374-3833c5fb3aa8,1,1,FALSE,TRUE,1,105.65,1,0,0,TRUE,0,TRUE,1125,TRUE,1,1,0,39,4284.8
FALSE,1,4525-VZCZG,4c955e39-5aa9-f111-b374-3833c5fb3aa8,0,1,TRUE,FALSE,1,105.85,0,0,1,TRUE,0,TRUE,1234,FALSE,1,1,1,54,5826.65
FALSE,1,3941-XTSKM,99955e39-5aa9-f111-b374-3833c5fb3aa8,1,1,TRUE,TRUE,0,45.1,0,0,0,TRUE,3,FALSE,1311,FALSE,1,0,0,42,2049.05
FALSE,1,1442-OKRJE,01975e39-5aa9-f111-b374-3833c5fb3aa8,1,1,TRUE,TRUE,1,103.15,0,0,1,TRUE,2,TRUE,1671,FALSE,1,1,0,66,7031.3
FALSE,2,3795-GWTRD,1b975e39-5aa9-f111-b374-3833c5fb3aa8,1,0,TRUE,TRUE,0,75.55,0,0,1,FALSE,3,TRUE,1697,FALSE,0,1,1,63,4707.85
FALSE,1,7801-CEDNV,52975e39-5aa9-f111-b374-3833c5fb3aa8,0,1,FALSE,TRUE,0,48.7,0,1,1,FALSE,3,TRUE,1752,FALSE,0,0,0,27,1421.75
FALSE,0,5858-EAFCZ,7016563f-5aa9-f111-b374-3833c5fb3aa8,0,1,FALSE,FALSE,0,44.45,0,1,0,FALSE,1,TRUE,2126,FALSE,0,0,0,1,44.45
TRUE,0,9492-TOKRI,b017563f-5aa9-f111-b374-3833c5fb3aa8,0,0,FALSE,FALSE,1,90,1,0,0,TRUE,3,TRUE,2446,FALSE,0,1,0,18,1527.35
FALSE,1,0635-WKOLD,3219563f-5aa9-f111-b374-3833c5fb3aa8,0,1,FALSE,TRUE,0,70.75,1,0,0,FALSE,3,TRUE,2832,FALSE,0,1,1,40,2921.75
FALSE,0,6502-KUGLL,aa1a563f-5aa9-f111-b374-3833c5fb3aa8,2,0,TRUE,TRUE,0,59.45,2,3,3,FALSE,2,TRUE,208,FALSE,2,2,2,14,780.85
FALSE,2,6586-MYGKD,d91b563f-5aa9-f111-b374-3833c5fb3aa8,2,1,FALSE,TRUE,0,76.95,4,2,3,TRUE,3,TRUE,511,FALSE,3,3,2,70,5289.8
FALSE,1,5985-BEHZK,e91b563f-5aa9-f111-b374-3833c5fb3aa8,3,0,FALSE,TRUE,1,105,4,3,2,FALSE,3,TRUE,527,TRUE,3,3,3,72,7578.05
FALSE,2,1972-XMUWV,d91c563f-5aa9-f111-b374-3833c5fb3aa8,2,0,FALSE,TRUE,0,59.8,2,2,2,TRUE,3,TRUE,767,FALSE,2,3,2,65,3808.2
FALSE,0,7872-RDDLZ,ef1e563f-5aa9-f111-b374-3833c5fb3aa8,2,0,FALSE,FALSE,0,54.9,4,3,2,FALSE,0,TRUE,1301,TRUE,2,2,3,67,3725.5
FALSE,0,8799-OXZMD,4f20563f-5aa9-f111-b374-3833c5fb3aa8,3,0,FALSE,FALSE,0,29.75,3,2,2,TRUE,1,FALSE,1653,FALSE,2,2,3,28,790.7
FALSE,0,0749-IRGQE,9920563f-5aa9-f111-b374-3833c5fb3aa8,2,0,FALSE,TRUE,0,45.3,3,2,2,FALSE,0,FALSE,1727,TRUE,3,3,3,13,528.45
FALSE,2,6727-IOTLZ,8c8e5e39-5aa9-f111-b374-3833c5fb3aa8,1,1,FALSE,TRUE,0,81.95,0,0,0,FALSE,1,TRUE,172,FALSE,1,1,1,14,1181.75
FALSE,2,6583-SZVGP,c38e5e39-5aa9-f111-b374-3833c5fb3aa8,1,1,FALSE,FALSE,1,108.1,1,0,0,TRUE,2,TRUE,384,FALSE,1,1,0,48,5067.45
FALSE,0,2504-DSHIH,318f5e39-5aa9-f111-b374-3833c5fb3aa8,0,1,FALSE,TRUE,1,86.8,1,1,0,FALSE,0,TRUE,214,TRUE,1,0,0,23,1975.85
TRUE,0,0278-YXOOG,03905e39-5aa9-f111-b374-3833c5fb3aa8,0,1,FALSE,FALSE,2,21.05,0,0,0,FALSE,1,TRUE,97,FALSE,0,0,0,5,113.85
FALSE,2,5781-RFZRP,ad905e39-5aa9-f111-b374-3833c5fb3aa8,0,1,FALSE,TRUE,0,73.5,1,0,1,FALSE,3,TRUE,567,FALSE,0,1,1,71,5357.75
TRUE,0,0822-GAVAP,1b915e39-5aa9-f111-b374-3833c5fb3aa8,0,0,FALSE,FALSE,0,34.7,0,1,0,TRUE,0,FALSE,677,FALSE,1,0,0,2,62.25
FALSE,2,1525-LNLOJ,32915e39-5aa9-f111-b374-3833c5fb3aa8,1,1,TRUE,TRUE,0,63.3,1,1,0,TRUE,2,TRUE,700,FALSE,0,1,0,66,4189.7
TRUE,0,5244-IRFIH,4a915e39-5aa9-f111-b374-3833c5fb3aa8,0,1,FALSE,TRUE,1,94.5,1,1,0,TRUE,0,TRUE,724,TRUE,1,1,0,33,3105.55
FALSE,2,0229-LFJAF,8b915e39-5aa9-f111-b374-3833c5fb3aa8,1,1,FALSE,FALSE,0,69.65,1,0,1,FALSE,2,TRUE,789,FALSE,0,0,1,72,4908.25
FALSE,1,7677-SJJJK,1a965e39-5aa9-f111-b374-3833c5fb3aa8,0,1,TRUE,TRUE,2,19.9,0,0,0,FALSE,3,TRUE,1440,FALSE,0,0,0,8,153.95
FALSE,0,2851-MMUTZ,eb965e39-5aa9-f111-b374-3833c5fb3aa8,0,0,FALSE,FALSE,0,56.15,0,0,0,TRUE,1,TRUE,1649,FALSE,0,0,1,27,1439.35
TRUE,0,7641-EUYET,d517563f-5aa9-f111-b374-3833c5fb3aa8,1,1,TRUE,TRUE,1,100.7,1,0,1,TRUE,0,TRUE,2483,TRUE,0,1,0,46,4541.2
FALSE,0,3904-UKFRE,0b19563f-5aa9-f111-b374-3833c5fb3aa8,0,1,FALSE,FALSE,1,80.1,1,1,1,TRUE,0,TRUE,2793,FALSE,0,0,0,4,336.15
FALSE,2,0567-XRHCU,dc19563f-5aa9-f111-b374-3833c5fb3aa8,3,0,TRUE,TRUE,0,43.95,3,2,3,TRUE,3,FALSE,2,FALSE,3,2,3,69,2960.1
TRUE,0,4818-DRBQT,3b1c563f-5aa9-f111-b374-3833c5fb3aa8,2,1,FALSE,TRUE,1,80.15,4,3,2,TRUE,2,TRUE,609,FALSE,2,2,3,29,2265.25
FALSE,1,2957-JIRMN,9a1d563f-5aa9-f111-b374-3833c5fb3aa8,2,0,FALSE,FALSE,1,84.45,4,2,2,FALSE,0,TRUE,960,TRUE,2,3,3,62,4959.15
FALSE,1,5975-BAICR,9f1d563f-5aa9-f111-b374-3833c5fb3aa8,3,1,TRUE,TRUE,0,63.7,2,2,3,TRUE,3,TRUE,965,FALSE,3,2,3,36,2188.5
FALSE,2,4957-SREEC,d21f563f-5aa9-f111-b374-3833c5fb3aa8,4,1,TRUE,TRUE,2,20.35,2,4,4,FALSE,3,TRUE,1528,FALSE,4,4,4,70,1458.1
FALSE,0,4923-ADWXJ,d51f563f-5aa9-f111-b374-3833c5fb3aa8,2,0,FALSE,FALSE,0,65.8,2,3,2,TRUE,2,TRUE,1531,FALSE,3,2,2,25,1679.65
FALSE,0,1548-FEHVL,f71f563f-5aa9-f111-b374-3833c5fb3aa8,2,1,FALSE,TRUE,1,106.2,4,3,3,TRUE,0,TRUE,1565,FALSE,3,3,3,61,6375.2
FALSE,2,1095-WGNGG,168e5e39-5aa9-f111-b374-3833c5fb3aa8,0,0,FALSE,TRUE,1,101.05,1,0,0,TRUE,2,TRUE,142,FALSE,1,1,0,61,5971.25
FALSE,0,8992-VONJD,5d8e5e39-5aa9-f111-b374-3833c5fb3aa8,0,0,TRUE,FALSE,0,56,0,0,1,TRUE,0,TRUE,160,FALSE,0,0,0,13,764.55
TRUE,0,4110-PFEUZ,34905e39-5aa9-f111-b374-3833c5fb3aa8,0,0,FALSE,FALSE,1,69.55,0,1,0,FALSE,1,TRUE,446,FALSE,0,0,0,1,69.55
TRUE,0,2817-NTQDO,96905e39-5aa9-f111-b374-3833c5fb3aa8,0,1,FALSE,FALSE,0,45.55,0,1,1,TRUE,3,FALSE,544,FALSE,0,1,1,13,597
TRUE,0,5650-VDUDS,0a915e39-5aa9-f111-b374-3833c5fb3aa8,0,0,FALSE,FALSE,0,24.25,0,1,0,TRUE,1,FALSE,660,FALSE,0,0,0,4,96.05
FALSE,0,3845-JHAMY,5d935e39-5aa9-f111-b374-3833c5fb3aa8,0,0,TRUE,TRUE,0,35.5,0,1,0,TRUE,3,FALSE,1051,FALSE,1,0,0,16,552.7
FALSE,0,1907-YLNYW,a0955e39-5aa9-f111-b374-3833c5fb3aa8,1,1,FALSE,FALSE,0,66.7,0,1,1,TRUE,0,TRUE,1318,FALSE,1,0,0,8,579
TRUE,1,4791-QRGMF,a9955e39-5aa9-f111-b374-3833c5fb3aa8,1,1,FALSE,TRUE,1,99.5,1,1,0,TRUE,2,TRUE,1327,FALSE,1,1,0,59,5961.1
FALSE,1,0121-SNYRK,af955e39-5aa9-f111-b374-3833c5fb3aa8,0,1,FALSE,FALSE,0,35.4,0,1,1,TRUE,1,FALSE,1333,FALSE,0,0,1,50,1748.9
FALSE,0,4291-HPAXL,d7955e39-5aa9-f111-b374-3833c5fb3aa8,0,1,TRUE,FALSE,2,19.85,0,0,0,FALSE,1,TRUE,1373,FALSE,0,0,0,1,19.85
TRUE,0,7861-UVUFT,fe955e39-5aa9-f111-b374-3833c5fb3aa8,1,0,FALSE,TRUE,1,84.3,0,1,0,TRUE,0,TRUE,1412,FALSE,0,1,0,15,1308.4
FALSE,1,5223-UZAVK,01965e39-5aa9-f111-b374-3833c5fb3aa8,0,1,FALSE,FALSE,1,100.3,0,0,1,TRUE,3,TRUE,1415,FALSE,1,1,0,64,6603.8
FALSE,0,5067-DGXLL,3e965e39-5aa9-f111-b374-3833c5fb3aa8,0,1,FALSE,FALSE,2,20.25,0,0,0,FALSE,1,TRUE,1476,FALSE,0,0,0,2,36.8
FALSE,2,5799-JRCZO,64965e39-5aa9-f111-b374-3833c5fb3aa8,0,0,TRUE,FALSE,2,19.5,0,0,0,FALSE,3,TRUE,1514,FALSE,0,0,0,63,1215.1
FALSE,0,9313-QOLTZ,8c965e39-5aa9-f111-b374-3833c5fb3aa8,0,1,FALSE,FALSE,2,20.9,0,0,0,FALSE,1,TRUE,1554,FALSE,0,0,0,26,518.3
TRUE,0,1205-WNWPJ,a4965e39-5aa9-f111-b374-3833c5fb3aa8,0,0,FALSE,FALSE,0,59.5,0,1,0,TRUE,1,TRUE,1578,FALSE,0,1,1,7,415.95
FALSE,2,8883-ANODQ,e0965e39-5aa9-f111-b374-3833c5fb3aa8,1,0,TRUE,TRUE,1,84.4,1,0,0,TRUE,3,TRUE,1638,FALSE,0,0,0,68,5746.75
FALSE,1,3750-YHRYO,ef975e39-5aa9-f111-b374-3833c5fb3aa8,0,1,TRUE,TRUE,2,20.65,0,0,0,FALSE,1,TRUE,1909,FALSE,0,0,0,7,150
FALSE,2,8229-BUJHX,bb15563f-5aa9-f111-b374-3833c5fb3aa8,0,0,TRUE,TRUE,2,20.5,0,0,0,FALSE,2,TRUE,1945,FALSE,0,0,0,71,1500.95
FALSE,0,2038-OEQZH,9f16563f-5aa9-f111-b374-3833c5fb3aa8,1,1,FALSE,FALSE,1,86.05,0,1,0,FALSE,0,TRUE,2173,FALSE,1,0,0,4,308.1
FALSE,0,0484-JPBRU,fa18563f-5aa9-f111-b374-3833c5fb3aa8,0,1,FALSE,FALSE,2,25.25,1,0,0,TRUE,2,TRUE,2715,FALSE,0,0,0,41,996.45
FALSE,2,7599-NTMDP,2019563f-5aa9-f111-b374-3833c5fb3aa8,0,0,TRUE,TRUE,0,48.7,0,0,1,FALSE,2,FALSE,2814,FALSE,0,1,1,62,3008.55
FALSE,0,6261-LHRTG,c71a563f-5aa9-f111-b374-3833c5fb3aa8,3,0,FALSE,FALSE,0,54.75,2,3,2,TRUE,3,TRUE,237,FALSE,2,2,3,26,1406.9
FALSE,0,6538-POCHL,af1b563f-5aa9-f111-b374-3833c5fb3aa8,3,1,FALSE,FALSE,1,79,2,3,2,TRUE,3,TRUE,469,FALSE,2,2,3,33,2576.8
FALSE,0,0487-VVUVK,281c563f-5aa9-f111-b374-3833c5fb3aa8,4,1,TRUE,TRUE,2,19.15,2,4,4,TRUE,1,TRUE,590,FALSE,4,4,4,25,477.6
FALSE,2,0336-KXKFK,8c1c563f-5aa9-f111-b374-3833c5fb3aa8,3,1,FALSE,FALSE,0,61.2,3,2,3,TRUE,3,FALSE,690,FALSE,3,3,2,72,4390.25
TRUE,0,5049-GLYVG,bc1c563f-5aa9-f111-b374-3833c5fb3aa8,4,1,FALSE,FALSE,2,20.6,2,4,4,FALSE,1,TRUE,738,FALSE,4,4,4,1,20.6
FALSE,0,2077-MPJQO,211d563f-5aa9-f111-b374-3833c5fb3aa8,2,1,FALSE,TRUE,1,75.4,4,2,2,TRUE,0,TRUE,839,TRUE,2,2,3,7,533.05
FALSE,0,5816-QVHRX,911d563f-5aa9-f111-b374-3833c5fb3aa8,2,0,FALSE,FALSE,1,100.3,4,2,2,FALSE,3,TRUE,951,FALSE,3,3,2,37,3541.4
TRUE,0,9445-SZLCH,f81d563f-5aa9-f111-b374-3833c5fb3aa8,3,0,TRUE,TRUE,1,97.35,4,3,2,TRUE,2,TRUE,1054,FALSE,2,3,3,36,3457.9
FALSE,0,0690-SRQID,211e563f-5aa9-f111-b374-3833c5fb3aa8,4,1,FALSE,FALSE,2,19.65,2,4,4,TRUE,1,TRUE,1095,FALSE,4,4,4,4,67.55
FALSE,1,0080-EMYVY,391e563f-5aa9-f111-b374-3833c5fb3aa8,2,0,FALSE,FALSE,0,51.45,2,3,2,FALSE,3,TRUE,1119,FALSE,2,2,3,14,727.85
FALSE,1,8050-XGRVL,e11f563f-5aa9-f111-b374-3833c5fb3aa8,3,0,TRUE,TRUE,0,54.75,2,2,3,FALSE,3,TRUE,1543,FALSE,2,2,3,62,3425.35
FALSE,2,9281-CEDRU,c310fb45-5aa9-f111-b374-3833c5fb3aa8,2,0,FALSE,TRUE,0,64.1,2,3,2,FALSE,2,TRUE,2028,FALSE,2,3,2,68,4326.25
FALSE,2,9173-IVZVP,de10fb45-5aa9-f111-b374-3833c5fb3aa8,4,0,TRUE,TRUE,2,20.9,2,4,4,FALSE,1,TRUE,1832,FALSE,4,4,4,53,1146.05
FALSE,2,6919-ELBGL,60915e39-5aa9-f111-b374-3833c5fb3aa8,1,1,TRUE,TRUE,1,114.95,1,0,1,TRUE,2,TRUE,746,TRUE,1,1,1,72,8196.4
FALSE,0,3966-HRMZA,61915e39-5aa9-f111-b374-3833c5fb3aa8,1,0,FALSE,FALSE,1,75.05,0,1,0,FALSE,1,TRUE,747,TRUE,0,0,0,3,202.9
FALSE,0,8329-GWVPJ,48935e39-5aa9-f111-b374-3833c5fb3aa8,0,0,TRUE,TRUE,1,69.75,0,1,0,TRUE,2,TRUE,1030,FALSE,0,0,0,50,3557.7
FALSE,2,9845-PEEKO,8f935e39-5aa9-f111-b374-3833c5fb3aa8,0,0,FALSE,FALSE,1,79.2,1,0,0,TRUE,3,TRUE,1078,TRUE,0,0,0,59,4590.35
TRUE,0,6818-WOBHJ,69955e39-5aa9-f111-b374-3833c5fb3aa8,0,0,FALSE,TRUE,1,89.6,1,0,0,TRUE,2,TRUE,1263,TRUE,1,0,0,68,6127.6
FALSE,2,3230-IUALN,90955e39-5aa9-f111-b374-3833c5fb3aa8,1,0,TRUE,TRUE,0,81,0,1,1,TRUE,1,TRUE,1302,FALSE,1,1,1,45,3533.6
FALSE,0,8445-DNBAE,20965e39-5aa9-f111-b374-3833c5fb3aa8,0,1,TRUE,FALSE,0,50.05,1,1,0,TRUE,0,TRUE,1446,FALSE,0,0,0,1,50.05
FALSE,2,9242-TKFSV,43965e39-5aa9-f111-b374-3833c5fb3aa8,1,1,TRUE,TRUE,0,65.1,0,0,1,TRUE,3,FALSE,1481,FALSE,1,1,1,72,4754.3
TRUE,0,6311-UEUME,05975e39-5aa9-f111-b374-3833c5fb3aa8,0,0,FALSE,FALSE,1,78.9,0,1,0,TRUE,0,TRUE,1675,FALSE,0,1,0,29,2384.15
FALSE,2,0354-VXMJC,0d975e39-5aa9-f111-b374-3833c5fb3aa8,0,1,TRUE,TRUE,2,19.6,0,0,0,FALSE,3,TRUE,1683,FALSE,0,0,0,23,426.65
FALSE,2,0404-AHASP,2f975e39-5aa9-f111-b374-3833c5fb3aa8,0,1,FALSE,TRUE,2,19.7,0,0,0,FALSE,3,TRUE,1717,FALSE,0,0,0,72,1421.9
FALSE,1,8272-ONJLV,0a16563f-5aa9-f111-b374-3833c5fb3aa8,1,1,FALSE,FALSE,1,95.7,0,1,0,FALSE,0,TRUE,2024,FALSE,1,1,0,12,1184
FALSE,1,6227-FBDXH,5616563f-5aa9-f111-b374-3833c5fb3aa8,1,1,FALSE,TRUE,1,99.5,1,1,0,FALSE,2,TRUE,2100,FALSE,1,1,0,69,6841.45
FALSE,2,9339-FIIJL,1717563f-5aa9-f111-b374-3833c5fb3aa8,1,1,FALSE,TRUE,0,85.95,1,0,0,FALSE,2,TRUE,2293,FALSE,1,1,1,72,6151.9
TRUE,0,2774-LVQUS,3617563f-5aa9-f111-b374-3833c5fb3aa8,1,0,FALSE,TRUE,1,83.05,1,1,0,TRUE,0,TRUE,2324,TRUE,0,0,1,15,1258.3
TRUE,0,2004-OCQXK,4f19563f-5aa9-f111-b374-3833c5fb3aa8,0,0,FALSE,FALSE,1,81.95,0,1,0,TRUE,0,TRUE,2861,FALSE,1,0,0,1,81.95
TRUE,0,6892-XPFPU,5f1a563f-5aa9-f111-b374-3833c5fb3aa8,3,1,FALSE,TRUE,1,104.25,4,3,2,TRUE,0,TRUE,133,TRUE,3,3,3,24,2433.9
FALSE,0,6693-FRIRW,d81b563f-5aa9-f111-b374-3833c5fb3aa8,3,1,FALSE,FALSE,1,101.3,2,3,2,FALSE,3,TRUE,510,FALSE,3,3,3,18,1794.65
FALSE,2,2990-OGYTD,f81b563f-5aa9-f111-b374-3833c5fb3aa8,3,0,FALSE,TRUE,0,86.15,4,3,2,FALSE,2,TRUE,542,FALSE,3,3,2,67,5883.85
TRUE,0,4844-JJWUY,461d563f-5aa9-f111-b374-3833c5fb3aa8,2,0,FALSE,FALSE,1,86,2,3,2,TRUE,0,TRUE,876,TRUE,3,2,3,1,86
TRUE,0,9190-MFJLN,401e563f-5aa9-f111-b374-3833c5fb3aa8,3,1,FALSE,FALSE,1,95.9,2,2,2,TRUE,3,TRUE,1126,TRUE,3,3,3,19,1777.9
FALSE,0,5331-RGMTT,b61e563f-5aa9-f111-b374-3833c5fb3aa8,3,1,FALSE,TRUE,1,99.05,4,2,2,TRUE,3,TRUE,1244,TRUE,3,3,3,54,5295.7
TRUE,0,4558-FANTW,071f563f-5aa9-f111-b374-3833c5fb3aa8,2,0,TRUE,TRUE,1,91.85,2,2,3,FALSE,0,TRUE,1325,FALSE,2,3,2,17,1574.45
FALSE,2,9867-XOBQA,d120563f-5aa9-f111-b374-3833c5fb3aa8,3,0,TRUE,FALSE,0,53.15,3,3,3,FALSE,1,FALSE,1783,FALSE,2,3,2,21,1183.2
FALSE,0,1036-GUDCL,d910fb45-5aa9-f111-b374-3833c5fb3aa8,2,1,TRUE,TRUE,0,79.05,2,3,3,TRUE,3,TRUE,1827,FALSE,3,3,2,60,4663.4
FALSE,2,3078-ZKNTS,5c11fb45-5aa9-f111-b374-3833c5fb3aa8,4,0,TRUE,TRUE,2,19.75,2,4,4,TRUE,2,TRUE,1958,FALSE,4,4,4,13,246.7
TRUE,0,3376-BMGFE,778e5e39-5aa9-f111-b374-3833c5fb3aa8,0,0,FALSE,FALSE,1,70.9,0,1,0,TRUE,2,TRUE,166,FALSE,0,0,0,4,273
FALSE,1,6416-JNVRK,ee8f5e39-5aa9-f111-b374-3833c5fb3aa8,0,0,FALSE,FALSE,0,55.65,0,1,0,FALSE,3,TRUE,76,FALSE,1,0,0,46,2688.85
FALSE,1,8592-PLTMQ,38905e39-5aa9-f111-b374-3833c5fb3aa8,0,0,FALSE,FALSE,2,24.7,1,0,0,FALSE,1,TRUE,450,FALSE,0,0,0,64,1642.75
FALSE,2,1779-PWPMG,7e935e39-5aa9-f111-b374-3833c5fb3aa8,1,0,FALSE,TRUE,1,114.65,1,0,1,TRUE,2,TRUE,1135,TRUE,1,1,1,72,8333.95
FALSE,0,8992-CEUEN,a1935e39-5aa9-f111-b374-3833c5fb3aa8,0,0,FALSE,FALSE,2,18.85,0,0,0,FALSE,0,TRUE,1151,FALSE,0,0,0,1,18.85
FALSE,2,3280-MRDOF,27975e39-5aa9-f111-b374-3833c5fb3aa8,1,1,FALSE,FALSE,0,69.1,1,1,0,TRUE,3,TRUE,1709,TRUE,0,1,1,30,2093.9
FALSE,0,7020-OZKXZ,f215563f-5aa9-f111-b374-3833c5fb3aa8,1,0,FALSE,FALSE,1,75.5,0,1,0,FALSE,3,TRUE,2000,TRUE,0,0,0,9,637.4
FALSE,1,4957-TIALW,f216563f-5aa9-f111-b374-3833c5fb3aa8,1,0,TRUE,FALSE,0,65.6,0,0,1,FALSE,3,TRUE,2256,FALSE,0,0,1,15,1010
TRUE,0,5673-TIYIB,1a1a563f-5aa9-f111-b374-3833c5fb3aa8,3,1,FALSE,FALSE,0,40.4,3,3,2,TRUE,3,FALSE,64,FALSE,2,2,2,2,77.15
TRUE,0,6502-HCJTI,341a563f-5aa9-f111-b374-3833c5fb3aa8,2,1,FALSE,TRUE,1,94.7,4,3,3,TRUE,3,TRUE,90,TRUE,3,2,3,7,673.1
TRUE,0,7450-NWRTR,601b563f-5aa9-f111-b374-3833c5fb3aa8,3,1,FALSE,FALSE,1,99.45,4,2,2,TRUE,0,TRUE,390,TRUE,3,3,3,12,1200.15
TRUE,0,8718-PTMEZ,a21b563f-5aa9-f111-b374-3833c5fb3aa8,2,0,FALSE,FALSE,0,31.05,3,3,2,TRUE,0,FALSE,456,FALSE,2,2,3,13,347.25
TRUE,0,6629-CZTTH,031c563f-5aa9-f111-b374-3833c5fb3aa8,2,1,FALSE,FALSE,0,55.7,2,2,2,TRUE,1,TRUE,553,FALSE,3,2,3,1,55.7
TRUE,0,1660-HSOOQ,261c563f-5aa9-f111-b374-3833c5fb3aa8,3,1,FALSE,FALSE,0,49.65,2,2,2,TRUE,1,TRUE,588,FALSE,2,2,3,1,49.65
FALSE,1,0623-EJQEG,3d1e563f-5aa9-f111-b374-3833c5fb3aa8,2,1,FALSE,FALSE,1,93.55,4,2,3,FALSE,0,TRUE,1123,FALSE,3,2,2,65,6069.25
FALSE,2,7328-ZJAJO,8a1e563f-5aa9-f111-b374-3833c5fb3aa8,4,0,TRUE,TRUE,2,19.5,2,4,4,FALSE,3,TRUE,1200,FALSE,4,4,4,59,1222.65
FALSE,2,6656-GULJQ,441f563f-5aa9-f111-b374-3833c5fb3aa8,3,1,TRUE,TRUE,0,83.55,4,2,3,TRUE,3,TRUE,1386,FALSE,3,3,2,72,6093.3
FALSE,1,5546-QUERU,e810fb45-5aa9-f111-b374-3833c5fb3aa8,4,1,FALSE,FALSE,2,19.95,2,4,4,TRUE,1,TRUE,1842,FALSE,4,4,4,13,257
FALSE,2,1904-WAJAA,6d11fb45-5aa9-f111-b374-3833c5fb3aa8,3,0,TRUE,TRUE,0,64.35,4,3,3,FALSE,0,TRUE,1975,FALSE,2,2,3,24,1558.65
FALSE,2,6734-PSBAW,da8d5e39-5aa9-f111-b374-3833c5fb3aa8,0,1,FALSE,TRUE,2,23.55,1,0,0,TRUE,2,TRUE,127,FALSE,0,0,0,72,1723.95
FALSE,0,5590-ZSKRV,ef8f5e39-5aa9-f111-b374-3833c5fb3aa8,0,0,TRUE,TRUE,0,54.65,0,0,1,FALSE,1,TRUE,77,FALSE,0,0,0,8,482.25
FALSE,1,2731-GJRDG,d2905e39-5aa9-f111-b374-3833c5fb3aa8,1,0,FALSE,FALSE,1,109.55,1,1,1,TRUE,2,TRUE,604,FALSE,1,1,1,32,3608
FALSE,0,2446-ZKVAF,90935e39-5aa9-f111-b374-3833c5fb3aa8,0,1,FALSE,TRUE,0,56.8,1,0,0,FALSE,3,TRUE,1143,FALSE,0,0,0,18,1074.65
TRUE,0,1618-CFHME,41955e39-5aa9-f111-b374-3833c5fb3aa8,0,0,FALSE,FALSE,1,75.9,1,1,0,TRUE,0,TRUE,1223,FALSE,0,0,0,2,143.35
FALSE,0,4945-RVMTE,93955e39-5aa9-f111-b374-3833c5fb3aa8,1,0,FALSE,FALSE,0,59.55,0,1,0,TRUE,2,TRUE,1305,FALSE,0,1,0,28,1646.45
FALSE,0,9788-YTFGE,9e955e39-5aa9-f111-b374-3833c5fb3aa8,0,1,FALSE,FALSE,2,19.95,0,0,0,TRUE,1,TRUE,1316,FALSE,0,0,0,7,147.5
FALSE,2,7114-AEOZE,84965e39-5aa9-f111-b374-3833c5fb3aa8,0,0,FALSE,FALSE,2,19.85,0,0,0,FALSE,2,TRUE,1546,FALSE,0,0,0,60,1128.1
FALSE,1,2519-LBNQL,6f975e39-5aa9-f111-b374-3833c5fb3aa8,1,1,FALSE,TRUE,1,104.35,1,0,0,TRUE,0,TRUE,1781,TRUE,1,1,0,60,6339.45
FALSE,0,3402-XRIUO,a1975e39-5aa9-f111-b374-3833c5fb3aa8,0,0,FALSE,TRUE,0,63.55,1,0,1,TRUE,1,TRUE,1831,TRUE,0,0,1,22,1381.8
FALSE,2,5296-BFCYD,b9975e39-5aa9-f111-b374-3833c5fb3aa8,0,1,TRUE,TRUE,2,20.1,0,0,0,TRUE,1,TRUE,1855,FALSE,0,0,0,46,936.85
TRUE,0,2514-GINMM,b416563f-5aa9-f111-b374-3833c5fb3aa8,0,1,FALSE,FALSE,1,79.5,0,1,0,TRUE,0,TRUE,2194,FALSE,0,1,0,1,79.5
FALSE,0,8064-RAVOH,0217563f-5aa9-f111-b374-3833c5fb3aa8,1,1,TRUE,FALSE,0,49.85,0,1,0,TRUE,0,TRUE,2272,FALSE,0,0,0,1,49.85
FALSE,0,3097-PYWXL,3717563f-5aa9-f111-b374-3833c5fb3aa8,0,0,TRUE,TRUE,2,19.95,0,0,0,TRUE,0,TRUE,2325,FALSE,0,0,0,4,82.9
FALSE,0,1357-MVDOZ,b317563f-5aa9-f111-b374-3833c5fb3aa8,1,1,TRUE,TRUE,0,59.65,0,1,0,TRUE,2,TRUE,2449,FALSE,0,1,0,11,683.25
FALSE,0,4061-UKJWL,1f18563f-5aa9-f111-b374-3833c5fb3aa8,0,1,FALSE,FALSE,0,45.45,0,1,0,FALSE,1,TRUE,2557,FALSE,0,0,0,3,141.7
FALSE,2,4295-YURET,0219563f-5aa9-f111-b374-3833c5fb3aa8,0,0,TRUE,TRUE,0,72.6,0,1,1,TRUE,3,TRUE,2719,TRUE,1,1,1,56,4084.35
TRUE,0,3001-CBHLQ,1419563f-5aa9-f111-b374-3833c5fb3aa8,1,1,FALSE,TRUE,1,104.9,1,1,0,TRUE,0,TRUE,2802,TRUE,1,1,1,32,3351.55
FALSE,0,6082-GLJIX,401b563f-5aa9-f111-b374-3833c5fb3aa8,4,1,FALSE,FALSE,2,19.25,2,4,4,FALSE,1,TRUE,358,FALSE,4,4,4,18,331.35
TRUE,0,6331-LWDTQ,881b563f-5aa9-f111-b374-3833c5fb3aa8,2,1,FALSE,FALSE,0,72.15,4,2,2,TRUE,3,TRUE,430,FALSE,3,3,3,10,794.25
FALSE,2,7167-PCEYD,b41c563f-5aa9-f111-b374-3833c5fb3aa8,4,1,FALSE,FALSE,2,19.8,2,4,4,TRUE,1,TRUE,730,FALSE,4,4,4,67,1311.3
FALSE,0,3161-GETRM,151d563f-5aa9-f111-b374-3833c5fb3aa8,3,1,TRUE,TRUE,1,90.05,4,2,2,TRUE,3,TRUE,827,FALSE,3,2,3,34,3097
FALSE,0,2985-FMWYF,de1e563f-5aa9-f111-b374-3833c5fb3aa8,2,0,FALSE,FALSE,1,93.5,4,2,2,TRUE,0,TRUE,1284,FALSE,3,3,3,23,2341.55
FALSE,0,5309-TAIKL,2b1f563f-5aa9-f111-b374-3833c5fb3aa8,3,0,FALSE,FALSE,0,62.8,2,2,2,FALSE,2,TRUE,1361,FALSE,3,2,2,7,418.3
TRUE,0,0637-UBJRP,3c1f563f-5aa9-f111-b374-3833c5fb3aa8,2,1,TRUE,TRUE,1,84.05,2,2,3,FALSE,0,TRUE,1378,FALSE,3,2,3,13,1095.3
FALSE,0,4450-YOOHP,581f563f-5aa9-f111-b374-3833c5fb3aa8,3,0,FALSE,FALSE,0,50.65,3,2,2,TRUE,3,FALSE,1406,FALSE,3,3,3,39,1905.4
FALSE,1,6728-VOIFY,e91f563f-5aa9-f111-b374-3833c5fb3aa8,2,0,FALSE,TRUE,1,96,2,3,2,TRUE,0,TRUE,1551,FALSE,3,3,3,63,6109.75
TRUE,0,6618-RYATB,ec10fb45-5aa9-f111-b374-3833c5fb3aa8,3,0,FALSE,FALSE,1,79.55,4,2,2,TRUE,1,TRUE,1846,FALSE,2,2,3,1,79.55
FALSE,1,8065-QBYTO,1011fb45-5aa9-f111-b374-3833c5fb3aa8,2,0,FALSE,FALSE,1,99.65,4,3,3,TRUE,3,TRUE,1882,TRUE,2,3,2,71,7181.25
FALSE,1,2483-XSSMZ,b0925e39-5aa9-f111-b374-3833c5fb3aa8,0,0,FALSE,FALSE,0,47.85,0,1,1,TRUE,0,TRUE,982,FALSE,0,0,0,39,1886.4
TRUE,0,8603-IJWDN,b2925e39-5aa9-f111-b374-3833c5fb3aa8,0,1,FALSE,FALSE,1,86.6,1,1,0,TRUE,0,TRUE,983,FALSE,1,0,0,1,86.6
TRUE,0,8436-BJUMM,46935e39-5aa9-f111-b374-3833c5fb3aa8,0,1,TRUE,TRUE,1,83.75,1,1,0,TRUE,0,TRUE,1028,FALSE,0,1,0,26,2070.6
FALSE,2,6445-TNRXS,4e935e39-5aa9-f111-b374-3833c5fb3aa8,1,1,TRUE,TRUE,1,114.7,1,0,1,TRUE,2,TRUE,1036,FALSE,1,1,1,68,7849.85
FALSE,0,6407-UTSLV,32975e39-5aa9-f111-b374-3833c5fb3aa8,0,0,FALSE,FALSE,1,83.8,0,0,0,TRUE,2,TRUE,1720,TRUE,0,1,0,2,163.7
FALSE,2,2040-XBAVJ,41975e39-5aa9-f111-b374-3833c5fb3aa8,1,1,TRUE,TRUE,1,114.45,1,0,1,FALSE,2,TRUE,1735,FALSE,1,1,1,72,8100.55
TRUE,0,4720-VSTSI,f6975e39-5aa9-f111-b374-3833c5fb3aa8,1,0,FALSE,FALSE,1,84.8,1,0,0,TRUE,2,TRUE,1916,FALSE,0,0,0,44,3862.55
FALSE,1,1174-FGIFN,d817563f-5aa9-f111-b374-3833c5fb3aa8,0,0,TRUE,TRUE,1,90.45,1,1,0,TRUE,0,TRUE,2486,FALSE,1,0,1,28,2509.25
FALSE,2,9668-PUGNU,ed17563f-5aa9-f111-b374-3833c5fb3aa8,0,1,FALSE,TRUE,2,24.5,1,0,0,TRUE,0,TRUE,2507,FALSE,0,0,0,71,1816.2
FALSE,2,5993-JSUWV,3319563f-5aa9-f111-b374-3833c5fb3aa8,1,0,FALSE,FALSE,0,61.15,0,0,1,TRUE,2,TRUE,2833,FALSE,0,0,0,66,4017.45
FALSE,2,7267-FRMJW,561a563f-5aa9-f111-b374-3833c5fb3aa8,4,0,TRUE,TRUE,2,20.1,2,4,4,FALSE,1,TRUE,124,FALSE,4,4,4,25,486.05
FALSE,2,0361-HJRDX,8e1a563f-5aa9-f111-b374-3833c5fb3aa8,3,0,FALSE,FALSE,0,64.35,3,3,3,FALSE,3,FALSE,180,FALSE,3,3,2,68,4539.6
FALSE,0,9555-SAHUZ,421c563f-5aa9-f111-b374-3833c5fb3aa8,2,0,TRUE,TRUE,0,54.5,2,3,3,FALSE,0,TRUE,616,FALSE,2,2,3,38,2076.05
TRUE,0,0601-WZHJF,561c563f-5aa9-f111-b374-3833c5fb3aa8,2,1,FALSE,TRUE,0,46.35,3,2,2,FALSE,0,FALSE,636,FALSE,3,3,3,14,667.7
TRUE,0,9507-EXLTT,141d563f-5aa9-f111-b374-3833c5fb3aa8,2,0,FALSE,TRUE,1,79.35,2,2,2,TRUE,2,TRUE,826,FALSE,2,3,3,1,79.35
FALSE,1,8409-WQJUX,c91e563f-5aa9-f111-b374-3833c5fb3aa8,3,0,FALSE,FALSE,0,54.2,3,2,2,FALSE,0,FALSE,1263,FALSE,3,3,2,25,1423.15
FALSE,2,3777-XROBG,471f563f-5aa9-f111-b374-3833c5fb3aa8,4,0,TRUE,TRUE,2,19.55,2,4,4,FALSE,3,TRUE,1389,FALSE,4,4,4,58,1079.65
FALSE,1,4955-VCWBI,0b20563f-5aa9-f111-b374-3833c5fb3aa8,4,0,TRUE,TRUE,2,20,2,4,4,FALSE,1,TRUE,1585,FALSE,4,4,4,43,817.95
FALSE,2,5702-KVQRD,1520563f-5aa9-f111-b374-3833c5fb3aa8,3,1,FALSE,TRUE,0,82.55,2,2,3,TRUE,0,TRUE,1595,FALSE,3,3,2,71,5832.65
FALSE,2,6253-GNHWH,7920563f-5aa9-f111-b374-3833c5fb3aa8,3,0,TRUE,TRUE,0,71.1,4,3,3,FALSE,1,TRUE,1695,FALSE,2,2,2,71,5224.95
FALSE,2,9073-ZZIAY,418e5e39-5aa9-f111-b374-3833c5fb3aa8,1,1,TRUE,TRUE,0,86.1,0,0,1,FALSE,0,TRUE,153,FALSE,1,1,1,62,5215.25
TRUE,0,1658-BYGOY,d98f5e39-5aa9-f111-b374-3833c5fb3aa8,0,1,FALSE,FALSE,1,95.45,1,1,0,TRUE,0,TRUE,55,TRUE,1,1,0,18,1752.55
FALSE,2,3212-KXOCR,04905e39-5aa9-f111-b374-3833c5fb3aa8,0,1,FALSE,FALSE,2,21,0,0,0,FALSE,2,TRUE,98,FALSE,0,0,0,52,1107.2
FALSE,0,4360-PNRQB,22905e39-5aa9-f111-b374-3833c5fb3aa8,0,1,FALSE,FALSE,1,75.6,1,1,0,TRUE,2,TRUE,428,FALSE,0,0,0,18,1395.05
FALSE,0,6464-KEXXH,de905e39-5aa9-f111-b374-3833c5fb3aa8,0,1,FALSE,FALSE,0,25.25,0,1,0,TRUE,3,FALSE,616,FALSE,0,0,0,8,186.3
FALSE,2,3174-AKMAS,99915e39-5aa9-f111-b374-3833c5fb3aa8,0,0,FALSE,TRUE,0,64.2,0,0,0,TRUE,3,TRUE,803,FALSE,0,0,1,46,3009.5
FALSE,2,9926-PJHDQ,9b915e39-5aa9-f111-b374-3833c5fb3aa8,1,0,TRUE,TRUE,0,76.8,1,1,0,TRUE,2,TRUE,805,FALSE,1,1,0,72,5468.45
FALSE,2,0562-KBDVM,dd955e39-5aa9-f111-b374-3833c5fb3aa8,1,0,FALSE,FALSE,0,44.6,0,0,1,TRUE,2,FALSE,1379,FALSE,0,0,1,70,3058.15
FALSE,0,6022-KOUQO,ce965e39-5aa9-f111-b374-3833c5fb3aa8,0,0,TRUE,TRUE,0,29.05,0,1,0,FALSE,2,FALSE,1620,FALSE,0,0,1,2,44.75
FALSE,0,1498-DQNRX,e4965e39-5aa9-f111-b374-3833c5fb3aa8,0,0,FALSE,TRUE,2,19.85,0,0,0,FALSE,1,TRUE,1642,FALSE,0,0,0,29,573.05
TRUE,0,8080-DDEMJ,a4975e39-5aa9-f111-b374-3833c5fb3aa8,0,1,FALSE,FALSE,0,45.1,0,1,0,FALSE,0,TRUE,1834,TRUE,0,0,0,1,45.1
FALSE,2,4967-WPNCF,2817563f-5aa9-f111-b374-3833c5fb3aa8,1,1,FALSE,FALSE,0,63.7,0,0,1,TRUE,2,FALSE,2310,FALSE,1,1,1,72,4464.8
FALSE,0,6131-FOYAS,7a18563f-5aa9-f111-b374-3833c5fb3aa8,1,1,FALSE,FALSE,0,59.6,1,1,1,TRUE,0,TRUE,2648,FALSE,0,0,0,35,2094.9
TRUE,0,4139-SUGLD,c218563f-5aa9-f111-b374-3833c5fb3aa8,0,1,TRUE,TRUE,0,35.4,0,1,1,FALSE,2,FALSE,2752,FALSE,0,0,1,31,1077.5
TRUE,0,1114-CENIM,b51b563f-5aa9-f111-b374-3833c5fb3aa8,2,1,TRUE,FALSE,0,55,4,3,2,TRUE,3,TRUE,475,FALSE,2,2,3,54,3092.65
TRUE,0,5287-QWLKY,981c563f-5aa9-f111-b374-3833c5fb3aa8,2,1,TRUE,TRUE,1,105.1,4,3,3,TRUE,3,TRUE,702,TRUE,3,3,3,71,7548.1
FALSE,0,7129-CAKJW,fa1c563f-5aa9-f111-b374-3833c5fb3aa8,3,0,FALSE,FALSE,1,80.05,4,2,2,FALSE,2,TRUE,800,FALSE,2,2,3,17,1345.65
FALSE,0,7976-CICYS,d810fb45-5aa9-f111-b374-3833c5fb3aa8,4,1,FALSE,FALSE,2,20.7,2,4,4,TRUE,3,TRUE,1826,FALSE,4,4,4,4,83.75
FALSE,2,8148-WOCMK,db10fb45-5aa9-f111-b374-3833c5fb3aa8,4,1,TRUE,TRUE,2,19.6,2,4,4,FALSE,3,TRUE,1829,FALSE,4,4,4,8,125
TRUE,1,5906-CVLHP,0311fb45-5aa9-f111-b374-3833c5fb3aa8,2,0,TRUE,TRUE,0,54.15,2,3,2,TRUE,3,TRUE,1869,FALSE,2,2,2,45,2319.8
TRUE,0,9514-JDSKI,728f5e39-5aa9-f111-b374-3833c5fb3aa8,0,1,FALSE,TRUE,0,40.2,0,0,0,FALSE,0,FALSE,252,TRUE,0,1,0,1,40.2
FALSE,2,1775-KWJKQ,ee905e39-5aa9-f111-b374-3833c5fb3aa8,1,1,TRUE,TRUE,0,89.85,1,0,1,FALSE,3,TRUE,632,FALSE,1,1,1,72,6562.9
FALSE,0,5183-SNMJQ,05915e39-5aa9-f111-b374-3833c5fb3aa8,0,1,FALSE,FALSE,1,95.1,0,1,0,TRUE,3,TRUE,655,FALSE,1,1,1,10,865.1
TRUE,0,1450-GALXR,97915e39-5aa9-f111-b374-3833c5fb3aa8,0,0,FALSE,FALSE,1,98.5,1,1,0,TRUE,0,TRUE,801,FALSE,1,1,1,10,1058.25
TRUE,0,4289-DTDKW,9e915e39-5aa9-f111-b374-3833c5fb3aa8,0,1,FALSE,TRUE,1,101.3,1,0,0,TRUE,0,TRUE,808,FALSE,1,1,0,40,4113.1
TRUE,0,6993-OHLXR,e5925e39-5aa9-f111-b374-3833c5fb3aa8,0,0,FALSE,FALSE,1,68.95,0,1,0,FALSE,0,TRUE,1007,FALSE,0,0,0,2,119.75
FALSE,1,6419-ZTTLE,e8925e39-5aa9-f111-b374-3833c5fb3aa8,0,1,FALSE,TRUE,2,20.75,0,0,0,TRUE,0,TRUE,1009,TRUE,0,0,0,23,485.2
FALSE,0,4065-JJAVA,f0925e39-5aa9-f111-b374-3833c5fb3aa8,0,0,FALSE,FALSE,0,49.5,0,0,0,FALSE,0,TRUE,1013,FALSE,0,0,0,1,49.5
FALSE,1,3224-DFQNQ,f1925e39-5aa9-f111-b374-3833c5fb3aa8,0,0,FALSE,TRUE,1,89,1,0,1,FALSE,0,TRUE,858,FALSE,0,0,1,66,5898.6
FALSE,1,1573-LGXBA,04935e39-5aa9-f111-b374-3833c5fb3aa8,1,1,TRUE,TRUE,1,97.55,0,0,0,TRUE,3,TRUE,871,FALSE,1,1,0,57,5598
FALSE,0,9342-VNIMQ,0c935e39-5aa9-f111-b374-3833c5fb3aa8,0,1,FALSE,FALSE,0,54.65,1,0,0,TRUE,2,TRUE,879,FALSE,0,0,0,33,1665.2
FALSE,2,9127-FHJBZ,cc935e39-5aa9-f111-b374-3833c5fb3aa8,1,1,TRUE,TRUE,1,114,1,0,1,TRUE,0,TRUE,1170,FALSE,1,1,1,72,8093.15
FALSE,1,2581-VKIRT,e8965e39-5aa9-f111-b374-3833c5fb3aa8,0,0,TRUE,TRUE,0,65.5,1,0,1,FALSE,1,TRUE,1646,FALSE,0,0,1,59,3801.3
TRUE,0,0224-HJAPT,f815563f-5aa9-f111-b374-3833c5fb3aa8,0,1,FALSE,FALSE,0,47.15,1,1,0,FALSE,0,TRUE,2006,FALSE,0,0,0,5,223.15
TRUE,1,8945-MUQUF,7416563f-5aa9-f111-b374-3833c5fb3aa8,0,1,FALSE,FALSE,1,94.8,1,0,1,TRUE,0,TRUE,2130,FALSE,0,1,0,51,4837.6
FALSE,1,8220-OCUFY,9c16563f-5aa9-f111-b374-3833c5fb3aa8,1,0,FALSE,FALSE,0,60.25,0,1,1,TRUE,0,TRUE,2170,FALSE,0,0,1,21,1258.35
FALSE,1,6559-RAKOZ,c517563f-5aa9-f111-b374-3833c5fb3aa8,0,1,TRUE,TRUE,1,97.95,1,1,0,TRUE,0,TRUE,2467,FALSE,1,1,1,49,4917.9
FALSE,2,3200-MNQTF,ca17563f-5aa9-f111-b374-3833c5fb3aa8,1,1,FALSE,TRUE,0,70.9,1,0,1,FALSE,3,TRUE,2472,FALSE,0,0,1,67,4677.1
FALSE,0,6476-EPYZR,d617563f-5aa9-f111-b374-3833c5fb3aa8,0,1,TRUE,TRUE,2,20.5,0,0,0,FALSE,1,TRUE,2484,FALSE,0,0,0,12,255.5
TRUE,0,9921-ZVRHG,d717563f-5aa9-f111-b374-3833c5fb3aa8,1,0,FALSE,FALSE,1,80.45,1,1,0,TRUE,0,TRUE,2485,FALSE,0,0,0,14,1072
FALSE,0,3750-RNQKR,4218563f-5aa9-f111-b374-3833c5fb3aa8,0,0,FALSE,FALSE,2,19.45,0,0,0,FALSE,1,TRUE,2592,FALSE,0,0,0,12,246.25
FALSE,0,0820-FNRNX,6218563f-5aa9-f111-b374-3833c5fb3aa8,1,1,TRUE,TRUE,0,66.7,1,0,0,TRUE,1,TRUE,2624,FALSE,0,0,1,17,1077.05
TRUE,1,8869-TORSS,7019563f-5aa9-f111-b374-3833c5fb3aa8,1,0,FALSE,FALSE,0,60.35,0,1,1,TRUE,3,TRUE,2894,FALSE,0,0,1,48,2896.4
FALSE,1,2282-YGNOR,b61a563f-5aa9-f111-b374-3833c5fb3aa8,3,0,FALSE,FALSE,0,58,2,2,3,FALSE,3,TRUE,220,FALSE,2,2,2,29,1734.5
FALSE,2,5338-YHWYT,1a1b563f-5aa9-f111-b374-3833c5fb3aa8,2,1,TRUE,FALSE,0,61.45,2,3,3,FALSE,3,TRUE,320,FALSE,2,2,2,37,2302.35
FALSE,2,2404-JIBFC,f11b563f-5aa9-f111-b374-3833c5fb3aa8,3,0,TRUE,TRUE,0,85.1,4,2,3,TRUE,2,TRUE,535,FALSE,3,3,2,55,4657.95
FALSE,1,1121-QSIVB,6e1c563f-5aa9-f111-b374-3833c5fb3aa8,2,0,TRUE,FALSE,0,77.55,4,3,2,TRUE,1,TRUE,660,FALSE,3,3,3,44,3471.1
FALSE,2,0716-BQNDX,d61c563f-5aa9-f111-b374-3833c5fb3aa8,2,1,FALSE,FALSE,1,93.75,4,2,3,FALSE,0,TRUE,764,TRUE,3,2,2,57,5625.55
TRUE,0,1585-MQSSU,871e563f-5aa9-f111-b374-3833c5fb3aa8,2,1,FALSE,FALSE,0,51.5,2,2,2,FALSE,1,TRUE,1197,FALSE,2,2,2,17,900.5
FALSE,1,9746-UGFAC,ce1e563f-5aa9-f111-b374-3833c5fb3aa8,4,0,FALSE,FALSE,2,20.85,2,4,4,FALSE,2,TRUE,1268,FALSE,4,4,4,22,450.65
FALSE,0,9921-QFQUL,0c1f563f-5aa9-f111-b374-3833c5fb3aa8,3,0,FALSE,TRUE,1,90.15,4,2,2,FALSE,1,TRUE,1330,FALSE,3,2,3,23,2044.95
TRUE,0,2720-WGKHP,321f563f-5aa9-f111-b374-3833c5fb3aa8,2,1,FALSE,FALSE,1,94,4,2,2,TRUE,0,TRUE,1368,TRUE,3,3,3,2,181.7
TRUE,0,9317-WZPGV,ea1f563f-5aa9-f111-b374-3833c5fb3aa8,2,0,FALSE,FALSE,1,79.75,2,2,2,TRUE,2,TRUE,1552,TRUE,3,2,3,2,159.4
FALSE,0,9547-ITEFG,6111fb45-5aa9-f111-b374-3833c5fb3aa8,3,1,TRUE,TRUE,1,102.6,4,3,2,TRUE,3,TRUE,1963,FALSE,3,3,3,9,897.75
FALSE,2,7639-LIAYI,d28f5e39-5aa9-f111-b374-3833c5fb3aa8,0,1,FALSE,FALSE,0,79.75,1,1,1,TRUE,3,TRUE,48,FALSE,1,1,1,52,4217.8
TRUE,0,7028-DVOIQ,88925e39-5aa9-f111-b374-3833c5fb3aa8,1,1,FALSE,FALSE,1,99.05,1,1,0,TRUE,0,TRUE,948,TRUE,1,1,0,35,3395.8
FALSE,1,7940-UQQUG,c4975e39-5aa9-f111-b374-3833c5fb3aa8,0,0,TRUE,TRUE,1,104.4,1,1,1,TRUE,2,TRUE,1866,FALSE,1,1,1,64,6721.6
FALSE,1,5777-ZPQNC,e7975e39-5aa9-f111-b374-3833c5fb3aa8,0,0,FALSE,FALSE,2,20.15,0,0,0,FALSE,0,TRUE,1901,FALSE,0,0,0,12,260.7
FALSE,0,2538-OIMXF,2016563f-5aa9-f111-b374-3833c5fb3aa8,0,0,TRUE,FALSE,0,24.7,0,1,0,FALSE,1,FALSE,2046,FALSE,0,0,0,1,24.7
FALSE,2,2560-WBWXF,8916563f-5aa9-f111-b374-3833c5fb3aa8,0,1,FALSE,FALSE,2,24.15,1,0,0,TRUE,2,TRUE,2151,FALSE,0,0,0,68,1498.85
TRUE,0,3387-VATUS,9018563f-5aa9-f111-b374-3833c5fb3aa8,0,1,FALSE,FALSE,1,94.85,1,1,0,TRUE,2,TRUE,2727,FALSE,1,1,0,5,462.8
FALSE,0,8059-UDZFY,9519563f-5aa9-f111-b374-3833c5fb3aa8,1,0,TRUE,FALSE,1,105.35,1,0,0,TRUE,2,TRUE,2931,TRUE,1,1,0,33,3465.05
TRUE,0,9874-QLCLH,741a563f-5aa9-f111-b374-3833c5fb3aa8,3,0,TRUE,TRUE,1,104.2,4,2,3,TRUE,0,TRUE,154,FALSE,3,3,3,17,1743.5
FALSE,2,3239-TPHPZ,d21a563f-5aa9-f111-b374-3833c5fb3aa8,4,0,FALSE,TRUE,2,20.05,2,4,4,TRUE,0,TRUE,248,FALSE,4,4,4,12,264.55
FALSE,0,2824-MYYBN,711c563f-5aa9-f111-b374-3833c5fb3aa8,2,0,TRUE,TRUE,1,95.25,4,2,2,TRUE,0,TRUE,663,FALSE,3,3,3,37,3314.15
FALSE,2,5135-GRQJV,c01c563f-5aa9-f111-b374-3833c5fb3aa8,3,1,FALSE,TRUE,1,114.5,4,3,3,TRUE,1,TRUE,742,TRUE,3,3,2,72,8331.95
FALSE,2,3407-JMJQQ,db1c563f-5aa9-f111-b374-3833c5fb3aa8,3,0,TRUE,TRUE,1,109,4,3,3,TRUE,2,TRUE,769,FALSE,3,3,3,71,7661.8
TRUE,0,4786-UKSNZ,661d563f-5aa9-f111-b374-3833c5fb3aa8,4,1,FALSE,FALSE,2,20.2,2,4,4,FALSE,1,TRUE,908,FALSE,4,4,4,1,20.2
TRUE,0,6496-SLWHQ,7f1d563f-5aa9-f111-b374-3833c5fb3aa8,3,1,FALSE,FALSE,1,105,4,3,2,TRUE,0,TRUE,933,TRUE,3,3,3,3,294.45
TRUE,0,9185-TQCVP,b21d563f-5aa9-f111-b374-3833c5fb3aa8,2,1,FALSE,TRUE,1,85.15,4,2,2,TRUE,0,TRUE,984,FALSE,3,2,3,14,1139.2
FALSE,0,8573-CGOCC,291e563f-5aa9-f111-b374-3833c5fb3aa8,4,1,FALSE,FALSE,2,19.75,2,4,4,FALSE,3,TRUE,1103,FALSE,4,4,4,16,294.9
FALSE,0,6394-HHHZM,ab1e563f-5aa9-f111-b374-3833c5fb3aa8,4,1,FALSE,FALSE,2,20.7,2,4,4,FALSE,1,TRUE,1233,FALSE,4,4,4,3,57.5
FALSE,1,6576-FBXOJ,af1f563f-5aa9-f111-b374-3833c5fb3aa8,3,1,FALSE,TRUE,0,54.6,3,2,2,FALSE,0,FALSE,1493,FALSE,3,3,2,17,934.8
FALSE,1,8969-PRHFK,ed1f563f-5aa9-f111-b374-3833c5fb3aa8,4,1,FALSE,FALSE,2,19.65,2,4,4,FALSE,1,TRUE,1555,FALSE,4,4,4,18,411.25
FALSE,2,5647-URDKA,fa1f563f-5aa9-f111-b374-3833c5fb3aa8,4,1,TRUE,TRUE,2,19.7,2,4,4,FALSE,1,TRUE,1568,FALSE,4,4,4,8,130.25
FALSE,0,5850-BDWCY,4c20563f-5aa9-f111-b374-3833c5fb3aa8,4,0,FALSE,FALSE,2,20.2,2,4,4,FALSE,1,TRUE,1650,FALSE,4,4,4,6,123.65
TRUE,1,1113-IUJYX,e220563f-5aa9-f111-b374-3833c5fb3aa8,2,0,FALSE,TRUE,1,105.95,2,3,3,FALSE,1,TRUE,1800,FALSE,3,3,2,14,1348.9
TRUE,0,8775-CEBBJ,c110fb45-5aa9-f111-b374-3833c5fb3aa8,2,0,FALSE,FALSE,0,44.2,2,2,2,TRUE,2,TRUE,2026,FALSE,2,2,3,9,403.35
FALSE,0,6229-LSCKB,e310fb45-5aa9-f111-b374-3833c5fb3aa8,2,1,FALSE,FALSE,1,79.7,2,2,2,TRUE,0,TRUE,1837,TRUE,2,3,3,6,497.6
TRUE,0,7142-HVGBG,3011fb45-5aa9-f111-b374-3833c5fb3aa8,3,1,FALSE,TRUE,1,103,4,3,2,TRUE,0,TRUE,1914,TRUE,3,3,3,43,4414.3
TRUE,0,1450-SKCVI,3c11fb45-5aa9-f111-b374-3833c5fb3aa8,2,0,FALSE,FALSE,1,73.85,2,3,2,TRUE,0,TRUE,1926,FALSE,2,2,3,56,4092.85
FALSE,2,8966-SNIZF,308e5e39-5aa9-f111-b374-3833c5fb3aa8,0,0,FALSE,TRUE,2,19.45,0,0,0,FALSE,2,TRUE,347,FALSE,0,0,0,70,1303.5
FALSE,0,4847-TAJYI,9b8f5e39-5aa9-f111-b374-3833c5fb3aa8,0,0,FALSE,FALSE,1,89.35,0,1,0,TRUE,0,TRUE,293,TRUE,1,1,0,6,567.8
FALSE,1,6815-ABQFQ,a6905e39-5aa9-f111-b374-3833c5fb3aa8,0,1,FALSE,TRUE,1,107.25,1,0,0,TRUE,0,TRUE,560,FALSE,1,1,1,56,6033.3
FALSE,0,3509-GWQGF,ff905e39-5aa9-f111-b374-3833c5fb3aa8,0,1,FALSE,FALSE,1,70,0,1,0,FALSE,3,TRUE,649,TRUE,0,0,0,24,1732.6
TRUE,0,9448-REEVD,8f925e39-5aa9-f111-b374-3833c5fb3aa8,0,1,FALSE,TRUE,0,44.7,0,1,0,FALSE,3,TRUE,955,FALSE,0,0,0,1,44.7
FALSE,2,9778-OGKQZ,db925e39-5aa9-f111-b374-3833c5fb3aa8,1,1,FALSE,TRUE,0,92,1,0,1,TRUE,3,TRUE,848,FALSE,1,1,1,72,6782.15
FALSE,2,4159-NAAIX,c5935e39-5aa9-f111-b374-3833c5fb3aa8,0,0,FALSE,FALSE,1,97.45,1,0,0,FALSE,2,TRUE,1106,FALSE,1,1,0,63,6253
TRUE,0,9763-PDTKK,cd935e39-5aa9-f111-b374-3833c5fb3aa8,1,0,FALSE,FALSE,1,94.4,0,1,1,TRUE,2,TRUE,1111,FALSE,1,0,1,4,387.2
TRUE,0,1092-GANHU,5f965e39-5aa9-f111-b374-3833c5fb3aa8,1,1,FALSE,FALSE,1,76.65,0,1,0,TRUE,0,TRUE,1509,FALSE,0,0,0,17,1313.55
FALSE,2,5816-JMLGY,b9965e39-5aa9-f111-b374-3833c5fb3aa8,1,0,TRUE,TRUE,0,80.4,0,0,0,TRUE,2,TRUE,1599,FALSE,1,1,1,70,5717.85
FALSE,2,7359-WWYJV,17975e39-5aa9-f111-b374-3833c5fb3aa8,1,1,FALSE,TRUE,1,114.45,1,0,1,FALSE,3,TRUE,1693,FALSE,1,1,1,72,8375.05
FALSE,2,2418-TPEUN,4b975e39-5aa9-f111-b374-3833c5fb3aa8,0,0,TRUE,TRUE,2,19.8,0,0,0,TRUE,3,TRUE,1745,FALSE,0,0,0,56,1119.9
FALSE,1,3055-VTCGS,62975e39-5aa9-f111-b374-3833c5fb3aa8,1,0,FALSE,FALSE,0,58.55,0,1,0,FALSE,3,TRUE,1768,FALSE,1,0,0,63,3503.5
FALSE,2,4195-PNGZS,af16563f-5aa9-f111-b374-3833c5fb3aa8,0,1,TRUE,TRUE,2,24.45,1,0,0,FALSE,2,TRUE,2189,FALSE,0,0,0,69,1718.2
FALSE,1,2212-LYASK,df16563f-5aa9-f111-b374-3833c5fb3aa8,1,1,TRUE,TRUE,0,45.85,0,0,0,TRUE,3,FALSE,2237,FALSE,1,0,0,27,1246.4
FALSE,0,5133-VRSAB,f418563f-5aa9-f111-b374-3833c5fb3aa8,0,1,FALSE,FALSE,0,29.35,0,1,1,FALSE,1,FALSE,2712,FALSE,0,0,0,8,216.45
FALSE,0,5533-NHFRF,fb18563f-5aa9-f111-b374-3833c5fb3aa8,0,1,FALSE,FALSE,0,44.4,0,0,0,TRUE,0,FALSE,2781,TRUE,1,0,1,7,265.8
TRUE,0,0495-RVCBF,6d19563f-5aa9-f111-b374-3833c5fb3aa8,0,0,FALSE,FALSE,1,79.7,0,1,0,TRUE,0,TRUE,2891,FALSE,1,0,0,1,79.7
TRUE,0,8020-BWHYL,551a563f-5aa9-f111-b374-3833c5fb3aa8,2,0,FALSE,FALSE,1,75.3,2,3,2,TRUE,3,TRUE,123,TRUE,2,2,3,15,1147.45
TRUE,0,2982-VPSGI,571a563f-5aa9-f111-b374-3833c5fb3aa8,2,0,FALSE,TRUE,1,94,4,2,2,TRUE,0,TRUE,125,FALSE,3,3,3,11,1078.9
FALSE,1,3850-OKINF,5e1a563f-5aa9-f111-b374-3833c5fb3aa8,2,1,TRUE,TRUE,0,66.2,4,2,3,TRUE,0,TRUE,132,FALSE,2,3,3,71,4692.55
FALSE,0,8048-DSDFQ,d41b563f-5aa9-f111-b374-3833c5fb3aa8,4,1,FALSE,FALSE,2,20.2,2,4,4,FALSE,1,TRUE,506,FALSE,4,4,4,1,20.2
FALSE,1,4619-EVPHY,451c563f-5aa9-f111-b374-3833c5fb3aa8,2,0,FALSE,TRUE,1,91,2,2,2,TRUE,2,TRUE,619,TRUE,3,3,3,20,1859.5
FALSE,0,6476-YHMGA,971c563f-5aa9-f111-b374-3833c5fb3aa8,3,0,TRUE,TRUE,0,76.5,2,3,2,FALSE,2,TRUE,701,FALSE,3,3,2,15,1155.6
FALSE,0,1628-BIZYP,631d563f-5aa9-f111-b374-3833c5fb3aa8,2,1,FALSE,FALSE,1,85,2,3,2,TRUE,0,TRUE,905,FALSE,3,2,3,1,85
FALSE,1,5343-SGUBI,671d563f-5aa9-f111-b374-3833c5fb3aa8,2,0,FALSE,FALSE,1,80.2,4,3,2,TRUE,1,TRUE,909,FALSE,2,2,3,52,4297.6
FALSE,1,6198-PNNSZ,411e563f-5aa9-f111-b374-3833c5fb3aa8,3,0,FALSE,TRUE,1,109.8,4,3,3,FALSE,2,TRUE,1127,FALSE,3,3,3,56,6109.65
FALSE,2,3249-VHRIP,081f563f-5aa9-f111-b374-3833c5fb3aa8,3,0,FALSE,FALSE,0,43.6,3,3,2,TRUE,3,FALSE,1326,FALSE,3,2,3,62,2748.7
FALSE,1,0835-DUUIQ,80925e39-5aa9-f111-b374-3833c5fb3aa8,0,0,TRUE,FALSE,2,21.05,0,0,0,FALSE,2,TRUE,940,FALSE,0,0,0,24,531.55
FALSE,0,6231-WFGFH,86925e39-5aa9-f111-b374-3833c5fb3aa8,0,1,TRUE,TRUE,2,20.5,0,0,0,TRUE,1,TRUE,946,FALSE,0,0,0,4,77.6
FALSE,0,5382-SOYZL,8e925e39-5aa9-f111-b374-3833c5fb3aa8,0,1,FALSE,FALSE,1,95.1,1,1,0,TRUE,0,TRUE,954,FALSE,1,1,0,22,2162.6
FALSE,2,5318-YKDPV,a7925e39-5aa9-f111-b374-3833c5fb3aa8,1,1,TRUE,TRUE,0,79.15,0,1,1,TRUE,3,TRUE,821,FALSE,1,1,1,43,3566.6
FALSE,2,3084-DOWLE,cd955e39-5aa9-f111-b374-3833c5fb3aa8,1,0,FALSE,TRUE,0,92,1,0,1,FALSE,2,TRUE,1363,FALSE,1,1,1,72,6474.4
TRUE,0,9851-QXEEQ,40965e39-5aa9-f111-b374-3833c5fb3aa8,1,1,FALSE,FALSE,1,104.7,1,0,0,TRUE,0,TRUE,1478,FALSE,1,1,0,41,4346.4
FALSE,2,7941-RCJOW,bf965e39-5aa9-f111-b374-3833c5fb3aa8,0,1,FALSE,FALSE,2,19.55,0,0,0,TRUE,3,TRUE,1605,FALSE,0,0,0,65,1218.65
FALSE,2,6181-AXXYF,6c975e39-5aa9-f111-b374-3833c5fb3aa8,0,1,TRUE,TRUE,2,24.75,1,0,0,FALSE,3,TRUE,1778,FALSE,0,0,0,72,1859.1
FALSE,2,0854-UYHZD,b315563f-5aa9-f111-b374-3833c5fb3aa8,0,0,TRUE,TRUE,2,19.55,0,0,0,FALSE,1,TRUE,1937,FALSE,0,0,0,13,265.3
FALSE,0,0248-IPDFW,8a16563f-5aa9-f111-b374-3833c5fb3aa8,0,0,FALSE,FALSE,0,50.1,1,1,0,TRUE,0,TRUE,2152,FALSE,0,0,0,1,50.1
FALSE,2,8879-XUAHX,ad16563f-5aa9-f111-b374-3833c5fb3aa8,1,1,FALSE,TRUE,1,116.25,1,0,1,TRUE,0,TRUE,2187,FALSE,1,1,1,71,8564.75
TRUE,0,6140-QNRQQ,0d17563f-5aa9-f111-b374-3833c5fb3aa8,0,1,FALSE,FALSE,1,71.55,0,1,0,TRUE,1,TRUE,2283,FALSE,0,0,0,1,71.55
FALSE,0,4986-MXSFP,7918563f-5aa9-f111-b374-3833c5fb3aa8,0,0,FALSE,FALSE,2,20,0,0,0,TRUE,1,TRUE,2647,FALSE,0,0,0,2,40.9
FALSE,2,6484-LATFU,1f19563f-5aa9-f111-b374-3833c5fb3aa8,0,1,FALSE,FALSE,2,24.55,1,0,0,FALSE,1,TRUE,2813,FALSE,0,0,0,68,1657.4
FALSE,2,5248-RPYWW,6619563f-5aa9-f111-b374-3833c5fb3aa8,1,0,TRUE,TRUE,0,90.15,1,0,1,TRUE,2,TRUE,2884,TRUE,1,1,1,72,6716.45
TRUE,0,7780-OTDSO,7e19563f-5aa9-f111-b374-3833c5fb3aa8,0,1,FALSE,TRUE,1,99.4,1,1,0,TRUE,0,TRUE,2908,FALSE,1,1,0,18,1742.95
FALSE,0,2674-MIAHT,af19563f-5aa9-f111-b374-3833c5fb3aa8,0,0,FALSE,FALSE,1,80.3,1,0,0,TRUE,1,TRUE,2957,FALSE,0,0,0,4,324.2
TRUE,0,8943-URTMR,ff19563f-5aa9-f111-b374-3833c5fb3aa8,2,0,FALSE,FALSE,1,79.65,2,2,2,TRUE,1,TRUE,37,FALSE,2,3,3,2,152.7
FALSE,2,6892-BOGQE,1e1a563f-5aa9-f111-b374-3833c5fb3aa8,4,0,FALSE,TRUE,2,20.9,2,4,4,TRUE,2,TRUE,68,FALSE,4,4,4,71,1493.2
FALSE,0,8739-QOTTN,311a563f-5aa9-f111-b374-3833c5fb3aa8,4,0,FALSE,TRUE,2,20.35,2,4,4,FALSE,1,TRUE,87,FALSE,4,4,4,2,41.85
FALSE,1,3858-XHYJO,c41a563f-5aa9-f111-b374-3833c5fb3aa8,3,0,FALSE,TRUE,1,105.75,4,2,3,FALSE,2,TRUE,234,FALSE,3,3,3,40,4228.55
FALSE,1,1333-PBMXB,e71b563f-5aa9-f111-b374-3833c5fb3aa8,4,0,TRUE,TRUE,2,24.75,4,4,4,TRUE,2,TRUE,525,FALSE,4,4,4,54,1342.15
TRUE,0,5057-LCOUI,851c563f-5aa9-f111-b374-3833c5fb3aa8,3,0,FALSE,FALSE,0,50.75,3,2,2,TRUE,0,FALSE,683,FALSE,3,3,3,39,2011.4
TRUE,0,4581-SSPWD,271d563f-5aa9-f111-b374-3833c5fb3aa8,2,0,FALSE,FALSE,1,75.8,4,2,2,TRUE,0,TRUE,845,FALSE,2,2,3,3,246.3
FALSE,0,2621-UDNLU,3b1d563f-5aa9-f111-b374-3833c5fb3aa8,4,0,FALSE,TRUE,2,20.85,2,4,4,FALSE,1,TRUE,865,FALSE,4,4,4,3,72
FALSE,0,2122-YWVYA,431d563f-5aa9-f111-b374-3833c5fb3aa8,2,0,FALSE,FALSE,1,75.4,2,2,3,TRUE,0,TRUE,873,FALSE,2,2,3,18,1380.4
FALSE,0,9374-YOLBJ,bd1e563f-5aa9-f111-b374-3833c5fb3aa8,4,0,TRUE,TRUE,2,19.25,2,4,4,FALSE,0,TRUE,1251,FALSE,4,4,4,1,19.25
TRUE,0,9210-IAHGH,1720563f-5aa9-f111-b374-3833c5fb3aa8,2,0,FALSE,FALSE,0,70.75,2,2,2,TRUE,3,TRUE,1597,FALSE,3,3,2,7,450.8
FALSE,2,1116-DXXDF,ea20563f-5aa9-f111-b374-3833c5fb3aa8,3,1,FALSE,FALSE,1,100.45,2,2,3,TRUE,0,TRUE,1808,FALSE,3,3,3,39,3801.7
FALSE,2,9586-JGQKH,8811fb45-5aa9-f111-b374-3833c5fb3aa8,2,0,FALSE,TRUE,1,105.4,4,3,2,TRUE,2,TRUE,2002,FALSE,3,3,2,64,6794.75
FALSE,1,7654-YWJUF,848e5e39-5aa9-f111-b374-3833c5fb3aa8,1,1,FALSE,TRUE,1,84.25,0,1,1,TRUE,2,TRUE,170,FALSE,0,0,1,43,3539.25
FALSE,2,8204-YJCLA,bc8e5e39-5aa9-f111-b374-3833c5fb3aa8,1,1,TRUE,TRUE,0,64.8,0,0,1,TRUE,2,FALSE,382,TRUE,1,1,1,72,4732.35
FALSE,1,0810-BDHAW,8a915e39-5aa9-f111-b374-3833c5fb3aa8,0,0,TRUE,TRUE,0,78.4,1,0,1,FALSE,0,TRUE,788,FALSE,1,1,0,24,1832.4
TRUE,0,6240-EURKS,f4955e39-5aa9-f111-b374-3833c5fb3aa8,0,0,TRUE,FALSE,0,35,0,1,0,TRUE,0,FALSE,1402,FALSE,1,0,0,18,553
FALSE,2,5014-GSOUQ,57965e39-5aa9-f111-b374-3833c5fb3aa8,0,1,FALSE,FALSE,2,19.95,0,0,0,FALSE,1,TRUE,1501,FALSE,0,0,0,13,243.65
FALSE,2,3500-NSDOA,f5965e39-5aa9-f111-b374-3833c5fb3aa8,0,1,TRUE,TRUE,0,70.8,1,0,0,FALSE,3,TRUE,1659,FALSE,1,0,1,68,4859.95
FALSE,0,4450-MDZFX,94975e39-5aa9-f111-b374-3833c5fb3aa8,0,1,TRUE,TRUE,1,74.35,1,1,0,FALSE,2,TRUE,1818,FALSE,0,0,0,60,4453.3
FALSE,0,3537-RYBHH,b4975e39-5aa9-f111-b374-3833c5fb3aa8,1,0,FALSE,TRUE,0,67.45,1,0,1,TRUE,3,TRUE,1850,TRUE,0,0,0,47,3252
FALSE,0,8378-LKJAF,d016563f-5aa9-f111-b374-3833c5fb3aa8,1,1,TRUE,TRUE,1,101.15,1,1,0,TRUE,3,TRUE,2222,FALSE,1,1,0,38,3956.7
FALSE,1,2577-GVSIL,2d17563f-5aa9-f111-b374-3833c5fb3aa8,0,1,TRUE,TRUE,0,73.45,1,1,0,TRUE,2,TRUE,2315,FALSE,1,1,1,35,2661.1
FALSE,2,3612-YVGSJ,0518563f-5aa9-f111-b374-3833c5fb3aa8,0,0,FALSE,TRUE,2,24.45,1,0,0,TRUE,3,TRUE,2531,FALSE,0,0,0,71,1681.6
FALSE,2,6461-SZMCV,d518563f-5aa9-f111-b374-3833c5fb3aa8,1,0,FALSE,TRUE,0,87.95,1,0,1,FALSE,2,TRUE,2697,FALSE,1,1,1,71,6365.35
FALSE,0,9375-MHRRS,ed18563f-5aa9-f111-b374-3833c5fb3aa8,0,1,FALSE,FALSE,0,50.05,0,1,0,FALSE,1,TRUE,2774,FALSE,0,0,1,6,288.35
FALSE,1,6584-VQMYT,0419563f-5aa9-f111-b374-3833c5fb3aa8,0,1,TRUE,FALSE,0,56.2,0,0,1,FALSE,1,TRUE,2786,FALSE,0,0,0,27,1567.55
FALSE,0,8023-QHAIO,0c1c563f-5aa9-f111-b374-3833c5fb3aa8,2,0,FALSE,TRUE,1,76.85,4,2,2,TRUE,2,TRUE,562,TRUE,2,2,2,56,4275.75
FALSE,1,2877-VDUER,331c563f-5aa9-f111-b374-3833c5fb3aa8,2,0,TRUE,TRUE,0,40.9,3,2,2,FALSE,1,FALSE,601,FALSE,2,3,2,35,1383.6
FALSE,0,4815-GBTCD,ee1c563f-5aa9-f111-b374-3833c5fb3aa8,2,0,FALSE,TRUE,0,25.15,3,2,2,TRUE,0,FALSE,788,FALSE,2,2,3,4,99.95
FALSE,1,1480-IVEVR,251d563f-5aa9-f111-b374-3833c5fb3aa8,3,1,FALSE,TRUE,1,81.6,4,2,2,TRUE,2,TRUE,843,TRUE,2,2,3,35,2815.25
TRUE,0,6776-TLWOI,5f1e563f-5aa9-f111-b374-3833c5fb3aa8,4,1,FALSE,FALSE,2,19.85,2,4,4,FALSE,1,TRUE,1157,FALSE,4,4,4,3,64.55
FALSE,1,8080-POTJR,7b20563f-5aa9-f111-b374-3833c5fb3aa8,3,0,FALSE,FALSE,0,79.3,4,2,3,FALSE,3,TRUE,1697,FALSE,3,3,3,30,2427.1
TRUE,0,9940-HPQPG,e910fb45-5aa9-f111-b374-3833c5fb3aa8,3,0,FALSE,TRUE,1,91.75,4,3,3,FALSE,2,TRUE,1843,FALSE,2,2,3,9,865.8
FALSE,0,2363-BJLSL,1f11fb45-5aa9-f111-b374-3833c5fb3aa8,3,1,FALSE,FALSE,0,80.4,2,3,2,TRUE,2,TRUE,1897,FALSE,3,3,2,62,4981.15
TRUE,1,4174-LPGTI,8211fb45-5aa9-f111-b374-3833c5fb3aa8,2,0,TRUE,TRUE,0,66.5,2,3,2,TRUE,2,TRUE,1996,FALSE,3,2,2,41,2728.6
TRUE,0,6304-IJFSQ,8711fb45-5aa9-f111-b374-3833c5fb3aa8,2,1,FALSE,FALSE,0,49.9,2,3,2,TRUE,1,TRUE,2001,FALSE,2,2,3,3,130.1
FALSE,0,6380-ARCEH,06905e39-5aa9-f111-b374-3833c5fb3aa8,0,1,FALSE,FALSE,2,20.2,0,0,0,FALSE,1,TRUE,100,FALSE,0,0,0,1,20.2
FALSE,2,8402-OOOHJ,18905e39-5aa9-f111-b374-3833c5fb3aa8,0,0,FALSE,FALSE,2,20.65,0,0,0,FALSE,1,TRUE,118,FALSE,0,0,0,41,835.15
FALSE,0,4109-CYRBD,7f905e39-5aa9-f111-b374-3833c5fb3aa8,0,1,FALSE,TRUE,0,51.6,1,1,0,TRUE,0,TRUE,521,TRUE,0,0,0,29,1442
FALSE,1,4676-MQUEA,9a905e39-5aa9-f111-b374-3833c5fb3aa8,1,1,FALSE,TRUE,1,101.9,1,0,1,TRUE,2,TRUE,548,TRUE,0,1,0,50,5265.5
FALSE,0,5173-WXOQV,91915e39-5aa9-f111-b374-3833c5fb3aa8,0,1,FALSE,TRUE,0,64.2,0,0,0,TRUE,1,TRUE,795,FALSE,1,0,1,2,143.65
FALSE,0,8942-DBMHZ,6b925e39-5aa9-f111-b374-3833c5fb3aa8,0,1,FALSE,FALSE,2,20.45,0,0,0,FALSE,1,TRUE,921,FALSE,0,0,0,12,255.35
FALSE,0,1257-SXUXQ,72955e39-5aa9-f111-b374-3833c5fb3aa8,0,1,TRUE,TRUE,2,19.45,0,0,0,FALSE,1,TRUE,1272,FALSE,0,0,0,5,86.05
FALSE,1,5035-PGZXH,49965e39-5aa9-f111-b374-3833c5fb3aa8,1,0,FALSE,FALSE,1,106.8,1,0,0,TRUE,0,TRUE,1487,FALSE,1,1,0,56,5914.4
FALSE,0,7776-QGYJC,8b965e39-5aa9-f111-b374-3833c5fb3aa8,1,0,TRUE,TRUE,1,81.5,0,1,0,TRUE,2,TRUE,1553,FALSE,0,0,1,39,3107.3
FALSE,0,9281-PKKZE,e0975e39-5aa9-f111-b374-3833c5fb3aa8,0,0,FALSE,TRUE,0,43.95,0,1,0,TRUE,0,FALSE,1894,FALSE,1,1,0,46,2007.85
FALSE,1,1964-SVLEA,af15563f-5aa9-f111-b374-3833c5fb3aa8,0,1,FALSE,FALSE,2,19.7,0,0,0,TRUE,1,TRUE,1933,FALSE,0,0,0,20,415.9
FALSE,0,7449-HVPIV,bc15563f-5aa9-f111-b374-3833c5fb3aa8,1,1,TRUE,TRUE,1,90.4,1,1,0,TRUE,3,TRUE,1946,FALSE,0,1,0,55,5099.15
TRUE,0,3106-ULWFW,5a16563f-5aa9-f111-b374-3833c5fb3aa8,0,0,FALSE,TRUE,1,85.2,1,1,0,TRUE,3,TRUE,2104,FALSE,1,0,0,8,627.4
FALSE,1,6551-ZCOTS,1b1a563f-5aa9-f111-b374-3833c5fb3aa8,4,1,FALSE,FALSE,2,24.9,4,4,4,TRUE,2,TRUE,65,TRUE,4,4,4,33,847.8
FALSE,0,8044-BGWPI,bc1a563f-5aa9-f111-b374-3833c5fb3aa8,4,1,TRUE,TRUE,2,21.15,2,4,4,TRUE,0,TRUE,226,FALSE,4,4,4,12,306.05
FALSE,2,6370-ZVHDV,791c563f-5aa9-f111-b374-3833c5fb3aa8,4,0,FALSE,TRUE,2,25.3,4,4,4,FALSE,2,TRUE,671,FALSE,4,4,4,61,1554.9
FALSE,0,1360-RCYRT,c81d563f-5aa9-f111-b374-3833c5fb3aa8,2,1,TRUE,TRUE,0,30.35,3,2,2,TRUE,2,FALSE,1006,FALSE,2,2,2,23,678.75
TRUE,0,2027-OAQQC,e01d563f-5aa9-f111-b374-3833c5fb3aa8,3,0,FALSE,FALSE,0,49.05,3,2,2,TRUE,2,FALSE,1030,FALSE,3,3,3,43,2076.2
FALSE,2,3726-TBHQT,491e563f-5aa9-f111-b374-3833c5fb3aa8,3,1,TRUE,TRUE,1,114,4,3,3,TRUE,2,TRUE,1135,FALSE,3,3,2,71,8175.9
FALSE,0,4343-EJVQB,631e563f-5aa9-f111-b374-3833c5fb3aa8,2,1,FALSE,FALSE,1,74.35,2,2,3,FALSE,1,TRUE,1161,FALSE,2,2,3,7,533.6
FALSE,0,3278-FSIXX,cb1e563f-5aa9-f111-b374-3833c5fb3aa8,2,0,FALSE,FALSE,0,45.25,2,2,2,TRUE,1,TRUE,1265,FALSE,2,2,3,2,74.2
TRUE,0,1963-VAUKV,461f563f-5aa9-f111-b374-3833c5fb3aa8,4,0,FALSE,FALSE,2,20.4,2,4,4,FALSE,1,TRUE,1388,FALSE,4,4,4,1,20.4
FALSE,1,1545-ACTAS,1a11fb45-5aa9-f111-b374-3833c5fb3aa8,3,0,TRUE,TRUE,1,99.7,2,2,3,TRUE,2,TRUE,1892,FALSE,3,3,3,48,4977.2
FALSE,2,1304-SEGFY,3111fb45-5aa9-f111-b374-3833c5fb3aa8,3,0,FALSE,TRUE,1,97.85,4,2,2,TRUE,0,TRUE,1915,FALSE,3,3,3,72,6841.3
FALSE,1,2750-BJLSB,5211fb45-5aa9-f111-b374-3833c5fb3aa8,3,0,FALSE,FALSE,1,103.7,2,2,3,TRUE,0,TRUE,1948,FALSE,3,3,2,47,4730.6
FALSE,0,9092-GDZKO,17915e39-5aa9-f111-b374-3833c5fb3aa8,0,1,FALSE,FALSE,2,24.85,1,0,0,TRUE,3,TRUE,673,FALSE,0,0,0,22,493.4
FALSE,0,1216-JWVUX,52915e39-5aa9-f111-b374-3833c5fb3aa8,0,1,TRUE,TRUE,1,75.5,0,0,0,TRUE,0,TRUE,732,FALSE,0,0,0,25,1901.05
TRUE,1,3927-NLNRY,f6935e39-5aa9-f111-b374-3833c5fb3aa8,0,1,FALSE,TRUE,1,94.25,0,0,0,TRUE,2,TRUE,1202,FALSE,1,1,0,53,4867.95
FALSE,1,2788-CJQAQ,4f955e39-5aa9-f111-b374-3833c5fb3aa8,0,1,FALSE,FALSE,2,19.45,0,0,0,FALSE,1,TRUE,1237,FALSE,0,0,0,13,270.2
FALSE,0,2373-NTKOD,f5955e39-5aa9-f111-b374-3833c5fb3aa8,0,1,FALSE,FALSE,0,66.25,0,1,0,TRUE,0,TRUE,1403,FALSE,1,1,0,8,546.45
TRUE,0,6326-MTTXK,7c965e39-5aa9-f111-b374-3833c5fb3aa8,0,1,FALSE,FALSE,1,100.85,1,0,0,FALSE,0,TRUE,1538,FALSE,1,1,0,8,819.55
TRUE,0,5047-LHVLY,00975e39-5aa9-f111-b374-3833c5fb3aa8,1,1,TRUE,FALSE,0,50.15,0,1,0,TRUE,1,TRUE,1670,TRUE,0,0,0,1,50.15
FALSE,2,4193-IBKSW,7b975e39-5aa9-f111-b374-3833c5fb3aa8,0,1,TRUE,TRUE,2,24.75,1,0,0,FALSE,2,TRUE,1793,FALSE,0,0,0,72,1769.6
FALSE,2,1098-KFQEC,b1975e39-5aa9-f111-b374-3833c5fb3aa8,0,0,TRUE,TRUE,2,19.4,0,0,0,FALSE,3,TRUE,1847,FALSE,0,0,0,55,1083
TRUE,0,9614-RMGHA,c015563f-5aa9-f111-b374-3833c5fb3aa8,0,1,FALSE,TRUE,1,91.85,1,0,0,TRUE,2,TRUE,1950,FALSE,0,1,0,65,5940.85
FALSE,0,7978-DKUQH,8b16563f-5aa9-f111-b374-3833c5fb3aa8,1,0,FALSE,TRUE,1,74.6,0,1,0,TRUE,0,TRUE,2153,FALSE,0,0,0,25,1797.75
TRUE,0,2027-FECZV,1817563f-5aa9-f111-b374-3833c5fb3aa8,1,1,FALSE,FALSE,1,106.7,1,0,0,TRUE,0,TRUE,2294,FALSE,1,1,0,12,1253.9
FALSE,0,3893-JRNFS,9717563f-5aa9-f111-b374-3833c5fb3aa8,1,1,FALSE,FALSE,0,39.9,0,1,0,TRUE,2,FALSE,2421,FALSE,1,0,0,68,2796.35
FALSE,2,1088-AUUZZ,d117563f-5aa9-f111-b374-3833c5fb3aa8,0,1,TRUE,TRUE,0,75.85,1,0,1,TRUE,3,TRUE,2479,FALSE,1,0,1,56,4261.2
TRUE,0,8178-EYZUO,2218563f-5aa9-f111-b374-3833c5fb3aa8,0,1,FALSE,FALSE,1,93.7,1,0,1,TRUE,0,TRUE,2560,FALSE,1,0,0,46,4154.8
FALSE,0,2480-SQIOB,871a563f-5aa9-f111-b374-3833c5fb3aa8,2,1,TRUE,TRUE,0,44.8,2,2,2,FALSE,0,TRUE,173,FALSE,2,2,3,4,169.65
TRUE,0,2207-OBZNX,a41b563f-5aa9-f111-b374-3833c5fb3aa8,2,1,FALSE,FALSE,0,51,2,2,3,TRUE,1,TRUE,458,FALSE,2,2,3,7,354.05
TRUE,0,3803-KMQFW,f61b563f-5aa9-f111-b374-3833c5fb3aa8,4,0,TRUE,TRUE,2,20.55,2,4,4,FALSE,1,TRUE,540,FALSE,4,4,4,1,20.55
FALSE,0,0168-XZKBB,9a1c563f-5aa9-f111-b374-3833c5fb3aa8,2,0,FALSE,TRUE,1,86.85,4,2,2,TRUE,0,TRUE,704,FALSE,2,3,3,19,1564.4
FALSE,2,5614-DNZCE,441e563f-5aa9-f111-b374-3833c5fb3aa8,3,0,FALSE,FALSE,0,64.9,2,3,3,TRUE,3,TRUE,1130,FALSE,2,2,2,58,3795.45
TRUE,0,1260-TTRXI,731e563f-5aa9-f111-b374-3833c5fb3aa8,2,1,FALSE,FALSE,0,54.3,2,2,2,FALSE,0,TRUE,1177,FALSE,3,2,3,4,195.3
TRUE,0,8111-RKSPX,851e563f-5aa9-f111-b374-3833c5fb3aa8,2,1,FALSE,FALSE,1,72.2,4,2,2,TRUE,2,TRUE,1195,FALSE,2,2,3,4,305.55
FALSE,0,5339-PXDVH,7f1f563f-5aa9-f111-b374-3833c5fb3aa8,2,1,FALSE,FALSE,1,90.65,4,2,3,FALSE,0,TRUE,1445,FALSE,2,3,3,4,367.95
FALSE,1,5297-MDOIR,0611fb45-5aa9-f111-b374-3833c5fb3aa8,3,0,FALSE,TRUE,1,81.15,2,2,3,TRUE,3,TRUE,1872,FALSE,2,2,3,63,5224.5
TRUE,0,1041-RXHRA,2911fb45-5aa9-f111-b374-3833c5fb3aa8,2,0,FALSE,FALSE,1,70.25,2,2,2,FALSE,2,TRUE,1907,FALSE,2,2,3,41,2868.05
FALSE,1,6598-KELSS,6411fb45-5aa9-f111-b374-3833c5fb3aa8,2,1,TRUE,FALSE,0,43.05,3,3,3,TRUE,2,FALSE,1966,FALSE,2,3,3,50,2208.05
FALSE,1,1950-KSVVJ,7e8f5e39-5aa9-f111-b374-3833c5fb3aa8,1,0,FALSE,TRUE,1,113.3,1,0,1,FALSE,1,TRUE,264,FALSE,1,1,1,45,5032.25
FALSE,2,5736-YEJAX,6e905e39-5aa9-f111-b374-3833c5fb3aa8,1,1,TRUE,FALSE,0,79.45,1,0,1,TRUE,3,TRUE,504,FALSE,0,1,1,69,5502.55
FALSE,2,7293-LSCDV,b0905e39-5aa9-f111-b374-3833c5fb3aa8,0,0,TRUE,TRUE,2,19.25,0,0,0,TRUE,3,TRUE,570,FALSE,0,0,0,60,1103.25
TRUE,0,0195-IESCP,f5905e39-5aa9-f111-b374-3833c5fb3aa8,0,1,FALSE,TRUE,1,85.25,1,1,0,TRUE,0,TRUE,639,FALSE,1,0,0,10,855.3
TRUE,0,3643-AHCFP,b1925e39-5aa9-f111-b374-3833c5fb3aa8,0,1,FALSE,TRUE,1,95.6,1,1,0,TRUE,2,TRUE,826,TRUE,1,1,0,7,644.35
FALSE,0,6259-WJQLC,1a935e39-5aa9-f111-b374-3833c5fb3aa8,1,1,FALSE,FALSE,1,81.1,1,1,0,TRUE,3,TRUE,892,TRUE,0,0,0,32,2619.25
FALSE,1,3161-ONRWK,a3955e39-5aa9-f111-b374-3833c5fb3aa8,1,1,TRUE,TRUE,0,65.85,0,0,1,TRUE,2,TRUE,1321,FALSE,0,0,1,60,3928.3
FALSE,0,2796-UUZZO,7e965e39-5aa9-f111-b374-3833c5fb3aa8,1,1,TRUE,TRUE,1,80.3,0,0,0,TRUE,3,TRUE,1540,FALSE,0,0,0,63,4896.35
TRUE,0,1157-BQCUW,93965e39-5aa9-f111-b374-3833c5fb3aa8,0,1,FALSE,FALSE,1,74.95,1,1,0,TRUE,0,TRUE,1561,FALSE,0,0,0,1,74.95
FALSE,0,9659-QEQSY,fe965e39-5aa9-f111-b374-3833c5fb3aa8,1,0,FALSE,FALSE,1,115.65,1,0,1,TRUE,0,TRUE,1668,FALSE,1,1,1,45,5125.5
FALSE,1,5451-MHQOF,0a975e39-5aa9-f111-b374-3833c5fb3aa8,0,1,TRUE,TRUE,2,24.45,1,0,0,TRUE,1,TRUE,1680,FALSE,0,0,0,56,1431.65
FALSE,1,2430-RRYUW,ce15563f-5aa9-f111-b374-3833c5fb3aa8,0,1,FALSE,FALSE,0,54.8,0,0,1,TRUE,1,TRUE,1964,FALSE,0,0,0,66,3465.7
FALSE,0,6164-HXUGH,cb17563f-5aa9-f111-b374-3833c5fb3aa8,0,0,TRUE,TRUE,2,19.85,0,0,0,FALSE,1,TRUE,2473,FALSE,0,0,0,6,119.3
FALSE,2,8735-SDUFN,ec17563f-5aa9-f111-b374-3833c5fb3aa8,0,0,FALSE,TRUE,2,24.3,1,0,0,FALSE,2,TRUE,2506,TRUE,0,0,0,72,1778.7
TRUE,0,5373-SFODM,fb17563f-5aa9-f111-b374-3833c5fb3aa8,0,1,FALSE,TRUE,1,85.25,1,1,0,TRUE,3,TRUE,2521,TRUE,1,0,0,36,3132.75
FALSE,2,2351-BKRZW,a618563f-5aa9-f111-b374-3833c5fb3aa8,1,0,TRUE,TRUE,0,75.2,0,1,1,FALSE,2,TRUE,2738,FALSE,1,1,0,43,3254.35
FALSE,1,7009-PCARS,1119563f-5aa9-f111-b374-3833c5fb3aa8,0,1,TRUE,FALSE,2,19.1,0,0,0,FALSE,2,TRUE,2799,FALSE,0,0,0,55,1001.5
FALSE,2,2181-TIDSV,8719563f-5aa9-f111-b374-3833c5fb3aa8,0,1,TRUE,TRUE,2,19.95,0,0,0,TRUE,2,TRUE,2917,FALSE,0,0,0,68,1303.25
TRUE,0,5590-BYNII,b219563f-5aa9-f111-b374-3833c5fb3aa8,0,1,FALSE,FALSE,1,100.75,1,1,1,TRUE,0,TRUE,2960,FALSE,1,1,0,22,2095
FALSE,1,3727-OVPRY,6b1a563f-5aa9-f111-b374-3833c5fb3aa8,4,1,TRUE,TRUE,2,25.7,4,4,4,TRUE,3,TRUE,145,FALSE,4,4,4,66,1714.55
FALSE,1,5619-XZZKR,8d1c563f-5aa9-f111-b374-3833c5fb3aa8,4,1,FALSE,FALSE,2,19.95,2,4,4,FALSE,1,TRUE,691,FALSE,4,4,4,4,68.2
FALSE,0,1539-LNKHM,dd1c563f-5aa9-f111-b374-3833c5fb3aa8,4,0,FALSE,FALSE,2,20.4,2,4,4,FALSE,1,TRUE,771,FALSE,4,4,4,12,266.6
FALSE,2,8398-TBIYD,7c1d563f-5aa9-f111-b374-3833c5fb3aa8,2,0,FALSE,FALSE,1,84.7,4,2,3,TRUE,2,TRUE,930,FALSE,2,2,2,72,6185.15
FALSE,0,7537-CBQUZ,e71d563f-5aa9-f111-b374-3833c5fb3aa8,3,1,FALSE,FALSE,1,109.4,4,3,3,TRUE,2,TRUE,1037,TRUE,3,3,3,63,7031.45
FALSE,1,4636-OLWOE,d21e563f-5aa9-f111-b374-3833c5fb3aa8,3,1,TRUE,FALSE,0,61,2,3,2,TRUE,0,TRUE,1272,FALSE,2,2,2,54,3283.05
FALSE,0,3644-QXEHN,a51f563f-5aa9-f111-b374-3833c5fb3aa8,3,1,TRUE,TRUE,1,97,2,2,2,FALSE,0,TRUE,1483,FALSE,3,3,3,13,1334.45
TRUE,0,0322-YINQP,6e8f5e39-5aa9-f111-b374-3833c5fb3aa8,0,1,FALSE,FALSE,0,48.55,0,1,1,TRUE,1,TRUE,248,FALSE,0,0,0,1,48.55
TRUE,0,5609-CEBID,6f905e39-5aa9-f111-b374-3833c5fb3aa8,1,0,FALSE,FALSE,1,94.1,1,0,0,TRUE,0,TRUE,505,TRUE,1,0,0,20,1782.4
FALSE,1,5756-JYOJT,b2905e39-5aa9-f111-b374-3833c5fb3aa8,1,0,FALSE,FALSE,0,64.9,0,1,0,FALSE,3,TRUE,572,FALSE,1,0,1,11,697.25
FALSE,0,3807-XHCJH,94915e39-5aa9-f111-b374-3833c5fb3aa8,0,0,TRUE,TRUE,2,20,0,0,0,FALSE,0,TRUE,798,FALSE,0,0,0,1,20
FALSE,0,2826-DXLQO,94925e39-5aa9-f111-b374-3833c5fb3aa8,0,1,FALSE,TRUE,0,29.8,0,1,1,FALSE,2,FALSE,960,TRUE,0,0,0,7,220.45
FALSE,1,4121-AGSIN,8b935e39-5aa9-f111-b374-3833c5fb3aa8,0,0,TRUE,TRUE,2,24.5,1,0,0,TRUE,3,TRUE,1076,FALSE,0,0,0,58,1497.9
TRUE,0,7979-CORPM,07945e39-5aa9-f111-b374-3833c5fb3aa8,0,1,FALSE,FALSE,1,90.55,1,0,0,TRUE,3,TRUE,1218,FALSE,0,1,0,24,2282.55
TRUE,0,5394-SVGJV,37965e39-5aa9-f111-b374-3833c5fb3aa8,0,1,FALSE,FALSE,1,98.8,1,1,0,FALSE,2,TRUE,1469,FALSE,1,1,1,37,3475.55
TRUE,0,3049-NDXFL,ec965e39-5aa9-f111-b374-3833c5fb3aa8,0,0,FALSE,FALSE,1,85.8,1,1,0,FALSE,1,TRUE,1650,FALSE,1,0,0,1,85.8
FALSE,0,6650-VJONK,82975e39-5aa9-f111-b374-3833c5fb3aa8,0,1,FALSE,FALSE,0,43.85,0,1,0,TRUE,2,TRUE,1800,FALSE,0,0,0,1,43.85
TRUE,0,6365-MTGZX,a6975e39-5aa9-f111-b374-3833c5fb3aa8,0,1,FALSE,FALSE,1,96,0,1,0,TRUE,0,TRUE,1836,FALSE,1,1,1,24,2122.45
FALSE,0,3961-SXAXY,c6975e39-5aa9-f111-b374-3833c5fb3aa8,0,1,FALSE,FALSE,0,44.05,0,1,0,TRUE,2,TRUE,1868,FALSE,0,0,0,1,44.05
FALSE,1,8022-BECSI,ec15563f-5aa9-f111-b374-3833c5fb3aa8,0,1,FALSE,FALSE,2,19.6,0,0,0,FALSE,1,TRUE,1994,FALSE,0,0,0,22,422.5
TRUE,0,6845-RGTYS,fe15563f-5aa9-f111-b374-3833c5fb3aa8,1,0,FALSE,TRUE,1,98.75,1,0,1,TRUE,0,TRUE,2012,FALSE,0,1,0,47,4533.7
TRUE,0,4897-QSUYC,4516563f-5aa9-f111-b374-3833c5fb3aa8,0,0,FALSE,FALSE,2,20.15,0,0,0,TRUE,1,TRUE,2083,FALSE,0,0,0,1,20.15
FALSE,2,6418-PIQSP,9b16563f-5aa9-f111-b374-3833c5fb3aa8,1,0,FALSE,TRUE,0,81,0,1,1,FALSE,1,TRUE,2169,FALSE,1,1,1,62,4985.9
FALSE,1,9891-NQDBD,b516563f-5aa9-f111-b374-3833c5fb3aa8,0,0,FALSE,TRUE,2,25.55,1,0,0,FALSE,1,TRUE,2195,FALSE,0,0,0,28,672.2
TRUE,0,1724-BQUHA,ac18563f-5aa9-f111-b374-3833c5fb3aa8,0,1,FALSE,FALSE,1,89.5,0,1,0,TRUE,0,TRUE,2741,TRUE,1,1,0,5,477.7
FALSE,1,7026-YMSBE,af18563f-5aa9-f111-b374-3833c5fb3aa8,0,1,FALSE,FALSE,2,19.7,0,0,0,FALSE,1,TRUE,2678,FALSE,0,0,0,30,625.05
FALSE,2,6295-OSINB,ce19563f-5aa9-f111-b374-3833c5fb3aa8,1,1,FALSE,TRUE,1,109.65,1,0,1,TRUE,0,TRUE,2988,FALSE,1,1,0,72,7880.25
TRUE,0,4625-EWPTF,5c1a563f-5aa9-f111-b374-3833c5fb3aa8,2,1,FALSE,FALSE,0,30.45,3,2,3,TRUE,0,FALSE,130,FALSE,2,2,3,8,226.45
FALSE,1,3301-VKTGC,401c563f-5aa9-f111-b374-3833c5fb3aa8,2,1,TRUE,TRUE,1,85.5,4,3,3,TRUE,2,TRUE,614,FALSE,2,2,3,68,5696.6
TRUE,0,0378-NHQXU,331d563f-5aa9-f111-b374-3833c5fb3aa8,3,0,TRUE,TRUE,1,88.25,4,2,2,FALSE,0,TRUE,857,FALSE,2,3,3,17,1460.65
FALSE,0,9605-WGJVW,221e563f-5aa9-f111-b374-3833c5fb3aa8,2,0,FALSE,FALSE,1,70.2,2,2,2,TRUE,0,TRUE,1096,TRUE,2,2,3,1,70.2
TRUE,0,0870-VEMYL,4b1e563f-5aa9-f111-b374-3833c5fb3aa8,2,0,FALSE,FALSE,0,53.85,2,2,3,FALSE,3,TRUE,1137,FALSE,2,2,2,5,259.8
TRUE,0,6521-YYTYI,b21e563f-5aa9-f111-b374-3833c5fb3aa8,2,1,TRUE,FALSE,1,93.3,4,2,2,TRUE,0,TRUE,1240,FALSE,3,3,3,1,93.3
TRUE,0,7242-QZLXF,2120563f-5aa9-f111-b374-3833c5fb3aa8,2,1,TRUE,FALSE,0,25.3,3,2,2,TRUE,0,FALSE,1607,FALSE,2,2,3,1,25.3
FALSE,1,7103-IPXPJ,8720563f-5aa9-f111-b374-3833c5fb3aa8,2,1,FALSE,TRUE,1,99.4,4,2,2,FALSE,0,TRUE,1709,FALSE,3,3,2,50,5059.75
FALSE,2,6369-MCAKO,0711fb45-5aa9-f111-b374-3833c5fb3aa8,3,0,TRUE,TRUE,0,89.05,4,3,3,TRUE,2,TRUE,1873,FALSE,3,3,2,68,6185.8
FALSE,0,0376-OIWME,7c11fb45-5aa9-f111-b374-3833c5fb3aa8,2,1,FALSE,TRUE,1,93.6,2,2,3,TRUE,0,TRUE,1990,FALSE,3,3,3,36,3366.05
FALSE,1,2639-UGMAZ,e18d5e39-5aa9-f111-b374-3833c5fb3aa8,0,1,FALSE,FALSE,0,56.45,0,0,1,TRUE,0,FALSE,129,TRUE,1,1,0,71,3985.35
FALSE,0,6572-ADKRS,c78f5e39-5aa9-f111-b374-3833c5fb3aa8,1,0,FALSE,FALSE,1,74.8,0,1,0,TRUE,3,TRUE,37,FALSE,0,0,0,46,3548.3
FALSE,0,2233-FAGXV,1a905e39-5aa9-f111-b374-3833c5fb3aa8,0,0,TRUE,TRUE,2,24.3,1,0,0,TRUE,1,TRUE,420,FALSE,0,0,0,5,132.25
FALSE,0,5533-RJFTJ,11915e39-5aa9-f111-b374-3833c5fb3aa8,1,1,FALSE,FALSE,0,30.2,0,1,0,TRUE,2,FALSE,667,FALSE,0,0,0,49,1453.1
TRUE,0,0067-DKWBL,25915e39-5aa9-f111-b374-3833c5fb3aa8,0,1,FALSE,FALSE,0,49.25,0,1,1,TRUE,0,TRUE,687,TRUE,0,0,0,2,91.1
FALSE,0,7929-DMBCV,3d915e39-5aa9-f111-b374-3833c5fb3aa8,1,0,FALSE,TRUE,1,81,0,1,0,TRUE,1,TRUE,711,FALSE,0,0,1,20,1683.7
TRUE,0,3900-AQPHZ,7a915e39-5aa9-f111-b374-3833c5fb3aa8,0,0,FALSE,FALSE,2,19.9,0,0,0,FALSE,1,TRUE,772,FALSE,0,0,0,1,19.9
FALSE,0,7426-RHZGU,ee925e39-5aa9-f111-b374-3833c5fb3aa8,0,1,FALSE,FALSE,1,95.9,0,1,0,TRUE,2,TRUE,1012,FALSE,1,1,1,9,827.45
FALSE,0,6507-ZJSUR,57955e39-5aa9-f111-b374-3833c5fb3aa8,0,1,FALSE,TRUE,1,90.45,0,1,0,TRUE,0,TRUE,1245,TRUE,1,1,0,23,2117.25
TRUE,0,6960-HVYXR,f7955e39-5aa9-f111-b374-3833c5fb3aa8,0,0,FALSE,FALSE,1,76,1,1,0,FALSE,0,TRUE,1405,FALSE,0,0,0,1,76
FALSE,2,2245-ADZFJ,8a965e39-5aa9-f111-b374-3833c5fb3aa8,0,0,TRUE,TRUE,0,80.55,1,0,0,FALSE,2,TRUE,1552,FALSE,1,1,1,31,2471.6
FALSE,1,7061-OVMIM,3216563f-5aa9-f111-b374-3833c5fb3aa8,0,0,TRUE,TRUE,2,19.55,0,0,0,FALSE,2,TRUE,2064,FALSE,0,0,0,30,608.5
TRUE,0,2482-CZGBB,d916563f-5aa9-f111-b374-3833c5fb3aa8,0,1,FALSE,FALSE,1,70,0,1,0,TRUE,0,TRUE,2231,FALSE,0,0,0,10,740
FALSE,2,0320-DWVTU,cd17563f-5aa9-f111-b374-3833c5fb3aa8,1,0,FALSE,FALSE,1,99.5,0,0,1,FALSE,1,TRUE,2475,FALSE,1,0,1,53,5424.25
FALSE,1,0654-PQKDW,1318563f-5aa9-f111-b374-3833c5fb3aa8,1,0,TRUE,TRUE,0,70.75,0,1,1,TRUE,2,TRUE,2545,FALSE,0,1,1,62,4263.45
FALSE,0,6135-OZQVA,7e1a563f-5aa9-f111-b374-3833c5fb3aa8,2,0,FALSE,FALSE,0,53.65,4,2,3,TRUE,0,TRUE,164,FALSE,2,2,3,7,404.35
FALSE,1,4560-WQAQW,e01a563f-5aa9-f111-b374-3833c5fb3aa8,2,0,FALSE,FALSE,0,68.7,4,2,3,FALSE,2,TRUE,262,FALSE,3,2,2,59,4070.95
FALSE,2,4049-ZPALD,741b563f-5aa9-f111-b374-3833c5fb3aa8,3,0,FALSE,TRUE,1,99,2,2,3,TRUE,2,TRUE,410,FALSE,3,3,3,64,6375.8
TRUE,0,5028-HTLJB,4f1c563f-5aa9-f111-b374-3833c5fb3aa8,4,1,FALSE,FALSE,2,20.05,2,4,4,FALSE,1,TRUE,629,TRUE,4,4,4,1,20.05
TRUE,0,6172-FECYY,5f1d563f-5aa9-f111-b374-3833c5fb3aa8,2,1,TRUE,TRUE,1,84.5,4,2,2,FALSE,0,TRUE,901,FALSE,2,3,3,49,4254.85
FALSE,0,6888-SBYAI,931d563f-5aa9-f111-b374-3833c5fb3aa8,2,1,FALSE,FALSE,0,50.7,2,2,3,TRUE,1,TRUE,953,FALSE,2,2,3,1,50.7
FALSE,1,5671-UUNXD,cf1d563f-5aa9-f111-b374-3833c5fb3aa8,2,0,FALSE,TRUE,1,100.65,4,2,2,TRUE,0,TRUE,1013,TRUE,3,3,2,50,5189.75
FALSE,2,4627-MIHJH,271e563f-5aa9-f111-b374-3833c5fb3aa8,3,0,FALSE,FALSE,1,110.25,4,2,3,FALSE,3,TRUE,1101,TRUE,3,3,2,69,7467.55
FALSE,1,0691-NIKRI,051f563f-5aa9-f111-b374-3833c5fb3aa8,3,0,FALSE,FALSE,1,105.95,4,2,2,TRUE,3,TRUE,1323,FALSE,3,3,2,40,4335.2
FALSE,1,2599-CZABP,961f563f-5aa9-f111-b374-3833c5fb3aa8,2,1,FALSE,TRUE,0,44.6,2,2,2,FALSE,0,TRUE,1468,FALSE,2,2,3,14,641.25
FALSE,0,9129-UXERG,df10fb45-5aa9-f111-b374-3833c5fb3aa8,2,0,FALSE,FALSE,1,103.6,4,3,2,TRUE,3,TRUE,1833,TRUE,3,3,2,18,1806.35
FALSE,0,4716-HHKQH,878f5e39-5aa9-f111-b374-3833c5fb3aa8,0,1,FALSE,TRUE,1,107.05,1,0,0,FALSE,0,TRUE,273,TRUE,1,1,1,20,2172.05
FALSE,2,1557-EMYVT,ae8f5e39-5aa9-f111-b374-3833c5fb3aa8,1,0,FALSE,FALSE,1,115.05,1,0,1,FALSE,3,TRUE,312,FALSE,1,1,1,43,4895.1
FALSE,0,1251-STYSZ,6c955e39-5aa9-f111-b374-3833c5fb3aa8,0,0,FALSE,FALSE,1,80.25,1,1,1,TRUE,0,TRUE,1266,TRUE,0,0,0,4,303.7
FALSE,0,4939-KYYPY,cb965e39-5aa9-f111-b374-3833c5fb3aa8,1,1,FALSE,FALSE,0,59.45,1,1,0,FALSE,0,TRUE,1617,FALSE,0,0,1,27,1611.65
TRUE,0,7511-YMXVQ,40975e39-5aa9-f111-b374-3833c5fb3aa8,0,1,FALSE,FALSE,0,45.4,0,1,0,TRUE,0,FALSE,1734,FALSE,0,1,0,9,418.8
FALSE,0,2959-EEXWB,9d975e39-5aa9-f111-b374-3833c5fb3aa8,0,0,TRUE,TRUE,0,50.9,0,1,1,TRUE,2,FALSE,1827,FALSE,1,1,0,45,2333.85
FALSE,2,9938-PRCVK,ca975e39-5aa9-f111-b374-3833c5fb3aa8,0,0,TRUE,TRUE,2,19.7,0,0,0,FALSE,2,TRUE,1872,FALSE,0,0,0,41,804.25
TRUE,0,5445-UTODQ,d415563f-5aa9-f111-b374-3833c5fb3aa8,0,0,FALSE,TRUE,1,81.1,0,1,0,TRUE,0,TRUE,1970,FALSE,0,1,0,7,576.65
TRUE,0,0348-SDKOL,df15563f-5aa9-f111-b374-3833c5fb3aa8,1,0,FALSE,TRUE,1,102.1,1,1,0,TRUE,3,TRUE,1981,FALSE,1,1,1,58,5885.4
FALSE,0,6844-DZKRF,a916563f-5aa9-f111-b374-3833c5fb3aa8,0,1,FALSE,FALSE,0,50.2,0,1,0,TRUE,3,TRUE,2183,FALSE,0,0,1,2,109.25
TRUE,0,8337-MSSXB,c816563f-5aa9-f111-b374-3833c5fb3aa8,0,0,FALSE,FALSE,1,86.3,0,0,0,TRUE,0,TRUE,2214,FALSE,1,0,0,14,1180.95
FALSE,0,1194-SPVSP,d018563f-5aa9-f111-b374-3833c5fb3aa8,0,1,FALSE,FALSE,2,19.65,0,0,0,FALSE,2,TRUE,2759,FALSE,0,0,0,1,19.65
FALSE,0,7252-NTGSS,081a563f-5aa9-f111-b374-3833c5fb3aa8,2,0,FALSE,FALSE,0,45.15,2,2,2,FALSE,1,TRUE,46,FALSE,2,2,3,1,45.15
TRUE,0,5143-EGQFK,411b563f-5aa9-f111-b374-3833c5fb3aa8,2,0,FALSE,FALSE,0,29.65,3,2,2,TRUE,0,FALSE,359,TRUE,2,2,2,10,291.4
FALSE,0,9432-VOFYX,361c563f-5aa9-f111-b374-3833c5fb3aa8,2,1,FALSE,FALSE,1,70.8,2,2,2,TRUE,0,TRUE,604,FALSE,2,2,3,17,1207
FALSE,0,4072-IPYLT,b31c563f-5aa9-f111-b374-3833c5fb3aa8,2,0,TRUE,TRUE,0,51.05,2,2,3,FALSE,3,TRUE,729,FALSE,2,2,3,36,1815
FALSE,0,7636-XUHWW,cb1c563f-5aa9-f111-b374-3833c5fb3aa8,4,1,FALSE,FALSE,2,19.9,2,4,4,TRUE,3,TRUE,753,FALSE,4,4,4,2,33.7
FALSE,2,8661-BOYNW,ec1c563f-5aa9-f111-b374-3833c5fb3aa8,3,0,FALSE,TRUE,0,84.4,4,2,3,TRUE,3,TRUE,786,FALSE,3,3,2,72,6096.45
FALSE,2,1162-ECVII,f41c563f-5aa9-f111-b374-3833c5fb3aa8,3,1,FALSE,TRUE,1,109.75,4,3,2,TRUE,2,TRUE,794,TRUE,3,3,2,72,7932.5
FALSE,1,8008-ESFLK,e61d563f-5aa9-f111-b374-3833c5fb3aa8,3,0,FALSE,TRUE,1,110.5,2,3,3,FALSE,0,TRUE,1036,FALSE,3,3,2,53,5835.5
FALSE,1,4487-ZYJZK,ef1d563f-5aa9-f111-b374-3833c5fb3aa8,4,0,TRUE,TRUE,2,19.6,2,4,4,FALSE,3,TRUE,1045,FALSE,4,4,4,38,763.1
TRUE,0,3945-GFWQL,061e563f-5aa9-f111-b374-3833c5fb3aa8,2,0,TRUE,FALSE,0,44.55,2,2,2,TRUE,0,TRUE,1068,FALSE,2,2,3,12,480.6
FALSE,1,4700-UBQMV,241e563f-5aa9-f111-b374-3833c5fb3aa8,2,1,TRUE,TRUE,0,75.9,4,2,3,TRUE,2,TRUE,1098,FALSE,3,3,3,21,1549.75
FALSE,1,3898-BSJYF,0420563f-5aa9-f111-b374-3833c5fb3aa8,3,0,TRUE,FALSE,0,73.55,4,2,3,FALSE,3,TRUE,1578,FALSE,3,2,2,10,693.3
FALSE,0,4989-LIXVT,8b20563f-5aa9-f111-b374-3833c5fb3aa8,3,1,FALSE,FALSE,1,95.9,4,3,2,TRUE,0,TRUE,1713,TRUE,3,2,3,68,6503.2
FALSE,1,6341-AEVKX,0a11fb45-5aa9-f111-b374-3833c5fb3aa8,3,0,FALSE,TRUE,1,104.3,2,2,3,TRUE,0,TRUE,1876,FALSE,3,3,2,62,6613.65
TRUE,0,1400-MMYXY,1c11fb45-5aa9-f111-b374-3833c5fb3aa8,3,1,FALSE,TRUE,1,105.9,4,3,2,TRUE,0,TRUE,1894,TRUE,3,3,3,3,334.65
FALSE,2,9385-EHGDO,ec8d5e39-5aa9-f111-b374-3833c5fb3aa8,0,0,TRUE,TRUE,2,19.85,0,0,0,TRUE,1,TRUE,330,FALSE,0,0,0,35,739.35
TRUE,0,3874-EQOEP,398e5e39-5aa9-f111-b374-3833c5fb3aa8,0,1,FALSE,FALSE,1,95,1,1,0,FALSE,1,TRUE,151,FALSE,1,1,0,7,655.5
FALSE,2,2863-IMQDR,ad8e5e39-5aa9-f111-b374-3833c5fb3aa8,1,0,FALSE,FALSE,0,89.65,1,0,1,FALSE,0,TRUE,378,FALSE,1,1,1,61,5308.7
TRUE,0,0094-OIFMO,648f5e39-5aa9-f111-b374-3833c5fb3aa8,0,0,FALSE,FALSE,1,95,0,0,0,TRUE,0,TRUE,238,TRUE,1,1,0,11,1120.3
FALSE,2,5846-NEQVZ,ab905e39-5aa9-f111-b374-3833c5fb3aa8,1,1,TRUE,TRUE,0,70.85,0,1,1,TRUE,3,TRUE,565,FALSE,1,0,1,71,4973.4
TRUE,0,6683-VLCTZ,69915e39-5aa9-f111-b374-3833c5fb3aa8,1,1,FALSE,FALSE,1,98.55,1,1,0,TRUE,0,TRUE,755,TRUE,1,1,0,20,1842.8
FALSE,0,6353-BRMMA,84925e39-5aa9-f111-b374-3833c5fb3aa8,0,0,TRUE,TRUE,1,104.1,1,0,1,TRUE,2,TRUE,944,FALSE,1,1,0,54,5645.8
FALSE,2,5859-HZYLF,74935e39-5aa9-f111-b374-3833c5fb3aa8,0,1,TRUE,TRUE,2,19.15,0,0,0,TRUE,3,TRUE,1130,FALSE,0,0,0,26,515.75
FALSE,1,5989-OMNJE,8c955e39-5aa9-f111-b374-3833c5fb3aa8,1,0,TRUE,TRUE,0,57.6,0,0,1,FALSE,0,FALSE,1298,FALSE,1,1,0,24,1367.75
FALSE,2,5514-YQENT,1e965e39-5aa9-f111-b374-3833c5fb3aa8,1,1,TRUE,FALSE,1,111.15,0,0,1,TRUE,0,TRUE,1444,FALSE,1,1,1,41,4507.15
FALSE,0,1015-OWJKI,3f975e39-5aa9-f111-b374-3833c5fb3aa8,0,1,FALSE,FALSE,2,19.05,0,0,0,FALSE,1,TRUE,1733,FALSE,0,0,0,1,19.05
FALSE,0,7892-QVYKW,d615563f-5aa9-f111-b374-3833c5fb3aa8,0,0,TRUE,TRUE,1,85.6,1,1,0,FALSE,0,TRUE,1972,FALSE,1,0,0,23,1868.4
FALSE,0,1895-QTKDO,9e16563f-5aa9-f111-b374-3833c5fb3aa8,0,0,FALSE,FALSE,0,43.95,0,1,0,FALSE,3,TRUE,2172,FALSE,0,0,0,1,43.95
TRUE,1,3351-NQLDI,5818563f-5aa9-f111-b374-3833c5fb3aa8,0,0,TRUE,TRUE,1,94.35,1,1,1,TRUE,3,TRUE,2614,FALSE,1,0,1,67,6341.45
TRUE,0,7938-OUHIO,ea18563f-5aa9-f111-b374-3833c5fb3aa8,1,1,FALSE,FALSE,1,98.7,0,1,0,TRUE,0,TRUE,2707,FALSE,1,1,1,3,293.65
FALSE,0,2495-KZNFB,de1a563f-5aa9-f111-b374-3833c5fb3aa8,2,0,FALSE,FALSE,1,90.65,4,2,3,TRUE,0,TRUE,260,FALSE,3,2,3,33,2989.6
FALSE,2,3810-PJUHR,451b563f-5aa9-f111-b374-3833c5fb3aa8,4,1,TRUE,TRUE,2,25.35,4,4,4,FALSE,1,TRUE,363,FALSE,4,4,4,70,1715.15
FALSE,2,6407-GSJNL,721b563f-5aa9-f111-b374-3833c5fb3aa8,4,0,FALSE,FALSE,2,24.95,4,4,4,FALSE,2,TRUE,408,FALSE,4,4,4,51,1288
FALSE,0,2676-OXPPQ,c41b563f-5aa9-f111-b374-3833c5fb3aa8,2,1,FALSE,FALSE,0,55.7,2,3,3,TRUE,2,TRUE,490,FALSE,2,2,3,6,335.65
FALSE,0,5119-KEPFY,161e563f-5aa9-f111-b374-3833c5fb3aa8,2,1,FALSE,TRUE,1,95,4,2,2,TRUE,2,TRUE,1084,FALSE,3,3,3,36,3440.25
FALSE,1,2486-WYVVE,641f563f-5aa9-f111-b374-3833c5fb3aa8,3,1,FALSE,TRUE,0,79.3,4,2,2,TRUE,1,TRUE,1418,FALSE,3,3,2,31,2484
FALSE,0,4726-DLWQN,921f563f-5aa9-f111-b374-3833c5fb3aa8,2,1,FALSE,FALSE,0,70.35,4,3,3,TRUE,2,TRUE,1464,TRUE,2,3,3,50,3454.6
TRUE,0,0742-NXBGR,b41f563f-5aa9-f111-b374-3833c5fb3aa8,3,0,FALSE,FALSE,1,82.3,2,3,2,TRUE,0,TRUE,1498,FALSE,2,2,3,1,82.3
TRUE,0,4501-EQDRN,0b11fb45-5aa9-f111-b374-3833c5fb3aa8,2,0,FALSE,FALSE,1,69.7,2,2,2,FALSE,2,TRUE,1877,FALSE,2,2,3,1,69.7
FALSE,2,7695-PKLCZ,e9925e39-5aa9-f111-b374-3833c5fb3aa8,0,0,FALSE,FALSE,2,20.5,0,0,0,FALSE,3,TRUE,854,FALSE,0,0,0,68,1424.9
FALSE,0,3050-GBUSH,08935e39-5aa9-f111-b374-3833c5fb3aa8,0,0,FALSE,FALSE,0,34.8,0,1,0,TRUE,3,FALSE,875,FALSE,0,1,0,3,113.95
FALSE,2,5095-ETBRJ,75955e39-5aa9-f111-b374-3833c5fb3aa8,0,0,FALSE,TRUE,0,56.8,0,0,1,FALSE,1,TRUE,1275,FALSE,0,0,1,55,3112.05
FALSE,0,9793-WECQC,d6955e39-5aa9-f111-b374-3833c5fb3aa8,0,1,FALSE,FALSE,1,95.3,0,0,0,FALSE,1,TRUE,1372,FALSE,1,1,0,23,2192.9
FALSE,0,3012-VFFMN,6f965e39-5aa9-f111-b374-3833c5fb3aa8,0,0,TRUE,TRUE,2,20.65,0,0,0,FALSE,1,TRUE,1525,FALSE,0,0,0,7,158.95
TRUE,0,7459-RRWQZ,bd965e39-5aa9-f111-b374-3833c5fb3aa8,0,0,FALSE,FALSE,0,64.65,1,1,1,TRUE,2,TRUE,1603,FALSE,1,0,0,15,994.55
FALSE,2,7622-FWGEW,b216563f-5aa9-f111-b374-3833c5fb3aa8,1,1,FALSE,TRUE,0,85.65,0,0,1,TRUE,2,TRUE,2192,TRUE,1,1,1,56,4824.45
TRUE,0,1846-XWOQN,6017563f-5aa9-f111-b374-3833c5fb3aa8,0,0,FALSE,FALSE,1,70.15,0,1,0,TRUE,0,TRUE,2366,TRUE,0,0,0,1,70.15
FALSE,0,3503-TYDAY,8c17563f-5aa9-f111-b374-3833c5fb3aa8,0,0,FALSE,TRUE,1,80.45,1,0,0,FALSE,0,TRUE,2410,FALSE,0,0,0,43,3398.9
FALSE,1,0661-KBKPA,fc17563f-5aa9-f111-b374-3833c5fb3aa8,1,1,TRUE,TRUE,0,78.75,1,1,0,TRUE,1,TRUE,2522,FALSE,1,1,1,53,3942.45
FALSE,1,4826-DXMUP,1018563f-5aa9-f111-b374-3833c5fb3aa8,0,1,TRUE,FALSE,0,72.1,0,1,0,TRUE,1,TRUE,2542,FALSE,1,1,1,35,2495.15
FALSE,1,9522-ZSINC,7219563f-5aa9-f111-b374-3833c5fb3aa8,0,1,FALSE,FALSE,2,19.95,0,0,0,TRUE,0,TRUE,2896,FALSE,0,0,0,13,253.8
FALSE,2,3507-GASNP,9a1a563f-5aa9-f111-b374-3833c5fb3aa8,4,1,TRUE,FALSE,2,19.95,2,4,4,FALSE,1,TRUE,192,FALSE,4,4,4,60,1189.9
TRUE,0,5747-PMBSQ,241b563f-5aa9-f111-b374-3833c5fb3aa8,3,1,FALSE,TRUE,1,92.5,2,3,2,TRUE,1,TRUE,330,TRUE,2,3,2,10,934.1
FALSE,2,6349-JDHQP,ce1c563f-5aa9-f111-b374-3833c5fb3aa8,4,0,FALSE,FALSE,2,19.85,2,4,4,FALSE,3,TRUE,756,FALSE,4,4,4,53,1049.6
FALSE,0,9644-UMGQA,8c1f563f-5aa9-f111-b374-3833c5fb3aa8,2,1,TRUE,TRUE,0,49.15,2,2,3,TRUE,0,TRUE,1458,FALSE,2,2,3,6,295.65
TRUE,0,3621-CEOVK,f41f563f-5aa9-f111-b374-3833c5fb3aa8,2,0,FALSE,TRUE,1,100.2,4,3,2,TRUE,0,TRUE,1562,TRUE,3,3,3,14,1369.8
FALSE,2,0530-IJVDB,2c11fb45-5aa9-f111-b374-3833c5fb3aa8,3,1,TRUE,FALSE,1,114.6,4,3,3,TRUE,0,TRUE,1910,FALSE,3,3,2,70,7882.5
FALSE,2,2314-TNDJQ,4a11fb45-5aa9-f111-b374-3833c5fb3aa8,3,0,TRUE,TRUE,0,55.65,3,3,3,FALSE,3,FALSE,1940,FALSE,3,2,2,72,3880.05
FALSE,2,4807-IZYOZ,9711fb45-5aa9-f111-b374-3833c5fb3aa8,4,0,FALSE,FALSE,2,20.65,2,4,4,FALSE,2,TRUE,2017,FALSE,4,4,4,51,1020.75
FALSE,0,1984-GPTEH,608f5e39-5aa9-f111-b374-3833c5fb3aa8,0,0,FALSE,FALSE,2,25.15,1,0,0,FALSE,0,TRUE,234,FALSE,0,0,0,29,702
TRUE,0,3580-REOAC,978f5e39-5aa9-f111-b374-3833c5fb3aa8,0,1,FALSE,FALSE,0,44.85,0,1,0,TRUE,3,TRUE,289,FALSE,0,0,0,10,435.4
FALSE,1,1680-VDCWW,b78f5e39-5aa9-f111-b374-3833c5fb3aa8,0,1,FALSE,TRUE,2,19.8,0,0,0,FALSE,2,TRUE,21,FALSE,0,0,0,12,202.25
FALSE,0,2640-LYMOV,b9905e39-5aa9-f111-b374-3833c5fb3aa8,0,1,FALSE,FALSE,2,19.65,0,0,0,TRUE,1,TRUE,579,FALSE,0,0,0,2,38.8
TRUE,0,0823-HSCDJ,18915e39-5aa9-f111-b374-3833c5fb3aa8,0,1,FALSE,FALSE,0,49.15,0,0,0,TRUE,0,FALSE,674,TRUE,1,1,0,52,2550.9
FALSE,0,8584-KMVXD,8b925e39-5aa9-f111-b374-3833c5fb3aa8,0,0,FALSE,FALSE,1,75.6,0,0,0,FALSE,0,TRUE,951,FALSE,0,0,0,8,535.55
TRUE,0,3158-MOERK,9d925e39-5aa9-f111-b374-3833c5fb3aa8,0,0,FALSE,FALSE,1,96,1,1,0,TRUE,0,TRUE,969,FALSE,1,1,0,2,174.8
FALSE,0,2604-XVDAM,b7925e39-5aa9-f111-b374-3833c5fb3aa8,0,0,FALSE,FALSE,0,43.8,0,1,0,FALSE,2,TRUE,986,FALSE,0,0,0,12,540.95
FALSE,2,0621-CXBKL,ab935e39-5aa9-f111-b374-3833c5fb3aa8,0,0,FALSE,FALSE,2,18.7,0,0,0,FALSE,1,TRUE,1156,FALSE,0,0,0,53,1005.7
TRUE,0,7551-JOHTI,42975e39-5aa9-f111-b374-3833c5fb3aa8,0,0,FALSE,FALSE,2,19.5,0,0,0,FALSE,1,TRUE,1736,FALSE,0,0,0,1,19.5
FALSE,0,3466-WAESX,df975e39-5aa9-f111-b374-3833c5fb3aa8,0,1,TRUE,FALSE,0,69.1,1,0,1,TRUE,0,TRUE,1893,FALSE,1,0,0,16,1083.7
FALSE,2,1087-GRUYI,0316563f-5aa9-f111-b374-3833c5fb3aa8,0,1,FALSE,TRUE,2,20.4,0,0,0,FALSE,2,TRUE,2017,FALSE,0,0,0,38,743.5
FALSE,2,5248-KWLAR,2e16563f-5aa9-f111-b374-3833c5fb3aa8,1,1,TRUE,TRUE,0,90.35,1,0,1,FALSE,0,TRUE,2060,FALSE,1,1,1,71,6325.25
FALSE,2,7758-UJWYS,0c18563f-5aa9-f111-b374-3833c5fb3aa8,0,1,TRUE,TRUE,0,40.55,0,1,0,TRUE,0,FALSE,2538,FALSE,0,1,1,34,1325.85
TRUE,0,4074-SJFFA,2f18563f-5aa9-f111-b374-3833c5fb3aa8,0,0,FALSE,FALSE,0,54.75,0,1,0,TRUE,1,TRUE,2573,FALSE,1,0,0,1,54.75
TRUE,0,0354-WYROK,3418563f-5aa9-f111-b374-3833c5fb3aa8,1,0,TRUE,TRUE,1,98.9,0,1,0,TRUE,0,TRUE,2578,TRUE,1,1,1,31,2911.3
FALSE,0,8250-ZNGGW,7318563f-5aa9-f111-b374-3833c5fb3aa8,0,0,FALSE,FALSE,0,59.9,0,0,1,FALSE,3,TRUE,2641,TRUE,0,0,1,5,287.85
FALSE,0,0924-BJCRC,a118563f-5aa9-f111-b374-3833c5fb3aa8,0,0,FALSE,TRUE,1,89.45,1,0,0,FALSE,0,TRUE,2736,TRUE,1,0,0,60,5294.6
FALSE,0,0899-WZRSD,0d1a563f-5aa9-f111-b374-3833c5fb3aa8,2,1,FALSE,FALSE,1,105.35,4,2,3,TRUE,1,TRUE,51,FALSE,3,3,2,56,5794.45
TRUE,0,2894-QOJRX,231b563f-5aa9-f111-b374-3833c5fb3aa8,2,0,FALSE,TRUE,0,34,3,2,2,TRUE,2,FALSE,329,FALSE,2,3,3,25,853
FALSE,0,4456-RHSNB,921b563f-5aa9-f111-b374-3833c5fb3aa8,3,0,TRUE,TRUE,0,49.6,2,2,2,TRUE,2,TRUE,440,FALSE,2,2,3,19,962.9
FALSE,0,2657-VPXTA,a51b563f-5aa9-f111-b374-3833c5fb3aa8,2,0,TRUE,TRUE,1,88.85,2,2,2,TRUE,0,TRUE,459,FALSE,3,3,3,10,929.45
FALSE,1,5915-DGNVC,7a1c563f-5aa9-f111-b374-3833c5fb3aa8,3,0,FALSE,TRUE,0,71.8,4,3,3,FALSE,0,TRUE,672,FALSE,3,2,3,49,3472.05
FALSE,2,0932-YIXYU,c91c563f-5aa9-f111-b374-3833c5fb3aa8,4,0,FALSE,FALSE,2,20.25,2,4,4,FALSE,3,TRUE,751,FALSE,4,4,4,47,1029.8
FALSE,2,4641-FROLU,1d1d563f-5aa9-f111-b374-3833c5fb3aa8,4,0,TRUE,TRUE,2,19.3,2,4,4,FALSE,1,TRUE,835,FALSE,4,4,4,30,602.9
FALSE,2,0442-TDYUO,c01d563f-5aa9-f111-b374-3833c5fb3aa8,4,1,FALSE,TRUE,2,20.05,2,4,4,TRUE,1,TRUE,998,FALSE,4,4,4,48,1036
FALSE,2,4024-CSNBY,1e1e563f-5aa9-f111-b374-3833c5fb3aa8,3,0,FALSE,TRUE,1,94.25,4,3,3,TRUE,2,TRUE,1092,FALSE,2,2,2,72,6849.75
FALSE,2,8510-TMWYB,541f563f-5aa9-f111-b374-3833c5fb3aa8,3,0,TRUE,TRUE,0,59.8,4,3,2,TRUE,2,TRUE,1402,FALSE,2,2,3,54,3246.45
FALSE,2,0298-XACET,751f563f-5aa9-f111-b374-3833c5fb3aa8,3,1,TRUE,TRUE,0,50.2,3,3,2,FALSE,1,FALSE,1435,FALSE,2,3,2,52,2554
FALSE,2,9888-ZCUMM,3220563f-5aa9-f111-b374-3833c5fb3aa8,3,1,TRUE,TRUE,0,60.05,3,2,3,TRUE,2,FALSE,1624,FALSE,3,3,2,64,3845.45
FALSE,1,0804-YGEQV,8011fb45-5aa9-f111-b374-3833c5fb3aa8,4,0,TRUE,TRUE,2,24.45,4,4,4,TRUE,2,TRUE,1994,FALSE,4,4,4,43,993.15
FALSE,0,4983-CLMLV,d88d5e39-5aa9-f111-b374-3833c5fb3aa8,0,0,FALSE,TRUE,1,102.7,1,0,0,TRUE,3,TRUE,325,FALSE,1,1,1,52,5138.1
FALSE,2,6371-NZYEG,558e5e39-5aa9-f111-b374-3833c5fb3aa8,1,1,TRUE,TRUE,0,64.25,0,1,1,FALSE,1,TRUE,158,FALSE,0,1,0,16,1024
TRUE,0,7989-CHGTL,268f5e39-5aa9-f111-b374-3833c5fb3aa8,0,1,FALSE,FALSE,2,19.6,0,0,0,TRUE,1,TRUE,409,FALSE,0,0,0,1,19.6
FALSE,2,1891-QRQSA,ea8f5e39-5aa9-f111-b374-3833c5fb3aa8,1,1,TRUE,TRUE,1,111.6,1,1,1,TRUE,2,TRUE,72,TRUE,1,1,1,64,7099
FALSE,1,9803-FTJCG,02905e39-5aa9-f111-b374-3833c5fb3aa8,0,1,TRUE,TRUE,0,66.85,1,0,1,TRUE,3,TRUE,96,FALSE,0,0,1,71,4748.7
TRUE,0,0486-HECZI,10905e39-5aa9-f111-b374-3833c5fb3aa8,0,1,FALSE,TRUE,1,96.75,1,0,1,TRUE,0,TRUE,110,FALSE,0,1,0,55,5238.9
FALSE,0,3577-AMVUX,2d905e39-5aa9-f111-b374-3833c5fb3aa8,1,1,FALSE,FALSE,0,55.05,0,1,0,FALSE,1,TRUE,439,FALSE,0,0,1,1,55.05
FALSE,0,1452-VOQCH,41905e39-5aa9-f111-b374-3833c5fb3aa8,0,1,FALSE,FALSE,1,75.1,1,1,0,TRUE,0,TRUE,459,FALSE,0,0,0,1,75.1
FALSE,0,7595-EHCDL,55915e39-5aa9-f111-b374-3833c5fb3aa8,1,1,TRUE,TRUE,0,50.6,0,1,0,FALSE,3,FALSE,735,FALSE,1,1,0,32,1653.45
FALSE,0,3524-WQDSG,57935e39-5aa9-f111-b374-3833c5fb3aa8,1,0,TRUE,TRUE,1,99.3,1,1,0,TRUE,2,TRUE,1045,FALSE,1,1,0,43,4209.95
FALSE,0,2120-SMPEX,52955e39-5aa9-f111-b374-3833c5fb3aa8,0,1,FALSE,FALSE,2,20.15,0,0,0,TRUE,1,TRUE,1240,FALSE,0,0,0,25,536.35
FALSE,0,7266-GSSJX,c1955e39-5aa9-f111-b374-3833c5fb3aa8,0,1,TRUE,TRUE,2,20.45,0,0,0,TRUE,0,TRUE,1351,FALSE,0,0,0,11,250.8
FALSE,2,7722-VJRQD,c2955e39-5aa9-f111-b374-3833c5fb3aa8,1,1,TRUE,TRUE,0,60.95,0,1,1,FALSE,2,FALSE,1352,FALSE,1,1,1,72,4549.05
FALSE,0,1925-GMVBW,68965e39-5aa9-f111-b374-3833c5fb3aa8,0,0,FALSE,FALSE,2,20.55,0,0,0,FALSE,3,TRUE,1518,FALSE,0,0,0,5,96.1
FALSE,1,7105-MXJLL,c2975e39-5aa9-f111-b374-3833c5fb3aa8,1,0,FALSE,TRUE,0,60.7,0,1,0,FALSE,1,TRUE,1864,TRUE,1,0,0,26,1597.4
TRUE,0,8290-YWKHZ,4716563f-5aa9-f111-b374-3833c5fb3aa8,0,0,FALSE,TRUE,1,93.2,1,1,0,TRUE,0,TRUE,2085,TRUE,1,1,0,32,2931
FALSE,2,8311-UEUAB,6f16563f-5aa9-f111-b374-3833c5fb3aa8,0,0,TRUE,TRUE,0,75.5,1,1,1,TRUE,0,TRUE,2125,FALSE,1,1,0,67,5229.45
FALSE,0,9537-VHDTA,f116563f-5aa9-f111-b374-3833c5fb3aa8,0,0,TRUE,FALSE,0,51.2,0,1,1,FALSE,1,TRUE,2255,FALSE,0,0,0,1,51.2
FALSE,1,1032-MAELW,db17563f-5aa9-f111-b374-3833c5fb3aa8,1,0,TRUE,TRUE,0,78.45,1,0,1,TRUE,0,TRUE,2489,FALSE,1,0,1,68,5333.35
FALSE,2,1399-OUPJN,321a563f-5aa9-f111-b374-3833c5fb3aa8,4,0,TRUE,TRUE,2,19.75,2,4,4,FALSE,2,TRUE,88,FALSE,4,4,4,57,1272.05
FALSE,2,1241-EZFMJ,b91a563f-5aa9-f111-b374-3833c5fb3aa8,4,1,FALSE,TRUE,2,25.45,4,4,4,FALSE,2,TRUE,223,FALSE,4,4,4,61,1538.6
FALSE,1,9233-PSYHO,ba1a563f-5aa9-f111-b374-3833c5fb3aa8,3,0,FALSE,FALSE,1,100.15,4,2,2,TRUE,2,TRUE,224,TRUE,3,3,3,45,4459.8
FALSE,0,2144-BFDSO,011b563f-5aa9-f111-b374-3833c5fb3aa8,3,0,FALSE,TRUE,1,108.75,4,3,3,FALSE,2,TRUE,295,TRUE,3,3,3,50,5431.9
TRUE,2,3512-IZIKN,931b563f-5aa9-f111-b374-3833c5fb3aa8,3,0,FALSE,TRUE,0,65.3,4,2,3,FALSE,3,TRUE,441,FALSE,2,2,2,70,4759.75
FALSE,1,5081-NWSUP,0d1e563f-5aa9-f111-b374-3833c5fb3aa8,2,0,FALSE,FALSE,0,64.9,2,3,2,FALSE,1,TRUE,1075,FALSE,3,2,2,10,685.55
FALSE,0,9767-FFLEM,c810fb45-5aa9-f111-b374-3833c5fb3aa8,2,1,FALSE,FALSE,1,69.5,2,2,2,TRUE,3,TRUE,2033,FALSE,2,2,3,38,2625.25
FALSE,0,5022-KVDQT,d710fb45-5aa9-f111-b374-3833c5fb3aa8,3,1,FALSE,FALSE,1,81.3,4,2,2,TRUE,0,TRUE,1825,FALSE,2,2,3,27,2272.8
FALSE,0,6322-HRPFA,ba8f5e39-5aa9-f111-b374-3833c5fb3aa8,0,1,TRUE,TRUE,0,59.6,0,0,1,FALSE,3,TRUE,24,FALSE,0,0,1,49,2970.3
FALSE,0,4881-JVQOD,e2905e39-5aa9-f111-b374-3833c5fb3aa8,0,1,TRUE,TRUE,0,34.55,0,1,0,TRUE,2,FALSE,620,TRUE,1,0,0,10,362.6
FALSE,2,8917-FAEMR,dc925e39-5aa9-f111-b374-3833c5fb3aa8,0,0,FALSE,FALSE,2,19.85,0,0,0,FALSE,1,TRUE,1003,FALSE,0,0,0,37,784.25
FALSE,2,4389-UEFCZ,7d955e39-5aa9-f111-b374-3833c5fb3aa8,1,0,FALSE,TRUE,1,105.5,1,1,1,TRUE,0,TRUE,1283,FALSE,1,1,0,72,7544
FALSE,2,2017-CCBLH,b8955e39-5aa9-f111-b374-3833c5fb3aa8,0,0,FALSE,FALSE,2,20,0,0,0,FALSE,1,TRUE,1342,FALSE,0,0,0,8,141.6
TRUE,0,9283-LZQOH,3a965e39-5aa9-f111-b374-3833c5fb3aa8,0,1,TRUE,TRUE,1,74.4,1,1,0,TRUE,3,TRUE,1472,FALSE,0,0,0,13,896.75
FALSE,2,7710-JSYOA,e415563f-5aa9-f111-b374-3833c5fb3aa8,0,0,TRUE,TRUE,1,93.3,1,0,0,TRUE,2,TRUE,1986,FALSE,1,0,1,69,6398.05
TRUE,0,9430-FRQOC,fa15563f-5aa9-f111-b374-3833c5fb3aa8,1,0,TRUE,FALSE,1,87.1,1,1,0,TRUE,1,TRUE,2008,FALSE,0,0,1,4,341.45
FALSE,2,0744-BIKKF,2c16563f-5aa9-f111-b374-3833c5fb3aa8,1,1,FALSE,FALSE,0,86.65,1,0,1,FALSE,2,TRUE,2058,FALSE,1,1,1,72,6224.8
FALSE,2,7996-MHXLW,3016563f-5aa9-f111-b374-3833c5fb3aa8,0,0,FALSE,FALSE,2,25.15,1,0,0,TRUE,3,TRUE,2062,FALSE,0,0,0,66,1683.6
FALSE,0,7901-TBKJX,3d16563f-5aa9-f111-b374-3833c5fb3aa8,1,1,FALSE,FALSE,1,101.05,1,1,0,TRUE,0,TRUE,2075,TRUE,1,1,0,56,5594
FALSE,2,0536-ACXIP,2219563f-5aa9-f111-b374-3833c5fb3aa8,1,0,FALSE,TRUE,1,109.55,1,0,1,TRUE,0,TRUE,2816,FALSE,1,1,0,72,8165.1
FALSE,2,1400-WIVLL,5819563f-5aa9-f111-b374-3833c5fb3aa8,1,1,FALSE,TRUE,1,107.95,1,1,0,FALSE,0,TRUE,2870,FALSE,1,1,1,57,5969.85
FALSE,0,8486-AYEQH,d91a563f-5aa9-f111-b374-3833c5fb3aa8,2,0,FALSE,FALSE,1,76.05,4,2,2,TRUE,0,TRUE,255,FALSE,2,2,3,31,2227.8
FALSE,2,9110-HSGTV,0e1b563f-5aa9-f111-b374-3833c5fb3aa8,3,0,FALSE,FALSE,0,82.45,2,2,3,TRUE,3,TRUE,308,FALSE,3,3,2,69,5555.3
FALSE,2,2162-FRZAA,621b563f-5aa9-f111-b374-3833c5fb3aa8,3,1,TRUE,TRUE,0,39.35,3,3,2,FALSE,2,FALSE,392,FALSE,2,2,2,63,2395.05
FALSE,0,8490-BXHEO,7c1b563f-5aa9-f111-b374-3833c5fb3aa8,2,1,FALSE,FALSE,1,80.55,4,3,2,TRUE,3,TRUE,418,TRUE,2,2,3,18,1411.65
FALSE,2,1832-PEUTS,971b563f-5aa9-f111-b374-3833c5fb3aa8,3,1,TRUE,TRUE,1,89.1,4,2,2,TRUE,3,TRUE,445,FALSE,2,3,3,62,5411.65
FALSE,0,4462-CYWMH,4a1c563f-5aa9-f111-b374-3833c5fb3aa8,2,1,FALSE,TRUE,1,89.8,4,3,2,TRUE,2,TRUE,624,TRUE,3,2,3,62,5629.55
FALSE,0,3785-NRHYR,9b1c563f-5aa9-f111-b374-3833c5fb3aa8,4,1,FALSE,FALSE,2,19.65,2,4,4,FALSE,1,TRUE,705,FALSE,4,4,4,1,19.65
FALSE,0,8204-TIFGJ,a21c563f-5aa9-f111-b374-3833c5fb3aa8,4,0,FALSE,FALSE,2,20.3,2,4,4,TRUE,2,TRUE,712,FALSE,4,4,4,23,470.6
FALSE,0,4712-AUQZO,851d563f-5aa9-f111-b374-3833c5fb3aa8,3,1,FALSE,FALSE,0,33.6,3,2,3,FALSE,1,FALSE,939,FALSE,2,2,3,18,550.35
FALSE,0,4132-POCZS,431e563f-5aa9-f111-b374-3833c5fb3aa8,2,1,FALSE,TRUE,0,39.9,3,2,3,TRUE,0,FALSE,1129,FALSE,3,2,3,52,2020.9
FALSE,2,6734-FQAJX,331f563f-5aa9-f111-b374-3833c5fb3aa8,2,1,FALSE,FALSE,1,105.05,2,3,3,TRUE,0,TRUE,1369,TRUE,3,3,2,67,7171.7
FALSE,1,4816-OKWNX,4120563f-5aa9-f111-b374-3833c5fb3aa8,3,1,TRUE,TRUE,1,103.4,2,3,2,TRUE,2,TRUE,1639,FALSE,3,3,2,50,5236.4
TRUE,0,7660-HDPJV,be20563f-5aa9-f111-b374-3833c5fb3aa8,2,0,FALSE,FALSE,1,69.2,2,2,2,TRUE,0,TRUE,1764,FALSE,2,2,3,1,69.2
FALSE,1,2560-PPCHE,99905e39-5aa9-f111-b374-3833c5fb3aa8,0,0,FALSE,FALSE,1,105.05,1,0,0,TRUE,2,TRUE,547,FALSE,1,1,1,65,6744.25
TRUE,0,4580-TMHJU,f7905e39-5aa9-f111-b374-3833c5fb3aa8,0,0,TRUE,TRUE,0,56.15,0,1,0,FALSE,0,TRUE,641,FALSE,0,1,0,43,2499.3
TRUE,0,5073-WXOYN,06935e39-5aa9-f111-b374-3833c5fb3aa8,0,0,FALSE,FALSE,0,50.8,0,0,0,TRUE,0,FALSE,873,FALSE,1,1,0,60,3027.4
FALSE,2,6048-UWKAL,3d965e39-5aa9-f111-b374-3833c5fb3aa8,0,0,FALSE,TRUE,1,105.4,1,0,0,FALSE,3,TRUE,1475,TRUE,1,1,1,69,6998.95
TRUE,0,6910-HADCM,89975e39-5aa9-f111-b374-3833c5fb3aa8,1,0,FALSE,FALSE,1,76.35,0,1,0,FALSE,0,TRUE,1807,FALSE,0,0,0,1,76.35
FALSE,0,8286-AFUYI,a3975e39-5aa9-f111-b374-3833c5fb3aa8,0,1,FALSE,FALSE,0,47.95,0,1,1,FALSE,0,TRUE,1833,FALSE,0,0,0,1,47.95
FALSE,1,2054-PJOCK,f316563f-5aa9-f111-b374-3833c5fb3aa8,1,0,FALSE,FALSE,0,80.55,1,1,0,FALSE,3,TRUE,2257,FALSE,1,1,1,60,4847.05
FALSE,0,5141-ZUVBH,8217563f-5aa9-f111-b374-3833c5fb3aa8,1,0,TRUE,FALSE,1,93,0,1,1,FALSE,2,TRUE,2400,FALSE,1,0,1,9,870.25
FALSE,1,9619-GSATL,7f19563f-5aa9-f111-b374-3833c5fb3aa8,0,0,FALSE,FALSE,0,55.45,0,0,0,FALSE,0,TRUE,2909,FALSE,0,0,1,43,2444.25
FALSE,2,8046-DNVTL,d419563f-5aa9-f111-b374-3833c5fb3aa8,0,1,FALSE,TRUE,0,38.6,0,0,1,TRUE,3,FALSE,2994,FALSE,0,0,1,62,2345.55
TRUE,0,7932-WPTDS,751b563f-5aa9-f111-b374-3833c5fb3aa8,2,0,FALSE,TRUE,0,24.8,3,2,2,TRUE,0,FALSE,411,TRUE,2,2,3,1,24.8
FALSE,0,7964-VEXDG,f01b563f-5aa9-f111-b374-3833c5fb3aa8,2,1,TRUE,FALSE,1,80.35,4,2,3,FALSE,0,TRUE,534,FALSE,2,2,3,21,1747.2
FALSE,2,2194-IIQOF,351d563f-5aa9-f111-b374-3833c5fb3aa8,3,0,FALSE,TRUE,0,89.3,4,3,3,FALSE,3,TRUE,859,FALSE,3,3,2,71,6388.65
FALSE,0,1472-TNCWL,b81d563f-5aa9-f111-b374-3833c5fb3aa8,2,1,TRUE,FALSE,1,94.7,2,3,2,TRUE,0,TRUE,990,FALSE,3,3,3,36,3512.5
FALSE,0,2378-HTWFW,6f1e563f-5aa9-f111-b374-3833c5fb3aa8,2,1,FALSE,FALSE,1,91,4,2,3,FALSE,3,TRUE,1173,TRUE,3,2,3,35,3180.5
FALSE,1,1599-MMYRQ,9b1e563f-5aa9-f111-b374-3833c5fb3aa8,2,1,TRUE,TRUE,1,81.45,2,3,3,TRUE,3,TRUE,1217,FALSE,2,2,3,62,4983.05
FALSE,2,2097-YVPKN,a41e563f-5aa9-f111-b374-3833c5fb3aa8,4,1,FALSE,FALSE,2,25.75,4,4,4,FALSE,1,TRUE,1226,FALSE,4,4,4,65,1654.75
TRUE,0,7623-TRNQN,151f563f-5aa9-f111-b374-3833c5fb3aa8,2,1,TRUE,FALSE,0,49.9,2,2,2,TRUE,1,TRUE,1339,FALSE,2,2,2,1,49.9
FALSE,0,0939-EREMR,a21f563f-5aa9-f111-b374-3833c5fb3aa8,3,0,TRUE,FALSE,0,53.45,2,2,2,FALSE,1,TRUE,1480,FALSE,2,2,2,13,718.1
FALSE,1,2834-JKOOW,cd1f563f-5aa9-f111-b374-3833c5fb3aa8,3,0,FALSE,FALSE,0,45.9,3,3,3,FALSE,1,FALSE,1523,FALSE,2,2,2,15,693.45
FALSE,2,9589-ABEPT,6c20563f-5aa9-f111-b374-3833c5fb3aa8,2,1,FALSE,TRUE,1,92.45,4,3,2,TRUE,1,TRUE,1682,FALSE,2,3,2,69,6460.55
FALSE,2,1241-FPMOF,b120563f-5aa9-f111-b374-3833c5fb3aa8,4,1,FALSE,FALSE,2,19.65,2,4,4,FALSE,1,TRUE,1751,FALSE,4,4,4,52,1025.05
FALSE,0,2267-WTPYD,f020563f-5aa9-f111-b374-3833c5fb3aa8,3,0,FALSE,TRUE,1,94,4,3,2,FALSE,3,TRUE,1814,TRUE,3,2,3,57,5438.95
FALSE,1,7203-OYKCT,bd10fb45-5aa9-f111-b374-3833c5fb3aa8,3,1,FALSE,FALSE,1,104.95,4,3,2,TRUE,0,TRUE,2022,FALSE,3,3,3,72,7544.3
FALSE,0,7853-OETYL,1911fb45-5aa9-f111-b374-3833c5fb3aa8,2,0,FALSE,TRUE,0,29.05,3,2,3,TRUE,0,FALSE,1891,FALSE,2,2,3,4,129.6
TRUE,0,0786-VSSUD,7211fb45-5aa9-f111-b374-3833c5fb3aa8,2,1,FALSE,FALSE,0,39,3,3,2,TRUE,1,FALSE,1980,TRUE,2,3,3,16,679.85
TRUE,0,1010-DIAUQ,7b8e5e39-5aa9-f111-b374-3833c5fb3aa8,1,1,FALSE,FALSE,1,96.5,0,1,0,FALSE,2,TRUE,365,FALSE,1,1,0,5,492.55
FALSE,1,2324-AALNO,1a915e39-5aa9-f111-b374-3833c5fb3aa8,0,0,FALSE,FALSE,2,24.55,1,0,0,FALSE,2,TRUE,676,FALSE,0,0,0,48,1203.95
FALSE,1,6461-PPAXN,aa925e39-5aa9-f111-b374-3833c5fb3aa8,0,0,TRUE,TRUE,0,54.95,0,1,1,TRUE,2,TRUE,979,FALSE,0,0,1,35,1916
FALSE,0,3391-JSQEW,ca935e39-5aa9-f111-b374-3833c5fb3aa8,0,1,FALSE,TRUE,0,50.15,0,0,0,TRUE,1,TRUE,1109,FALSE,0,0,0,40,2058.5
FALSE,0,9885-AIBVB,e9955e39-5aa9-f111-b374-3833c5fb3aa8,1,1,FALSE,TRUE,1,85.8,1,0,0,TRUE,0,TRUE,1391,FALSE,0,0,0,29,2440.25
FALSE,1,2351-RRBUE,e2965e39-5aa9-f111-b374-3833c5fb3aa8,0,0,TRUE,TRUE,2,20.65,0,0,0,FALSE,1,TRUE,1640,FALSE,0,0,0,7,134.05
TRUE,0,5687-DKDTV,72975e39-5aa9-f111-b374-3833c5fb3aa8,0,0,FALSE,FALSE,2,20.35,0,0,0,FALSE,1,TRUE,1784,FALSE,0,0,0,4,77.5
TRUE,0,3669-OYSJI,b6975e39-5aa9-f111-b374-3833c5fb3aa8,0,1,FALSE,FALSE,0,46.2,0,1,0,FALSE,3,TRUE,1852,FALSE,0,0,0,1,46.2
FALSE,0,5619-PTMIK,c715563f-5aa9-f111-b374-3833c5fb3aa8,0,0,FALSE,TRUE,0,53.1,1,1,1,FALSE,0,TRUE,1957,FALSE,0,0,0,46,2459.8
TRUE,0,6298-QDFNH,1916563f-5aa9-f111-b374-3833c5fb3aa8,0,1,FALSE,FALSE,1,79.35,1,0,0,TRUE,0,TRUE,2039,FALSE,0,0,0,22,1730.35
TRUE,0,6356-ELRKD,3716563f-5aa9-f111-b374-3833c5fb3aa8,0,0,FALSE,FALSE,1,95.6,0,1,1,TRUE,0,TRUE,2069,FALSE,1,1,0,1,95.6
FALSE,0,4137-BTIKL,5416563f-5aa9-f111-b374-3833c5fb3aa8,0,1,FALSE,FALSE,1,90.75,1,1,1,FALSE,1,TRUE,2098,FALSE,1,0,0,2,174.75
FALSE,1,1784-EZDKJ,8f16563f-5aa9-f111-b374-3833c5fb3aa8,1,1,FALSE,TRUE,1,106.8,1,0,0,TRUE,2,TRUE,2157,FALSE,1,1,0,51,5498.8
FALSE,0,9050-IKDZA,ab17563f-5aa9-f111-b374-3833c5fb3aa8,0,0,FALSE,FALSE,1,81.5,0,1,0,FALSE,1,TRUE,2441,TRUE,0,1,0,2,162.55
FALSE,1,7016-NVRIC,f117563f-5aa9-f111-b374-3833c5fb3aa8,1,1,FALSE,TRUE,1,90.1,0,1,1,FALSE,2,TRUE,2511,TRUE,1,0,0,29,2656.7
FALSE,0,2668-TZSPS,6e19563f-5aa9-f111-b374-3833c5fb3aa8,0,1,FALSE,FALSE,2,20.45,0,0,0,FALSE,1,TRUE,2892,FALSE,0,0,0,1,20.45
TRUE,0,3237-AJGEH,b419563f-5aa9-f111-b374-3833c5fb3aa8,0,0,TRUE,TRUE,0,31,0,1,0,TRUE,1,FALSE,2962,FALSE,0,0,1,3,95.05
FALSE,2,3654-ARMGP,e419563f-5aa9-f111-b374-3833c5fb3aa8,3,0,FALSE,FALSE,0,88.65,4,3,2,FALSE,3,TRUE,10,FALSE,3,3,2,61,5321.25
TRUE,0,5940-NFXKV,0c1b563f-5aa9-f111-b374-3833c5fb3aa8,2,1,TRUE,TRUE,1,83.65,4,2,2,TRUE,0,TRUE,306,FALSE,3,2,3,19,1465.75
FALSE,0,1208-NBVFH,b31b563f-5aa9-f111-b374-3833c5fb3aa8,3,1,TRUE,TRUE,0,49.6,2,2,2,TRUE,0,TRUE,473,FALSE,2,2,3,20,939.8
FALSE,2,0506-YLVKJ,eb1c563f-5aa9-f111-b374-3833c5fb3aa8,4,1,TRUE,TRUE,2,20.2,2,4,4,TRUE,1,TRUE,785,FALSE,4,4,4,46,917.45
TRUE,0,3422-LYEPQ,061d563f-5aa9-f111-b374-3833c5fb3aa8,2,1,TRUE,TRUE,1,71,2,2,2,TRUE,0,TRUE,812,FALSE,2,2,3,1,71
TRUE,0,4512-ZUIYL,361d563f-5aa9-f111-b374-3833c5fb3aa8,2,0,FALSE,FALSE,1,70,2,2,2,FALSE,2,TRUE,860,FALSE,2,2,3,2,153.05
FALSE,1,8331-ZXFOE,fa1d563f-5aa9-f111-b374-3833c5fb3aa8,3,0,FALSE,FALSE,0,71.1,4,3,3,TRUE,3,TRUE,1056,FALSE,2,2,2,58,4299.2
FALSE,1,5872-OEQNH,f81e563f-5aa9-f111-b374-3833c5fb3aa8,3,0,FALSE,FALSE,0,44.45,3,2,3,TRUE,0,FALSE,1310,FALSE,3,2,3,60,2773.9
TRUE,0,5561-NWEVX,7120563f-5aa9-f111-b374-3833c5fb3aa8,3,0,FALSE,TRUE,1,79.2,4,2,2,FALSE,0,TRUE,1687,TRUE,2,2,3,2,172.85
FALSE,1,7750-EYXWZ,cb10fb45-5aa9-f111-b374-3833c5fb3aa8,3,0,FALSE,FALSE,0,60.65,3,3,2,FALSE,0,FALSE,2036,FALSE,3,3,2,12,743.3
FALSE,2,9710-NJERN,9911fb45-5aa9-f111-b374-3833c5fb3aa8,4,0,FALSE,FALSE,2,20.15,2,4,4,FALSE,1,TRUE,2019,FALSE,4,4,4,39,826
TRUE,0,6227-HWPWX,55905e39-5aa9-f111-b374-3833c5fb3aa8,0,0,TRUE,FALSE,1,69,0,1,0,FALSE,2,TRUE,479,FALSE,0,0,0,15,994.8
FALSE,2,0556-FJEGU,a0925e39-5aa9-f111-b374-3833c5fb3aa8,1,1,FALSE,FALSE,0,70.1,0,0,0,FALSE,2,TRUE,972,FALSE,0,1,1,58,4048.95
TRUE,1,2382-BCKQJ,eb925e39-5aa9-f111-b374-3833c5fb3aa8,1,0,TRUE,FALSE,1,100.15,1,1,0,TRUE,0,TRUE,855,FALSE,1,1,0,62,6413.65
FALSE,0,0774-IFUVM,86935e39-5aa9-f111-b374-3833c5fb3aa8,0,1,TRUE,TRUE,0,65.15,1,1,1,TRUE,2,TRUE,1138,FALSE,0,1,0,11,723.35
FALSE,1,4538-WNTMJ,e0955e39-5aa9-f111-b374-3833c5fb3aa8,0,0,TRUE,TRUE,2,24.95,1,0,0,FALSE,1,TRUE,1382,FALSE,0,0,0,46,1165.9
FALSE,0,1436-ZMJAN,99965e39-5aa9-f111-b374-3833c5fb3aa8,1,0,FALSE,TRUE,0,67.8,0,1,0,TRUE,3,TRUE,1567,FALSE,1,1,0,10,653.15
FALSE,0,9365-SRSZE,0f975e39-5aa9-f111-b374-3833c5fb3aa8,0,1,FALSE,TRUE,1,70.55,0,1,0,TRUE,0,TRUE,1685,TRUE,0,0,0,27,1943.9
FALSE,0,0274-JKUJR,13975e39-5aa9-f111-b374-3833c5fb3aa8,1,1,TRUE,TRUE,0,58.85,0,0,1,FALSE,1,FALSE,1689,FALSE,1,1,0,7,465.7
FALSE,0,2018-QKYGT,ab15563f-5aa9-f111-b374-3833c5fb3aa8,0,1,TRUE,TRUE,1,81.05,0,1,0,TRUE,0,TRUE,1929,FALSE,1,0,0,1,81.05
TRUE,0,3757-NJYBX,6d17563f-5aa9-f111-b374-3833c5fb3aa8,1,1,FALSE,TRUE,1,106.35,1,0,0,FALSE,2,TRUE,2379,TRUE,1,1,0,32,3520.75
TRUE,0,9206-GVPEQ,de17563f-5aa9-f111-b374-3833c5fb3aa8,0,1,FALSE,TRUE,0,54.45,0,1,1,TRUE,0,FALSE,2492,FALSE,1,1,1,13,706.85
TRUE,0,5028-GZLDO,6718563f-5aa9-f111-b374-3833c5fb3aa8,0,1,FALSE,FALSE,1,70.7,0,1,0,FALSE,3,TRUE,2629,FALSE,0,0,0,2,140.7
TRUE,0,2265-CYWIV,3e19563f-5aa9-f111-b374-3833c5fb3aa8,0,0,FALSE,TRUE,1,99.6,1,1,1,TRUE,0,TRUE,2844,TRUE,1,1,0,4,347.65
FALSE,0,3001-UNBTL,981a563f-5aa9-f111-b374-3833c5fb3aa8,3,1,TRUE,TRUE,1,103.95,4,2,2,TRUE,0,TRUE,190,TRUE,3,3,3,29,2964.8
FALSE,2,0771-CHWSK,341b563f-5aa9-f111-b374-3833c5fb3aa8,3,1,FALSE,FALSE,0,74.6,4,3,3,TRUE,3,TRUE,346,FALSE,3,2,3,66,4798.4
FALSE,0,0212-ISBBF,b11d563f-5aa9-f111-b374-3833c5fb3aa8,2,0,FALSE,FALSE,0,50.35,3,3,2,TRUE,0,FALSE,983,FALSE,3,3,3,22,1098.85
TRUE,0,5567-WSELE,b71d563f-5aa9-f111-b374-3833c5fb3aa8,2,1,FALSE,TRUE,1,94.6,4,2,2,TRUE,0,TRUE,989,TRUE,3,3,3,3,279.55
FALSE,0,8757-TFHHJ,131e563f-5aa9-f111-b374-3833c5fb3aa8,2,1,FALSE,FALSE,0,49.8,2,2,3,TRUE,3,TRUE,1081,FALSE,2,2,3,1,49.8
FALSE,2,7711-GQBZC,251e563f-5aa9-f111-b374-3833c5fb3aa8,4,0,TRUE,TRUE,2,24.7,4,4,4,FALSE,2,TRUE,1099,FALSE,4,4,4,71,1810.55
FALSE,1,6383-ZTSIW,551e563f-5aa9-f111-b374-3833c5fb3aa8,2,0,FALSE,TRUE,1,99.1,2,3,3,FALSE,1,TRUE,1147,TRUE,3,3,3,39,3877.95
FALSE,2,7779-ORAEL,661e563f-5aa9-f111-b374-3833c5fb3aa8,3,1,FALSE,TRUE,0,75.15,4,2,3,FALSE,3,TRUE,1164,TRUE,3,2,2,45,3480.35
FALSE,0,9494-MRNYX,951f563f-5aa9-f111-b374-3833c5fb3aa8,2,1,FALSE,FALSE,1,75.05,4,2,2,FALSE,0,TRUE,1467,FALSE,2,2,3,10,786.3
TRUE,0,0488-GSLFR,aa1f563f-5aa9-f111-b374-3833c5fb3aa8,2,0,FALSE,FALSE,1,69.5,2,2,2,TRUE,0,TRUE,1488,FALSE,2,2,3,1,69.5
FALSE,2,3938-YFPXD,0520563f-5aa9-f111-b374-3833c5fb3aa8,3,1,FALSE,FALSE,0,84.3,4,2,3,FALSE,3,TRUE,1579,FALSE,3,3,2,72,5997.1
FALSE,0,4747-LCAQL,4420563f-5aa9-f111-b374-3833c5fb3aa8,2,1,FALSE,FALSE,0,79,2,3,3,TRUE,1,TRUE,1642,FALSE,3,3,2,25,1902
FALSE,0,5274-XHAKY,6620563f-5aa9-f111-b374-3833c5fb3aa8,2,0,TRUE,TRUE,1,94.3,4,3,3,TRUE,2,TRUE,1676,FALSE,2,3,3,41,3893.6
FALSE,0,8212-DJRCH,e620563f-5aa9-f111-b374-3833c5fb3aa8,3,1,TRUE,TRUE,1,90.35,2,2,3,TRUE,1,TRUE,1804,FALSE,3,2,3,5,434.5
TRUE,0,6457-GIRWB,3a11fb45-5aa9-f111-b374-3833c5fb3aa8,2,1,FALSE,FALSE,1,69.35,2,2,2,TRUE,0,TRUE,1924,FALSE,2,2,3,1,69.35
FALSE,2,5845-BZZIB,02915e39-5aa9-f111-b374-3833c5fb3aa8,0,1,TRUE,TRUE,2,20.1,0,0,0,FALSE,1,TRUE,652,FALSE,0,0,0,35,655.3
FALSE,0,3014-WJKSM,3a915e39-5aa9-f111-b374-3833c5fb3aa8,1,1,FALSE,TRUE,1,75.3,0,1,0,TRUE,3,TRUE,708,FALSE,0,0,0,29,2263.4
FALSE,2,4625-LAMOB,ca925e39-5aa9-f111-b374-3833c5fb3aa8,0,1,FALSE,FALSE,2,20.4,0,0,0,FALSE,3,TRUE,839,FALSE,0,0,0,44,905.55
FALSE,0,7143-BQIBA,73935e39-5aa9-f111-b374-3833c5fb3aa8,0,1,FALSE,FALSE,0,62.25,0,1,1,FALSE,2,TRUE,1063,FALSE,0,1,1,10,612.95
FALSE,2,5193-QLVZB,83965e39-5aa9-f111-b374-3833c5fb3aa8,1,1,FALSE,FALSE,1,104.75,1,0,0,TRUE,2,TRUE,1545,FALSE,1,1,0,63,6536.5
TRUE,0,4911-BANWH,98975e39-5aa9-f111-b374-3833c5fb3aa8,0,0,TRUE,FALSE,1,86.55,1,1,0,TRUE,3,TRUE,1822,FALSE,0,1,0,31,2697.4
FALSE,1,2239-CGBUZ,b215563f-5aa9-f111-b374-3833c5fb3aa8,0,0,FALSE,TRUE,0,60.5,0,0,1,TRUE,2,TRUE,1936,FALSE,0,0,1,51,3145.15
TRUE,0,5054-IEXZT,c315563f-5aa9-f111-b374-3833c5fb3aa8,0,1,TRUE,FALSE,1,75.35,0,0,0,TRUE,0,TRUE,1953,FALSE,0,0,0,1,75.35
FALSE,0,6648-INWPS,7f16563f-5aa9-f111-b374-3833c5fb3aa8,0,1,TRUE,TRUE,2,20.15,0,0,0,FALSE,0,TRUE,2141,FALSE,0,0,0,16,341.35
FALSE,2,7401-JIXNM,1617563f-5aa9-f111-b374-3833c5fb3aa8,1,0,TRUE,TRUE,0,91.3,1,0,1,FALSE,3,TRUE,2292,FALSE,1,1,1,54,4965
FALSE,1,0310-SUCIN,8517563f-5aa9-f111-b374-3833c5fb3aa8,1,0,FALSE,TRUE,0,84.8,0,0,1,TRUE,2,TRUE,2403,FALSE,1,1,1,71,6046.1
FALSE,0,8622-ZLFKO,df17563f-5aa9-f111-b374-3833c5fb3aa8,0,0,FALSE,TRUE,1,90.75,1,0,0,TRUE,0,TRUE,2493,FALSE,1,0,0,6,512.25
FALSE,2,2599-CIPQE,f019563f-5aa9-f111-b374-3833c5fb3aa8,3,1,TRUE,TRUE,1,109.3,2,3,3,FALSE,3,TRUE,22,FALSE,3,3,2,71,7782.85
TRUE,0,2968-SSGAA,441d563f-5aa9-f111-b374-3833c5fb3aa8,3,0,FALSE,FALSE,1,100.6,4,2,2,TRUE,0,TRUE,874,FALSE,3,3,3,10,1060.2
FALSE,0,3384-CTMSF,181f563f-5aa9-f111-b374-3833c5fb3aa8,3,1,FALSE,TRUE,1,104.1,4,3,2,TRUE,0,TRUE,1342,FALSE,3,3,3,47,5135.15
FALSE,2,6169-PGNCD,1820563f-5aa9-f111-b374-3833c5fb3aa8,3,0,FALSE,FALSE,0,74.3,2,3,3,TRUE,3,TRUE,1598,FALSE,2,3,2,57,4166.35
FALSE,1,5245-VDBUR,ad20563f-5aa9-f111-b374-3833c5fb3aa8,3,0,FALSE,TRUE,0,35.45,3,2,3,FALSE,1,FALSE,1747,FALSE,2,2,3,52,1958.95
FALSE,0,9572-WUKSB,cb20563f-5aa9-f111-b374-3833c5fb3aa8,2,1,FALSE,TRUE,0,29.9,3,2,2,TRUE,0,FALSE,1777,FALSE,2,2,2,3,92.25
FALSE,0,9013-AQORL,5011fb45-5aa9-f111-b374-3833c5fb3aa8,3,0,TRUE,FALSE,0,45.55,3,3,2,FALSE,3,FALSE,1946,FALSE,3,2,3,48,2108.35
TRUE,0,3419-SNJJD,d7905e39-5aa9-f111-b374-3833c5fb3aa8,1,0,FALSE,TRUE,1,105.25,1,1,1,FALSE,2,TRUE,609,TRUE,1,1,0,65,6786.4
TRUE,0,4750-ZRXIU,77925e39-5aa9-f111-b374-3833c5fb3aa8,0,0,FALSE,FALSE,1,84.6,1,1,0,TRUE,0,TRUE,933,TRUE,1,0,0,4,360.1
TRUE,0,4208-UFFGW,8a925e39-5aa9-f111-b374-3833c5fb3aa8,0,1,FALSE,FALSE,0,44.95,0,1,0,FALSE,1,TRUE,950,TRUE,0,0,0,2,85.15
FALSE,1,3523-BRGUW,0e935e39-5aa9-f111-b374-3833c5fb3aa8,0,1,FALSE,FALSE,2,19.3,0,0,0,FALSE,3,TRUE,881,TRUE,0,0,0,26,504.2
FALSE,0,6103-BOCOU,35935e39-5aa9-f111-b374-3833c5fb3aa8,1,0,FALSE,FALSE,1,80.7,1,1,0,TRUE,0,TRUE,918,FALSE,0,0,0,26,2193
TRUE,0,9948-YPTDG,51935e39-5aa9-f111-b374-3833c5fb3aa8,0,1,FALSE,TRUE,1,79.45,0,0,1,TRUE,0,TRUE,1039,FALSE,0,0,0,38,3013.05
TRUE,0,1236-WFCDV,52935e39-5aa9-f111-b374-3833c5fb3aa8,0,1,FALSE,FALSE,1,90.45,0,1,0,FALSE,3,TRUE,1040,TRUE,1,1,0,14,1266.1
FALSE,2,0343-QLUZP,cb935e39-5aa9-f111-b374-3833c5fb3aa8,1,1,FALSE,FALSE,0,39.6,0,0,1,FALSE,2,FALSE,1110,FALSE,0,0,0,60,2424.5
FALSE,0,0178-SZBHO,48955e39-5aa9-f111-b374-3833c5fb3aa8,0,1,TRUE,TRUE,1,87.2,1,0,0,FALSE,0,TRUE,1230,FALSE,0,1,0,47,4017.45
FALSE,1,1004-NOZNR,6b955e39-5aa9-f111-b374-3833c5fb3aa8,0,1,TRUE,FALSE,1,94.8,0,1,1,FALSE,3,TRUE,1265,TRUE,1,1,0,56,5264.3
TRUE,0,9158-VCTQB,03975e39-5aa9-f111-b374-3833c5fb3aa8,1,0,FALSE,TRUE,1,113.6,1,0,1,TRUE,2,TRUE,1673,FALSE,1,1,1,41,4594.95
TRUE,0,9172-ANCRX,81975e39-5aa9-f111-b374-3833c5fb3aa8,0,0,FALSE,FALSE,1,98.7,1,1,1,TRUE,0,TRUE,1799,FALSE,1,1,0,10,973.25
FALSE,1,7064-FRRSW,c3975e39-5aa9-f111-b374-3833c5fb3aa8,0,1,FALSE,FALSE,1,99,1,0,0,TRUE,0,TRUE,1865,TRUE,1,1,0,48,4744.35
FALSE,2,6479-SZPLM,da16563f-5aa9-f111-b374-3833c5fb3aa8,0,1,TRUE,TRUE,2,19.45,0,0,0,FALSE,3,TRUE,2232,FALSE,0,0,0,36,754.5
FALSE,0,6734-GMPVK,7517563f-5aa9-f111-b374-3833c5fb3aa8,1,1,FALSE,FALSE,1,105.3,1,0,0,FALSE,0,TRUE,2387,FALSE,1,1,0,5,550.6
FALSE,2,8670-ERCJH,0b18563f-5aa9-f111-b374-3833c5fb3aa8,1,1,FALSE,FALSE,1,113.4,1,0,1,FALSE,2,TRUE,2537,FALSE,1,1,1,72,8164.1
FALSE,0,4526-ZJJTM,4018563f-5aa9-f111-b374-3833c5fb3aa8,1,0,FALSE,TRUE,1,88.4,0,0,0,FALSE,2,TRUE,2590,TRUE,1,0,0,25,2191.15
FALSE,0,4727-MCYZG,7e18563f-5aa9-f111-b374-3833c5fb3aa8,0,1,FALSE,FALSE,0,55.55,0,1,0,FALSE,1,TRUE,2652,FALSE,1,0,0,1,55.55
FALSE,1,6229-UOLQL,581b563f-5aa9-f111-b374-3833c5fb3aa8,2,1,TRUE,TRUE,0,52,3,3,3,TRUE,1,FALSE,382,FALSE,2,3,2,56,2884.9
TRUE,0,5550-VFRLC,171c563f-5aa9-f111-b374-3833c5fb3aa8,2,0,FALSE,FALSE,1,69.85,2,2,2,TRUE,0,TRUE,573,TRUE,2,2,3,1,69.85
FALSE,0,4430-YHXGG,921d563f-5aa9-f111-b374-3833c5fb3aa8,4,0,TRUE,FALSE,2,25.45,4,4,4,TRUE,1,TRUE,952,FALSE,4,4,4,4,84.2
FALSE,1,0020-JDNXP,d61d563f-5aa9-f111-b374-3833c5fb3aa8,3,0,TRUE,TRUE,0,61.25,3,2,3,FALSE,1,FALSE,1020,FALSE,3,3,2,34,1993.2
FALSE,0,4003-FUSHP,fb1d563f-5aa9-f111-b374-3833c5fb3aa8,2,1,FALSE,FALSE,0,61.55,2,2,2,TRUE,3,TRUE,1057,FALSE,2,3,2,19,1093.2
TRUE,0,5419-JPRRN,a41f563f-5aa9-f111-b374-3833c5fb3aa8,3,1,FALSE,FALSE,1,101.45,4,2,2,TRUE,0,TRUE,1482,FALSE,3,3,3,1,101.45
FALSE,2,4086-WITJG,2820563f-5aa9-f111-b374-3833c5fb3aa8,4,1,TRUE,TRUE,2,19.7,2,4,4,FALSE,3,TRUE,1614,FALSE,4,4,4,71,1301.1
FALSE,2,2030-BTZRO,e920563f-5aa9-f111-b374-3833c5fb3aa8,4,1,TRUE,TRUE,2,20.4,2,4,4,TRUE,3,TRUE,1807,FALSE,4,4,4,6,107.6
TRUE,0,5919-TMRGD,f28f5e39-5aa9-f111-b374-3833c5fb3aa8,0,0,TRUE,FALSE,1,79.35,0,1,0,TRUE,0,TRUE,80,FALSE,0,1,0,1,79.35
FALSE,0,4445-ZJNMU,f78f5e39-5aa9-f111-b374-3833c5fb3aa8,0,1,FALSE,FALSE,1,99.3,1,0,0,TRUE,3,TRUE,85,FALSE,1,1,0,9,918.75
TRUE,0,3804-RVTGV,19935e39-5aa9-f111-b374-3833c5fb3aa8,1,1,TRUE,TRUE,1,103.85,1,0,0,TRUE,2,TRUE,891,FALSE,1,1,0,50,5017.9
FALSE,0,8807-ARQET,9f935e39-5aa9-f111-b374-3833c5fb3aa8,0,0,FALSE,FALSE,0,40.35,0,0,0,TRUE,0,FALSE,1150,FALSE,1,0,0,41,1677.85
TRUE,0,5673-FSSMF,e5935e39-5aa9-f111-b374-3833c5fb3aa8,0,0,FALSE,FALSE,0,60.15,1,1,0,TRUE,0,TRUE,1185,FALSE,1,0,0,1,60.15
FALSE,0,2625-TRCZQ,bf955e39-5aa9-f111-b374-3833c5fb3aa8,0,0,FALSE,TRUE,0,49.65,0,0,0,TRUE,0,FALSE,1349,FALSE,1,1,0,51,2553.35
FALSE,1,8970-ANWXO,35965e39-5aa9-f111-b374-3833c5fb3aa8,0,0,FALSE,FALSE,0,73.75,1,1,0,TRUE,1,TRUE,1467,FALSE,1,1,1,23,1756.6
FALSE,0,5207-PLSTK,68975e39-5aa9-f111-b374-3833c5fb3aa8,0,1,TRUE,TRUE,0,48.75,0,1,1,TRUE,1,TRUE,1774,FALSE,0,0,0,1,48.75
FALSE,0,1163-ONYEY,7216563f-5aa9-f111-b374-3833c5fb3aa8,1,1,TRUE,TRUE,0,74.55,1,0,1,TRUE,3,TRUE,2128,FALSE,0,1,0,41,3023.55
FALSE,0,5468-BPMMO,c818563f-5aa9-f111-b374-3833c5fb3aa8,0,1,FALSE,TRUE,2,19.6,0,0,0,FALSE,0,TRUE,2755,FALSE,0,0,0,46,851.2
FALSE,2,8857-CUPFQ,2a19563f-5aa9-f111-b374-3833c5fb3aa8,0,1,FALSE,TRUE,2,19.25,0,0,0,FALSE,1,TRUE,2824,FALSE,0,0,0,63,1237.65
FALSE,0,6988-CJEYV,3619563f-5aa9-f111-b374-3833c5fb3aa8,0,1,FALSE,FALSE,1,98.7,1,0,0,FALSE,0,TRUE,2836,FALSE,1,1,0,49,4920.55
FALSE,0,7299-GNVPL,3a19563f-5aa9-f111-b374-3833c5fb3aa8,0,0,TRUE,TRUE,1,84.4,0,0,1,FALSE,1,TRUE,2840,FALSE,0,0,1,23,1936.85
FALSE,2,1930-QPBVZ,9219563f-5aa9-f111-b374-3833c5fb3aa8,0,1,TRUE,TRUE,1,95.1,0,0,1,FALSE,2,TRUE,2928,FALSE,1,0,1,68,6683.4
FALSE,2,1635-NZATJ,5a1d563f-5aa9-f111-b374-3833c5fb3aa8,4,1,FALSE,TRUE,2,25.45,4,4,4,FALSE,3,TRUE,896,TRUE,4,4,4,71,1789.65
FALSE,0,0674-EYYZV,5920563f-5aa9-f111-b374-3833c5fb3aa8,2,0,FALSE,FALSE,0,54.65,2,2,2,TRUE,0,TRUE,1663,FALSE,2,3,3,1,54.65
FALSE,0,1785-BPHTP,8a20563f-5aa9-f111-b374-3833c5fb3aa8,3,1,TRUE,TRUE,1,85.45,2,2,2,FALSE,0,TRUE,1712,FALSE,2,3,3,28,2289.9
FALSE,0,0224-RLWWD,e38e5e39-5aa9-f111-b374-3833c5fb3aa8,0,0,FALSE,FALSE,0,44.3,0,1,0,TRUE,0,TRUE,392,TRUE,0,0,0,2,89.3
TRUE,0,0578-SKVMF,488f5e39-5aa9-f111-b374-3833c5fb3aa8,0,0,TRUE,TRUE,1,83.3,0,0,0,FALSE,0,TRUE,418,FALSE,1,0,0,22,1845.9
FALSE,2,6292-TOSSS,808f5e39-5aa9-f111-b374-3833c5fb3aa8,0,1,FALSE,FALSE,2,24.9,1,0,0,FALSE,2,TRUE,266,FALSE,0,0,0,50,1195.25
TRUE,0,6366-ZGQGL,868f5e39-5aa9-f111-b374-3833c5fb3aa8,0,1,FALSE,FALSE,0,24.8,0,1,0,FALSE,2,FALSE,272,FALSE,0,0,0,1,24.8
FALSE,2,6234-RAAPL,c58f5e39-5aa9-f111-b374-3833c5fb3aa8,0,0,TRUE,TRUE,1,99.9,1,0,1,FALSE,2,TRUE,35,FALSE,0,1,1,72,7251.7
FALSE,0,2826-UWHIS,1d915e39-5aa9-f111-b374-3833c5fb3aa8,0,1,FALSE,TRUE,1,81.4,1,0,0,FALSE,2,TRUE,679,FALSE,0,0,0,45,3775.85
FALSE,2,7277-KAMWT,c9925e39-5aa9-f111-b374-3833c5fb3aa8,0,1,FALSE,FALSE,2,20,0,0,0,FALSE,3,TRUE,994,FALSE,0,0,0,13,268.45
TRUE,0,4695-VADHF,f2925e39-5aa9-f111-b374-3833c5fb3aa8,1,1,TRUE,TRUE,0,57.45,0,1,0,FALSE,0,TRUE,1014,FALSE,1,0,0,18,990.85
FALSE,0,5091-HFAZW,6d975e39-5aa9-f111-b374-3833c5fb3aa8,0,0,FALSE,FALSE,1,91.15,0,0,1,TRUE,0,TRUE,1779,FALSE,0,1,0,2,168.5
TRUE,0,4566-GOLUK,a915563f-5aa9-f111-b374-3833c5fb3aa8,1,1,TRUE,TRUE,1,107.35,1,1,0,TRUE,2,TRUE,1927,FALSE,1,1,1,47,5118.95
TRUE,0,3074-GQWYX,fc15563f-5aa9-f111-b374-3833c5fb3aa8,0,1,FALSE,FALSE,1,75.9,1,1,0,TRUE,2,TRUE,2010,FALSE,0,0,0,5,357.75
FALSE,1,2266-SJNAT,3817563f-5aa9-f111-b374-3833c5fb3aa8,1,0,FALSE,TRUE,1,109.15,1,0,0,FALSE,3,TRUE,2326,FALSE,1,1,1,72,7789.6
FALSE,0,5213-TWWJU,c118563f-5aa9-f111-b374-3833c5fb3aa8,1,1,FALSE,FALSE,1,91,0,1,0,FALSE,0,TRUE,2687,FALSE,1,0,1,28,2626.15
FALSE,2,0106-UGRDO,9019563f-5aa9-f111-b374-3833c5fb3aa8,1,0,FALSE,TRUE,1,116,1,0,1,TRUE,0,TRUE,2926,FALSE,1,1,1,69,8182.85
FALSE,0,8648-PFRMP,b819563f-5aa9-f111-b374-3833c5fb3aa8,0,0,FALSE,FALSE,0,46.35,0,1,0,TRUE,0,FALSE,2966,TRUE,1,1,0,14,672.7
FALSE,0,9500-LTVBP,071a563f-5aa9-f111-b374-3833c5fb3aa8,2,0,FALSE,FALSE,1,80.05,4,2,2,FALSE,3,TRUE,45,FALSE,2,2,2,35,2835.9
FALSE,1,6202-JVYEU,a31a563f-5aa9-f111-b374-3833c5fb3aa8,4,1,FALSE,FALSE,2,19.9,2,4,4,TRUE,0,TRUE,201,FALSE,4,4,4,9,164.6
FALSE,1,2851-STERV,d71a563f-5aa9-f111-b374-3833c5fb3aa8,3,1,FALSE,FALSE,0,73,2,2,2,TRUE,0,TRUE,253,TRUE,3,3,0,35,2471.25
FALSE,2,1460-UZPRJ,3f1b563f-5aa9-f111-b374-3833c5fb3aa8,4,1,FALSE,TRUE,2,19.95,2,4,4,FALSE,1,TRUE,357,FALSE,4,4,4,60,1258.15
TRUE,0,1493-AMTIE,411c563f-5aa9-f111-b374-3833c5fb3aa8,4,1,FALSE,FALSE,2,20.2,2,4,4,TRUE,2,TRUE,615,FALSE,4,4,4,1,20.2
FALSE,0,6147-CBCRA,631c563f-5aa9-f111-b374-3833c5fb3aa8,0,0,FALSE,TRUE,2,20.05,2,4,4,FALSE,1,TRUE,649,FALSE,4,4,4,33,669.45
FALSE,1,9402-CXWPL,621d563f-5aa9-f111-b374-3833c5fb3aa8,2,0,FALSE,FALSE,1,98.9,4,3,2,FALSE,0,TRUE,904,FALSE,3,3,3,70,6838.6
FALSE,2,2169-RRLFW,f71e563f-5aa9-f111-b374-3833c5fb3aa8,4,0,FALSE,TRUE,2,25.6,4,4,4,FALSE,3,TRUE,1309,FALSE,4,4,4,71,1888.25
FALSE,1,3653-NCRDJ,5b1f563f-5aa9-f111-b374-3833c5fb3aa8,4,1,TRUE,TRUE,2,19.2,2,4,4,TRUE,1,TRUE,1409,FALSE,4,4,4,43,776.25
FALSE,1,3985-HOYPM,ac1f563f-5aa9-f111-b374-3833c5fb3aa8,4,1,FALSE,FALSE,2,19.4,2,4,4,FALSE,1,TRUE,1490,FALSE,4,4,4,26,525.55
TRUE,0,2754-VDLTR,ce1f563f-5aa9-f111-b374-3833c5fb3aa8,2,1,TRUE,FALSE,1,95.2,4,2,2,FALSE,0,TRUE,1524,FALSE,3,3,3,10,930.4
TRUE,0,5712-PTIWW,dc1f563f-5aa9-f111-b374-3833c5fb3aa8,3,1,FALSE,FALSE,1,79.85,2,2,2,TRUE,0,TRUE,1538,FALSE,2,2,2,2,152.45
TRUE,0,6906-ANDWJ,f51f563f-5aa9-f111-b374-3833c5fb3aa8,2,1,TRUE,TRUE,1,74.9,4,2,2,TRUE,2,TRUE,1563,FALSE,2,2,3,15,1107.25
TRUE,0,6047-YHPVI,c68f5e39-5aa9-f111-b374-3833c5fb3aa8,0,1,FALSE,FALSE,1,69.7,0,1,0,TRUE,0,TRUE,36,FALSE,0,0,0,5,316.9
FALSE,0,5168-MSWXT,36905e39-5aa9-f111-b374-3833c5fb3aa8,1,1,TRUE,TRUE,1,94.75,0,1,0,TRUE,0,TRUE,448,FALSE,1,1,0,8,759.55
FALSE,0,1853-ARAAQ,44915e39-5aa9-f111-b374-3833c5fb3aa8,1,0,FALSE,FALSE,0,50.35,0,1,0,TRUE,3,FALSE,718,FALSE,1,1,0,26,1277.5
FALSE,0,3717-OFRTN,b9925e39-5aa9-f111-b374-3833c5fb3aa8,0,1,FALSE,FALSE,2,19.75,0,0,0,FALSE,2,TRUE,987,FALSE,0,0,0,1,19.75
TRUE,0,2207-NHRJK,ef925e39-5aa9-f111-b374-3833c5fb3aa8,0,1,FALSE,FALSE,0,50.8,0,0,0,FALSE,0,TRUE,857,FALSE,0,0,0,1,50.8
FALSE,1,9361-YNQWJ,fa925e39-5aa9-f111-b374-3833c5fb3aa8,0,0,FALSE,FALSE,2,24.4,1,0,0,TRUE,2,TRUE,1017,FALSE,0,0,0,64,1601.2
FALSE,1,0661-WCQNQ,ac955e39-5aa9-f111-b374-3833c5fb3aa8,0,1,FALSE,TRUE,0,56.25,0,1,1,TRUE,3,TRUE,1330,FALSE,0,0,1,22,1292.2
TRUE,0,5766-XQXMQ,6c965e39-5aa9-f111-b374-3833c5fb3aa8,1,0,FALSE,FALSE,0,68.85,0,0,1,TRUE,2,TRUE,1522,FALSE,1,0,0,29,1970.5
FALSE,1,8226-BXGES,3b975e39-5aa9-f111-b374-3833c5fb3aa8,1,1,FALSE,TRUE,1,89.45,1,0,1,FALSE,2,TRUE,1729,FALSE,0,0,0,64,5692.65
FALSE,0,5692-ICXLW,db15563f-5aa9-f111-b374-3833c5fb3aa8,0,1,FALSE,FALSE,1,90.7,1,0,0,TRUE,0,TRUE,1977,TRUE,0,1,0,31,2845.15
TRUE,0,5419-KLXBN,e515563f-5aa9-f111-b374-3833c5fb3aa8,1,0,TRUE,TRUE,1,89.15,0,0,0,TRUE,2,TRUE,1987,FALSE,0,1,0,25,2257.75
TRUE,0,3207-OYBWH,c016563f-5aa9-f111-b374-3833c5fb3aa8,1,1,FALSE,TRUE,1,95.25,1,0,0,TRUE,2,TRUE,2206,TRUE,1,0,0,57,5427.05
FALSE,2,3597-YASZG,d616563f-5aa9-f111-b374-3833c5fb3aa8,0,0,FALSE,TRUE,1,104.45,1,0,0,TRUE,2,TRUE,2228,TRUE,1,1,1,70,7349.35
TRUE,0,7593-JNWRU,5a18563f-5aa9-f111-b374-3833c5fb3aa8,0,1,TRUE,TRUE,0,44.6,0,1,0,TRUE,2,TRUE,2616,FALSE,0,0,0,6,260.8
TRUE,0,3336-JORSO,5d18563f-5aa9-f111-b374-3833c5fb3aa8,1,0,FALSE,FALSE,1,110.45,1,0,0,TRUE,0,TRUE,2619,TRUE,1,1,1,33,3655.45
FALSE,1,1872-EBWSC,ab18563f-5aa9-f111-b374-3833c5fb3aa8,0,0,FALSE,FALSE,2,20.35,0,0,0,FALSE,1,TRUE,2676,FALSE,0,0,0,29,617.35
FALSE,2,2323-ARSVR,b018563f-5aa9-f111-b374-3833c5fb3aa8,1,1,FALSE,TRUE,1,111.05,0,0,1,TRUE,0,TRUE,2743,FALSE,1,1,1,67,7321.05
FALSE,2,5804-JMYIO,1d19563f-5aa9-f111-b374-3833c5fb3aa8,0,0,TRUE,TRUE,2,19.75,0,0,0,FALSE,1,TRUE,2811,FALSE,0,0,0,39,757.95
FALSE,0,5429-LWCMV,fa19563f-5aa9-f111-b374-3833c5fb3aa8,2,0,FALSE,FALSE,1,89.15,4,3,2,TRUE,0,TRUE,32,FALSE,3,2,3,12,1057.55
FALSE,0,1746-TGTWV,211a563f-5aa9-f111-b374-3833c5fb3aa8,3,1,FALSE,TRUE,1,75.35,2,2,2,FALSE,3,TRUE,71,FALSE,2,2,3,1,75.35
FALSE,2,1328-EUZHC,421a563f-5aa9-f111-b374-3833c5fb3aa8,4,0,FALSE,TRUE,2,20.1,2,4,4,FALSE,1,TRUE,104,FALSE,4,4,4,18,370.5
TRUE,0,2082-CEFLT,151b563f-5aa9-f111-b374-3833c5fb3aa8,2,1,FALSE,FALSE,0,45.6,2,2,2,TRUE,0,TRUE,315,FALSE,2,2,3,1,45.6
FALSE,1,4097-YODCF,6f1b563f-5aa9-f111-b374-3833c5fb3aa8,2,1,TRUE,FALSE,1,103.8,4,3,3,TRUE,0,TRUE,405,FALSE,3,3,3,34,3470.8
TRUE,0,0196-VULGZ,c71b563f-5aa9-f111-b374-3833c5fb3aa8,2,0,FALSE,TRUE,1,84.35,4,2,2,TRUE,0,TRUE,493,TRUE,3,2,3,6,474.9
TRUE,0,3096-JRDSO,ac1c563f-5aa9-f111-b374-3833c5fb3aa8,2,0,FALSE,TRUE,1,104.3,4,2,3,TRUE,2,TRUE,722,TRUE,3,3,2,27,2867.75
FALSE,0,9822-BIIGN,201d563f-5aa9-f111-b374-3833c5fb3aa8,2,1,TRUE,TRUE,0,71.85,4,2,3,FALSE,0,TRUE,838,FALSE,3,2,2,53,3827.9
FALSE,2,9500-WBGRP,6d1d563f-5aa9-f111-b374-3833c5fb3aa8,4,1,FALSE,FALSE,2,19.1,2,4,4,TRUE,1,TRUE,915,FALSE,4,4,4,69,1268.85
FALSE,0,0178-CIIKR,4e1e563f-5aa9-f111-b374-3833c5fb3aa8,4,0,FALSE,FALSE,2,19.95,2,4,4,FALSE,1,TRUE,1140,FALSE,4,4,4,3,58
TRUE,0,8761-NSOBC,8e1f563f-5aa9-f111-b374-3833c5fb3aa8,2,1,FALSE,FALSE,1,100.55,2,3,2,FALSE,0,TRUE,1460,FALSE,3,3,2,44,4398.15
FALSE,1,4184-VODJZ,c91f563f-5aa9-f111-b374-3833c5fb3aa8,2,1,TRUE,TRUE,1,91.35,4,3,2,TRUE,0,TRUE,1519,FALSE,3,2,3,63,5764.7
FALSE,0,6563-VNPMN,ee20563f-5aa9-f111-b374-3833c5fb3aa8,2,0,FALSE,FALSE,1,85.7,2,3,3,TRUE,2,TRUE,1812,TRUE,2,2,2,45,3778.1
FALSE,2,4616-ULAOA,4511fb45-5aa9-f111-b374-3833c5fb3aa8,3,0,TRUE,TRUE,1,110.8,4,3,2,TRUE,3,TRUE,1935,FALSE,3,3,2,65,7245.9
FALSE,0,4257-GAESD,90915e39-5aa9-f111-b374-3833c5fb3aa8,0,0,FALSE,FALSE,0,45,0,1,0,FALSE,3,FALSE,794,FALSE,1,1,0,6,298.7
TRUE,1,6646-QVXLR,a8925e39-5aa9-f111-b374-3833c5fb3aa8,1,1,FALSE,TRUE,1,103.75,1,0,0,TRUE,0,TRUE,978,TRUE,1,1,0,62,6383.35
FALSE,0,6557-BZXLQ,1d16563f-5aa9-f111-b374-3833c5fb3aa8,0,1,FALSE,FALSE,1,69.65,0,1,0,FALSE,0,TRUE,2043,TRUE,0,0,0,16,1043.3
FALSE,0,9079-LWTFD,3616563f-5aa9-f111-b374-3833c5fb3aa8,0,1,FALSE,FALSE,1,100.75,1,0,1,FALSE,1,TRUE,2068,FALSE,0,1,1,47,4669.2
FALSE,0,2190-BCXEC,5516563f-5aa9-f111-b374-3833c5fb3aa8,0,0,FALSE,TRUE,1,78.85,1,1,0,TRUE,3,TRUE,2099,FALSE,0,0,1,40,3126.85
TRUE,1,2659-VXMWZ,be16563f-5aa9-f111-b374-3833c5fb3aa8,1,1,TRUE,TRUE,1,111.3,1,0,1,TRUE,0,TRUE,2204,FALSE,1,1,0,67,7482.1
TRUE,0,7216-EWTRS,c216563f-5aa9-f111-b374-3833c5fb3aa8,1,0,FALSE,TRUE,1,100.8,1,1,0,TRUE,0,TRUE,2208,TRUE,1,1,0,1,100.8
FALSE,0,0187-WZNAB,af17563f-5aa9-f111-b374-3833c5fb3aa8,0,0,TRUE,TRUE,1,74.4,0,1,1,FALSE,1,TRUE,2445,FALSE,0,0,0,27,1972.35
TRUE,2,5013-SBUIH,0819563f-5aa9-f111-b374-3833c5fb3aa8,0,0,FALSE,FALSE,1,109.65,1,0,1,TRUE,0,TRUE,2790,FALSE,1,1,1,50,5551.15
FALSE,0,5353-WILCI,0c19563f-5aa9-f111-b374-3833c5fb3aa8,0,0,FALSE,FALSE,0,56.05,0,0,1,FALSE,0,TRUE,2794,FALSE,0,0,0,28,1522.65
FALSE,1,9830-ECLEN,6b19563f-5aa9-f111-b374-3833c5fb3aa8,1,1,TRUE,TRUE,0,50,0,0,1,FALSE,1,FALSE,2889,FALSE,0,1,0,58,2919.85
TRUE,0,8058-INTPH,fa1a563f-5aa9-f111-b374-3833c5fb3aa8,2,0,FALSE,FALSE,1,79.65,2,2,2,TRUE,0,TRUE,288,FALSE,2,3,3,1,79.65
FALSE,0,8660-BUETV,991b563f-5aa9-f111-b374-3833c5fb3aa8,2,0,FALSE,FALSE,0,44.75,2,2,2,FALSE,1,TRUE,447,FALSE,2,2,3,3,148.05
TRUE,0,5087-SUURX,0f1c563f-5aa9-f111-b374-3833c5fb3aa8,3,0,FALSE,TRUE,0,39.05,3,2,2,TRUE,0,FALSE,565,FALSE,2,3,3,18,669.85
FALSE,1,1042-HFUCW,941e563f-5aa9-f111-b374-3833c5fb3aa8,2,0,TRUE,FALSE,0,54.75,2,3,2,TRUE,3,TRUE,1210,FALSE,2,2,2,25,1266.35
FALSE,2,9530-GRMJG,9220563f-5aa9-f111-b374-3833c5fb3aa8,3,1,TRUE,TRUE,0,84.1,4,3,2,TRUE,0,TRUE,1720,FALSE,3,3,2,70,5979.7
FALSE,1,2898-MRKPI,5111fb45-5aa9-f111-b374-3833c5fb3aa8,2,1,TRUE,TRUE,1,101.05,4,3,2,TRUE,3,TRUE,1947,FALSE,3,3,3,68,6770.5
TRUE,0,4080-OGPJL,128e5e39-5aa9-f111-b374-3833c5fb3aa8,0,0,FALSE,FALSE,0,71.15,1,1,1,FALSE,0,TRUE,141,FALSE,1,0,1,8,563.65
FALSE,1,0308-IVGOK,af905e39-5aa9-f111-b374-3833c5fb3aa8,1,0,FALSE,FALSE,0,40.4,0,0,0,TRUE,3,FALSE,569,FALSE,0,0,1,11,422.6
FALSE,0,2800-VEQXM,0f915e39-5aa9-f111-b374-3833c5fb3aa8,1,0,FALSE,FALSE,1,74.75,0,1,0,TRUE,1,TRUE,665,FALSE,0,0,0,3,238.1
FALSE,0,1766-GKNMI,34915e39-5aa9-f111-b374-3833c5fb3aa8,0,1,FALSE,FALSE,1,84.9,1,1,0,TRUE,0,TRUE,702,FALSE,1,0,0,29,2516.2
FALSE,2,8374-UULRV,ed925e39-5aa9-f111-b374-3833c5fb3aa8,0,1,FALSE,FALSE,0,86.05,1,0,1,FALSE,3,TRUE,856,FALSE,1,1,1,72,6309.65
TRUE,0,0781-LKXBR,28935e39-5aa9-f111-b374-3833c5fb3aa8,1,1,FALSE,FALSE,1,100.5,1,1,0,TRUE,0,TRUE,905,TRUE,1,1,0,9,918.6
FALSE,0,3452-ABWRL,72935e39-5aa9-f111-b374-3833c5fb3aa8,0,1,FALSE,FALSE,1,86.05,1,1,0,TRUE,3,TRUE,1129,TRUE,0,1,0,47,3865.6
TRUE,0,6393-WRYZE,98955e39-5aa9-f111-b374-3833c5fb3aa8,0,0,FALSE,TRUE,1,97.65,1,1,0,TRUE,0,TRUE,1310,FALSE,1,1,0,34,3207.55
TRUE,0,6770-XUAGN,dc975e39-5aa9-f111-b374-3833c5fb3aa8,0,0,TRUE,TRUE,2,21,0,0,0,TRUE,0,TRUE,1890,FALSE,0,0,0,1,21
FALSE,0,5882-CMAZQ,c915563f-5aa9-f111-b374-3833c5fb3aa8,0,0,TRUE,TRUE,0,34.25,0,0,0,FALSE,0,FALSE,1959,FALSE,0,0,1,5,163.55
TRUE,1,9139-WQQDY,f715563f-5aa9-f111-b374-3833c5fb3aa8,0,0,TRUE,TRUE,1,100.45,1,0,0,FALSE,1,TRUE,2005,FALSE,1,1,0,49,4941.8
TRUE,0,6204-IEUXJ,f616563f-5aa9-f111-b374-3833c5fb3aa8,1,0,FALSE,FALSE,1,80.1,0,1,0,FALSE,3,TRUE,2260,FALSE,0,0,1,3,217.55
TRUE,1,3870-MQAMG,1b17563f-5aa9-f111-b374-3833c5fb3aa8,1,0,FALSE,TRUE,1,110.35,1,0,0,FALSE,0,TRUE,2297,FALSE,1,1,1,54,5893.15
TRUE,0,5908-QMGOE,b617563f-5aa9-f111-b374-3833c5fb3aa8,0,1,FALSE,FALSE,1,74.2,1,1,0,TRUE,3,TRUE,2452,TRUE,0,0,0,15,1133.9
FALSE,2,1699-UOTXU,3019563f-5aa9-f111-b374-3833c5fb3aa8,1,1,FALSE,FALSE,0,61.4,0,0,1,FALSE,0,TRUE,2830,FALSE,0,0,0,60,3638.25
FALSE,0,5774-XZTQC,361a563f-5aa9-f111-b374-3833c5fb3aa8,4,0,TRUE,TRUE,2,20.45,2,4,4,FALSE,1,TRUE,92,FALSE,4,4,4,7,150.75
FALSE,1,5519-TEEUH,c11b563f-5aa9-f111-b374-3833c5fb3aa8,4,1,TRUE,FALSE,2,20.15,2,4,4,TRUE,1,TRUE,487,FALSE,4,4,4,33,682.15
FALSE,1,8746-BFOAJ,001c563f-5aa9-f111-b374-3833c5fb3aa8,4,1,FALSE,FALSE,2,20.5,2,4,4,FALSE,2,TRUE,550,TRUE,4,4,4,21,429.55
FALSE,2,7601-DHFWZ,201c563f-5aa9-f111-b374-3833c5fb3aa8,4,0,FALSE,FALSE,2,24,4,4,4,FALSE,3,TRUE,582,FALSE,4,4,4,48,1183.05
TRUE,0,3374-LXDEV,b21c563f-5aa9-f111-b374-3833c5fb3aa8,3,0,FALSE,FALSE,1,89.4,4,3,2,FALSE,0,TRUE,728,FALSE,2,2,2,13,1132.35
FALSE,1,8277-RVRSV,5c1d563f-5aa9-f111-b374-3833c5fb3aa8,4,0,TRUE,TRUE,2,24.15,4,4,4,FALSE,3,TRUE,898,FALSE,4,4,4,33,800.3
FALSE,2,1414-YADCW,8e1d563f-5aa9-f111-b374-3833c5fb3aa8,2,1,FALSE,TRUE,1,84.6,2,3,3,FALSE,2,TRUE,948,FALSE,2,2,2,70,5706.2
FALSE,0,3845-FXCYS,601e563f-5aa9-f111-b374-3833c5fb3aa8,4,1,FALSE,FALSE,2,19.65,2,4,4,TRUE,0,TRUE,1158,FALSE,4,4,4,2,31.2
FALSE,0,1025-FALIX,1e1f563f-5aa9-f111-b374-3833c5fb3aa8,2,0,FALSE,FALSE,1,69.05,2,2,2,TRUE,3,TRUE,1348,FALSE,2,2,3,26,1815.65
FALSE,0,2669-QVCRG,881f563f-5aa9-f111-b374-3833c5fb3aa8,2,0,FALSE,FALSE,1,81.3,4,2,3,TRUE,3,TRUE,1454,FALSE,2,2,3,41,3190.65
FALSE,2,9488-FYQAU,a320563f-5aa9-f111-b374-3833c5fb3aa8,3,0,FALSE,TRUE,1,109.25,4,3,2,TRUE,2,TRUE,1737,FALSE,3,3,2,63,6841.4
FALSE,0,3930-ZGWVE,de8d5e39-5aa9-f111-b374-3833c5fb3aa8,0,1,FALSE,FALSE,2,19.75,0,0,0,FALSE,1,TRUE,128,FALSE,0,0,0,1,19.75
FALSE,2,6614-FHDBO,678f5e39-5aa9-f111-b374-3833c5fb3aa8,1,1,FALSE,FALSE,1,109.2,1,0,0,FALSE,2,TRUE,241,FALSE,1,1,1,72,7878.3
TRUE,0,5949-XIKAE,5a905e39-5aa9-f111-b374-3833c5fb3aa8,0,0,TRUE,TRUE,1,83.55,0,0,0,TRUE,0,TRUE,484,FALSE,0,1,0,8,680.05
TRUE,0,8397-MVTAZ,82905e39-5aa9-f111-b374-3833c5fb3aa8,1,1,FALSE,TRUE,1,100.05,1,1,0,TRUE,0,TRUE,524,FALSE,1,1,0,34,3480
FALSE,0,8262-COGGB,28915e39-5aa9-f111-b374-3833c5fb3aa8,0,1,FALSE,FALSE,2,20.45,0,0,0,TRUE,1,TRUE,690,FALSE,0,0,0,1,20.45
FALSE,2,9477-LGWQI,65915e39-5aa9-f111-b374-3833c5fb3aa8,1,1,TRUE,TRUE,0,80.15,0,0,1,TRUE,3,TRUE,751,FALSE,1,1,0,70,5600.15
TRUE,0,9851-KIELU,0d935e39-5aa9-f111-b374-3833c5fb3aa8,1,1,FALSE,FALSE,1,110.1,0,0,1,TRUE,0,TRUE,880,FALSE,1,1,1,10,1043.3
FALSE,1,2829-HYVZP,5a935e39-5aa9-f111-b374-3833c5fb3aa8,0,1,FALSE,FALSE,2,19.8,0,0,0,TRUE,1,TRUE,1048,FALSE,0,0,0,29,572.2
FALSE,1,1282-IHQAC,c9935e39-5aa9-f111-b374-3833c5fb3aa8,1,1,FALSE,FALSE,0,44.05,0,0,0,TRUE,3,FALSE,1169,TRUE,0,1,0,70,3011.65
TRUE,0,6581-NQCBA,43955e39-5aa9-f111-b374-3833c5fb3aa8,0,0,FALSE,TRUE,0,49.95,0,1,0,TRUE,0,FALSE,1225,FALSE,1,1,1,16,810.2
FALSE,2,3498-LZGQZ,05965e39-5aa9-f111-b374-3833c5fb3aa8,0,1,TRUE,TRUE,2,19.15,0,0,0,TRUE,1,TRUE,1419,FALSE,0,0,0,63,1177.05
FALSE,0,2811-POVEX,5e965e39-5aa9-f111-b374-3833c5fb3aa8,1,0,TRUE,TRUE,1,88.45,0,0,0,TRUE,2,TRUE,1508,TRUE,1,0,0,23,2130.55
FALSE,0,0106-GHRQR,47975e39-5aa9-f111-b374-3833c5fb3aa8,1,1,FALSE,FALSE,0,71.4,1,0,0,TRUE,2,TRUE,1741,FALSE,1,0,0,16,1212.1
FALSE,2,7492-TAFJD,84975e39-5aa9-f111-b374-3833c5fb3aa8,1,1,TRUE,TRUE,0,38.55,0,0,1,FALSE,1,FALSE,1802,FALSE,0,0,0,7,280
TRUE,0,4193-ORFCL,dd975e39-5aa9-f111-b374-3833c5fb3aa8,0,0,FALSE,FALSE,0,45.1,0,1,0,FALSE,1,TRUE,1891,TRUE,0,0,0,1,45.1
FALSE,2,8466-PZBLH,bf15563f-5aa9-f111-b374-3833c5fb3aa8,0,1,TRUE,TRUE,1,104.6,1,1,1,FALSE,2,TRUE,1949,FALSE,1,1,1,67,6885.75
FALSE,2,8216-AZUUZ,2d18563f-5aa9-f111-b374-3833c5fb3aa8,1,0,TRUE,TRUE,1,100.4,0,1,0,TRUE,0,TRUE,2571,FALSE,1,1,1,42,4303.65
FALSE,0,2770-NSVDG,eb18563f-5aa9-f111-b374-3833c5fb3aa8,1,1,FALSE,TRUE,0,29.1,0,1,0,FALSE,0,FALSE,2773,FALSE,0,0,0,24,688
FALSE,2,4674-HGNUA,c919563f-5aa9-f111-b374-3833c5fb3aa8,1,1,TRUE,TRUE,0,89.9,1,0,1,FALSE,3,TRUE,2983,FALSE,1,1,1,71,6457.15
TRUE,0,0947-IDHRQ,881a563f-5aa9-f111-b374-3833c5fb3aa8,2,0,FALSE,FALSE,1,80.3,2,2,2,TRUE,1,TRUE,174,FALSE,2,3,3,7,526.7
FALSE,0,4273-MBHYA,3c1b563f-5aa9-f111-b374-3833c5fb3aa8,2,0,TRUE,FALSE,1,89.35,2,2,2,TRUE,0,TRUE,354,FALSE,3,3,3,1,89.35
FALSE,0,2786-GCDPI,4e1b563f-5aa9-f111-b374-3833c5fb3aa8,3,0,FALSE,FALSE,1,104.95,4,2,2,TRUE,0,TRUE,372,TRUE,3,3,2,50,5222.35
FALSE,0,3703-TTEPD,c51b563f-5aa9-f111-b374-3833c5fb3aa8,3,1,FALSE,FALSE,0,65.35,2,2,3,FALSE,2,TRUE,491,FALSE,2,3,3,21,1424.4
FALSE,2,2138-VFAPZ,4c1d563f-5aa9-f111-b374-3833c5fb3aa8,4,0,TRUE,TRUE,2,19.7,2,4,4,TRUE,1,TRUE,882,FALSE,4,4,4,14,263.65
TRUE,1,6261-RCVNS,8c1d563f-5aa9-f111-b374-3833c5fb3aa8,3,0,FALSE,FALSE,0,73.9,2,3,3,FALSE,3,TRUE,946,FALSE,3,2,2,42,3160.55
TRUE,1,9249-FXSCK,2b1e563f-5aa9-f111-b374-3833c5fb3aa8,2,0,FALSE,FALSE,1,111.25,4,3,3,TRUE,3,TRUE,1105,FALSE,3,3,2,52,5916.45
TRUE,0,1031-IIDEO,1020563f-5aa9-f111-b374-3833c5fb3aa8,2,0,FALSE,FALSE,1,70.85,2,2,2,TRUE,0,TRUE,1590,FALSE,2,2,3,1,70.85
FALSE,1,9388-ZEYVT,6d20563f-5aa9-f111-b374-3833c5fb3aa8,3,1,FALSE,FALSE,0,44.15,3,2,2,FALSE,0,FALSE,1683,FALSE,3,2,2,43,1931.3
TRUE,0,5204-QZXPU,d920563f-5aa9-f111-b374-3833c5fb3aa8,3,1,FALSE,FALSE,0,39.65,3,2,2,TRUE,0,FALSE,1791,FALSE,2,3,3,19,733.35
TRUE,0,4640-UHDOS,4b905e39-5aa9-f111-b374-3833c5fb3aa8,0,0,TRUE,TRUE,0,55.95,0,1,0,FALSE,0,TRUE,469,FALSE,1,0,0,13,734.35
FALSE,0,8677-HDZEE,77905e39-5aa9-f111-b374-3833c5fb3aa8,0,0,FALSE,FALSE,1,105.45,1,0,0,TRUE,2,TRUE,513,FALSE,1,1,1,56,5916.95
FALSE,0,8404-VLQFB,fa905e39-5aa9-f111-b374-3833c5fb3aa8,0,0,TRUE,TRUE,2,25.25,1,0,0,TRUE,0,TRUE,644,FALSE,0,0,0,15,394.85
TRUE,0,4145-UQXUQ,4a935e39-5aa9-f111-b374-3833c5fb3aa8,1,0,FALSE,FALSE,1,92.1,0,1,0,TRUE,0,TRUE,1032,TRUE,1,1,0,8,729.95
FALSE,0,9408-HRXRK,58955e39-5aa9-f111-b374-3833c5fb3aa8,0,0,TRUE,TRUE,1,105.15,1,0,1,TRUE,0,TRUE,1246,FALSE,1,1,0,45,4730.9
FALSE,0,6260-ONULR,7c955e39-5aa9-f111-b374-3833c5fb3aa8,0,1,FALSE,FALSE,0,62.8,0,1,0,TRUE,1,TRUE,1282,FALSE,1,1,0,1,62.8
FALSE,1,8952-WCVCD,4a975e39-5aa9-f111-b374-3833c5fb3aa8,1,0,FALSE,TRUE,1,104.45,0,0,1,TRUE,2,TRUE,1744,FALSE,1,1,0,41,4162.05
FALSE,0,8356-WUAOJ,a5975e39-5aa9-f111-b374-3833c5fb3aa8,0,0,FALSE,TRUE,0,45,0,1,0,TRUE,0,TRUE,1835,FALSE,0,0,0,1,45
TRUE,1,4612-THJBS,4317563f-5aa9-f111-b374-3833c5fb3aa8,1,0,FALSE,FALSE,1,104.75,1,0,0,TRUE,2,TRUE,2337,TRUE,1,1,0,56,5510.65
FALSE,2,0277-ORXQS,2418563f-5aa9-f111-b374-3833c5fb3aa8,0,1,TRUE,TRUE,0,50.55,0,1,0,FALSE,2,FALSE,2562,FALSE,1,1,1,66,3364.55
FALSE,0,7017-VFULY,701a563f-5aa9-f111-b374-3833c5fb3aa8,4,0,FALSE,TRUE,2,20.1,2,4,4,FALSE,2,TRUE,150,FALSE,4,4,4,2,43.15
TRUE,0,1075-BGWOH,c11a563f-5aa9-f111-b374-3833c5fb3aa8,3,1,FALSE,TRUE,1,98.75,4,2,2,TRUE,0,TRUE,231,TRUE,3,3,3,16,1587.55
TRUE,0,9095-HFAFX,651b563f-5aa9-f111-b374-3833c5fb3aa8,2,0,FALSE,FALSE,1,81,2,2,2,TRUE,3,TRUE,395,FALSE,2,3,3,5,389.6
FALSE,2,2725-TTRIQ,b71b563f-5aa9-f111-b374-3833c5fb3aa8,3,0,TRUE,TRUE,0,84.2,4,2,3,TRUE,2,TRUE,477,FALSE,3,3,2,72,5986.55
TRUE,0,1976-CFOCS,cc1b563f-5aa9-f111-b374-3833c5fb3aa8,2,0,FALSE,TRUE,0,46,2,2,2,FALSE,0,TRUE,498,TRUE,2,2,3,1,46
TRUE,0,2344-JMOGN,311c563f-5aa9-f111-b374-3833c5fb3aa8,3,1,FALSE,TRUE,1,94.85,2,3,2,TRUE,1,TRUE,599,FALSE,2,3,2,9,890.6
FALSE,1,8318-LCNBW,741c563f-5aa9-f111-b374-3833c5fb3aa8,3,1,FALSE,TRUE,0,53.15,3,2,3,FALSE,3,FALSE,666,FALSE,3,3,3,35,1930.9
FALSE,2,3197-NNYNB,0c1d563f-5aa9-f111-b374-3833c5fb3aa8,3,1,FALSE,FALSE,1,105.1,4,3,2,FALSE,3,TRUE,818,FALSE,3,3,3,65,6631.85
FALSE,0,6859-RKMZJ,981d563f-5aa9-f111-b374-3833c5fb3aa8,2,1,FALSE,TRUE,0,55.05,2,2,2,TRUE,2,TRUE,958,FALSE,2,3,3,11,608.15
FALSE,2,0909-SELIE,921e563f-5aa9-f111-b374-3833c5fb3aa8,3,1,FALSE,TRUE,0,80.8,4,3,3,TRUE,2,TRUE,1208,FALSE,3,2,2,61,4860.85
FALSE,2,1428-IEDPR,561f563f-5aa9-f111-b374-3833c5fb3aa8,3,1,FALSE,FALSE,1,109.3,4,2,3,TRUE,0,TRUE,1404,FALSE,3,3,2,52,5731.4
FALSE,0,2978-XXSOG,0120563f-5aa9-f111-b374-3833c5fb3aa8,2,0,FALSE,FALSE,0,59.05,4,2,3,TRUE,1,TRUE,1575,FALSE,2,2,2,22,1253.5
TRUE,0,3319-DWOEP,3420563f-5aa9-f111-b374-3833c5fb3aa8,3,1,FALSE,TRUE,1,95.75,2,2,2,TRUE,0,TRUE,1626,TRUE,3,3,3,6,573.75
FALSE,2,8441-SHIPE,d820563f-5aa9-f111-b374-3833c5fb3aa8,4,0,FALSE,FALSE,2,25.6,4,4,4,TRUE,2,TRUE,1790,FALSE,4,4,4,67,1790.35
TRUE,0,3606-TWKGI,7b8f5e39-5aa9-f111-b374-3833c5fb3aa8,1,1,FALSE,FALSE,1,106.9,1,0,0,TRUE,0,TRUE,261,TRUE,1,1,0,13,1364.3
FALSE,0,4130-MZLCC,8d8f5e39-5aa9-f111-b374-3833c5fb3aa8,0,0,FALSE,FALSE,0,50.55,0,0,0,FALSE,2,TRUE,279,FALSE,0,0,0,5,244.75
TRUE,0,7752-XUSCI,33905e39-5aa9-f111-b374-3833c5fb3aa8,1,0,FALSE,FALSE,1,105.9,1,0,0,TRUE,0,TRUE,445,FALSE,1,1,0,60,6396.45
FALSE,0,6778-YSNIH,61905e39-5aa9-f111-b374-3833c5fb3aa8,0,0,FALSE,FALSE,0,59,0,0,0,TRUE,0,TRUE,491,FALSE,0,1,0,2,114.15
FALSE,2,7601-GNDYK,86905e39-5aa9-f111-b374-3833c5fb3aa8,0,1,TRUE,TRUE,2,19.6,0,0,0,FALSE,1,TRUE,528,FALSE,0,0,0,35,686.95
FALSE,0,5760-IFJOZ,1c915e39-5aa9-f111-b374-3833c5fb3aa8,1,1,FALSE,FALSE,1,107.95,1,0,0,FALSE,1,TRUE,678,FALSE,1,1,0,3,313.6
FALSE,0,0319-QZTCO,51955e39-5aa9-f111-b374-3833c5fb3aa8,0,0,TRUE,TRUE,0,58.7,0,0,0,TRUE,3,TRUE,1239,FALSE,0,1,0,3,168.6
FALSE,0,6234-PFPXL,2f965e39-5aa9-f111-b374-3833c5fb3aa8,0,1,FALSE,TRUE,1,95.9,1,1,1,FALSE,3,TRUE,1461,FALSE,0,1,1,22,2234.95
FALSE,1,8763-KIAFH,60975e39-5aa9-f111-b374-3833c5fb3aa8,0,0,TRUE,TRUE,2,20.55,0,0,0,TRUE,1,TRUE,1766,FALSE,0,0,0,27,583.3
FALSE,0,1170-SASML,2316563f-5aa9-f111-b374-3833c5fb3aa8,1,0,FALSE,TRUE,1,85.4,1,0,0,TRUE,2,TRUE,2049,FALSE,0,0,0,69,5869.4
FALSE,0,8974-OVACP,7816563f-5aa9-f111-b374-3833c5fb3aa8,0,0,FALSE,FALSE,2,20.15,0,0,0,FALSE,1,TRUE,2134,FALSE,0,0,0,1,20.15
FALSE,2,6288-CHQJB,7c16563f-5aa9-f111-b374-3833c5fb3aa8,1,0,TRUE,TRUE,0,69.95,0,1,1,FALSE,2,TRUE,2138,FALSE,1,0,1,54,3871.85
FALSE,0,8739-XNIKG,5017563f-5aa9-f111-b374-3833c5fb3aa8,0,0,FALSE,FALSE,1,84,1,1,0,TRUE,0,TRUE,2350,FALSE,0,1,0,5,424.75
FALSE,1,6974-DAFLI,5817563f-5aa9-f111-b374-3833c5fb3aa8,0,0,FALSE,TRUE,2,19.7,0,0,0,FALSE,0,TRUE,2358,FALSE,0,0,0,55,1140.05
FALSE,0,0722-SVSFK,0418563f-5aa9-f111-b374-3833c5fb3aa8,1,0,FALSE,FALSE,1,100.4,0,1,0,TRUE,0,TRUE,2530,FALSE,1,1,1,7,715
FALSE,0,3345-JHUEO,a819563f-5aa9-f111-b374-3833c5fb3aa8,0,1,FALSE,FALSE,2,20.2,0,0,0,TRUE,0,TRUE,2950,FALSE,0,0,0,4,55.7
FALSE,1,7753-USQYQ,cb1a563f-5aa9-f111-b374-3833c5fb3aa8,2,1,FALSE,FALSE,0,64.2,2,3,2,TRUE,0,TRUE,241,FALSE,3,2,2,55,3627.3
FALSE,1,2495-TTHBQ,431b563f-5aa9-f111-b374-3833c5fb3aa8,4,0,TRUE,FALSE,2,20.4,2,4,4,TRUE,1,TRUE,361,FALSE,4,4,4,4,84.75
FALSE,1,5753-QQWPW,d51b563f-5aa9-f111-b374-3833c5fb3aa8,2,0,FALSE,FALSE,0,59.9,2,3,3,TRUE,0,TRUE,507,FALSE,2,2,2,28,1654.7
FALSE,0,5044-LRQAQ,e51b563f-5aa9-f111-b374-3833c5fb3aa8,2,0,FALSE,TRUE,1,69.2,2,2,2,TRUE,2,TRUE,523,FALSE,2,2,3,7,477.55
FALSE,0,7094-MSZAO,a81d563f-5aa9-f111-b374-3833c5fb3aa8,4,1,TRUE,TRUE,2,20.05,2,4,4,TRUE,3,TRUE,974,FALSE,4,4,4,10,218.5
TRUE,0,3727-RJMEO,c41d563f-5aa9-f111-b374-3833c5fb3aa8,2,1,FALSE,TRUE,1,82.85,4,2,2,TRUE,0,TRUE,1002,FALSE,2,3,3,6,460.25
FALSE,1,4023-RTIQM,ea1e563f-5aa9-f111-b374-3833c5fb3aa8,3,0,FALSE,TRUE,0,50.4,3,3,3,TRUE,3,FALSE,1296,TRUE,3,2,3,31,1580.1
FALSE,0,6211-WHMYA,2611fb45-5aa9-f111-b374-3833c5fb3aa8,2,0,FALSE,FALSE,0,43.85,3,3,2,TRUE,0,FALSE,1904,TRUE,2,3,2,64,2751
FALSE,0,9450-TRJUU,33915e39-5aa9-f111-b374-3833c5fb3aa8,0,1,FALSE,FALSE,1,83.15,1,1,0,FALSE,0,TRUE,701,FALSE,0,1,0,35,2848.45
FALSE,0,6092-QZVPP,c7925e39-5aa9-f111-b374-3833c5fb3aa8,1,1,FALSE,FALSE,0,79.2,0,1,1,TRUE,3,TRUE,838,FALSE,1,1,1,36,2854.95
FALSE,2,2933-XEUJM,da935e39-5aa9-f111-b374-3833c5fb3aa8,1,0,FALSE,FALSE,0,79.2,1,1,1,FALSE,1,TRUE,1177,FALSE,1,1,0,46,3593.8
FALSE,1,8947-YRTDV,a2955e39-5aa9-f111-b374-3833c5fb3aa8,1,1,TRUE,TRUE,1,94.8,0,0,1,FALSE,1,TRUE,1320,FALSE,1,0,0,32,3131.55
TRUE,0,7279-BUYWN,64975e39-5aa9-f111-b374-3833c5fb3aa8,1,0,FALSE,FALSE,1,113.2,1,0,1,TRUE,0,TRUE,1770,TRUE,1,1,0,41,4689.5
TRUE,0,3132-TVFDZ,a2975e39-5aa9-f111-b374-3833c5fb3aa8,0,1,FALSE,TRUE,0,44.85,0,1,0,TRUE,0,FALSE,1832,TRUE,1,1,0,57,2572.95
TRUE,0,8086-OVPWV,f915563f-5aa9-f111-b374-3833c5fb3aa8,0,1,FALSE,FALSE,1,80.2,0,1,0,TRUE,0,TRUE,2007,FALSE,1,0,0,2,181.1
FALSE,0,7361-YPXFS,1c16563f-5aa9-f111-b374-3833c5fb3aa8,1,0,FALSE,FALSE,0,64.45,1,0,0,FALSE,2,TRUE,2042,TRUE,0,0,1,28,1867.6
TRUE,0,5931-FLJJF,bc16563f-5aa9-f111-b374-3833c5fb3aa8,0,1,FALSE,TRUE,1,70.1,0,1,0,TRUE,1,TRUE,2202,TRUE,0,0,0,7,467.55
FALSE,2,6670-MFRPK,1c17563f-5aa9-f111-b374-3833c5fb3aa8,1,1,TRUE,TRUE,1,79.2,1,1,0,TRUE,3,TRUE,2298,FALSE,0,0,0,69,5420.65
FALSE,0,2792-LSHWX,6618563f-5aa9-f111-b374-3833c5fb3aa8,0,0,FALSE,FALSE,1,83.4,0,0,1,TRUE,1,TRUE,2628,FALSE,0,0,1,1,83.4
FALSE,0,2346-DJQTB,dc18563f-5aa9-f111-b374-3833c5fb3aa8,0,0,FALSE,FALSE,0,24.15,0,1,0,FALSE,0,FALSE,2700,FALSE,0,0,0,35,812.5
TRUE,0,4102-OQUPX,2719563f-5aa9-f111-b374-3833c5fb3aa8,0,1,FALSE,TRUE,1,74.4,1,1,0,TRUE,0,TRUE,2821,TRUE,0,0,0,1,74.4
FALSE,0,5260-UMPWX,aa19563f-5aa9-f111-b374-3833c5fb3aa8,0,0,TRUE,TRUE,2,20.25,0,0,0,TRUE,3,TRUE,2952,FALSE,0,0,0,26,493.95
FALSE,1,5266-PFRQK,c819563f-5aa9-f111-b374-3833c5fb3aa8,0,1,TRUE,TRUE,2,20.85,0,0,0,TRUE,3,TRUE,2982,FALSE,0,0,0,52,1071.6
TRUE,1,8199-ZLLSA,591a563f-5aa9-f111-b374-3833c5fb3aa8,3,1,FALSE,FALSE,1,118.35,4,3,3,TRUE,2,TRUE,127,FALSE,3,3,2,67,7804.15
FALSE,2,1830-IPXVJ,7a1d563f-5aa9-f111-b374-3833c5fb3aa8,4,0,TRUE,TRUE,2,19.75,2,4,4,FALSE,3,TRUE,928,FALSE,4,4,4,61,1311.6
TRUE,0,0519-XUZJU,ea1d563f-5aa9-f111-b374-3833c5fb3aa8,2,0,FALSE,FALSE,1,70.75,2,2,2,FALSE,1,TRUE,1040,FALSE,2,2,3,1,70.75
TRUE,0,3063-QFSZL,1a1e563f-5aa9-f111-b374-3833c5fb3aa8,2,0,FALSE,FALSE,0,55.4,2,2,2,TRUE,0,TRUE,1088,FALSE,3,2,3,1,55.4
TRUE,1,7055-VKGDA,fa1e563f-5aa9-f111-b374-3833c5fb3aa8,2,1,FALSE,FALSE,1,105.4,2,3,3,TRUE,3,TRUE,1312,FALSE,3,3,2,54,5643.4
TRUE,0,0023-XUOPT,1920563f-5aa9-f111-b374-3833c5fb3aa8,3,0,FALSE,TRUE,1,94.1,4,3,2,FALSE,0,TRUE,1599,FALSE,2,3,3,0,1215.6
TRUE,0,3005-NFMTA,f520563f-5aa9-f111-b374-3833c5fb3aa8,2,1,FALSE,FALSE,1,98.8,4,2,3,TRUE,0,TRUE,1819,TRUE,3,3,3,55,5617.75
TRUE,0,3091-FYHKI,f18d5e39-5aa9-f111-b374-3833c5fb3aa8,0,1,FALSE,FALSE,0,35.45,0,1,0,TRUE,0,FALSE,133,FALSE,1,0,0,1,35.45
FALSE,2,7017-VFHAY,768f5e39-5aa9-f111-b374-3833c5fb3aa8,1,0,TRUE,TRUE,1,115.1,1,0,1,FALSE,3,TRUE,256,FALSE,1,1,1,61,7008.15
FALSE,0,2475-MROZF,78905e39-5aa9-f111-b374-3833c5fb3aa8,1,1,FALSE,FALSE,1,95,1,0,1,TRUE,3,TRUE,514,FALSE,0,0,1,30,2852.4
TRUE,0,2865-TCHJW,bc905e39-5aa9-f111-b374-3833c5fb3aa8,1,0,FALSE,FALSE,1,89.2,1,1,0,TRUE,0,TRUE,582,TRUE,0,1,0,4,346.2
FALSE,2,3088-FVYWK,15915e39-5aa9-f111-b374-3833c5fb3aa8,0,1,TRUE,TRUE,2,25.55,1,0,0,FALSE,3,TRUE,671,FALSE,0,0,0,53,1336.1
FALSE,0,9904-EHEVJ,87925e39-5aa9-f111-b374-3833c5fb3aa8,1,0,TRUE,TRUE,1,91.35,1,1,0,TRUE,1,TRUE,947,TRUE,0,1,0,32,2896.55
TRUE,0,8844-TONUD,9d935e39-5aa9-f111-b374-3833c5fb3aa8,1,1,TRUE,TRUE,1,96.65,0,1,0,TRUE,1,TRUE,1149,FALSE,1,1,0,13,1162.85
FALSE,2,9068-VPWQQ,47955e39-5aa9-f111-b374-3833c5fb3aa8,1,1,FALSE,TRUE,0,75.35,1,1,1,FALSE,3,TRUE,1229,FALSE,1,0,1,61,4729.3
TRUE,0,2833-SLKDQ,5b955e39-5aa9-f111-b374-3833c5fb3aa8,0,1,FALSE,FALSE,0,45.05,0,1,0,FALSE,1,TRUE,1249,FALSE,0,0,0,1,45.05
TRUE,0,3536-IQCTX,97975e39-5aa9-f111-b374-3833c5fb3aa8,0,1,FALSE,TRUE,1,85.3,1,1,0,FALSE,0,TRUE,1821,TRUE,1,0,0,32,2661.1
FALSE,0,3130-ICDUP,6118563f-5aa9-f111-b374-3833c5fb3aa8,0,0,TRUE,FALSE,1,80.55,1,1,1,FALSE,3,TRUE,2623,FALSE,0,0,0,2,188.1
FALSE,2,7096-ZNBZI,9b1a563f-5aa9-f111-b374-3833c5fb3aa8,4,0,FALSE,TRUE,2,26.45,4,4,4,FALSE,3,TRUE,193,FALSE,4,4,4,72,1914.5
FALSE,0,5448-VWNAM,9d1f563f-5aa9-f111-b374-3833c5fb3aa8,2,0,TRUE,FALSE,0,75.9,4,3,3,TRUE,1,TRUE,1475,FALSE,2,3,2,19,1375.6
FALSE,0,6862-CQUMB,9d8e5e39-5aa9-f111-b374-3833c5fb3aa8,0,1,FALSE,FALSE,1,96.1,0,0,0,TRUE,3,TRUE,374,FALSE,1,1,0,37,3646.8
FALSE,0,6582-OIVSP,ae8e5e39-5aa9-f111-b374-3833c5fb3aa8,0,0,FALSE,FALSE,0,45.3,0,1,0,FALSE,1,TRUE,181,FALSE,0,0,0,1,45.3
FALSE,0,4195-NZGTA,248f5e39-5aa9-f111-b374-3833c5fb3aa8,0,0,FALSE,FALSE,0,25.25,0,1,0,FALSE,0,FALSE,211,FALSE,0,0,0,1,25.25
FALSE,0,1996-DBMUS,398f5e39-5aa9-f111-b374-3833c5fb3aa8,0,0,FALSE,TRUE,1,70.65,0,1,0,TRUE,2,TRUE,414,TRUE,0,0,0,48,3545.05
TRUE,0,7760-OYPDY,d18f5e39-5aa9-f111-b374-3833c5fb3aa8,0,0,FALSE,FALSE,1,80.65,0,1,0,TRUE,0,TRUE,47,FALSE,0,1,0,2,144.15
FALSE,0,0913-XWSCN,80905e39-5aa9-f111-b374-3833c5fb3aa8,0,1,TRUE,TRUE,1,85.5,1,1,0,FALSE,2,TRUE,522,FALSE,1,0,0,55,4713.4
TRUE,0,9524-EGPJC,e3925e39-5aa9-f111-b374-3833c5fb3aa8,0,0,FALSE,FALSE,1,90.1,1,1,0,TRUE,0,TRUE,1006,FALSE,1,0,1,18,1612.75
FALSE,0,6791-YBNAK,f8935e39-5aa9-f111-b374-3833c5fb3aa8,0,1,TRUE,TRUE,0,25.55,0,1,0,FALSE,3,FALSE,1204,FALSE,0,0,0,18,467.85
TRUE,1,2408-TZMJL,6e955e39-5aa9-f111-b374-3833c5fb3aa8,1,1,FALSE,TRUE,1,110.15,1,0,1,TRUE,0,TRUE,1268,FALSE,1,1,0,59,6448.05
FALSE,0,9272-LSVYH,c8955e39-5aa9-f111-b374-3833c5fb3aa8,0,1,FALSE,FALSE,1,70.15,0,1,0,FALSE,1,TRUE,1358,FALSE,0,0,0,10,735.5
FALSE,0,8681-ICONS,28965e39-5aa9-f111-b374-3833c5fb3aa8,0,1,TRUE,TRUE,2,20.65,0,0,0,TRUE,1,TRUE,1454,FALSE,0,0,0,29,654.85
FALSE,0,5405-ZMYXQ,ff965e39-5aa9-f111-b374-3833c5fb3aa8,0,0,FALSE,FALSE,1,74.6,1,1,0,TRUE,3,TRUE,1669,FALSE,0,0,0,8,548.9
FALSE,0,5935-FCCNB,37975e39-5aa9-f111-b374-3833c5fb3aa8,0,0,FALSE,FALSE,1,94.2,1,1,0,TRUE,0,TRUE,1725,TRUE,1,1,0,17,1608.15
FALSE,2,7639-OPLNG,fb15563f-5aa9-f111-b374-3833c5fb3aa8,1,1,TRUE,TRUE,0,79.25,1,0,1,TRUE,2,TRUE,2009,FALSE,0,1,1,70,5731.85
FALSE,0,5804-HYIEZ,4116563f-5aa9-f111-b374-3833c5fb3aa8,0,1,TRUE,TRUE,1,106.05,1,0,1,TRUE,0,TRUE,2079,FALSE,1,1,0,70,7554.05
FALSE,1,6784-XYJAE,4a16563f-5aa9-f111-b374-3833c5fb3aa8,0,0,FALSE,FALSE,0,55.8,1,1,0,FALSE,0,TRUE,2088,FALSE,0,0,0,36,1941.5
FALSE,1,5849-ASHZJ,3d18563f-5aa9-f111-b374-3833c5fb3aa8,0,1,TRUE,FALSE,2,20.05,0,0,0,FALSE,3,TRUE,2587,FALSE,0,0,0,27,552.9
FALSE,0,4391-LNRXK,7218563f-5aa9-f111-b374-3833c5fb3aa8,1,1,FALSE,FALSE,1,94.95,0,0,0,TRUE,2,TRUE,2640,FALSE,1,0,1,22,2142.8
FALSE,2,9372-TXXPS,1719563f-5aa9-f111-b374-3833c5fb3aa8,0,0,FALSE,TRUE,0,59.85,0,0,1,FALSE,2,TRUE,2805,FALSE,0,0,1,60,3483.45
FALSE,0,5226-NOZFC,5619563f-5aa9-f111-b374-3833c5fb3aa8,0,1,FALSE,FALSE,1,85.75,0,0,0,TRUE,0,TRUE,2868,FALSE,0,1,0,26,2146.5
TRUE,0,9992-RRAMN,5d19563f-5aa9-f111-b374-3833c5fb3aa8,0,1,FALSE,TRUE,1,85.1,1,1,0,TRUE,0,TRUE,2875,FALSE,1,0,0,22,1873.7
FALSE,1,2931-XIQBR,8f19563f-5aa9-f111-b374-3833c5fb3aa8,1,0,TRUE,TRUE,1,103.05,0,1,0,FALSE,1,TRUE,2925,FALSE,1,1,1,50,5153.5
FALSE,0,0708-SJDIS,e919563f-5aa9-f111-b374-3833c5fb3aa8,2,0,FALSE,FALSE,0,65,4,2,2,FALSE,1,TRUE,15,FALSE,2,3,2,34,2157.5
TRUE,0,3317-HRTNN,f61a563f-5aa9-f111-b374-3833c5fb3aa8,2,0,FALSE,FALSE,0,45.7,3,2,2,FALSE,0,FALSE,284,TRUE,3,3,3,5,198
FALSE,0,9700-ISPUP,081b563f-5aa9-f111-b374-3833c5fb3aa8,2,0,TRUE,TRUE,0,65.5,2,3,2,TRUE,0,TRUE,302,FALSE,3,2,2,10,616.9
TRUE,0,0568-ONFPC,401d563f-5aa9-f111-b374-3833c5fb3aa8,4,1,TRUE,TRUE,2,25.9,4,4,4,TRUE,2,TRUE,870,FALSE,4,4,4,5,135
FALSE,0,4482-FTFFX,d31d563f-5aa9-f111-b374-3833c5fb3aa8,3,1,FALSE,FALSE,0,56.15,2,2,2,FALSE,0,TRUE,1017,FALSE,2,2,2,5,291.45
FALSE,2,4458-KVRBJ,031e563f-5aa9-f111-b374-3833c5fb3aa8,4,1,FALSE,FALSE,2,25,4,4,4,FALSE,1,TRUE,1065,FALSE,4,4,4,59,1510.5
FALSE,2,9000-PLFUZ,641e563f-5aa9-f111-b374-3833c5fb3aa8,2,0,FALSE,TRUE,0,49.45,3,3,2,TRUE,3,FALSE,1162,TRUE,3,3,3,60,2907.55
TRUE,0,2856-NNASM,891e563f-5aa9-f111-b374-3833c5fb3aa8,2,1,FALSE,FALSE,1,89.55,2,2,2,TRUE,1,TRUE,1199,TRUE,3,3,3,43,3856.75
FALSE,2,7054-DMVAS,b81e563f-5aa9-f111-b374-3833c5fb3aa8,2,1,FALSE,FALSE,0,65.3,2,3,3,TRUE,2,TRUE,1246,FALSE,2,3,3,54,3512.9
FALSE,0,5351-QESIO,7111fb45-5aa9-f111-b374-3833c5fb3aa8,2,1,TRUE,FALSE,0,24.2,3,2,2,FALSE,1,FALSE,1979,FALSE,2,2,3,1,24.2
FALSE,0,3645-DEYGF,f58e5e39-5aa9-f111-b374-3833c5fb3aa8,0,1,TRUE,FALSE,2,20.75,0,0,0,FALSE,1,TRUE,199,FALSE,0,0,0,1,20.75
FALSE,0,0621-HJWXJ,8e905e39-5aa9-f111-b374-3833c5fb3aa8,0,0,FALSE,TRUE,1,81.55,1,0,0,TRUE,2,TRUE,536,FALSE,0,0,0,63,5029.05
FALSE,2,6516-NKQBO,d4905e39-5aa9-f111-b374-3833c5fb3aa8,1,1,TRUE,TRUE,0,81,0,1,1,FALSE,3,TRUE,606,FALSE,1,1,1,38,3084.9
TRUE,0,8919-FYFQZ,a1925e39-5aa9-f111-b374-3833c5fb3aa8,0,1,FALSE,TRUE,0,30.35,0,0,0,TRUE,0,FALSE,973,TRUE,0,0,0,44,1359.7
FALSE,2,9087-EYCPR,f7935e39-5aa9-f111-b374-3833c5fb3aa8,0,0,FALSE,FALSE,2,25,1,0,0,FALSE,1,TRUE,1203,FALSE,0,0,0,60,1505.05
FALSE,1,0723-VSOBE,63955e39-5aa9-f111-b374-3833c5fb3aa8,0,0,FALSE,FALSE,0,34.2,0,1,0,FALSE,0,FALSE,1257,TRUE,1,0,0,45,1596.6
FALSE,0,6806-YDEUL,23965e39-5aa9-f111-b374-3833c5fb3aa8,0,0,FALSE,FALSE,2,19.5,0,0,0,FALSE,2,TRUE,1449,TRUE,0,0,0,6,106.8
FALSE,0,8259-NFJTV,94965e39-5aa9-f111-b374-3833c5fb3aa8,0,0,TRUE,TRUE,0,34.65,0,1,1,FALSE,1,FALSE,1562,FALSE,0,0,1,7,246.6
FALSE,2,3399-BMLVW,c4965e39-5aa9-f111-b374-3833c5fb3aa8,0,1,TRUE,TRUE,0,60.5,0,0,1,FALSE,3,TRUE,1610,FALSE,0,0,1,51,3121.45
FALSE,2,6732-VAILE,a315563f-5aa9-f111-b374-3833c5fb3aa8,1,1,TRUE,TRUE,0,85.95,1,0,0,TRUE,3,TRUE,1921,FALSE,1,1,1,70,5931.75
FALSE,1,5498-IBWPI,6717563f-5aa9-f111-b374-3833c5fb3aa8,0,0,TRUE,TRUE,0,49.4,0,1,0,TRUE,3,TRUE,2373,FALSE,0,0,1,66,3251.85
FALSE,1,7649-PHJVR,6f17563f-5aa9-f111-b374-3833c5fb3aa8,0,1,FALSE,FALSE,2,19.5,0,0,0,FALSE,1,TRUE,2381,FALSE,0,0,0,11,226.8
TRUE,0,7548-SEPYI,8817563f-5aa9-f111-b374-3833c5fb3aa8,0,0,FALSE,FALSE,1,96.25,0,0,0,TRUE,0,TRUE,2406,FALSE,1,1,0,5,512.45
TRUE,0,2433-KMEAS,7118563f-5aa9-f111-b374-3833c5fb3aa8,0,1,FALSE,FALSE,0,54.45,1,1,1,TRUE,0,TRUE,2639,FALSE,0,0,0,22,1127.35
FALSE,1,3594-BDSOA,f018563f-5aa9-f111-b374-3833c5fb3aa8,0,0,FALSE,TRUE,2,20.4,0,0,0,FALSE,3,TRUE,2710,FALSE,0,0,0,24,482.8
FALSE,0,4402-FTBXC,8d19563f-5aa9-f111-b374-3833c5fb3aa8,1,1,FALSE,FALSE,1,89.8,0,1,1,FALSE,1,TRUE,2923,FALSE,0,1,0,54,4667
FALSE,1,7841-FCRQD,c81a563f-5aa9-f111-b374-3833c5fb3aa8,2,0,FALSE,TRUE,0,53.75,2,3,2,TRUE,3,TRUE,238,FALSE,2,2,2,33,1857.3
FALSE,2,3563-SVYLG,801b563f-5aa9-f111-b374-3833c5fb3aa8,3,1,TRUE,TRUE,0,62.65,2,3,3,FALSE,3,TRUE,422,FALSE,2,2,2,68,4375.8
FALSE,2,3549-ZTMNH,571d563f-5aa9-f111-b374-3833c5fb3aa8,4,1,TRUE,TRUE,2,24,4,4,4,TRUE,2,TRUE,893,FALSE,4,4,4,12,269.65
FALSE,2,2675-IJRGJ,ad1d563f-5aa9-f111-b374-3833c5fb3aa8,4,1,FALSE,FALSE,2,19.65,2,4,4,FALSE,2,TRUE,979,FALSE,4,4,4,53,978
FALSE,0,2220-IAHLS,6c1e563f-5aa9-f111-b374-3833c5fb3aa8,4,0,FALSE,FALSE,2,19.4,2,4,4,FALSE,3,TRUE,1170,FALSE,4,4,4,1,19.4
TRUE,0,0754-UKWQP,fb1e563f-5aa9-f111-b374-3833c5fb3aa8,3,1,FALSE,FALSE,1,95.85,2,2,2,TRUE,0,TRUE,1313,FALSE,3,3,3,2,197.7
FALSE,0,5022-JNQEQ,061f563f-5aa9-f111-b374-3833c5fb3aa8,2,0,TRUE,TRUE,1,75.85,2,2,2,TRUE,0,TRUE,1324,FALSE,2,2,2,9,647.5
TRUE,0,7254-IQWOZ,b11f563f-5aa9-f111-b374-3833c5fb3aa8,2,1,FALSE,FALSE,1,69.65,2,2,2,TRUE,0,TRUE,1495,FALSE,2,2,3,1,69.65
TRUE,0,3990-QYKBE,c720563f-5aa9-f111-b374-3833c5fb3aa8,2,1,FALSE,TRUE,1,92.5,4,2,2,TRUE,0,TRUE,1773,TRUE,3,3,3,37,3473.4
TRUE,0,7839-QRKXN,d720563f-5aa9-f111-b374-3833c5fb3aa8,4,0,FALSE,FALSE,2,20.2,2,4,4,TRUE,1,TRUE,1789,FALSE,4,4,4,1,20.2
TRUE,0,7892-POOKP,6033b830-b843-4c36-872a-ed7c6b20f5f0,1,0,FALSE,TRUE,1,104.8,1,1,0,TRUE,0,TRUE,8,FALSE,1,1,1,28,3046.05
TRUE,0,1918-ZBFQJ,ba8e5e39-5aa9-f111-b374-3833c5fb3aa8,1,0,FALSE,FALSE,1,79.25,0,0,0,TRUE,0,TRUE,184,FALSE,0,0,0,13,1111.65
TRUE,0,4952-YSOGZ,48915e39-5aa9-f111-b374-3833c5fb3aa8,0,0,TRUE,TRUE,1,85.95,1,1,0,TRUE,0,TRUE,722,FALSE,1,0,0,4,381.3
FALSE,0,1410-RSCMR,66915e39-5aa9-f111-b374-3833c5fb3aa8,1,1,TRUE,TRUE,0,71.35,0,1,1,TRUE,3,TRUE,752,FALSE,1,0,1,7,515.75
TRUE,1,2239-JALAW,a0915e39-5aa9-f111-b374-3833c5fb3aa8,1,1,FALSE,FALSE,1,103.25,1,0,0,TRUE,2,TRUE,810,FALSE,1,1,0,58,6017.65
FALSE,0,4785-NKHCX,a4915e39-5aa9-f111-b374-3833c5fb3aa8,0,1,FALSE,FALSE,2,20.05,0,0,0,FALSE,2,TRUE,814,TRUE,0,0,0,5,94.15
FALSE,2,0835-JKADZ,2c935e39-5aa9-f111-b374-3833c5fb3aa8,1,0,FALSE,FALSE,1,111.25,1,0,0,TRUE,0,TRUE,909,FALSE,1,1,1,71,7984.15
FALSE,2,4835-YSJMR,df935e39-5aa9-f111-b374-3833c5fb3aa8,0,1,FALSE,FALSE,0,49.8,0,1,0,TRUE,2,TRUE,1180,FALSE,0,0,1,39,1971.15
FALSE,0,3164-YAXFY,e2935e39-5aa9-f111-b374-3833c5fb3aa8,1,1,FALSE,FALSE,0,53.75,0,1,1,TRUE,0,FALSE,1182,FALSE,1,1,0,57,3196
TRUE,0,9897-KXHCM,04945e39-5aa9-f111-b374-3833c5fb3aa8,0,0,TRUE,TRUE,1,80.3,0,1,0,TRUE,0,TRUE,1215,FALSE,1,0,0,3,250.05
FALSE,2,2388-LAESQ,7a955e39-5aa9-f111-b374-3833c5fb3aa8,1,0,FALSE,TRUE,1,114.85,1,0,1,TRUE,2,TRUE,1280,TRUE,1,1,1,72,8317.95
FALSE,0,0536-BGFMZ,ba955e39-5aa9-f111-b374-3833c5fb3aa8,0,0,FALSE,TRUE,2,20.5,0,0,0,FALSE,1,TRUE,1344,FALSE,0,0,0,28,563.05
TRUE,0,4763-PGDPO,31965e39-5aa9-f111-b374-3833c5fb3aa8,0,0,FALSE,FALSE,1,70.4,0,1,0,FALSE,0,TRUE,1463,FALSE,0,0,0,4,281
TRUE,1,2667-WYLWJ,50965e39-5aa9-f111-b374-3833c5fb3aa8,0,0,TRUE,TRUE,2,19.75,0,0,0,TRUE,1,TRUE,1494,FALSE,0,0,0,8,145
FALSE,0,2812-SFXMJ,9d965e39-5aa9-f111-b374-3833c5fb3aa8,0,1,TRUE,FALSE,2,20.05,0,0,0,FALSE,1,TRUE,1571,FALSE,0,0,0,1,20.05
FALSE,0,8160-HOWOX,7d16563f-5aa9-f111-b374-3833c5fb3aa8,0,0,FALSE,FALSE,0,66.85,0,1,0,TRUE,0,TRUE,2139,FALSE,1,1,0,7,458.1
FALSE,2,0336-PIKEI,ef16563f-5aa9-f111-b374-3833c5fb3aa8,1,1,FALSE,TRUE,0,74.4,0,0,1,FALSE,2,TRUE,2253,TRUE,0,1,1,72,5360.75
TRUE,0,4307-KTUMW,0f17563f-5aa9-f111-b374-3833c5fb3aa8,1,1,FALSE,TRUE,1,93.9,1,1,1,FALSE,0,TRUE,2285,FALSE,1,0,0,53,5029.2
TRUE,1,5136-KCKGI,7b17563f-5aa9-f111-b374-3833c5fb3aa8,1,0,TRUE,TRUE,1,103.7,1,1,1,TRUE,1,TRUE,2393,FALSE,1,1,0,33,3467
FALSE,0,6481-ESCNL,4e18563f-5aa9-f111-b374-3833c5fb3aa8,1,0,FALSE,FALSE,1,100.55,1,1,0,FALSE,2,TRUE,2604,FALSE,1,1,0,29,2878.75
TRUE,0,7209-JCUDS,1019563f-5aa9-f111-b374-3833c5fb3aa8,1,1,FALSE,FALSE,1,94.9,0,1,0,TRUE,0,TRUE,2798,FALSE,1,1,0,10,1048.85
FALSE,1,4644-PIZRT,4819563f-5aa9-f111-b374-3833c5fb3aa8,1,1,TRUE,TRUE,0,70.35,1,1,1,TRUE,2,TRUE,2854,FALSE,0,1,0,17,1201.65
FALSE,1,7244-KXYZN,5519563f-5aa9-f111-b374-3833c5fb3aa8,0,0,FALSE,FALSE,2,20.45,0,0,0,FALSE,3,TRUE,2867,FALSE,0,0,0,24,527.35
TRUE,0,4550-VBOFE,6119563f-5aa9-f111-b374-3833c5fb3aa8,1,1,FALSE,TRUE,1,102.95,1,0,0,TRUE,0,TRUE,2879,TRUE,1,1,0,70,7101.5
FALSE,0,5371-VYLSX,4c1a563f-5aa9-f111-b374-3833c5fb3aa8,2,0,FALSE,FALSE,1,83.4,4,3,3,TRUE,0,TRUE,114,TRUE,2,2,3,50,4113.7
FALSE,2,1841-YSJGV,ab1a563f-5aa9-f111-b374-3833c5fb3aa8,2,1,FALSE,TRUE,1,109.95,4,3,3,TRUE,3,TRUE,209,FALSE,3,3,2,72,7852.4
FALSE,0,2455-USLMV,851b563f-5aa9-f111-b374-3833c5fb3aa8,3,0,FALSE,FALSE,1,84.75,4,2,3,TRUE,3,TRUE,427,FALSE,2,2,3,31,2613.4
TRUE,0,2398-YPMUR,c81c563f-5aa9-f111-b374-3833c5fb3aa8,2,0,FALSE,TRUE,1,70.15,2,2,2,TRUE,0,TRUE,750,TRUE,2,2,3,13,916.75
TRUE,0,3640-PHQXK,961d563f-5aa9-f111-b374-3833c5fb3aa8,3,0,FALSE,FALSE,1,89.9,4,2,2,TRUE,0,TRUE,956,FALSE,3,2,3,31,2806.9
FALSE,1,5716-LIBJC,831e563f-5aa9-f111-b374-3833c5fb3aa8,3,0,TRUE,FALSE,1,104.15,4,3,2,TRUE,3,TRUE,1193,FALSE,3,3,3,13,1299.1
FALSE,2,7033-CLAMM,e91e563f-5aa9-f111-b374-3833c5fb3aa8,4,0,TRUE,TRUE,2,20.2,2,4,4,FALSE,2,TRUE,1295,FALSE,4,4,4,48,1027.25
TRUE,2,5748-RNCJT,5a1f563f-5aa9-f111-b374-3833c5fb3aa8,3,1,FALSE,FALSE,1,106.5,4,2,2,TRUE,2,TRUE,1408,FALSE,3,3,2,69,7348.8
TRUE,0,5804-LEPIM,e08d5e39-5aa9-f111-b374-3833c5fb3aa8,0,0,FALSE,FALSE,1,70.35,0,1,0,TRUE,0,TRUE,327,TRUE,0,0,0,2,139.05
FALSE,1,3727-OWVYD,998f5e39-5aa9-f111-b374-3833c5fb3aa8,1,1,FALSE,FALSE,0,61.2,0,0,1,FALSE,1,TRUE,291,FALSE,0,0,0,35,2021.2
FALSE,2,4671-VJLCL,cd8f5e39-5aa9-f111-b374-3833c5fb3aa8,1,0,FALSE,FALSE,0,79.85,1,0,1,TRUE,3,TRUE,43,FALSE,0,1,1,63,4861.45
FALSE,0,0191-ZHSKZ,f08f5e39-5aa9-f111-b374-3833c5fb3aa8,0,1,FALSE,FALSE,0,74.75,0,0,1,TRUE,0,TRUE,78,TRUE,1,1,0,30,2111.3
FALSE,2,8434-VGEQQ,47915e39-5aa9-f111-b374-3833c5fb3aa8,0,1,TRUE,TRUE,2,20.55,0,0,0,FALSE,3,TRUE,721,FALSE,0,0,0,61,1305.95
FALSE,1,3280-NMUVX,be925e39-5aa9-f111-b374-3833c5fb3aa8,0,1,TRUE,TRUE,2,19.6,0,0,0,FALSE,3,TRUE,989,FALSE,0,0,0,34,678.8
FALSE,2,8361-LBRDI,c3925e39-5aa9-f111-b374-3833c5fb3aa8,0,0,FALSE,FALSE,2,24.35,1,0,0,FALSE,3,TRUE,991,FALSE,0,0,0,58,1423.85
TRUE,0,8818-XYFCQ,e7925e39-5aa9-f111-b374-3833c5fb3aa8,0,1,TRUE,TRUE,1,99.55,1,1,1,TRUE,3,TRUE,1008,FALSE,1,1,0,32,3204.65
TRUE,0,8257-RZAHR,76935e39-5aa9-f111-b374-3833c5fb3aa8,0,0,FALSE,TRUE,0,64.7,1,1,1,TRUE,2,TRUE,1131,FALSE,0,1,0,14,941
FALSE,1,7722-CVFXN,c1935e39-5aa9-f111-b374-3833c5fb3aa8,0,1,TRUE,TRUE,1,105.2,1,0,0,TRUE,0,TRUE,1103,FALSE,1,1,1,54,5637.85
FALSE,2,8780-IHCRN,70955e39-5aa9-f111-b374-3833c5fb3aa8,0,1,TRUE,TRUE,2,24.65,1,0,0,FALSE,3,TRUE,1270,FALSE,0,0,0,63,1574.5
FALSE,1,4598-ZADCK,71955e39-5aa9-f111-b374-3833c5fb3aa8,1,0,FALSE,FALSE,0,53.6,0,0,1,TRUE,0,FALSE,1271,FALSE,0,1,1,53,2879.2
FALSE,0,4238-HFHSN,d1955e39-5aa9-f111-b374-3833c5fb3aa8,0,1,FALSE,TRUE,1,82.15,1,0,0,TRUE,0,TRUE,1367,TRUE,0,0,0,61,4904.85
FALSE,2,6625-FLENO,ef965e39-5aa9-f111-b374-3833c5fb3aa8,0,1,FALSE,TRUE,2,20.75,0,0,0,FALSE,1,TRUE,1653,FALSE,0,0,0,58,1185.95
FALSE,2,4137-JOPHL,50975e39-5aa9-f111-b374-3833c5fb3aa8,1,0,FALSE,FALSE,1,89.7,0,1,0,TRUE,2,TRUE,1750,FALSE,1,0,1,50,4304.5
FALSE,2,3173-WSSUE,ad975e39-5aa9-f111-b374-3833c5fb3aa8,0,0,TRUE,TRUE,2,19.7,0,0,0,FALSE,3,TRUE,1843,FALSE,0,0,0,71,1415.85
FALSE,2,0019-EFAEP,c615563f-5aa9-f111-b374-3833c5fb3aa8,1,0,FALSE,FALSE,1,101.3,1,0,1,TRUE,2,TRUE,1956,FALSE,0,1,0,72,7261.25
FALSE,0,2585-KTFRE,c017563f-5aa9-f111-b374-3833c5fb3aa8,0,1,TRUE,FALSE,0,70.45,0,0,1,TRUE,2,TRUE,2462,FALSE,1,0,1,1,70.45
FALSE,2,9348-ROUAI,bd19563f-5aa9-f111-b374-3833c5fb3aa8,1,0,TRUE,TRUE,0,90.3,1,0,1,FALSE,3,TRUE,2971,FALSE,1,1,1,59,5194.05
FALSE,0,9708-KFDBY,f91a563f-5aa9-f111-b374-3833c5fb3aa8,4,1,FALSE,FALSE,2,20.55,2,4,4,FALSE,3,TRUE,287,FALSE,4,4,4,1,20.55
FALSE,2,4817-KEQSP,b71c563f-5aa9-f111-b374-3833c5fb3aa8,4,0,TRUE,TRUE,2,19.85,2,4,4,FALSE,2,TRUE,733,FALSE,4,4,4,71,1326.35
TRUE,0,5180-UCIIQ,ad1e563f-5aa9-f111-b374-3833c5fb3aa8,2,1,TRUE,TRUE,0,40.05,3,2,3,FALSE,1,FALSE,1235,TRUE,3,2,3,22,880.2
FALSE,2,3472-QPRCH,601f563f-5aa9-f111-b374-3833c5fb3aa8,4,1,TRUE,TRUE,2,25.25,4,4,4,FALSE,3,TRUE,1414,FALSE,4,4,4,40,1006.9
TRUE,2,3090-HAWSU,d320563f-5aa9-f111-b374-3833c5fb3aa8,3,1,FALSE,FALSE,1,111.6,4,2,3,TRUE,3,TRUE,1785,FALSE,3,3,2,61,6876.05
FALSE,1,7470-DYNOE,1811fb45-5aa9-f111-b374-3833c5fb3aa8,3,1,FALSE,FALSE,0,61.1,2,2,2,TRUE,0,TRUE,1890,FALSE,3,2,3,53,3357.9
FALSE,2,5229-DTFYB,688e5e39-5aa9-f111-b374-3833c5fb3aa8,0,0,FALSE,FALSE,1,98.8,0,0,0,TRUE,2,TRUE,361,FALSE,1,1,1,41,3959.15
FALSE,1,0104-PPXDV,6c8e5e39-5aa9-f111-b374-3833c5fb3aa8,1,1,FALSE,TRUE,0,50.3,0,1,0,FALSE,3,TRUE,362,FALSE,0,0,0,58,2878.55
FALSE,2,2796-NNUFI,fa8f5e39-5aa9-f111-b374-3833c5fb3aa8,0,0,TRUE,TRUE,2,19.95,0,0,0,TRUE,1,TRUE,88,FALSE,0,0,0,46,927.1
FALSE,0,5760-WRAHC,39905e39-5aa9-f111-b374-3833c5fb3aa8,1,0,FALSE,FALSE,0,69.75,0,1,1,TRUE,1,TRUE,451,TRUE,1,0,1,22,1545.4
TRUE,0,1589-AGTLK,49915e39-5aa9-f111-b374-3833c5fb3aa8,0,1,FALSE,FALSE,0,45.35,0,1,0,TRUE,0,TRUE,723,FALSE,0,0,0,3,141.5
FALSE,2,7131-ZQZNK,8c915e39-5aa9-f111-b374-3833c5fb3aa8,1,0,TRUE,TRUE,0,59.85,0,1,1,FALSE,3,FALSE,790,FALSE,1,1,1,60,3590.2
FALSE,1,2480-EJWYP,1b965e39-5aa9-f111-b374-3833c5fb3aa8,0,0,FALSE,TRUE,1,97.8,1,0,0,TRUE,2,TRUE,1441,TRUE,1,1,0,58,5458.8
FALSE,0,9957-YODKZ,88965e39-5aa9-f111-b374-3833c5fb3aa8,1,1,FALSE,TRUE,1,80.8,1,1,0,TRUE,0,TRUE,1550,TRUE,0,0,0,6,457.1
TRUE,0,4829-AUOAX,fa965e39-5aa9-f111-b374-3833c5fb3aa8,0,0,FALSE,FALSE,1,96.05,1,1,0,FALSE,2,TRUE,1664,FALSE,1,1,0,46,4399.5
FALSE,2,3283-WCWXT,07975e39-5aa9-f111-b374-3833c5fb3aa8,0,1,TRUE,TRUE,2,25.4,1,0,0,FALSE,1,TRUE,1677,FALSE,0,0,0,6,153.3
FALSE,1,2511-MORQY,5a975e39-5aa9-f111-b374-3833c5fb3aa8,1,1,TRUE,TRUE,0,54.9,1,1,0,FALSE,2,TRUE,1760,FALSE,0,0,0,50,2614.1
FALSE,0,8623-ULFNQ,70975e39-5aa9-f111-b374-3833c5fb3aa8,0,0,FALSE,FALSE,0,66.05,1,1,0,TRUE,0,TRUE,1782,TRUE,1,0,1,26,1652.4
TRUE,0,8496-EJAUI,99975e39-5aa9-f111-b374-3833c5fb3aa8,0,1,FALSE,FALSE,1,73.85,0,0,0,TRUE,3,TRUE,1823,FALSE,0,0,0,19,1424.5
TRUE,0,4510-PYUSH,ba975e39-5aa9-f111-b374-3833c5fb3aa8,0,0,FALSE,FALSE,0,57.15,0,0,1,TRUE,3,TRUE,1856,TRUE,0,0,0,38,2250.65
TRUE,0,2205-YMZZJ,ac17563f-5aa9-f111-b374-3833c5fb3aa8,0,1,FALSE,FALSE,1,84.8,1,1,0,TRUE,0,TRUE,2442,TRUE,0,1,0,7,546.95
FALSE,2,7055-JCGNI,0e18563f-5aa9-f111-b374-3833c5fb3aa8,1,0,FALSE,FALSE,1,111.95,1,0,1,TRUE,3,TRUE,2540,FALSE,1,1,1,70,7795.95
FALSE,1,2150-OEGBV,a318563f-5aa9-f111-b374-3833c5fb3aa8,0,1,FALSE,FALSE,2,20.1,0,0,0,FALSE,2,TRUE,2672,FALSE,0,0,0,27,562.6
FALSE,2,5322-ZSMZY,9419563f-5aa9-f111-b374-3833c5fb3aa8,0,1,TRUE,TRUE,2,25.75,1,0,0,FALSE,1,TRUE,2930,FALSE,0,0,0,31,755.6
FALSE,0,1028-FFNJK,961a563f-5aa9-f111-b374-3833c5fb3aa8,2,1,FALSE,TRUE,1,101.5,4,2,2,TRUE,0,TRUE,188,TRUE,3,3,2,30,2917.65
FALSE,2,1676-MQAOA,9d1a563f-5aa9-f111-b374-3833c5fb3aa8,3,1,FALSE,FALSE,0,75.1,2,3,3,TRUE,2,TRUE,195,FALSE,2,3,2,72,5336.35
TRUE,0,9637-EIHEQ,511b563f-5aa9-f111-b374-3833c5fb3aa8,2,0,FALSE,FALSE,0,50.8,2,2,2,TRUE,0,TRUE,375,FALSE,2,2,2,1,50.8
TRUE,0,6060-DRTNL,b61b563f-5aa9-f111-b374-3833c5fb3aa8,3,0,FALSE,FALSE,1,84.85,2,2,2,TRUE,1,TRUE,476,TRUE,2,3,3,5,415.55
FALSE,0,3096-GKWEB,6b1c563f-5aa9-f111-b374-3833c5fb3aa8,2,1,FALSE,TRUE,1,94.75,4,2,2,TRUE,0,TRUE,657,FALSE,3,3,3,18,1691.9
TRUE,0,0654-HMSHN,941c563f-5aa9-f111-b374-3833c5fb3aa8,3,1,TRUE,TRUE,1,104.4,4,3,2,FALSE,0,TRUE,698,FALSE,3,3,3,21,2157.95
FALSE,2,7634-HLQJR,f31d563f-5aa9-f111-b374-3833c5fb3aa8,4,0,TRUE,TRUE,2,20.05,2,4,4,FALSE,3,TRUE,1049,FALSE,4,4,4,47,1016.7
TRUE,0,9250-WYPLL,f01e563f-5aa9-f111-b374-3833c5fb3aa8,2,0,FALSE,FALSE,1,75.55,4,2,2,FALSE,0,TRUE,1302,FALSE,2,2,3,5,413.65
TRUE,0,4662-EKDPQ,3020563f-5aa9-f111-b374-3833c5fb3aa8,2,1,FALSE,FALSE,0,62.05,4,2,2,FALSE,2,TRUE,1622,FALSE,3,2,3,2,118.3
TRUE,0,3085-QUOZK,1e11fb45-5aa9-f111-b374-3833c5fb3aa8,2,0,FALSE,FALSE,0,43.95,2,2,2,FALSE,1,TRUE,1896,FALSE,2,2,3,1,43.95
FALSE,2,3410-YOQBQ,e58f5e39-5aa9-f111-b374-3833c5fb3aa8,1,0,FALSE,FALSE,0,79.2,0,0,0,FALSE,1,TRUE,67,FALSE,1,1,1,31,2497.2
FALSE,1,1154-HYWWO,a3905e39-5aa9-f111-b374-3833c5fb3aa8,0,1,FALSE,FALSE,0,70.6,0,0,1,FALSE,1,TRUE,557,FALSE,0,1,1,38,2708.2
FALSE,0,4718-DHSMV,73915e39-5aa9-f111-b374-3833c5fb3aa8,0,0,FALSE,FALSE,0,35.8,0,1,0,TRUE,1,FALSE,765,FALSE,0,1,0,11,363.15
FALSE,0,3748-FVMZZ,fc925e39-5aa9-f111-b374-3833c5fb3aa8,0,1,FALSE,FALSE,0,40.05,0,1,0,TRUE,0,FALSE,1018,FALSE,1,0,1,4,162.45
TRUE,0,2719-BDAQO,25935e39-5aa9-f111-b374-3833c5fb3aa8,0,1,FALSE,FALSE,1,93.85,0,1,1,FALSE,0,TRUE,902,FALSE,1,1,0,17,1625.65
FALSE,1,0887-WBJVH,e3935e39-5aa9-f111-b374-3833c5fb3aa8,0,0,FALSE,TRUE,1,93.45,0,1,0,TRUE,0,TRUE,1183,FALSE,1,1,1,53,4872.2
FALSE,2,2226-ICFDO,62955e39-5aa9-f111-b374-3833c5fb3aa8,1,0,TRUE,TRUE,0,85.9,1,1,1,TRUE,3,TRUE,1256,FALSE,1,1,1,72,6110.75
FALSE,2,1084-MNSMJ,ce955e39-5aa9-f111-b374-3833c5fb3aa8,1,0,TRUE,TRUE,0,85.5,0,0,1,FALSE,3,TRUE,1364,FALSE,1,1,1,51,4421.95
FALSE,1,6510-UPNKS,10965e39-5aa9-f111-b374-3833c5fb3aa8,0,0,FALSE,FALSE,2,24.8,1,0,0,FALSE,3,TRUE,1430,FALSE,0,0,0,23,615.35
FALSE,2,7427-AUFPY,5d965e39-5aa9-f111-b374-3833c5fb3aa8,0,1,FALSE,FALSE,2,19.65,0,0,0,FALSE,3,TRUE,1507,FALSE,0,0,0,54,1008.7
TRUE,0,6352-TWCAU,cf965e39-5aa9-f111-b374-3833c5fb3aa8,0,0,FALSE,FALSE,1,86.45,1,1,0,TRUE,0,TRUE,1621,FALSE,0,1,0,35,3029.1
FALSE,2,9995-HOTOH,dc965e39-5aa9-f111-b374-3833c5fb3aa8,1,1,TRUE,TRUE,0,59,0,0,1,FALSE,0,FALSE,1634,FALSE,1,1,0,63,3707.6
FALSE,0,5423-BHIXO,9b975e39-5aa9-f111-b374-3833c5fb3aa8,0,0,FALSE,FALSE,0,54.2,1,0,0,TRUE,0,TRUE,1825,FALSE,0,0,0,32,1739.6
FALSE,0,3318-NMQXL,e9975e39-5aa9-f111-b374-3833c5fb3aa8,0,1,FALSE,FALSE,1,92,0,1,0,TRUE,0,TRUE,1903,FALSE,1,1,0,3,266.8
TRUE,0,5186-SAMNZ,f717563f-5aa9-f111-b374-3833c5fb3aa8,0,1,FALSE,FALSE,1,69.5,0,1,0,TRUE,2,TRUE,2517,TRUE,0,0,0,1,69.5
TRUE,0,3550-SAHFP,7518563f-5aa9-f111-b374-3833c5fb3aa8,0,0,FALSE,FALSE,1,83.35,1,1,0,TRUE,0,TRUE,2643,FALSE,1,0,0,33,2757.85
FALSE,2,8929-KSWIH,d618563f-5aa9-f111-b374-3833c5fb3aa8,1,1,FALSE,FALSE,1,99.3,0,1,0,FALSE,2,TRUE,2762,FALSE,1,1,1,25,2513.5
FALSE,2,4016-BJKTZ,0319563f-5aa9-f111-b374-3833c5fb3aa8,1,0,FALSE,FALSE,1,108.9,1,0,0,FALSE,0,TRUE,2785,FALSE,1,1,1,25,2809.05
FALSE,0,7048-GXDAY,f51c563f-5aa9-f111-b374-3833c5fb3aa8,2,1,FALSE,FALSE,1,106.4,4,3,3,TRUE,0,TRUE,795,FALSE,3,3,3,39,4040.65
TRUE,0,2754-XBHTB,f21e563f-5aa9-f111-b374-3833c5fb3aa8,2,0,FALSE,FALSE,1,77.65,2,2,2,TRUE,2,TRUE,1304,FALSE,2,3,3,9,714.15
TRUE,0,0940-OUQEC,3d1f563f-5aa9-f111-b374-3833c5fb3aa8,2,1,FALSE,FALSE,1,80.7,4,3,2,TRUE,2,TRUE,1379,FALSE,2,2,3,10,788.8
FALSE,1,6332-FBZRI,6f1f563f-5aa9-f111-b374-3833c5fb3aa8,3,1,TRUE,TRUE,0,69.35,4,3,3,TRUE,3,TRUE,1429,FALSE,2,2,2,67,4653.25
FALSE,0,3439-GVUSX,da1f563f-5aa9-f111-b374-3833c5fb3aa8,2,1,FALSE,FALSE,0,24.4,3,2,2,FALSE,1,FALSE,1536,FALSE,2,2,3,1,24.4
FALSE,0,1226-IENZN,3820563f-5aa9-f111-b374-3833c5fb3aa8,2,1,FALSE,FALSE,1,78.75,2,2,2,TRUE,0,TRUE,1630,TRUE,3,2,3,16,1218.25
FALSE,0,1395-OFUWC,5b20563f-5aa9-f111-b374-3833c5fb3aa8,2,1,TRUE,TRUE,0,29.3,3,3,2,FALSE,3,FALSE,1665,FALSE,2,2,3,43,1224.05
TRUE,0,2737-WFVYW,8120563f-5aa9-f111-b374-3833c5fb3aa8,2,0,FALSE,FALSE,0,45.25,3,2,2,TRUE,0,FALSE,1703,FALSE,3,3,3,2,85.5
FALSE,2,6120-RJKLU,ca20563f-5aa9-f111-b374-3833c5fb3aa8,3,0,FALSE,TRUE,0,79.95,2,2,3,TRUE,3,TRUE,1776,TRUE,3,3,2,62,4819.75
TRUE,0,2108-XWMPY,8511fb45-5aa9-f111-b374-3833c5fb3aa8,2,1,FALSE,FALSE,0,35.45,3,3,3,TRUE,1,FALSE,1999,FALSE,2,2,3,3,106.85
TRUE,1,4322-RCYMT,008e5e39-5aa9-f111-b374-3833c5fb3aa8,1,1,TRUE,TRUE,0,75.8,1,0,0,TRUE,2,TRUE,335,FALSE,1,0,1,68,5293.95
FALSE,1,6440-DKQGE,2e8e5e39-5aa9-f111-b374-3833c5fb3aa8,1,1,TRUE,FALSE,0,64.5,0,0,0,FALSE,3,TRUE,148,FALSE,0,1,0,30,1929.95
TRUE,0,2472-OVKUP,d68e5e39-5aa9-f111-b374-3833c5fb3aa8,1,1,FALSE,TRUE,1,91,0,0,0,TRUE,0,TRUE,191,FALSE,1,0,0,6,531
FALSE,0,0177-PXBAT,f38e5e39-5aa9-f111-b374-3833c5fb3aa8,1,1,FALSE,TRUE,1,109.9,1,1,1,TRUE,2,TRUE,396,TRUE,1,1,1,33,3694.7
FALSE,2,4723-BEGSG,d3905e39-5aa9-f111-b374-3833c5fb3aa8,1,1,FALSE,TRUE,0,86.65,1,1,1,FALSE,3,TRUE,605,FALSE,1,1,1,72,6094.25
FALSE,0,3030-ZKIWL,0c915e39-5aa9-f111-b374-3833c5fb3aa8,0,1,FALSE,FALSE,2,20.05,0,0,0,FALSE,1,TRUE,662,FALSE,0,0,0,1,20.05
TRUE,0,3276-HDUEG,16915e39-5aa9-f111-b374-3833c5fb3aa8,0,0,FALSE,FALSE,1,75.05,1,1,0,TRUE,1,TRUE,672,FALSE,0,0,0,1,75.05
FALSE,0,4002-BQWPQ,92925e39-5aa9-f111-b374-3833c5fb3aa8,1,1,FALSE,FALSE,0,81.75,1,0,1,FALSE,2,TRUE,958,FALSE,1,0,1,25,2028.8
TRUE,0,9134-CEQMF,7f955e39-5aa9-f111-b374-3833c5fb3aa8,0,1,FALSE,TRUE,1,89.5,0,1,0,TRUE,0,TRUE,1285,TRUE,1,1,0,7,676.7
FALSE,0,6198-ZFIOJ,8b955e39-5aa9-f111-b374-3833c5fb3aa8,0,0,FALSE,FALSE,1,75.6,1,1,0,FALSE,0,TRUE,1297,FALSE,0,0,0,5,402.5
FALSE,0,8695-WDYEA,4a965e39-5aa9-f111-b374-3833c5fb3aa8,0,1,FALSE,FALSE,0,51.25,0,1,1,FALSE,1,TRUE,1488,FALSE,0,0,0,1,51.25
FALSE,2,0386-CWRGM,2d975e39-5aa9-f111-b374-3833c5fb3aa8,0,0,TRUE,TRUE,2,19.4,0,0,0,FALSE,1,TRUE,1715,FALSE,0,0,0,46,967.85
TRUE,2,6990-YNRIO,aa975e39-5aa9-f111-b374-3833c5fb3aa8,1,1,TRUE,TRUE,1,108.65,1,1,1,FALSE,2,TRUE,1840,FALSE,1,1,1,65,6937.95
FALSE,0,1810-MVMAI,d918563f-5aa9-f111-b374-3833c5fb3aa8,1,1,TRUE,TRUE,0,67.6,1,0,1,FALSE,0,TRUE,2764,FALSE,0,0,1,30,2000.2
FALSE,2,8232-CTLKO,481b563f-5aa9-f111-b374-3833c5fb3aa8,2,0,TRUE,TRUE,0,59.75,2,2,3,TRUE,0,TRUE,366,FALSE,2,3,3,66,3996.8
FALSE,2,5286-YHCVC,461c563f-5aa9-f111-b374-3833c5fb3aa8,3,1,FALSE,TRUE,1,104.8,4,3,2,TRUE,2,TRUE,620,FALSE,3,3,3,72,7470.1
FALSE,1,2522-WLNSF,831c563f-5aa9-f111-b374-3833c5fb3aa8,3,0,FALSE,TRUE,0,64.2,2,2,2,FALSE,2,TRUE,681,TRUE,2,3,2,34,2106.3
FALSE,0,7824-PANSQ,ad1c563f-5aa9-f111-b374-3833c5fb3aa8,2,1,FALSE,FALSE,1,80.65,4,2,2,FALSE,2,TRUE,723,FALSE,2,2,2,58,4807.35
FALSE,2,6603-YRDCJ,491d563f-5aa9-f111-b374-3833c5fb3aa8,2,1,FALSE,TRUE,0,61.05,2,3,3,TRUE,1,TRUE,879,FALSE,2,2,2,33,2018.4
FALSE,1,5857-XRECV,611e563f-5aa9-f111-b374-3833c5fb3aa8,4,0,TRUE,FALSE,2,20.5,2,4,4,FALSE,2,TRUE,1159,FALSE,4,4,4,2,38.25
TRUE,0,4847-QNOKA,6b1e563f-5aa9-f111-b374-3833c5fb3aa8,2,0,FALSE,FALSE,0,44.9,2,2,2,TRUE,2,TRUE,1169,FALSE,2,2,3,1,44.9
TRUE,0,1465-VINDH,3c20563f-5aa9-f111-b374-3833c5fb3aa8,3,0,TRUE,TRUE,1,102.1,4,3,2,TRUE,3,TRUE,1634,FALSE,3,3,3,10,1068.85
FALSE,2,4933-BSAIP,e820563f-5aa9-f111-b374-3833c5fb3aa8,4,0,FALSE,TRUE,2,19.1,2,4,4,FALSE,1,TRUE,1806,FALSE,4,4,4,40,780.1
FALSE,1,0956-SYCWG,ca8e5e39-5aa9-f111-b374-3833c5fb3aa8,0,0,FALSE,FALSE,2,19.65,0,0,0,FALSE,0,TRUE,188,FALSE,0,0,0,13,244.8
FALSE,0,9058-HRZSV,698f5e39-5aa9-f111-b374-3833c5fb3aa8,1,0,FALSE,TRUE,1,94.4,0,0,1,FALSE,0,TRUE,243,TRUE,1,0,0,65,6126.15
TRUE,0,3811-VBYBZ,45905e39-5aa9-f111-b374-3833c5fb3aa8,0,1,FALSE,FALSE,1,99.8,1,0,0,TRUE,0,TRUE,463,FALSE,1,1,0,7,673.25
FALSE,0,4612-SSVHJ,58905e39-5aa9-f111-b374-3833c5fb3aa8,0,0,FALSE,FALSE,1,81.45,0,1,0,TRUE,0,TRUE,482,TRUE,1,0,0,20,1671.6
FALSE,2,7971-HLVXI,5b905e39-5aa9-f111-b374-3833c5fb3aa8,0,1,TRUE,TRUE,1,84.5,1,1,0,TRUE,3,TRUE,485,FALSE,1,0,0,72,6130.85
FALSE,1,4697-LUPSU,46915e39-5aa9-f111-b374-3833c5fb3aa8,0,1,TRUE,TRUE,2,20.2,0,0,0,FALSE,1,TRUE,720,FALSE,0,0,0,2,34.75
FALSE,0,0929-HYQEW,ea925e39-5aa9-f111-b374-3833c5fb3aa8,0,1,FALSE,FALSE,0,50.15,0,1,1,TRUE,1,TRUE,1010,FALSE,0,0,0,3,160.85
FALSE,2,6621-NRZAK,80935e39-5aa9-f111-b374-3833c5fb3aa8,0,0,TRUE,TRUE,2,20,0,0,0,FALSE,3,TRUE,1136,FALSE,0,0,0,63,1209.25
FALSE,2,6518-KZXCB,89965e39-5aa9-f111-b374-3833c5fb3aa8,0,1,FALSE,FALSE,2,25.25,1,0,0,FALSE,1,TRUE,1551,FALSE,0,0,0,22,566.5
FALSE,0,7554-AKDQF,96975e39-5aa9-f111-b374-3833c5fb3aa8,0,0,FALSE,TRUE,0,45.65,0,1,0,FALSE,1,TRUE,1820,FALSE,0,0,0,6,323.45
FALSE,1,4445-KWOKW,cb15563f-5aa9-f111-b374-3833c5fb3aa8,0,0,FALSE,FALSE,0,60.15,1,0,1,TRUE,2,TRUE,1961,FALSE,0,0,0,42,2421.6
FALSE,2,3392-EHMNK,3916563f-5aa9-f111-b374-3833c5fb3aa8,0,0,TRUE,TRUE,1,94.1,1,0,0,FALSE,3,TRUE,2071,FALSE,0,1,1,67,6302.8
FALSE,0,0581-MDMPW,0719563f-5aa9-f111-b374-3833c5fb3aa8,1,0,FALSE,FALSE,1,88.95,1,1,0,TRUE,3,TRUE,2789,FALSE,0,1,0,24,2072.75
FALSE,0,1575-KRZZE,2519563f-5aa9-f111-b374-3833c5fb3aa8,0,0,FALSE,FALSE,0,55.2,0,0,1,FALSE,0,TRUE,2819,FALSE,0,0,0,4,220.65
FALSE,0,2452-KDRRH,4e19563f-5aa9-f111-b374-3833c5fb3aa8,1,1,FALSE,FALSE,1,101.4,1,1,0,TRUE,3,TRUE,2860,TRUE,1,1,0,67,6841.05
TRUE,0,3348-CFRNX,8c19563f-5aa9-f111-b374-3833c5fb3aa8,0,0,FALSE,TRUE,1,92.35,0,1,1,TRUE,1,TRUE,2922,FALSE,1,1,0,28,2602.9
FALSE,0,6591-QGOYB,3f1a563f-5aa9-f111-b374-3833c5fb3aa8,3,1,FALSE,FALSE,1,106.65,4,3,3,TRUE,2,TRUE,101,FALSE,2,3,2,17,1672.1
FALSE,1,2320-TZRRH,5c1c563f-5aa9-f111-b374-3833c5fb3aa8,4,0,FALSE,FALSE,2,19.5,2,4,4,FALSE,1,TRUE,642,FALSE,4,4,4,20,403.15
FALSE,0,3370-HXOPH,281d563f-5aa9-f111-b374-3833c5fb3aa8,2,0,FALSE,FALSE,1,76.1,4,2,2,FALSE,0,TRUE,846,FALSE,2,2,3,3,257.6
FALSE,0,0644-OQMDK,671e563f-5aa9-f111-b374-3833c5fb3aa8,2,1,FALSE,FALSE,1,70.65,2,2,2,TRUE,0,TRUE,1165,TRUE,2,2,3,4,293.85
FALSE,1,0489-WMEMG,da1e563f-5aa9-f111-b374-3833c5fb3aa8,2,0,TRUE,FALSE,0,49.45,2,2,2,TRUE,0,TRUE,1280,FALSE,2,2,2,23,1119.35
FALSE,1,0327-WFZSY,e61e563f-5aa9-f111-b374-3833c5fb3aa8,3,1,TRUE,TRUE,1,100,4,2,2,FALSE,0,TRUE,1292,FALSE,3,3,3,39,3835.55
FALSE,2,5696-JVVQY,fd1e563f-5aa9-f111-b374-3833c5fb3aa8,3,0,TRUE,TRUE,0,70.1,2,3,3,TRUE,3,TRUE,1315,FALSE,3,2,3,48,3238.4
FALSE,2,4609-KNNWG,841f563f-5aa9-f111-b374-3833c5fb3aa8,4,0,TRUE,TRUE,2,19.9,2,4,4,FALSE,1,TRUE,1450,FALSE,4,4,4,27,550.1
TRUE,0,9223-UCPVT,9b1f563f-5aa9-f111-b374-3833c5fb3aa8,3,0,FALSE,FALSE,1,94.4,2,2,2,FALSE,0,TRUE,1473,FALSE,3,3,3,1,94.4
FALSE,1,5195-KPUNQ,d81f563f-5aa9-f111-b374-3833c5fb3aa8,2,0,FALSE,FALSE,1,96.75,2,3,3,TRUE,1,TRUE,1534,TRUE,3,2,2,53,5206.55
FALSE,0,2257-BOVXD,1d20563f-5aa9-f111-b374-3833c5fb3aa8,2,1,FALSE,TRUE,0,66.6,4,2,2,TRUE,3,TRUE,1603,FALSE,2,3,2,14,979.5
FALSE,2,1705-GUHPV,5120563f-5aa9-f111-b374-3833c5fb3aa8,4,0,FALSE,FALSE,2,24.2,4,4,4,FALSE,1,TRUE,1655,FALSE,4,4,4,63,1618.2
FALSE,0,5666-CYCYZ,9e20563f-5aa9-f111-b374-3833c5fb3aa8,2,0,FALSE,FALSE,1,89.55,4,2,2,TRUE,0,TRUE,1732,FALSE,3,2,2,24,2259.35
FALSE,0,0076-LVEPS,cd20563f-5aa9-f111-b374-3833c5fb3aa8,3,1,TRUE,FALSE,0,45,3,3,3,TRUE,1,FALSE,1779,FALSE,2,2,2,29,1242.45
FALSE,0,7562-UXTPG,e020563f-5aa9-f111-b374-3833c5fb3aa8,2,0,FALSE,FALSE,1,70.15,2,2,2,TRUE,1,TRUE,1798,FALSE,2,2,3,13,886.7
FALSE,0,2843-CQMEG,6f11fb45-5aa9-f111-b374-3833c5fb3aa8,2,1,FALSE,FALSE,0,49.7,2,3,2,TRUE,1,TRUE,1977,FALSE,2,2,3,24,1218.25
FALSE,2,7606-BPHHN,158f5e39-5aa9-f111-b374-3833c5fb3aa8,0,1,FALSE,FALSE,2,19.8,0,0,0,TRUE,3,TRUE,405,FALSE,0,0,0,72,1468.75
FALSE,1,4075-JFPGR,708f5e39-5aa9-f111-b374-3833c5fb3aa8,1,0,FALSE,TRUE,1,93.5,0,0,1,TRUE,0,TRUE,250,FALSE,0,1,0,51,4619.55
TRUE,0,9512-UIBFX,928f5e39-5aa9-f111-b374-3833c5fb3aa8,1,1,TRUE,TRUE,1,95.15,0,1,0,FALSE,1,TRUE,284,FALSE,1,1,0,18,1779.95
FALSE,1,3887-PBQAO,f18f5e39-5aa9-f111-b374-3833c5fb3aa8,0,0,TRUE,TRUE,2,25.9,1,0,0,TRUE,3,TRUE,79,FALSE,0,0,0,45,1216.6
FALSE,1,7123-WQUHX,08905e39-5aa9-f111-b374-3833c5fb3aa8,1,1,FALSE,FALSE,1,95,1,1,0,FALSE,2,TRUE,102,FALSE,0,1,1,38,3605.6
FALSE,0,4320-QMLLA,a3935e39-5aa9-f111-b374-3833c5fb3aa8,0,1,FALSE,FALSE,0,54.85,0,1,0,FALSE,1,TRUE,1152,FALSE,0,1,0,7,370.4
TRUE,0,7721-JXEAW,cf955e39-5aa9-f111-b374-3833c5fb3aa8,0,1,FALSE,TRUE,0,41.05,0,0,0,TRUE,2,FALSE,1365,FALSE,1,0,0,59,2452.7
FALSE,0,4283-IVYCI,32965e39-5aa9-f111-b374-3833c5fb3aa8,0,1,FALSE,FALSE,0,64.95,0,1,1,FALSE,1,TRUE,1464,FALSE,1,0,1,9,547.8
FALSE,2,9798-OPFEM,80965e39-5aa9-f111-b374-3833c5fb3aa8,0,0,FALSE,FALSE,2,21.1,0,0,0,TRUE,0,TRUE,1542,FALSE,0,0,0,46,937.1
FALSE,0,7351-KYHQH,af965e39-5aa9-f111-b374-3833c5fb3aa8,1,0,FALSE,FALSE,0,64.95,0,0,0,TRUE,0,TRUE,1589,TRUE,0,1,0,7,493.65
TRUE,0,7963-GQRMY,f1965e39-5aa9-f111-b374-3833c5fb3aa8,0,0,TRUE,TRUE,0,44.3,0,1,0,FALSE,1,TRUE,1655,FALSE,0,0,0,3,134.5
FALSE,2,0017-DINOC,f415563f-5aa9-f111-b374-3833c5fb3aa8,0,1,FALSE,FALSE,0,45.2,0,1,1,FALSE,3,FALSE,2002,FALSE,0,1,1,54,2460.55
FALSE,2,8612-GXIDD,7b16563f-5aa9-f111-b374-3833c5fb3aa8,0,1,TRUE,TRUE,2,25.4,1,0,0,TRUE,2,TRUE,2137,FALSE,0,0,0,12,313
TRUE,0,4713-LZDRV,011a563f-5aa9-f111-b374-3833c5fb3aa8,2,0,FALSE,FALSE,1,79.6,2,2,2,TRUE,0,TRUE,39,TRUE,3,2,3,2,195.05
TRUE,0,7394-FKDNK,861b563f-5aa9-f111-b374-3833c5fb3aa8,2,0,FALSE,TRUE,1,89.45,2,2,2,FALSE,0,TRUE,428,FALSE,3,3,3,9,853.1
FALSE,0,6918-UMQCG,071c563f-5aa9-f111-b374-3833c5fb3aa8,2,0,FALSE,FALSE,1,80.2,2,2,2,FALSE,0,TRUE,557,FALSE,2,3,3,5,384.25
FALSE,0,2080-GKCWQ,bb1d563f-5aa9-f111-b374-3833c5fb3aa8,2,1,FALSE,FALSE,1,74.95,2,3,2,FALSE,0,TRUE,993,FALSE,2,2,3,2,151.75
TRUE,1,3685-YLCMQ,821f563f-5aa9-f111-b374-3833c5fb3aa8,3,1,FALSE,FALSE,1,104.65,4,2,2,TRUE,0,TRUE,1448,FALSE,3,3,2,58,6219.6
FALSE,2,9330-VOFSZ,a01f563f-5aa9-f111-b374-3833c5fb3aa8,3,0,FALSE,TRUE,1,110.8,4,3,2,TRUE,3,TRUE,1478,FALSE,3,3,2,60,6640.7
FALSE,2,2511-ALLCS,1511fb45-5aa9-f111-b374-3833c5fb3aa8,4,0,TRUE,TRUE,2,24.3,4,4,4,FALSE,2,TRUE,1887,FALSE,4,4,4,35,821.6
FALSE,1,1264-FUHCX,6211fb45-5aa9-f111-b374-3833c5fb3aa8,2,0,FALSE,TRUE,0,56.3,3,3,2,TRUE,3,FALSE,1964,FALSE,3,3,2,49,2780.6
TRUE,0,1980-KXVPM,8e11fb45-5aa9-f111-b374-3833c5fb3aa8,2,0,FALSE,FALSE,1,75.05,4,2,2,TRUE,3,TRUE,2008,TRUE,2,2,3,3,256.25
TRUE,0,0334-GDDSO,298f5e39-5aa9-f111-b374-3833c5fb3aa8,0,1,FALSE,FALSE,1,81.35,1,0,0,TRUE,0,TRUE,410,TRUE,0,0,0,3,233.7
FALSE,2,7025-WCBNE,b1905e39-5aa9-f111-b374-3833c5fb3aa8,0,1,FALSE,FALSE,0,59.6,1,0,0,FALSE,2,TRUE,571,TRUE,0,0,1,47,2754
TRUE,0,4554-YGZIH,eb905e39-5aa9-f111-b374-3833c5fb3aa8,0,1,FALSE,TRUE,1,90.05,1,0,0,FALSE,3,TRUE,629,TRUE,1,0,0,49,4547.25
TRUE,0,4883-QICIH,55935e39-5aa9-f111-b374-3833c5fb3aa8,0,1,TRUE,TRUE,1,69.75,0,1,0,TRUE,2,TRUE,1043,FALSE,0,0,0,32,2347.9
FALSE,0,0668-OGMHD,54955e39-5aa9-f111-b374-3833c5fb3aa8,0,0,FALSE,TRUE,0,28.5,0,1,1,FALSE,0,FALSE,1242,FALSE,0,0,0,21,629.35
FALSE,0,5071-FBJFS,7d965e39-5aa9-f111-b374-3833c5fb3aa8,0,0,TRUE,TRUE,0,50.3,0,1,1,FALSE,0,TRUE,1539,FALSE,0,0,0,4,217.1
TRUE,0,2660-EMUBI,96965e39-5aa9-f111-b374-3833c5fb3aa8,0,1,FALSE,FALSE,1,95.35,1,1,0,TRUE,0,TRUE,1564,TRUE,1,1,0,10,898.35
TRUE,1,6097-EQISJ,1f975e39-5aa9-f111-b374-3833c5fb3aa8,1,0,TRUE,TRUE,1,102.45,1,0,0,TRUE,3,TRUE,1701,FALSE,1,1,0,66,6615.15
FALSE,0,9261-WDCAF,b715563f-5aa9-f111-b374-3833c5fb3aa8,0,1,FALSE,FALSE,0,54.65,0,1,0,FALSE,1,TRUE,1941,FALSE,1,0,0,3,189.1
FALSE,2,5110-CHOPY,d315563f-5aa9-f111-b374-3833c5fb3aa8,1,0,FALSE,FALSE,0,53.6,0,1,1,FALSE,0,FALSE,1969,FALSE,1,1,0,60,3237.05
TRUE,0,9961-JBNMK,2216563f-5aa9-f111-b374-3833c5fb3aa8,1,1,FALSE,FALSE,1,96.8,0,1,0,TRUE,2,TRUE,2048,TRUE,1,1,0,21,2030.3
TRUE,1,2153-MREFK,5716563f-5aa9-f111-b374-3833c5fb3aa8,1,0,FALSE,TRUE,1,99.2,1,1,1,TRUE,0,TRUE,2101,FALSE,1,0,1,37,3754.6
FALSE,2,8007-YYPWD,9116563f-5aa9-f111-b374-3833c5fb3aa8,0,0,FALSE,FALSE,2,25.05,1,0,0,FALSE,2,TRUE,2159,FALSE,0,0,0,15,369.1
FALSE,1,3324-OIRTO,2617563f-5aa9-f111-b374-3833c5fb3aa8,1,1,TRUE,TRUE,1,104.65,0,0,1,TRUE,2,TRUE,2308,FALSE,1,1,0,71,7288.4
TRUE,0,6849-WLEYG,9c18563f-5aa9-f111-b374-3833c5fb3aa8,0,1,TRUE,FALSE,2,19.75,0,0,0,FALSE,1,TRUE,2668,FALSE,0,0,0,1,19.75
FALSE,0,8049-WJCLQ,371c563f-5aa9-f111-b374-3833c5fb3aa8,3,1,TRUE,TRUE,0,60.2,2,2,2,FALSE,1,TRUE,605,FALSE,2,3,3,10,563.5
FALSE,0,9693-XMUOB,531d563f-5aa9-f111-b374-3833c5fb3aa8,2,1,FALSE,TRUE,0,50.25,3,3,2,TRUE,0,FALSE,889,TRUE,3,3,3,59,2997.45
FALSE,0,3588-WSTTJ,5f20563f-5aa9-f111-b374-3833c5fb3aa8,2,0,FALSE,FALSE,1,99.05,4,2,3,TRUE,0,TRUE,1669,TRUE,3,3,3,35,3554.6
FALSE,1,3605-JISKB,c610fb45-5aa9-f111-b374-3833c5fb3aa8,2,1,FALSE,TRUE,0,60,4,3,3,FALSE,3,TRUE,2031,TRUE,2,2,3,55,3316.1
TRUE,0,5389-FFVKB,d410fb45-5aa9-f111-b374-3833c5fb3aa8,2,1,FALSE,TRUE,1,80.3,2,2,2,TRUE,3,TRUE,1822,TRUE,3,2,3,32,2483.05
TRUE,0,1564-NTYXF,5711fb45-5aa9-f111-b374-3833c5fb3aa8,2,0,FALSE,FALSE,1,82,4,2,2,TRUE,0,TRUE,1953,TRUE,3,2,3,13,1127.2
FALSE,0,7590-VHVEG,65a276a0-4ef6-4983-b923-a6cb3f04b7a4,0,0,FALSE,TRUE,0,29.85,0,0,0,TRUE,0,FALSE,0,FALSE,0,0,0,1,29.85
FALSE,1,6778-JFCMK,578f5e39-5aa9-f111-b374-3833c5fb3aa8,0,1,FALSE,FALSE,0,50.6,0,1,1,TRUE,1,FALSE,225,FALSE,1,1,0,24,1288.75
FALSE,2,0742-LAFQK,c2905e39-5aa9-f111-b374-3833c5fb3aa8,1,1,FALSE,TRUE,1,99.15,1,0,1,TRUE,0,TRUE,588,FALSE,1,0,0,72,7422.1
TRUE,0,1626-ERCMM,fb905e39-5aa9-f111-b374-3833c5fb3aa8,0,1,FALSE,TRUE,1,94.55,1,1,0,TRUE,0,TRUE,645,TRUE,1,1,0,20,1899.65
FALSE,1,6663-JOCQO,29915e39-5aa9-f111-b374-3833c5fb3aa8,0,1,TRUE,TRUE,0,75.25,1,0,1,TRUE,2,TRUE,691,FALSE,1,0,1,31,2344.5
FALSE,2,8098-TDCBU,a2915e39-5aa9-f111-b374-3833c5fb3aa8,0,0,FALSE,TRUE,2,25.25,1,0,0,FALSE,0,TRUE,812,FALSE,0,0,0,42,1108.2
TRUE,1,9101-BWFSS,ba925e39-5aa9-f111-b374-3833c5fb3aa8,0,0,FALSE,TRUE,1,108.55,1,0,1,FALSE,0,TRUE,830,FALSE,1,1,1,50,5610.7
FALSE,2,8221-HVAYI,eb935e39-5aa9-f111-b374-3833c5fb3aa8,1,1,TRUE,TRUE,0,69.15,1,0,1,TRUE,3,TRUE,1191,FALSE,0,0,1,35,2490.15
TRUE,1,2929-QNSRW,d2965e39-5aa9-f111-b374-3833c5fb3aa8,0,0,FALSE,TRUE,1,98.25,1,0,0,TRUE,0,TRUE,1624,FALSE,1,1,0,56,5508.35
TRUE,0,2058-DCJBE,f8965e39-5aa9-f111-b374-3833c5fb3aa8,0,1,FALSE,FALSE,1,69.75,0,1,0,TRUE,0,TRUE,1662,FALSE,0,0,0,5,324.6
FALSE,1,4403-BWPAY,fd965e39-5aa9-f111-b374-3833c5fb3aa8,0,1,FALSE,FALSE,2,24.8,1,0,0,TRUE,3,TRUE,1667,FALSE,0,0,0,14,321.7
FALSE,2,9359-JANWS,bb975e39-5aa9-f111-b374-3833c5fb3aa8,1,0,FALSE,TRUE,0,58.9,0,1,1,FALSE,3,TRUE,1857,FALSE,0,0,1,65,3857.1
FALSE,0,0701-RFGFI,c515563f-5aa9-f111-b374-3833c5fb3aa8,0,0,TRUE,TRUE,1,95.4,1,1,0,TRUE,2,TRUE,1955,FALSE,1,1,0,49,4613.95
TRUE,0,9172-JITSM,1816563f-5aa9-f111-b374-3833c5fb3aa8,0,0,TRUE,TRUE,1,90.8,0,1,0,TRUE,0,TRUE,2038,FALSE,1,1,0,26,2361.8
TRUE,0,4140-MUHUG,0017563f-5aa9-f111-b374-3833c5fb3aa8,1,0,FALSE,FALSE,1,86.85,0,1,0,TRUE,0,TRUE,2270,TRUE,0,1,0,3,220.95
FALSE,1,0023-UYUPN,a217563f-5aa9-f111-b374-3833c5fb3aa8,0,0,FALSE,TRUE,2,25.2,1,0,0,FALSE,0,TRUE,2432,TRUE,0,0,0,50,1306.3
TRUE,0,2011-TRQYE,7618563f-5aa9-f111-b374-3833c5fb3aa8,1,1,FALSE,FALSE,0,33.5,0,0,0,TRUE,3,FALSE,2644,FALSE,0,0,0,18,600
FALSE,1,0233-FTHAV,4719563f-5aa9-f111-b374-3833c5fb3aa8,1,0,FALSE,FALSE,1,79.2,1,1,0,TRUE,2,TRUE,2853,FALSE,0,0,0,60,4765
FALSE,2,8148-NLEGT,5a19563f-5aa9-f111-b374-3833c5fb3aa8,0,0,TRUE,TRUE,2,22.95,1,0,0,FALSE,0,TRUE,2872,FALSE,0,0,0,42,1014.25
FALSE,0,2576-HXMPA,b019563f-5aa9-f111-b374-3833c5fb3aa8,0,0,FALSE,FALSE,2,19.55,0,0,0,FALSE,3,TRUE,2958,FALSE,0,0,0,1,19.55
FALSE,1,2239-CFOUJ,d319563f-5aa9-f111-b374-3833c5fb3aa8,0,1,TRUE,TRUE,2,20.4,0,0,0,FALSE,1,TRUE,2993,FALSE,0,0,0,1,20.4
TRUE,0,4548-SDBKE,f81c563f-5aa9-f111-b374-3833c5fb3aa8,2,0,FALSE,FALSE,1,85.2,4,2,2,TRUE,0,TRUE,798,FALSE,2,3,3,5,474.8
FALSE,0,0239-OXEXL,ac1d563f-5aa9-f111-b374-3833c5fb3aa8,2,0,FALSE,FALSE,1,84.25,4,3,3,FALSE,1,TRUE,978,FALSE,2,2,3,46,3847.6
TRUE,0,5095-AESKG,da1d563f-5aa9-f111-b374-3833c5fb3aa8,2,0,FALSE,TRUE,1,91.5,4,3,2,TRUE,3,TRUE,1024,FALSE,3,2,3,3,242.95
FALSE,2,3544-FBCAS,b51e563f-5aa9-f111-b374-3833c5fb3aa8,3,0,TRUE,TRUE,0,83.6,4,3,3,TRUE,3,TRUE,1243,FALSE,3,3,3,72,5959.3
FALSE,0,5084-OOVCJ,7b1f563f-5aa9-f111-b374-3833c5fb3aa8,2,0,TRUE,TRUE,0,55.35,2,2,3,TRUE,3,TRUE,1441,FALSE,2,2,2,17,920.5
FALSE,2,9680-NIAUV,de8e5e39-5aa9-f111-b374-3833c5fb3aa8,1,0,TRUE,TRUE,1,109.7,1,0,1,FALSE,3,TRUE,193,FALSE,1,1,0,72,8129.3
FALSE,1,7674-YTAFD,0d8f5e39-5aa9-f111-b374-3833c5fb3aa8,0,0,FALSE,FALSE,1,79.95,0,0,0,TRUE,2,TRUE,205,FALSE,0,0,1,33,2684.85
TRUE,0,5956-VKDTT,76905e39-5aa9-f111-b374-3833c5fb3aa8,0,0,FALSE,TRUE,1,74.35,1,1,0,TRUE,0,TRUE,512,TRUE,0,0,0,5,334.8
FALSE,2,8207-DMRVL,d6905e39-5aa9-f111-b374-3833c5fb3aa8,1,1,TRUE,TRUE,1,114.55,1,0,1,FALSE,2,TRUE,608,FALSE,1,1,1,72,8306.05
FALSE,0,9944-AEXBM,43915e39-5aa9-f111-b374-3833c5fb3aa8,0,1,FALSE,FALSE,1,85.65,1,1,0,TRUE,2,TRUE,717,FALSE,1,0,0,32,2664.3
TRUE,0,3249-ZPQRG,cb955e39-5aa9-f111-b374-3833c5fb3aa8,0,1,FALSE,FALSE,1,78.45,1,0,0,FALSE,0,TRUE,1361,FALSE,0,0,0,4,330.05
TRUE,0,0661-XEYAN,63965e39-5aa9-f111-b374-3833c5fb3aa8,0,0,FALSE,FALSE,0,25.8,0,1,0,TRUE,1,FALSE,1513,TRUE,0,0,0,1,25.8
FALSE,1,7789-HKSBS,75975e39-5aa9-f111-b374-3833c5fb3aa8,1,0,FALSE,TRUE,1,105.2,1,1,1,TRUE,2,TRUE,1787,TRUE,1,1,0,42,4599.15
FALSE,2,1926-QUZNN,ef17563f-5aa9-f111-b374-3833c5fb3aa8,0,0,FALSE,TRUE,2,25.25,1,0,0,TRUE,2,TRUE,2509,FALSE,0,0,0,72,1841.2
FALSE,0,1849-RJYIG,1d18563f-5aa9-f111-b374-3833c5fb3aa8,0,0,FALSE,FALSE,0,60,0,1,1,TRUE,0,TRUE,2555,FALSE,0,1,0,8,487.75
FALSE,0,1550-EENBN,5018563f-5aa9-f111-b374-3833c5fb3aa8,0,0,FALSE,FALSE,1,104.35,1,0,1,FALSE,0,TRUE,2606,FALSE,1,1,0,31,3205.6
TRUE,0,9565-DJPIB,8218563f-5aa9-f111-b374-3833c5fb3aa8,0,0,TRUE,FALSE,1,89.6,1,0,0,FALSE,1,TRUE,2655,FALSE,0,1,0,4,365.65
FALSE,2,1985-MBRYP,1519563f-5aa9-f111-b374-3833c5fb3aa8,0,0,FALSE,FALSE,2,19.65,0,0,0,TRUE,2,TRUE,2803,FALSE,0,0,0,43,779.25
FALSE,0,1261-FWTTE,e719563f-5aa9-f111-b374-3833c5fb3aa8,2,1,FALSE,FALSE,0,34.65,3,2,2,TRUE,2,FALSE,13,TRUE,3,2,3,23,768.45
TRUE,0,8010-EZLOU,601a563f-5aa9-f111-b374-3833c5fb3aa8,2,1,FALSE,FALSE,1,80.2,4,3,2,TRUE,0,TRUE,134,TRUE,2,2,3,15,1217.25
TRUE,0,0727-IWKVK,901b563f-5aa9-f111-b374-3833c5fb3aa8,3,1,FALSE,TRUE,1,79.9,2,3,2,TRUE,0,TRUE,438,FALSE,2,2,3,9,741.7
FALSE,1,6260-XLACS,7b1c563f-5aa9-f111-b374-3833c5fb3aa8,4,1,FALSE,FALSE,2,19.7,2,4,4,FALSE,1,TRUE,673,FALSE,4,4,4,4,117.8
FALSE,2,8169-SAEJD,a71c563f-5aa9-f111-b374-3833c5fb3aa8,2,1,FALSE,TRUE,0,56.55,3,3,3,FALSE,3,FALSE,717,TRUE,3,3,3,69,3952.65
FALSE,2,8707-HOEDG,b11c563f-5aa9-f111-b374-3833c5fb3aa8,3,0,TRUE,TRUE,1,110.2,4,3,2,TRUE,0,TRUE,727,FALSE,3,3,2,70,7689.8
TRUE,1,1265-XTECC,d71c563f-5aa9-f111-b374-3833c5fb3aa8,2,0,FALSE,TRUE,1,96.55,4,3,3,TRUE,3,TRUE,765,TRUE,3,2,3,68,6581.9
TRUE,0,3538-WZPHD,4a1d563f-5aa9-f111-b374-3833c5fb3aa8,2,1,FALSE,FALSE,0,29.6,3,3,2,TRUE,0,FALSE,880,FALSE,2,2,3,3,79.45
FALSE,2,0613-WUXUM,011e563f-5aa9-f111-b374-3833c5fb3aa8,4,0,TRUE,TRUE,2,19.2,2,4,4,TRUE,1,TRUE,1063,FALSE,4,4,4,70,1401.4
TRUE,0,7563-BIUPC,b08f5e39-5aa9-f111-b374-3833c5fb3aa8,0,1,FALSE,FALSE,1,80.6,0,1,0,TRUE,0,TRUE,314,FALSE,0,1,0,5,415.55
FALSE,2,0459-SPZHJ,c6905e39-5aa9-f111-b374-3833c5fb3aa8,1,1,TRUE,TRUE,0,83.5,1,0,1,FALSE,3,TRUE,592,FALSE,1,1,0,63,5435
FALSE,0,0730-KOAVE,1d935e39-5aa9-f111-b374-3833c5fb3aa8,0,1,FALSE,FALSE,1,94.3,1,0,1,TRUE,3,TRUE,895,FALSE,1,0,0,30,2679.7
FALSE,1,4869-EPIUS,50935e39-5aa9-f111-b374-3833c5fb3aa8,0,1,FALSE,TRUE,1,80.9,0,1,0,TRUE,0,TRUE,1038,FALSE,1,0,0,56,4557.5
FALSE,2,6870-ZWMNX,a9935e39-5aa9-f111-b374-3833c5fb3aa8,1,1,FALSE,TRUE,0,76.1,1,0,0,FALSE,3,TRUE,1155,FALSE,0,1,1,70,5264.25
FALSE,0,5334-JLAXU,b0935e39-5aa9-f111-b374-3833c5fb3aa8,0,0,FALSE,TRUE,1,94.1,1,0,1,TRUE,3,TRUE,1158,FALSE,1,0,0,60,5475.9
FALSE,1,5724-BIDBU,58965e39-5aa9-f111-b374-3833c5fb3aa8,0,1,FALSE,TRUE,0,55.35,1,1,1,TRUE,0,TRUE,1502,FALSE,0,0,0,49,2633.95
TRUE,0,3494-JCHRQ,d1975e39-5aa9-f111-b374-3833c5fb3aa8,0,1,FALSE,FALSE,1,70.05,0,1,0,TRUE,0,TRUE,1879,FALSE,0,0,0,1,70.05
FALSE,0,4418-LZMSV,0016563f-5aa9-f111-b374-3833c5fb3aa8,1,1,TRUE,TRUE,0,61.8,0,0,0,FALSE,2,TRUE,2014,FALSE,0,0,1,13,750.1
FALSE,2,7398-HPYZQ,1a16563f-5aa9-f111-b374-3833c5fb3aa8,1,1,FALSE,TRUE,0,90.55,1,0,1,FALSE,2,TRUE,2040,FALSE,1,1,1,71,6404
TRUE,0,3177-LASXD,3f16563f-5aa9-f111-b374-3833c5fb3aa8,0,0,FALSE,FALSE,1,71.35,0,1,0,FALSE,0,TRUE,2077,FALSE,0,0,0,1,71.35
FALSE,1,8383-SGHJU,6216563f-5aa9-f111-b374-3833c5fb3aa8,0,0,FALSE,FALSE,0,59.4,1,1,1,FALSE,0,TRUE,2112,FALSE,0,0,1,33,1952.8
FALSE,2,9030-QGZNL,f516563f-5aa9-f111-b374-3833c5fb3aa8,0,0,FALSE,FALSE,2,20.85,0,0,0,FALSE,1,TRUE,2259,FALSE,0,0,0,8,161.65
FALSE,0,0141-YEAYS,9417563f-5aa9-f111-b374-3833c5fb3aa8,1,0,FALSE,FALSE,1,86.45,1,0,0,TRUE,2,TRUE,2418,TRUE,0,0,0,27,2401.05
FALSE,1,6188-UXBBR,e117563f-5aa9-f111-b374-3833c5fb3aa8,0,0,FALSE,TRUE,2,20.25,0,0,0,TRUE,3,TRUE,2495,FALSE,0,0,0,38,814.75
FALSE,0,0380-ZCSBI,3718563f-5aa9-f111-b374-3833c5fb3aa8,0,1,FALSE,FALSE,2,20,0,0,0,FALSE,3,TRUE,2581,FALSE,0,0,0,10,198.7
FALSE,0,5609-IMCGG,7c18563f-5aa9-f111-b374-3833c5fb3aa8,1,0,FALSE,FALSE,1,84.35,1,1,1,TRUE,3,TRUE,2650,FALSE,0,0,0,15,1302.65
FALSE,0,1564-HJUVY,5219563f-5aa9-f111-b374-3833c5fb3aa8,0,1,FALSE,FALSE,0,63.75,0,0,0,TRUE,2,TRUE,2864,FALSE,0,1,1,4,226.2
TRUE,0,0564-JJHGS,8b19563f-5aa9-f111-b374-3833c5fb3aa8,0,1,FALSE,FALSE,1,95.5,1,1,0,TRUE,0,TRUE,2921,FALSE,1,1,0,9,829.1
TRUE,0,4626-GYCZP,ad19563f-5aa9-f111-b374-3833c5fb3aa8,0,1,FALSE,FALSE,1,93.85,1,1,0,TRUE,0,TRUE,2955,FALSE,1,1,0,7,635.6
FALSE,1,4350-ZTLPI,8c1a563f-5aa9-f111-b374-3833c5fb3aa8,3,0,FALSE,TRUE,1,108.95,4,3,2,TRUE,2,TRUE,178,FALSE,3,3,2,53,5718.2
TRUE,0,8988-ECPJR,911a563f-5aa9-f111-b374-3833c5fb3aa8,2,0,TRUE,TRUE,1,79.6,4,3,2,TRUE,1,TRUE,183,TRUE,2,2,3,34,2718.3
FALSE,0,6339-DKLMK,091c563f-5aa9-f111-b374-3833c5fb3aa8,2,0,FALSE,FALSE,0,31.65,3,3,2,TRUE,0,FALSE,559,FALSE,2,2,3,13,389.95
FALSE,0,4537-DKTAL,9d1c563f-5aa9-f111-b374-3833c5fb3aa8,2,0,FALSE,FALSE,0,45.55,2,2,2,FALSE,0,TRUE,707,FALSE,2,2,3,2,84.4
FALSE,1,5847-MXBEO,d01c563f-5aa9-f111-b374-3833c5fb3aa8,4,1,FALSE,FALSE,2,20.3,2,4,4,FALSE,1,TRUE,758,FALSE,4,4,4,22,475.1
TRUE,0,4871-JTKJF,e81c563f-5aa9-f111-b374-3833c5fb3aa8,2,0,FALSE,FALSE,1,69.65,2,2,2,TRUE,0,TRUE,782,TRUE,2,2,3,1,69.65
TRUE,0,5995-OIGLP,8a1d563f-5aa9-f111-b374-3833c5fb3aa8,2,1,FALSE,FALSE,0,56.65,2,2,3,FALSE,1,TRUE,944,FALSE,2,2,2,12,654.85
FALSE,0,8421-WZOOW,8b1d563f-5aa9-f111-b374-3833c5fb3aa8,3,0,TRUE,TRUE,1,95.3,2,3,2,TRUE,3,TRUE,945,TRUE,2,3,2,57,5567.45
FALSE,0,7395-XWZOY,941d563f-5aa9-f111-b374-3833c5fb3aa8,3,1,FALSE,FALSE,0,55,3,3,3,TRUE,3,FALSE,954,FALSE,2,3,2,20,1165.55
FALSE,2,7337-CINUD,3b1e563f-5aa9-f111-b374-3833c5fb3aa8,4,0,TRUE,TRUE,2,19.5,2,4,4,FALSE,2,TRUE,1121,FALSE,4,4,4,8,159.35
FALSE,0,2038-YSEZE,4d20563f-5aa9-f111-b374-3833c5fb3aa8,2,0,FALSE,FALSE,0,67.45,4,3,3,FALSE,1,TRUE,1651,FALSE,2,2,2,29,1801.1
FALSE,1,0657-DOGUM,fd10fb45-5aa9-f111-b374-3833c5fb3aa8,2,0,FALSE,TRUE,0,60.6,4,2,3,TRUE,2,TRUE,1863,FALSE,2,2,2,48,2985.25
FALSE,1,2405-LBMUW,4b11fb45-5aa9-f111-b374-3833c5fb3aa8,2,0,TRUE,TRUE,0,50.7,3,3,3,TRUE,2,FALSE,1941,FALSE,3,2,2,61,3088.75
FALSE,2,9548-LIGTA,b5905e39-5aa9-f111-b374-3833c5fb3aa8,0,1,FALSE,TRUE,0,81.05,0,0,1,TRUE,1,TRUE,575,FALSE,1,1,1,61,4747.65
FALSE,1,7817-OMJNA,75915e39-5aa9-f111-b374-3833c5fb3aa8,0,1,FALSE,FALSE,2,20.4,0,0,0,FALSE,2,TRUE,767,FALSE,0,0,0,14,275.7
FALSE,0,3318-ISQFQ,ac925e39-5aa9-f111-b374-3833c5fb3aa8,0,0,FALSE,FALSE,2,19.5,0,0,0,TRUE,2,TRUE,980,FALSE,0,0,0,20,413
FALSE,0,9146-JRIOX,b4925e39-5aa9-f111-b374-3833c5fb3aa8,0,0,TRUE,TRUE,2,25.55,1,0,0,FALSE,1,TRUE,827,FALSE,0,0,0,14,372.45
TRUE,0,7627-JKIAZ,d1935e39-5aa9-f111-b374-3833c5fb3aa8,1,0,FALSE,TRUE,1,78.95,1,1,0,TRUE,3,TRUE,1113,FALSE,0,0,0,37,2839.65
TRUE,0,1768-ZAIFU,b0955e39-5aa9-f111-b374-3833c5fb3aa8,0,0,FALSE,FALSE,0,25.2,0,1,0,TRUE,0,FALSE,1334,TRUE,0,0,0,1,25.2
FALSE,1,1131-SUEKT,de955e39-5aa9-f111-b374-3833c5fb3aa8,0,1,TRUE,TRUE,1,98.45,0,0,0,TRUE,2,TRUE,1380,FALSE,1,1,1,61,6145.2
FALSE,1,3131-NWVFJ,f1955e39-5aa9-f111-b374-3833c5fb3aa8,0,0,TRUE,TRUE,2,19.55,0,0,0,FALSE,1,TRUE,1399,FALSE,0,0,0,14,294.5
FALSE,0,2958-NHPPS,22965e39-5aa9-f111-b374-3833c5fb3aa8,0,1,FALSE,FALSE,2,20.85,0,0,0,FALSE,0,TRUE,1448,FALSE,0,0,0,23,473.9
FALSE,1,9480-BQJEI,36965e39-5aa9-f111-b374-3833c5fb3aa8,0,1,FALSE,FALSE,1,92.3,1,0,1,TRUE,2,TRUE,1468,FALSE,1,0,0,62,5731.45
TRUE,1,3092-IGHWF,c6965e39-5aa9-f111-b374-3833c5fb3aa8,1,1,TRUE,TRUE,1,87.4,1,0,0,FALSE,0,TRUE,1612,FALSE,0,0,0,67,5918.8
FALSE,1,8402-EIVQS,2217563f-5aa9-f111-b374-3833c5fb3aa8,0,1,FALSE,TRUE,1,100.9,0,0,1,TRUE,3,TRUE,2304,FALSE,1,1,0,67,6733.15
FALSE,0,9822-OAOVB,7617563f-5aa9-f111-b374-3833c5fb3aa8,0,0,FALSE,FALSE,0,55.45,0,1,0,TRUE,0,TRUE,2388,FALSE,1,0,0,1,55.45
FALSE,2,9297-EONCV,5918563f-5aa9-f111-b374-3833c5fb3aa8,1,0,FALSE,FALSE,0,91.35,1,0,1,TRUE,2,TRUE,2615,FALSE,1,1,1,72,6697.2
TRUE,0,8348-HFYIV,8f18563f-5aa9-f111-b374-3833c5fb3aa8,1,1,FALSE,FALSE,0,49.25,0,1,0,TRUE,0,FALSE,2662,FALSE,1,1,0,2,90.35
FALSE,2,7923-IYJWY,6719563f-5aa9-f111-b374-3833c5fb3aa8,1,1,FALSE,FALSE,1,116.1,1,0,1,TRUE,3,TRUE,2885,TRUE,1,1,1,67,7839.85
TRUE,1,0877-SDMBN,4d1b563f-5aa9-f111-b374-3833c5fb3aa8,3,0,FALSE,FALSE,1,103.95,4,2,3,TRUE,2,TRUE,371,FALSE,3,3,3,54,5639.05
FALSE,2,9715-WZCLW,701b563f-5aa9-f111-b374-3833c5fb3aa8,2,1,TRUE,TRUE,1,97.2,4,2,3,TRUE,0,TRUE,406,FALSE,3,3,3,71,6910.3
FALSE,0,9334-GWGOW,4d1c563f-5aa9-f111-b374-3833c5fb3aa8,2,1,FALSE,TRUE,1,74.85,4,2,2,TRUE,0,TRUE,627,TRUE,2,2,3,7,485.25
FALSE,2,5567-GZKQY,521c563f-5aa9-f111-b374-3833c5fb3aa8,4,1,FALSE,FALSE,2,20.3,2,4,4,FALSE,3,TRUE,632,FALSE,4,4,4,58,1131.5
FALSE,0,3841-CONLJ,841c563f-5aa9-f111-b374-3833c5fb3aa8,2,0,FALSE,TRUE,0,35,3,2,2,FALSE,0,FALSE,682,FALSE,3,2,3,1,35
FALSE,1,0269-XFESX,4f1d563f-5aa9-f111-b374-3833c5fb3aa8,4,1,TRUE,TRUE,2,24.35,4,4,4,FALSE,1,TRUE,885,FALSE,4,4,4,23,538.5
TRUE,0,8775-LHDJH,1b1e563f-5aa9-f111-b374-3833c5fb3aa8,2,0,FALSE,TRUE,1,90.6,4,3,2,TRUE,0,TRUE,1089,TRUE,2,3,3,1,90.6
TRUE,0,1095-JUDTC,451e563f-5aa9-f111-b374-3833c5fb3aa8,2,0,FALSE,FALSE,1,95.05,4,3,2,TRUE,0,TRUE,1131,TRUE,2,3,2,47,4504.55
FALSE,2,2578-JQPHZ,ca1e563f-5aa9-f111-b374-3833c5fb3aa8,3,1,FALSE,FALSE,1,100.1,2,2,2,FALSE,2,TRUE,1264,FALSE,3,3,2,44,4378.35
FALSE,2,9236-NDUCW,b61f563f-5aa9-f111-b374-3833c5fb3aa8,2,0,FALSE,FALSE,0,35.1,3,2,3,FALSE,1,FALSE,1500,FALSE,2,2,2,21,770.4
FALSE,1,3205-MXZRA,1220563f-5aa9-f111-b374-3833c5fb3aa8,2,1,FALSE,FALSE,0,59.45,2,2,2,FALSE,3,TRUE,1592,FALSE,2,3,2,26,1507
FALSE,2,4526-RMTLL,7820563f-5aa9-f111-b374-3833c5fb3aa8,2,1,TRUE,TRUE,0,76.15,4,3,3,TRUE,3,TRUE,1694,FALSE,3,2,2,8,645.8
TRUE,0,9850-OWRHQ,8e20563f-5aa9-f111-b374-3833c5fb3aa8,2,0,FALSE,TRUE,1,74.1,4,2,2,TRUE,3,TRUE,1716,FALSE,2,2,3,3,228
FALSE,0,8930-XOTDP,ed10fb45-5aa9-f111-b374-3833c5fb3aa8,2,0,TRUE,TRUE,0,55.95,2,2,2,FALSE,1,TRUE,1847,FALSE,2,3,3,18,1082.8
FALSE,0,1471-GIQKQ,9611fb45-5aa9-f111-b374-3833c5fb3aa8,2,0,FALSE,FALSE,0,49.95,2,3,2,FALSE,0,TRUE,2016,FALSE,2,2,3,1,49.95
FALSE,1,7576-ASEJU,688f5e39-5aa9-f111-b374-3833c5fb3aa8,0,0,TRUE,TRUE,0,74.7,0,1,1,TRUE,3,TRUE,242,FALSE,1,1,1,41,3187.65
FALSE,1,5593-SUAOO,59955e39-5aa9-f111-b374-3833c5fb3aa8,1,0,TRUE,TRUE,1,83.15,1,0,0,FALSE,2,TRUE,1247,FALSE,0,0,0,24,2033.05
FALSE,2,9225-BZLNZ,0c975e39-5aa9-f111-b374-3833c5fb3aa8,1,1,FALSE,TRUE,0,85.25,1,0,1,TRUE,0,TRUE,1682,FALSE,1,1,0,72,6083.1
FALSE,2,5356-KZCKT,5b975e39-5aa9-f111-b374-3833c5fb3aa8,0,1,FALSE,FALSE,2,24.45,1,0,0,TRUE,3,TRUE,1761,FALSE,0,0,0,58,1513.6
FALSE,2,9675-ICXCT,d715563f-5aa9-f111-b374-3833c5fb3aa8,1,1,TRUE,TRUE,0,80.8,0,1,1,TRUE,0,TRUE,1973,FALSE,1,1,1,72,5728.55
FALSE,1,4123-FCVCB,6c16563f-5aa9-f111-b374-3833c5fb3aa8,0,0,FALSE,FALSE,0,75.85,1,1,0,TRUE,1,TRUE,2122,FALSE,1,1,1,12,854.45
FALSE,0,1302-UHBDD,cd16563f-5aa9-f111-b374-3833c5fb3aa8,0,1,FALSE,FALSE,1,89.95,0,1,0,FALSE,0,TRUE,2219,TRUE,1,1,0,20,1648.45
TRUE,0,7181-BQYBV,e816563f-5aa9-f111-b374-3833c5fb3aa8,1,0,TRUE,TRUE,1,102.45,1,1,1,TRUE,0,TRUE,2246,FALSE,1,1,0,1,102.45
TRUE,0,0137-OCGAB,5718563f-5aa9-f111-b374-3833c5fb3aa8,0,0,FALSE,FALSE,1,80.2,1,0,0,TRUE,1,TRUE,2613,FALSE,0,0,0,1,80.2
FALSE,2,3027-YNWZU,7b18563f-5aa9-f111-b374-3833c5fb3aa8,0,0,FALSE,TRUE,2,25,1,0,0,FALSE,3,TRUE,2649,FALSE,0,0,0,64,1584.8
FALSE,2,5220-AGAAX,9719563f-5aa9-f111-b374-3833c5fb3aa8,0,1,TRUE,TRUE,2,24,1,0,0,TRUE,2,TRUE,2933,FALSE,0,0,0,68,1664.3
FALSE,0,9909-IDLEK,021a563f-5aa9-f111-b374-3833c5fb3aa8,2,1,TRUE,TRUE,1,96.8,4,3,2,FALSE,1,TRUE,40,FALSE,2,3,2,20,1826.7
FALSE,1,8294-UIMBA,751a563f-5aa9-f111-b374-3833c5fb3aa8,2,0,FALSE,FALSE,1,94.4,2,2,2,TRUE,2,TRUE,155,FALSE,3,3,2,30,2638.1
FALSE,2,8591-TKMZH,a41a563f-5aa9-f111-b374-3833c5fb3aa8,2,1,TRUE,TRUE,1,111.1,4,3,3,TRUE,1,TRUE,202,FALSE,3,3,2,59,6555.2
TRUE,0,9465-RWMXL,571b563f-5aa9-f111-b374-3833c5fb3aa8,3,1,FALSE,TRUE,1,78.9,4,2,2,TRUE,0,TRUE,381,FALSE,2,2,3,32,2447.95
FALSE,2,6010-DDPPW,d61b563f-5aa9-f111-b374-3833c5fb3aa8,4,1,FALSE,TRUE,2,25.15,4,4,4,FALSE,2,TRUE,508,FALSE,4,4,4,70,1940.85
TRUE,1,4250-ZBWLV,d21d563f-5aa9-f111-b374-3833c5fb3aa8,3,1,FALSE,FALSE,1,108.45,4,3,2,FALSE,0,TRUE,1016,FALSE,3,3,2,68,7176.55
FALSE,1,7994-XIRTR,4f1f563f-5aa9-f111-b374-3833c5fb3aa8,3,1,FALSE,FALSE,0,65.25,2,2,2,FALSE,2,TRUE,1397,TRUE,3,2,2,54,3529.95
FALSE,2,6898-RBTLU,9320563f-5aa9-f111-b374-3833c5fb3aa8,2,0,TRUE,TRUE,0,79.3,4,3,2,FALSE,2,TRUE,1721,FALSE,3,3,2,49,3902.45
FALSE,2,1320-GVNHT,db20563f-5aa9-f111-b374-3833c5fb3aa8,3,1,TRUE,TRUE,1,108.4,4,3,3,TRUE,3,TRUE,1793,FALSE,3,3,3,72,7767.25
FALSE,0,2823-LKABH,c010fb45-5aa9-f111-b374-3833c5fb3aa8,3,0,FALSE,FALSE,1,95.05,4,2,2,TRUE,2,TRUE,2025,FALSE,3,2,2,18,1679.4
TRUE,0,1195-OIYEJ,0211fb45-5aa9-f111-b374-3833c5fb3aa8,2,1,FALSE,FALSE,1,91.1,2,2,2,TRUE,0,TRUE,1868,FALSE,3,3,3,13,1135.7
TRUE,0,2034-GDRCN,2b8e5e39-5aa9-f111-b374-3833c5fb3aa8,0,0,FALSE,FALSE,1,90.4,0,1,0,TRUE,0,TRUE,346,FALSE,1,1,0,2,168.2
FALSE,2,9286-BHDQG,388f5e39-5aa9-f111-b374-3833c5fb3aa8,1,1,TRUE,TRUE,0,45.25,0,0,1,FALSE,3,FALSE,216,FALSE,0,0,1,72,3139.8
FALSE,2,8067-NIOYM,88905e39-5aa9-f111-b374-3833c5fb3aa8,0,0,TRUE,TRUE,2,21.1,0,0,0,TRUE,3,TRUE,530,FALSE,0,0,0,24,490.65
FALSE,1,4851-BQDNX,e4905e39-5aa9-f111-b374-3833c5fb3aa8,1,1,TRUE,TRUE,1,85.05,0,1,0,TRUE,0,TRUE,622,FALSE,0,1,0,40,3355.65
FALSE,0,8967-SZQAS,ee935e39-5aa9-f111-b374-3833c5fb3aa8,0,0,FALSE,FALSE,0,50.45,0,0,0,FALSE,0,TRUE,1194,FALSE,0,0,0,14,765.45
FALSE,1,2272-JKMSI,ec955e39-5aa9-f111-b374-3833c5fb3aa8,1,0,TRUE,TRUE,1,110.8,1,0,0,TRUE,0,TRUE,1394,FALSE,1,1,1,62,6840.95
FALSE,1,6296-DDOOR,ba16563f-5aa9-f111-b374-3833c5fb3aa8,0,0,FALSE,FALSE,0,58.2,0,0,0,FALSE,0,TRUE,2200,FALSE,0,1,0,19,1045.25
TRUE,0,2506-CLAKW,f916563f-5aa9-f111-b374-3833c5fb3aa8,1,0,FALSE,FALSE,1,98.15,0,0,1,TRUE,2,TRUE,2263,FALSE,1,0,1,6,567.45
FALSE,2,7516-GMHUV,bc17563f-5aa9-f111-b374-3833c5fb3aa8,1,1,FALSE,TRUE,1,105.05,1,1,1,TRUE,3,TRUE,2458,TRUE,1,1,0,50,5163.3
FALSE,2,8869-LIHMK,f517563f-5aa9-f111-b374-3833c5fb3aa8,1,0,FALSE,FALSE,1,115.1,1,0,1,TRUE,2,TRUE,2515,FALSE,1,1,1,64,7334.05
TRUE,0,5766-ZJYBB,0018563f-5aa9-f111-b374-3833c5fb3aa8,0,1,FALSE,FALSE,2,19.4,0,0,0,FALSE,1,TRUE,2526,FALSE,0,0,0,1,19.4
FALSE,2,7274-CGTOD,0019563f-5aa9-f111-b374-3833c5fb3aa8,1,1,FALSE,FALSE,0,43.7,0,0,1,TRUE,2,FALSE,2718,FALSE,0,0,1,62,2618.3
TRUE,0,1732-VHUBQ,6c19563f-5aa9-f111-b374-3833c5fb3aa8,0,0,TRUE,TRUE,1,70.55,0,1,0,FALSE,2,TRUE,2890,TRUE,0,0,0,47,3309.25
FALSE,0,4060-LDNLU,bd1a563f-5aa9-f111-b374-3833c5fb3aa8,2,1,FALSE,FALSE,1,96.2,4,2,2,FALSE,0,TRUE,227,FALSE,3,3,3,7,639.7
TRUE,0,3235-ETOOB,f81a563f-5aa9-f111-b374-3833c5fb3aa8,2,1,FALSE,TRUE,1,74.5,2,2,3,TRUE,0,TRUE,286,FALSE,2,2,3,8,609.9
TRUE,0,5685-IIXLY,ce1d563f-5aa9-f111-b374-3833c5fb3aa8,2,0,TRUE,TRUE,1,83.6,2,3,2,TRUE,0,TRUE,1012,FALSE,3,2,3,5,404.2
FALSE,1,7153-CHRBV,3e1e563f-5aa9-f111-b374-3833c5fb3aa8,3,0,TRUE,TRUE,0,59.3,2,2,3,TRUE,1,TRUE,1124,FALSE,2,2,2,57,3274.35
FALSE,2,6258-PVZWJ,fe1f563f-5aa9-f111-b374-3833c5fb3aa8,3,1,FALSE,TRUE,0,90.8,4,3,3,TRUE,3,TRUE,1572,FALSE,3,3,2,68,6302.85
FALSE,2,4670-TABXH,7020563f-5aa9-f111-b374-3833c5fb3aa8,3,1,FALSE,TRUE,1,109.75,4,3,2,TRUE,3,TRUE,1686,FALSE,3,3,2,72,7758.9
TRUE,0,9451-LPGOO,dd10fb45-5aa9-f111-b374-3833c5fb3aa8,2,1,FALSE,FALSE,1,86.8,4,2,2,TRUE,0,TRUE,1831,FALSE,3,2,3,7,620.35
TRUE,0,1273-MTETI,fc10fb45-5aa9-f111-b374-3833c5fb3aa8,3,0,FALSE,FALSE,1,88.85,4,2,2,TRUE,0,TRUE,1862,TRUE,3,2,3,4,372.45
FALSE,1,6967-PEJLL,7711fb45-5aa9-f111-b374-3833c5fb3aa8,3,1,TRUE,TRUE,0,40.2,3,2,3,TRUE,0,FALSE,1985,FALSE,2,2,2,37,1525.35
FALSE,2,0513-RBGPE,3b8e5e39-5aa9-f111-b374-3833c5fb3aa8,1,1,TRUE,TRUE,0,62.8,1,1,1,TRUE,3,TRUE,350,FALSE,0,0,1,37,2278.75
FALSE,0,3197-ARFOY,818f5e39-5aa9-f111-b374-3833c5fb3aa8,0,0,FALSE,FALSE,1,105,0,0,1,TRUE,1,TRUE,267,TRUE,1,1,1,19,2007.25
FALSE,0,2985-JUUBZ,a08f5e39-5aa9-f111-b374-3833c5fb3aa8,1,1,TRUE,TRUE,0,74.55,1,1,0,TRUE,0,TRUE,298,FALSE,1,1,0,40,3015.75
FALSE,2,0526-SXDJP,e08f5e39-5aa9-f111-b374-3833c5fb3aa8,1,1,FALSE,TRUE,0,42.1,0,0,1,FALSE,2,FALSE,62,FALSE,0,0,0,72,2962
TRUE,0,0719-SYFRB,c9905e39-5aa9-f111-b374-3833c5fb3aa8,1,0,FALSE,FALSE,0,61.65,1,1,1,TRUE,1,TRUE,595,FALSE,0,0,1,12,713.75
FALSE,1,4908-XAXAY,f9905e39-5aa9-f111-b374-3833c5fb3aa8,1,0,FALSE,FALSE,1,89.85,0,0,0,TRUE,2,TRUE,643,TRUE,1,0,0,49,4287.2
FALSE,0,5575-TPIZQ,41915e39-5aa9-f111-b374-3833c5fb3aa8,0,1,FALSE,FALSE,1,89.15,1,1,1,TRUE,3,TRUE,715,FALSE,0,1,0,46,4245.55
FALSE,2,9871-ELEYA,8f915e39-5aa9-f111-b374-3833c5fb3aa8,1,0,TRUE,FALSE,0,67.65,0,1,1,FALSE,3,TRUE,793,FALSE,0,1,1,34,2339.3
FALSE,1,8184-WMOFI,c4925e39-5aa9-f111-b374-3833c5fb3aa8,1,1,TRUE,TRUE,0,71.4,0,1,1,FALSE,3,TRUE,836,FALSE,1,0,1,62,4487.3
FALSE,1,8777-PVYGU,a5935e39-5aa9-f111-b374-3833c5fb3aa8,1,0,FALSE,TRUE,0,64.3,0,1,1,TRUE,1,TRUE,1153,FALSE,0,1,0,52,3410.6
FALSE,0,2178-PMGCJ,83975e39-5aa9-f111-b374-3833c5fb3aa8,0,1,FALSE,FALSE,1,69.7,0,1,0,TRUE,1,TRUE,1801,FALSE,0,0,0,22,1490.4
FALSE,2,3638-VBZTA,e1975e39-5aa9-f111-b374-3833c5fb3aa8,0,1,TRUE,FALSE,0,86.5,1,0,1,TRUE,2,TRUE,1895,FALSE,1,1,1,68,5882.75
TRUE,0,4795-KTRTH,0916563f-5aa9-f111-b374-3833c5fb3aa8,0,0,FALSE,TRUE,1,81,1,0,0,TRUE,0,TRUE,2023,TRUE,0,0,0,5,371.65
FALSE,2,5968-HYJRZ,ba17563f-5aa9-f111-b374-3833c5fb3aa8,0,1,TRUE,TRUE,2,24.55,1,0,0,FALSE,1,TRUE,2456,FALSE,0,0,0,47,1160.45
TRUE,0,2609-IAICY,c217563f-5aa9-f111-b374-3833c5fb3aa8,0,0,FALSE,FALSE,1,77.15,1,1,0,TRUE,0,TRUE,2464,FALSE,0,0,0,1,77.15
TRUE,0,8429-XIBUM,a518563f-5aa9-f111-b374-3833c5fb3aa8,0,1,FALSE,FALSE,1,101.35,1,1,1,TRUE,2,TRUE,2673,FALSE,1,1,0,22,2317.1
FALSE,2,9674-EHPPG,b518563f-5aa9-f111-b374-3833c5fb3aa8,1,1,FALSE,TRUE,0,40.4,0,1,1,FALSE,3,FALSE,2681,FALSE,0,0,1,46,1842.7
FALSE,2,7663-CUXZB,b919563f-5aa9-f111-b374-3833c5fb3aa8,1,1,FALSE,TRUE,1,113.75,1,0,1,FALSE,0,TRUE,2967,FALSE,1,1,1,59,6561.25
FALSE,1,7813-TKCVO,891a563f-5aa9-f111-b374-3833c5fb3aa8,4,0,FALSE,TRUE,2,20.35,2,4,4,FALSE,1,TRUE,175,FALSE,4,4,4,20,393.15
FALSE,2,9227-YBAXE,491b563f-5aa9-f111-b374-3833c5fb3aa8,2,0,TRUE,TRUE,0,82.5,4,3,3,TRUE,2,TRUE,367,FALSE,3,3,2,65,5215.1
TRUE,0,4369-HTUIF,881c563f-5aa9-f111-b374-3833c5fb3aa8,2,1,FALSE,FALSE,1,85.15,2,2,3,TRUE,2,TRUE,686,TRUE,2,3,3,6,503.6
FALSE,1,3736-BLEPA,091f563f-5aa9-f111-b374-3833c5fb3aa8,2,1,FALSE,FALSE,1,91.25,2,3,2,TRUE,2,TRUE,1327,FALSE,2,3,2,28,2483.65
FALSE,0,8221-EQDGL,721f563f-5aa9-f111-b374-3833c5fb3aa8,3,1,FALSE,TRUE,0,61,2,3,3,FALSE,1,TRUE,1432,FALSE,2,2,3,35,2130.45
FALSE,0,7520-HQWJU,1b8e5e39-5aa9-f111-b374-3833c5fb3aa8,1,0,TRUE,TRUE,0,67.45,1,0,1,TRUE,2,TRUE,342,FALSE,0,0,0,66,4508.65
FALSE,1,2749-CTKAJ,518e5e39-5aa9-f111-b374-3833c5fb3aa8,0,1,TRUE,TRUE,2,20.15,0,0,0,FALSE,1,TRUE,157,FALSE,0,0,0,22,419.9
FALSE,2,8606-CIQUL,84905e39-5aa9-f111-b374-3833c5fb3aa8,1,1,TRUE,TRUE,1,115.75,1,0,1,TRUE,3,TRUE,526,TRUE,1,1,1,72,8399.15
FALSE,2,0114-IGABW,42915e39-5aa9-f111-b374-3833c5fb3aa8,1,0,FALSE,TRUE,0,58.25,0,0,0,FALSE,2,FALSE,716,FALSE,1,1,1,71,4145.9
FALSE,1,0036-IHMOT,a7915e39-5aa9-f111-b374-3833c5fb3aa8,1,0,TRUE,TRUE,1,103.7,0,0,0,TRUE,2,TRUE,817,FALSE,1,1,1,55,5656.75
FALSE,0,0347-UBKUZ,7f925e39-5aa9-f111-b374-3833c5fb3aa8,0,0,FALSE,FALSE,2,19.9,0,0,0,FALSE,1,TRUE,939,FALSE,0,0,0,15,320.45
FALSE,1,3354-OADJP,56935e39-5aa9-f111-b374-3833c5fb3aa8,0,0,FALSE,FALSE,0,54.25,0,1,1,FALSE,2,TRUE,1044,FALSE,0,0,1,8,447.75
FALSE,1,9036-CSKBW,a8935e39-5aa9-f111-b374-3833c5fb3aa8,1,0,FALSE,FALSE,1,107.45,1,0,1,FALSE,2,FALSE,1090,FALSE,1,1,0,51,5680.9
FALSE,0,4881-GQJTW,76965e39-5aa9-f111-b374-3833c5fb3aa8,0,1,FALSE,FALSE,2,19.6,0,0,0,FALSE,3,TRUE,1532,FALSE,0,0,0,14,300.4
FALSE,2,4335-UPJSI,8c16563f-5aa9-f111-b374-3833c5fb3aa8,0,0,TRUE,FALSE,2,19.75,0,0,0,FALSE,1,TRUE,2154,FALSE,0,0,0,24,498.1
FALSE,0,8495-LJDFO,ca16563f-5aa9-f111-b374-3833c5fb3aa8,1,0,FALSE,FALSE,1,108.95,1,1,1,TRUE,2,TRUE,2216,TRUE,1,1,1,64,7111.3
FALSE,2,3976-HXHCE,cd18563f-5aa9-f111-b374-3833c5fb3aa8,0,1,FALSE,FALSE,2,19.3,0,0,0,FALSE,2,TRUE,2693,FALSE,0,0,0,72,1414.8
TRUE,0,5577-OTWWW,e318563f-5aa9-f111-b374-3833c5fb3aa8,0,0,FALSE,FALSE,2,19.75,0,0,0,FALSE,2,TRUE,2769,FALSE,0,0,0,15,297.3
TRUE,1,2634-HCZGT,ef18563f-5aa9-f111-b374-3833c5fb3aa8,0,1,FALSE,FALSE,0,60.05,1,1,1,TRUE,0,TRUE,2775,TRUE,0,0,1,53,3229.65
TRUE,0,5696-QURRL,6919563f-5aa9-f111-b374-3833c5fb3aa8,0,1,FALSE,FALSE,0,45.05,0,1,0,TRUE,1,TRUE,2887,FALSE,0,0,0,1,45.05
FALSE,0,7811-JIVPF,461a563f-5aa9-f111-b374-3833c5fb3aa8,3,0,FALSE,FALSE,0,49.7,2,2,2,FALSE,3,TRUE,108,FALSE,2,2,3,23,1081.25
FALSE,1,6050-IJRHS,a21a563f-5aa9-f111-b374-3833c5fb3aa8,3,0,TRUE,TRUE,1,106.5,4,3,2,TRUE,0,TRUE,200,FALSE,3,3,3,70,7397
TRUE,0,8780-IXSTS,ea1a563f-5aa9-f111-b374-3833c5fb3aa8,2,0,FALSE,FALSE,1,90.1,4,3,2,TRUE,0,TRUE,272,FALSE,2,3,3,6,521.3
FALSE,0,3370-GQEAL,2d1b563f-5aa9-f111-b374-3833c5fb3aa8,2,1,TRUE,TRUE,1,85.45,4,2,2,FALSE,0,TRUE,339,FALSE,2,3,3,30,2509.95
FALSE,1,5995-WWKKG,891b563f-5aa9-f111-b374-3833c5fb3aa8,4,0,FALSE,FALSE,2,19.8,2,4,4,TRUE,0,TRUE,431,FALSE,4,4,4,37,695.05
TRUE,0,7248-VZQLC,6a1d563f-5aa9-f111-b374-3833c5fb3aa8,3,0,FALSE,FALSE,1,85.2,4,3,2,TRUE,2,TRUE,912,TRUE,2,2,3,47,3969.35
TRUE,0,7568-PODML,021e563f-5aa9-f111-b374-3833c5fb3aa8,2,1,FALSE,FALSE,0,45.3,3,2,2,TRUE,1,FALSE,1064,FALSE,3,3,3,1,45.3
FALSE,0,7823-JSOAG,bb1e563f-5aa9-f111-b374-3833c5fb3aa8,2,1,FALSE,FALSE,1,74.5,4,2,2,FALSE,0,TRUE,1249,FALSE,2,2,3,3,217.45
FALSE,2,2400-FEQME,cf1f563f-5aa9-f111-b374-3833c5fb3aa8,4,1,TRUE,TRUE,2,20.5,2,4,4,FALSE,1,TRUE,1525,FALSE,4,4,4,55,1177.95
FALSE,0,2108-GLPQB,3920563f-5aa9-f111-b374-3833c5fb3aa8,3,1,FALSE,TRUE,0,55.55,4,2,2,FALSE,3,TRUE,1631,FALSE,2,2,3,25,1405.3
FALSE,0,2235-DWLJU,c410fb45-5aa9-f111-b374-3833c5fb3aa8,2,0,FALSE,FALSE,0,44.4,3,2,2,TRUE,0,FALSE,2029,TRUE,3,3,3,6,263.05
TRUE,0,4895-TMWIR,c78e5e39-5aa9-f111-b374-3833c5fb3aa8,0,1,FALSE,TRUE,2,19.95,0,0,0,FALSE,1,TRUE,385,TRUE,0,0,0,11,214.75
TRUE,0,0880-TKATG,44905e39-5aa9-f111-b374-3833c5fb3aa8,1,1,TRUE,TRUE,1,101.15,1,1,0,FALSE,0,TRUE,462,FALSE,1,1,0,4,385.9
FALSE,0,5433-KYGHE,3f915e39-5aa9-f111-b374-3833c5fb3aa8,0,0,TRUE,FALSE,1,86,1,1,1,TRUE,1,TRUE,713,FALSE,0,0,1,14,1164.05
FALSE,0,9391-TTOYH,fe925e39-5aa9-f111-b374-3833c5fb3aa8,0,0,FALSE,FALSE,2,19.5,0,0,0,TRUE,1,TRUE,1019,FALSE,0,0,0,23,470.2
FALSE,1,4999-IEZLT,df965e39-5aa9-f111-b374-3833c5fb3aa8,0,1,FALSE,FALSE,0,29.45,0,1,0,FALSE,3,FALSE,1637,FALSE,0,0,1,66,1983.15
FALSE,0,1958-RNRKS,38975e39-5aa9-f111-b374-3833c5fb3aa8,0,1,FALSE,TRUE,0,49.9,1,1,0,FALSE,0,TRUE,1726,FALSE,0,0,0,30,1441.95
FALSE,2,5197-YPYBZ,c716563f-5aa9-f111-b374-3833c5fb3aa8,0,0,TRUE,TRUE,2,25.25,1,0,0,FALSE,3,TRUE,2213,FALSE,0,0,0,12,274.7
FALSE,2,8838-GPHZP,041c563f-5aa9-f111-b374-3833c5fb3aa8,4,0,FALSE,FALSE,2,20.6,2,4,4,TRUE,1,TRUE,554,FALSE,4,4,4,63,1298.7
FALSE,0,6542-LWGXJ,511c563f-5aa9-f111-b374-3833c5fb3aa8,2,1,FALSE,TRUE,0,25,3,2,2,FALSE,1,FALSE,631,FALSE,2,2,3,3,78.25
FALSE,1,0254-WWRKD,7c1f563f-5aa9-f111-b374-3833c5fb3aa8,2,0,TRUE,TRUE,0,50.55,2,3,2,FALSE,3,TRUE,1442,FALSE,2,2,3,67,3431.75
TRUE,0,1389-CXMLU,6b20563f-5aa9-f111-b374-3833c5fb3aa8,3,1,FALSE,FALSE,1,91.05,4,2,2,FALSE,0,TRUE,1681,TRUE,2,3,3,3,289.1
TRUE,0,8182-PNAGI,a020563f-5aa9-f111-b374-3833c5fb3aa8,2,1,FALSE,FALSE,0,50.25,2,2,2,FALSE,2,TRUE,1734,FALSE,2,2,2,12,593.75
FALSE,1,2144-ESWKO,b020563f-5aa9-f111-b374-3833c5fb3aa8,3,1,FALSE,FALSE,0,35.2,3,2,3,TRUE,3,FALSE,1750,FALSE,2,2,3,43,1463.7
FALSE,0,9546-KDTRB,d220563f-5aa9-f111-b374-3833c5fb3aa8,4,0,FALSE,FALSE,2,24.7,4,4,4,FALSE,2,TRUE,1784,FALSE,4,4,4,19,465.85
FALSE,2,9574-BOSMD,f6905e39-5aa9-f111-b374-3833c5fb3aa8,0,1,TRUE,TRUE,2,25.4,1,0,0,FALSE,2,TRUE,640,FALSE,0,0,0,68,1620.2
FALSE,0,1697-BCSHV,dc955e39-5aa9-f111-b374-3833c5fb3aa8,0,0,TRUE,TRUE,0,66.8,1,0,0,TRUE,2,TRUE,1378,FALSE,0,1,0,58,3970.4
FALSE,1,5504-WSIUR,bd15563f-5aa9-f111-b374-3833c5fb3aa8,1,0,FALSE,FALSE,1,90.25,1,0,0,TRUE,2,TRUE,1947,FALSE,0,0,1,70,6385.95
FALSE,0,0564-MUUQK,c215563f-5aa9-f111-b374-3833c5fb3aa8,1,0,TRUE,TRUE,1,95.5,1,1,0,TRUE,2,TRUE,1952,FALSE,1,0,1,20,1916.2
TRUE,0,4094-NSEDU,4517563f-5aa9-f111-b374-3833c5fb3aa8,0,0,FALSE,FALSE,1,94.25,1,1,0,TRUE,0,TRUE,2339,TRUE,1,1,0,21,1973.75
TRUE,0,3269-ATYWD,3018563f-5aa9-f111-b374-3833c5fb3aa8,0,1,FALSE,FALSE,1,95.65,1,1,0,TRUE,2,TRUE,2574,TRUE,1,1,0,39,3759.05
FALSE,1,5387-ASZNZ,3519563f-5aa9-f111-b374-3833c5fb3aa8,0,0,FALSE,FALSE,0,63.85,1,0,1,TRUE,3,TRUE,2835,TRUE,0,0,1,66,4174.35
TRUE,0,3247-ZVOUO,f519563f-5aa9-f111-b374-3833c5fb3aa8,2,1,FALSE,TRUE,1,85.55,4,2,2,FALSE,0,TRUE,27,TRUE,3,2,3,10,851.75
FALSE,0,4188-FRABG,581a563f-5aa9-f111-b374-3833c5fb3aa8,3,1,FALSE,TRUE,1,103.05,4,3,3,TRUE,0,TRUE,126,FALSE,2,3,2,57,5925.75
FALSE,0,6907-FLBER,971a563f-5aa9-f111-b374-3833c5fb3aa8,2,1,FALSE,FALSE,0,54.3,4,3,2,FALSE,0,TRUE,189,FALSE,2,2,3,1,54.3
TRUE,0,6029-WTIPC,db1a563f-5aa9-f111-b374-3833c5fb3aa8,3,1,FALSE,FALSE,1,101.1,4,2,2,TRUE,0,TRUE,257,TRUE,3,3,3,37,3744.05
FALSE,0,0027-KWYKW,2c1c563f-5aa9-f111-b374-3833c5fb3aa8,2,0,TRUE,TRUE,1,83.75,4,2,2,TRUE,0,TRUE,594,FALSE,2,3,3,23,1849.95
TRUE,0,6108-OQZDQ,a41c563f-5aa9-f111-b374-3833c5fb3aa8,2,0,TRUE,TRUE,1,97.95,4,3,2,TRUE,0,TRUE,714,FALSE,3,3,3,4,384.5
FALSE,2,0562-HKHML,5b1d563f-5aa9-f111-b374-3833c5fb3aa8,4,1,TRUE,TRUE,2,23.9,4,4,4,FALSE,3,TRUE,897,FALSE,4,4,4,71,1626.4
TRUE,0,3797-VTIDR,0c1e563f-5aa9-f111-b374-3833c5fb3aa8,2,1,FALSE,TRUE,0,23.45,3,2,2,TRUE,0,FALSE,1074,FALSE,2,2,3,1,23.45
TRUE,0,2079-FBMZK,6e1f563f-5aa9-f111-b374-3833c5fb3aa8,2,0,FALSE,FALSE,1,69.25,2,2,2,TRUE,1,TRUE,1428,FALSE,2,2,3,6,418.4
FALSE,0,6258-NGCNG,6420563f-5aa9-f111-b374-3833c5fb3aa8,4,1,FALSE,FALSE,2,23.5,4,4,4,FALSE,1,TRUE,1674,FALSE,4,4,4,7,173
FALSE,1,8469-SNFFH,af20563f-5aa9-f111-b374-3833c5fb3aa8,3,1,FALSE,TRUE,0,79.4,4,3,3,FALSE,2,TRUE,1749,FALSE,2,3,2,70,5528.9
FALSE,0,4801-JZAZL,cf10fb45-5aa9-f111-b374-3833c5fb3aa8,2,0,TRUE,TRUE,0,29.6,3,2,3,TRUE,0,FALSE,2040,FALSE,2,2,3,11,346.45
FALSE,0,6127-IYJOZ,eb10fb45-5aa9-f111-b374-3833c5fb3aa8,2,1,FALSE,FALSE,0,45.85,2,2,2,TRUE,1,TRUE,1845,TRUE,2,2,3,1,45.85
FALSE,1,3648-GZPHF,5311fb45-5aa9-f111-b374-3833c5fb3aa8,3,1,TRUE,TRUE,0,36.25,3,2,2,TRUE,1,FALSE,1949,FALSE,2,2,2,32,1151.05
FALSE,0,2240-HSJQD,a68f5e39-5aa9-f111-b374-3833c5fb3aa8,0,1,TRUE,FALSE,1,81.85,1,0,0,TRUE,1,TRUE,304,FALSE,0,0,0,38,3141.7
FALSE,0,6705-LXORM,7b905e39-5aa9-f111-b374-3833c5fb3aa8,0,0,FALSE,TRUE,1,70.05,0,1,0,FALSE,0,TRUE,517,TRUE,0,0,0,5,302.6
FALSE,0,2393-DIVAI,be905e39-5aa9-f111-b374-3833c5fb3aa8,0,0,FALSE,FALSE,2,20,0,0,0,TRUE,1,TRUE,584,FALSE,0,0,0,3,61.7
FALSE,0,7126-RBHSD,f3935e39-5aa9-f111-b374-3833c5fb3aa8,0,0,FALSE,TRUE,1,78.9,1,1,1,FALSE,0,TRUE,1199,FALSE,0,0,0,17,1348.95
FALSE,1,8268-YDIXR,fd935e39-5aa9-f111-b374-3833c5fb3aa8,1,1,FALSE,TRUE,1,93.15,1,0,1,TRUE,0,TRUE,1209,FALSE,0,0,0,56,5253.95
FALSE,1,3658-QQJYD,54975e39-5aa9-f111-b374-3833c5fb3aa8,0,1,FALSE,FALSE,0,74.3,0,0,1,TRUE,3,TRUE,1754,FALSE,1,1,0,62,4698.05
FALSE,0,6519-CFDBX,5d975e39-5aa9-f111-b374-3833c5fb3aa8,0,0,FALSE,FALSE,0,45.4,0,1,0,TRUE,0,TRUE,1763,FALSE,0,0,0,2,80.95
TRUE,0,1349-WXNGG,a7975e39-5aa9-f111-b374-3833c5fb3aa8,0,1,FALSE,FALSE,2,20.05,0,0,0,FALSE,2,TRUE,1837,FALSE,0,0,0,1,20.05
FALSE,0,3995-WFCSM,9d16563f-5aa9-f111-b374-3833c5fb3aa8,1,0,FALSE,FALSE,0,60.85,0,1,0,FALSE,0,TRUE,2171,FALSE,1,0,0,2,111.4
FALSE,0,1552-AAGRX,4817563f-5aa9-f111-b374-3833c5fb3aa8,0,0,FALSE,FALSE,1,106.4,1,1,1,FALSE,2,TRUE,2342,FALSE,1,1,1,30,3211.9
FALSE,0,3413-DHLPB,6e17563f-5aa9-f111-b374-3833c5fb3aa8,0,1,TRUE,TRUE,1,103.75,1,0,0,TRUE,2,TRUE,2380,FALSE,1,1,1,60,5969.95
FALSE,2,6176-YJWAS,9f19563f-5aa9-f111-b374-3833c5fb3aa8,1,1,FALSE,TRUE,1,97.95,1,0,1,TRUE,3,TRUE,2941,FALSE,0,1,0,72,7114.25
FALSE,1,1360-JYXKQ,0a1a563f-5aa9-f111-b374-3833c5fb3aa8,3,0,FALSE,TRUE,1,99.1,2,2,2,TRUE,0,TRUE,48,TRUE,3,3,2,54,5437.1
FALSE,2,7673-BQGKU,eb1a563f-5aa9-f111-b374-3833c5fb3aa8,4,0,TRUE,TRUE,2,20.15,2,4,4,FALSE,2,TRUE,273,FALSE,4,4,4,69,1337.5
FALSE,2,0847-HGRML,471b563f-5aa9-f111-b374-3833c5fb3aa8,4,1,TRUE,FALSE,2,20,2,4,4,FALSE,2,TRUE,365,FALSE,4,4,4,62,1250.1
FALSE,2,4043-MKDTV,4f1b563f-5aa9-f111-b374-3833c5fb3aa8,3,1,FALSE,TRUE,1,105.25,2,3,2,TRUE,0,TRUE,373,FALSE,3,3,2,71,7291.75
FALSE,1,8910-ICHIU,6e1b563f-5aa9-f111-b374-3833c5fb3aa8,3,0,FALSE,FALSE,1,95.65,2,3,3,TRUE,3,TRUE,404,FALSE,2,3,3,46,4664.2
TRUE,0,8473-VUVJN,bb1b563f-5aa9-f111-b374-3833c5fb3aa8,2,1,FALSE,FALSE,1,73.65,4,2,2,TRUE,0,TRUE,481,TRUE,2,2,3,1,73.65
FALSE,0,0147-ESWWR,761c563f-5aa9-f111-b374-3833c5fb3aa8,2,0,FALSE,TRUE,1,101.25,4,2,2,TRUE,0,TRUE,668,TRUE,3,3,2,39,3949.15
FALSE,1,1722-LDZJS,e61c563f-5aa9-f111-b374-3833c5fb3aa8,4,1,TRUE,TRUE,2,20.2,2,4,4,FALSE,3,TRUE,780,FALSE,4,4,4,53,1068.15
FALSE,0,9112-WSNPU,101d563f-5aa9-f111-b374-3833c5fb3aa8,2,0,FALSE,FALSE,1,70.55,2,2,2,FALSE,0,TRUE,822,TRUE,2,2,3,35,2419
TRUE,0,0871-URUWO,3f1e563f-5aa9-f111-b374-3833c5fb3aa8,3,1,FALSE,TRUE,1,102.25,4,2,2,TRUE,3,TRUE,1125,FALSE,3,3,3,13,1359
FALSE,0,5066-GFJMM,c41e563f-5aa9-f111-b374-3833c5fb3aa8,4,0,FALSE,TRUE,2,19.9,2,4,4,TRUE,1,TRUE,1258,FALSE,4,4,4,3,45.75
FALSE,0,0419-YAAPX,8f1f563f-5aa9-f111-b374-3833c5fb3aa8,2,1,FALSE,TRUE,1,85.3,2,3,2,TRUE,3,TRUE,1461,FALSE,2,3,3,49,4297.95
FALSE,2,6813-GZQCG,0c20563f-5aa9-f111-b374-3833c5fb3aa8,4,0,TRUE,TRUE,2,24.65,4,4,4,TRUE,3,TRUE,1586,FALSE,4,4,4,45,1171.3
FALSE,2,0164-XAIRP,9d20563f-5aa9-f111-b374-3833c5fb3aa8,4,0,FALSE,FALSE,2,19.55,2,4,4,TRUE,2,TRUE,1731,FALSE,4,4,4,24,470.2
FALSE,2,7255-SSFBC,f18e5e39-5aa9-f111-b374-3833c5fb3aa8,1,1,TRUE,TRUE,1,112.25,1,0,0,TRUE,2,TRUE,198,FALSE,1,1,1,72,8041.65
TRUE,0,9191-MYQKX,f48f5e39-5aa9-f111-b374-3833c5fb3aa8,1,0,FALSE,TRUE,1,75.15,0,1,0,TRUE,2,TRUE,82,FALSE,0,0,0,7,496.9
FALSE,1,1710-RCXUS,cc905e39-5aa9-f111-b374-3833c5fb3aa8,0,1,FALSE,TRUE,1,90.35,1,0,0,TRUE,3,TRUE,598,FALSE,1,0,0,51,4614.55
FALSE,2,2521-NPUZR,57915e39-5aa9-f111-b374-3833c5fb3aa8,1,1,FALSE,TRUE,1,101,0,0,1,FALSE,3,TRUE,737,FALSE,1,0,1,70,7085.5
FALSE,0,0139-IVFJG,68915e39-5aa9-f111-b374-3833c5fb3aa8,0,0,FALSE,TRUE,1,90.35,0,0,1,FALSE,0,TRUE,754,FALSE,0,1,0,2,190.5
FALSE,2,2252-NKNSI,e2925e39-5aa9-f111-b374-3833c5fb3aa8,0,1,TRUE,FALSE,0,85.15,1,0,1,TRUE,1,TRUE,851,FALSE,1,1,1,52,4461.85
FALSE,1,2293-IJWPS,bb955e39-5aa9-f111-b374-3833c5fb3aa8,1,0,FALSE,TRUE,1,100.75,1,1,0,TRUE,3,TRUE,1345,FALSE,1,1,0,57,5985
FALSE,1,0409-WTMPL,5f975e39-5aa9-f111-b374-3833c5fb3aa8,1,0,FALSE,TRUE,1,110.65,1,0,1,TRUE,3,TRUE,1765,FALSE,1,1,0,58,6526.65
FALSE,0,8069-YQQAJ,db975e39-5aa9-f111-b374-3833c5fb3aa8,0,1,FALSE,FALSE,0,31.1,0,0,0,TRUE,1,FALSE,1889,FALSE,0,0,0,14,419.7
FALSE,0,4623-ZKHLY,a215563f-5aa9-f111-b374-3833c5fb3aa8,0,1,FALSE,TRUE,2,20.45,0,0,0,TRUE,2,TRUE,1920,FALSE,0,0,0,22,471.55
FALSE,2,8532-UEFWH,b916563f-5aa9-f111-b374-3833c5fb3aa8,0,1,TRUE,TRUE,2,25.75,1,0,0,FALSE,1,TRUE,2199,FALSE,0,0,0,52,1345.85
FALSE,0,1247-QBVSH,7417563f-5aa9-f111-b374-3833c5fb3aa8,0,0,TRUE,TRUE,0,50.2,0,0,0,FALSE,1,TRUE,2386,FALSE,0,0,0,43,2169.4
TRUE,0,3707-GNWHM,f017563f-5aa9-f111-b374-3833c5fb3aa8,0,1,FALSE,FALSE,1,74.25,1,1,0,TRUE,1,TRUE,2510,FALSE,0,0,0,1,74.25
FALSE,0,0188-GWFLE,1718563f-5aa9-f111-b374-3833c5fb3aa8,0,1,FALSE,FALSE,2,20.05,0,0,0,FALSE,1,TRUE,2549,FALSE,0,0,0,2,33.7
FALSE,1,1697-LYYYX,de18563f-5aa9-f111-b374-3833c5fb3aa8,0,0,TRUE,TRUE,2,19.1,0,0,0,FALSE,3,TRUE,2701,FALSE,0,0,0,61,1143.8
FALSE,2,1936-CZAKF,8919563f-5aa9-f111-b374-3833c5fb3aa8,0,1,FALSE,TRUE,0,49.65,0,0,0,FALSE,3,FALSE,2919,FALSE,1,1,0,49,2409.9
FALSE,1,8075-GXIUB,e51a563f-5aa9-f111-b374-3833c5fb3aa8,4,1,FALSE,TRUE,2,19.85,2,4,4,FALSE,3,TRUE,267,TRUE,4,4,4,9,183.15
FALSE,2,4254-QPEDE,311b563f-5aa9-f111-b374-3833c5fb3aa8,3,0,FALSE,TRUE,0,66.25,3,3,3,FALSE,3,FALSE,343,FALSE,3,3,2,52,3330.1
TRUE,0,8837-VVWLQ,c81b563f-5aa9-f111-b374-3833c5fb3aa8,2,0,FALSE,FALSE,1,84.95,2,2,3,FALSE,0,TRUE,494,FALSE,2,3,3,8,668.4
TRUE,0,3500-RMZLT,f21c563f-5aa9-f111-b374-3833c5fb3aa8,3,0,FALSE,FALSE,1,96.3,2,2,3,TRUE,1,TRUE,792,TRUE,3,2,2,15,1426.75
FALSE,0,3842-QTGDL,9c1d563f-5aa9-f111-b374-3833c5fb3aa8,2,1,FALSE,TRUE,1,80.75,2,3,3,FALSE,2,TRUE,962,FALSE,2,2,3,16,1321.3
FALSE,2,1099-GODLO,b51d563f-5aa9-f111-b374-3833c5fb3aa8,4,0,TRUE,TRUE,2,20.35,2,4,4,FALSE,1,TRUE,987,FALSE,4,4,4,1,20.35
FALSE,0,3154-CFSZG,691e563f-5aa9-f111-b374-3833c5fb3aa8,3,1,TRUE,TRUE,1,90.05,2,2,3,FALSE,0,TRUE,1167,FALSE,3,2,3,47,4137.2
FALSE,1,8224-UAXBZ,611f563f-5aa9-f111-b374-3833c5fb3aa8,2,0,FALSE,TRUE,0,45.35,3,3,3,TRUE,0,FALSE,1415,FALSE,2,3,3,58,2540.1
TRUE,0,1000-AJSLD,2320563f-5aa9-f111-b374-3833c5fb3aa8,4,1,FALSE,FALSE,2,20.1,2,4,4,TRUE,1,TRUE,1609,FALSE,4,4,4,1,20.1
TRUE,0,8083-YTZES,6811fb45-5aa9-f111-b374-3833c5fb3aa8,2,1,FALSE,FALSE,1,74.35,4,2,2,TRUE,0,TRUE,1970,FALSE,2,2,3,4,265.35
FALSE,2,7164-BPTUT,8111fb45-5aa9-f111-b374-3833c5fb3aa8,3,1,TRUE,FALSE,0,89.55,4,3,3,FALSE,1,TRUE,1995,FALSE,3,3,2,57,5012.35
FALSE,1,5575-GNVDE,efd48990-25d1-4559-be1a-427902a443e8,1,1,FALSE,FALSE,0,56.95,0,1,1,FALSE,1,TRUE,1,FALSE,0,0,0,34,1889.5
FALSE,1,9639-BUJXT,1f8e5e39-5aa9-f111-b374-3833c5fb3aa8,0,1,FALSE,FALSE,2,20.5,0,0,0,FALSE,1,TRUE,343,FALSE,0,0,0,63,1328.15
TRUE,0,0533-BNWKF,cb8e5e39-5aa9-f111-b374-3833c5fb3aa8,1,0,FALSE,TRUE,1,85.45,1,0,0,TRUE,0,TRUE,386,TRUE,0,0,0,55,4874.7
FALSE,2,6348-SNFUS,118f5e39-5aa9-f111-b374-3833c5fb3aa8,1,1,TRUE,TRUE,0,55.45,0,0,1,TRUE,3,FALSE,206,FALSE,1,0,1,72,4179.2
TRUE,1,3104-OWCGK,b6925e39-5aa9-f111-b374-3833c5fb3aa8,1,1,TRUE,TRUE,1,90.95,0,0,0,FALSE,0,TRUE,828,FALSE,0,1,0,60,5453.4
FALSE,0,2123-AGEEN,14935e39-5aa9-f111-b374-3833c5fb3aa8,1,0,FALSE,FALSE,1,84.35,0,1,0,TRUE,0,TRUE,886,TRUE,0,1,0,7,609.65
FALSE,2,0971-QIFJK,c6935e39-5aa9-f111-b374-3833c5fb3aa8,0,0,FALSE,TRUE,2,24.25,1,0,0,FALSE,2,TRUE,1107,FALSE,0,0,0,69,1641.8
FALSE,0,3916-NRPAP,e9935e39-5aa9-f111-b374-3833c5fb3aa8,1,1,FALSE,FALSE,1,85.7,0,1,0,FALSE,3,TRUE,1189,FALSE,1,0,0,3,256.75
FALSE,2,6248-TKCQV,89955e39-5aa9-f111-b374-3833c5fb3aa8,0,0,TRUE,TRUE,0,80.6,1,1,1,TRUE,2,TRUE,1295,FALSE,1,1,1,70,5460.2
TRUE,0,3372-KWFBM,96955e39-5aa9-f111-b374-3833c5fb3aa8,0,1,FALSE,FALSE,1,86.6,1,1,0,TRUE,0,TRUE,1308,TRUE,0,1,0,16,1281
TRUE,0,9391-EOYLI,a5965e39-5aa9-f111-b374-3833c5fb3aa8,0,1,FALSE,TRUE,1,80.45,0,1,0,TRUE,0,TRUE,1579,TRUE,1,0,0,12,950.2
FALSE,2,9637-CDTKZ,cd975e39-5aa9-f111-b374-3833c5fb3aa8,1,1,FALSE,TRUE,1,114.1,1,0,1,FALSE,3,TRUE,1875,FALSE,1,1,1,72,8086.4
FALSE,2,2333-KWEWW,e217563f-5aa9-f111-b374-3833c5fb3aa8,0,1,FALSE,FALSE,2,20.05,0,0,0,FALSE,3,TRUE,2496,FALSE,0,0,0,18,388.6
FALSE,0,2740-TVLFN,4a19563f-5aa9-f111-b374-3833c5fb3aa8,0,1,FALSE,FALSE,0,50.15,1,1,0,TRUE,0,TRUE,2856,FALSE,0,0,0,1,50.15
FALSE,2,7740-BTPUX,9619563f-5aa9-f111-b374-3833c5fb3aa8,1,1,FALSE,TRUE,1,113.6,1,0,0,TRUE,0,TRUE,2932,TRUE,1,1,1,55,6292.7
FALSE,0,5906-BFOZT,c319563f-5aa9-f111-b374-3833c5fb3aa8,0,1,FALSE,FALSE,2,19.5,0,0,0,TRUE,1,TRUE,2977,FALSE,0,0,0,1,19.5
FALSE,0,4177-JPDFU,d219563f-5aa9-f111-b374-3833c5fb3aa8,0,1,FALSE,FALSE,0,34,0,0,0,FALSE,1,FALSE,2992,FALSE,0,0,1,12,442.45
FALSE,0,0277-BKSQP,331a563f-5aa9-f111-b374-3833c5fb3aa8,2,1,TRUE,TRUE,0,54.4,2,2,0,TRUE,0,TRUE,89,FALSE,2,3,3,8,475.1
FALSE,2,5549-ZGHFB,651a563f-5aa9-f111-b374-3833c5fb3aa8,4,1,TRUE,TRUE,2,24.95,4,4,4,FALSE,1,TRUE,139,FALSE,4,4,4,50,1261.45
FALSE,1,1334-PDUKM,fd1a563f-5aa9-f111-b374-3833c5fb3aa8,3,0,FALSE,TRUE,1,86.45,4,3,2,FALSE,3,TRUE,291,FALSE,2,2,3,68,5762.95
FALSE,2,6283-GITPX,321b563f-5aa9-f111-b374-3833c5fb3aa8,3,1,TRUE,FALSE,0,76.9,2,3,3,TRUE,3,TRUE,344,FALSE,2,3,2,71,5522.7
TRUE,0,5196-SGOAK,9c1c563f-5aa9-f111-b374-3833c5fb3aa8,2,0,FALSE,FALSE,1,75.7,2,3,2,TRUE,0,TRUE,706,FALSE,2,2,3,1,75.7
FALSE,0,4936-YPJNK,b51c563f-5aa9-f111-b374-3833c5fb3aa8,4,0,FALSE,FALSE,2,19.9,2,4,4,TRUE,1,TRUE,731,FALSE,4,4,4,10,199.45
TRUE,0,1965-AKTSX,641d563f-5aa9-f111-b374-3833c5fb3aa8,2,0,FALSE,FALSE,1,78.95,4,3,2,TRUE,0,TRUE,906,TRUE,2,2,3,14,1101.85
FALSE,1,6156-UZDLF,6b1d563f-5aa9-f111-b374-3833c5fb3aa8,3,0,FALSE,FALSE,1,87.15,2,2,3,TRUE,3,TRUE,913,FALSE,2,2,2,26,2274.1
FALSE,0,5222-IMUKT,581e563f-5aa9-f111-b374-3833c5fb3aa8,2,1,FALSE,FALSE,1,91.05,2,2,2,FALSE,0,TRUE,1150,FALSE,3,3,3,32,2871.5
FALSE,1,4759-PXTAN,b71e563f-5aa9-f111-b374-3833c5fb3aa8,2,0,FALSE,TRUE,0,80.1,4,3,2,TRUE,0,TRUE,1245,FALSE,3,3,2,59,4693.2
FALSE,1,3162-KKZXO,f91e563f-5aa9-f111-b374-3833c5fb3aa8,3,0,FALSE,FALSE,1,100.15,4,2,2,TRUE,0,TRUE,1311,TRUE,3,3,3,55,5409.75
FALSE,0,7605-SNLQG,6f20563f-5aa9-f111-b374-3833c5fb3aa8,3,0,FALSE,TRUE,0,50.25,2,2,2,TRUE,3,TRUE,1685,FALSE,2,2,3,45,2221.55
FALSE,2,7558-IMLMT,a220563f-5aa9-f111-b374-3833c5fb3aa8,4,1,TRUE,TRUE,2,20.8,2,4,4,TRUE,1,TRUE,1736,FALSE,4,4,4,67,1411.9
TRUE,1,1699-HPSBG,bc10fb45-5aa9-f111-b374-3833c5fb3aa8,2,1,FALSE,FALSE,0,59.8,2,2,2,TRUE,0,TRUE,2021,FALSE,2,3,2,12,727.8
FALSE,0,2215-ZAFGX,2e11fb45-5aa9-f111-b374-3833c5fb3aa8,2,1,FALSE,FALSE,1,85.5,4,2,2,TRUE,0,TRUE,1912,FALSE,2,3,3,9,791.7
FALSE,2,4622-YNKIJ,d28d5e39-5aa9-f111-b374-3833c5fb3aa8,0,1,FALSE,FALSE,1,88.95,0,1,1,TRUE,0,TRUE,125,FALSE,0,1,1,33,3027.65
TRUE,0,0979-PHULV,0a8f5e39-5aa9-f111-b374-3833c5fb3aa8,1,1,TRUE,TRUE,1,99.45,1,1,0,TRUE,3,TRUE,402,FALSE,1,1,0,69,7007.6
TRUE,0,0115-TFERT,a8915e39-5aa9-f111-b374-3833c5fb3aa8,1,1,FALSE,TRUE,1,111.2,1,0,0,TRUE,0,TRUE,818,FALSE,1,1,1,21,2317.1
FALSE,0,1051-GEJLJ,22935e39-5aa9-f111-b374-3833c5fb3aa8,0,0,FALSE,FALSE,2,19.5,0,0,0,FALSE,1,TRUE,900,FALSE,0,0,0,2,27.55
TRUE,0,0376-YMCJC,6b935e39-5aa9-f111-b374-3833c5fb3aa8,0,1,FALSE,FALSE,1,90.6,1,1,0,TRUE,0,TRUE,1059,FALSE,0,1,1,23,1943.2
FALSE,2,7005-CYUIL,76955e39-5aa9-f111-b374-3833c5fb3aa8,1,0,FALSE,TRUE,1,99.4,0,0,1,TRUE,0,TRUE,1276,TRUE,0,1,1,0,7168.25
FALSE,2,5980-BDHPY,e3965e39-5aa9-f111-b374-3833c5fb3aa8,1,1,FALSE,TRUE,0,87.1,1,0,1,TRUE,2,TRUE,1641,FALSE,1,1,1,72,6230.1
TRUE,0,8640-SDGKB,26975e39-5aa9-f111-b374-3833c5fb3aa8,1,1,FALSE,FALSE,0,74.4,0,1,0,TRUE,0,TRUE,1708,FALSE,1,1,1,4,299.7
FALSE,1,1265-HVPZB,ae975e39-5aa9-f111-b374-3833c5fb3aa8,1,1,FALSE,TRUE,0,66.4,0,0,1,FALSE,3,TRUE,1844,FALSE,0,1,0,59,3958.2
TRUE,0,8183-ONMXC,be15563f-5aa9-f111-b374-3833c5fb3aa8,0,0,FALSE,FALSE,1,80.75,0,1,0,FALSE,0,TRUE,1948,FALSE,1,0,0,2,159.45
TRUE,0,4277-PVRAN,0218563f-5aa9-f111-b374-3833c5fb3aa8,0,0,FALSE,FALSE,1,80.1,0,1,0,TRUE,2,TRUE,2528,FALSE,0,1,0,8,679.3
FALSE,2,8559-WNQZS,2e19563f-5aa9-f111-b374-3833c5fb3aa8,0,1,FALSE,FALSE,2,20.45,0,0,0,FALSE,1,TRUE,2828,FALSE,0,0,0,1,20.45
FALSE,2,8234-GSZYK,7319563f-5aa9-f111-b374-3833c5fb3aa8,0,1,FALSE,FALSE,2,26.45,1,0,0,FALSE,2,TRUE,2897,FALSE,0,0,0,43,1110.05
FALSE,2,6505-OZNPG,7419563f-5aa9-f111-b374-3833c5fb3aa8,1,0,FALSE,FALSE,0,63.4,0,0,1,TRUE,1,FALSE,2898,FALSE,1,1,1,6,348.8
FALSE,0,3797-FKOGQ,6c1a563f-5aa9-f111-b374-3833c5fb3aa8,2,1,TRUE,FALSE,1,86.2,4,2,2,FALSE,0,TRUE,146,FALSE,3,2,3,11,893.2
TRUE,0,6168-WFVVF,4a1b563f-5aa9-f111-b374-3833c5fb3aa8,2,0,FALSE,FALSE,1,70.3,2,2,2,TRUE,0,TRUE,368,TRUE,2,2,3,3,235.5
FALSE,2,2300-RQGOI,7f1b563f-5aa9-f111-b374-3833c5fb3aa8,4,0,FALSE,FALSE,2,20.05,2,4,4,FALSE,1,TRUE,421,FALSE,4,4,4,38,741.5
FALSE,1,4776-XSKYQ,d31b563f-5aa9-f111-b374-3833c5fb3aa8,2,0,TRUE,TRUE,0,30.25,3,2,2,FALSE,3,FALSE,505,FALSE,2,2,2,12,368.85
FALSE,0,7880-XSOJX,fc1b563f-5aa9-f111-b374-3833c5fb3aa8,2,1,FALSE,FALSE,0,42.4,3,3,3,FALSE,1,FALSE,546,FALSE,2,2,2,4,146.4
FALSE,0,6719-OXYBR,951c563f-5aa9-f111-b374-3833c5fb3aa8,3,1,FALSE,FALSE,1,85.3,2,2,2,FALSE,0,TRUE,699,FALSE,2,3,3,15,1219.85
TRUE,0,6927-WTFIV,2c1d563f-5aa9-f111-b374-3833c5fb3aa8,2,1,FALSE,FALSE,1,71.3,2,2,2,FALSE,3,TRUE,850,TRUE,2,2,3,20,1389.2
FALSE,2,2236-HILPA,761d563f-5aa9-f111-b374-3833c5fb3aa8,4,1,TRUE,TRUE,2,20.65,2,4,4,FALSE,3,TRUE,924,FALSE,4,4,4,62,1218.45
FALSE,0,5917-HBSDW,cd1d563f-5aa9-f111-b374-3833c5fb3aa8,4,0,TRUE,TRUE,2,19.35,2,4,4,FALSE,0,TRUE,1011,FALSE,4,4,4,37,683.75
FALSE,0,4770-QAZXN,dc1d563f-5aa9-f111-b374-3833c5fb3aa8,4,0,FALSE,FALSE,2,19.45,2,4,4,FALSE,3,TRUE,1026,FALSE,4,4,4,13,232.1
TRUE,0,5493-SDRDQ,2c1e563f-5aa9-f111-b374-3833c5fb3aa8,3,1,FALSE,FALSE,0,55.1,2,2,3,TRUE,1,TRUE,1106,FALSE,2,2,3,2,113.35
FALSE,0,9962-BFPDU,a81e563f-5aa9-f111-b374-3833c5fb3aa8,4,0,TRUE,TRUE,2,20.05,2,4,4,FALSE,1,TRUE,1230,FALSE,4,4,4,1,20.05
TRUE,0,1977-STDKI,c31e563f-5aa9-f111-b374-3833c5fb3aa8,2,0,FALSE,FALSE,1,73,2,3,2,TRUE,0,TRUE,1257,TRUE,2,2,3,1,73
TRUE,2,9053-JZFKV,e31e563f-5aa9-f111-b374-3833c5fb3aa8,3,1,FALSE,FALSE,1,116.2,4,3,3,FALSE,3,TRUE,1289,FALSE,3,3,2,67,7752.3
FALSE,2,4129-LYCOI,101f563f-5aa9-f111-b374-3833c5fb3aa8,2,0,TRUE,FALSE,1,104,4,3,2,TRUE,0,TRUE,1334,FALSE,3,3,2,67,7039.05
FALSE,1,0048-PIHNL,5320563f-5aa9-f111-b374-3833c5fb3aa8,4,0,FALSE,TRUE,2,20.45,2,4,4,FALSE,2,TRUE,1657,FALSE,4,4,4,49,900.9
FALSE,1,2234-XADUH,ce10fb45-5aa9-f111-b374-3833c5fb3aa8,3,0,TRUE,TRUE,1,103.2,4,3,2,TRUE,3,TRUE,2039,FALSE,3,3,3,72,7362.9
FALSE,2,6257-DTAYD,4411fb45-5aa9-f111-b374-3833c5fb3aa8,2,1,FALSE,TRUE,1,104.15,4,3,2,TRUE,3,TRUE,1934,FALSE,3,3,2,71,7365.3
TRUE,0,3668-QPYBK,b5b13e21-be79-4a81-9d9d-e4135f05e14b,0,1,FALSE,FALSE,0,53.85,0,0,1,TRUE,1,TRUE,2,FALSE,0,0,0,2,108.15
TRUE,0,9408-SSNVZ,528f5e39-5aa9-f111-b374-3833c5fb3aa8,0,0,FALSE,FALSE,1,70.15,0,1,0,TRUE,0,TRUE,220,FALSE,0,0,0,4,268.35
FALSE,2,7083-MIOPC,5f8f5e39-5aa9-f111-b374-3833c5fb3aa8,0,0,FALSE,FALSE,2,20.25,0,0,0,FALSE,3,TRUE,233,FALSE,0,0,0,72,1566.9
TRUE,0,6235-VDHOM,68905e39-5aa9-f111-b374-3833c5fb3aa8,0,0,FALSE,FALSE,0,28.45,0,0,0,FALSE,0,FALSE,498,TRUE,0,0,0,5,131.05
FALSE,1,5150-LJNSR,b6905e39-5aa9-f111-b374-3833c5fb3aa8,1,1,TRUE,TRUE,1,98.05,1,1,1,FALSE,2,TRUE,576,FALSE,0,1,0,31,3082.1
FALSE,2,3429-IFLEM,9c925e39-5aa9-f111-b374-3833c5fb3aa8,1,0,FALSE,FALSE,0,77.35,0,0,1,FALSE,3,TRUE,968,FALSE,0,1,1,71,5550.1
FALSE,1,7945-HLKEA,0b935e39-5aa9-f111-b374-3833c5fb3aa8,1,0,FALSE,FALSE,0,64.75,1,1,1,FALSE,0,TRUE,878,FALSE,0,0,1,60,4039.5
FALSE,0,9578-FOMUK,bc935e39-5aa9-f111-b374-3833c5fb3aa8,0,1,TRUE,FALSE,2,24.8,1,0,0,TRUE,0,TRUE,1100,FALSE,0,0,0,15,324.15
FALSE,2,1971-DTCZB,c5965e39-5aa9-f111-b374-3833c5fb3aa8,1,0,FALSE,TRUE,0,90.95,1,0,1,TRUE,2,TRUE,1611,FALSE,1,1,1,72,6468.6
FALSE,0,5832-EXGTT,d4975e39-5aa9-f111-b374-3833c5fb3aa8,0,1,TRUE,TRUE,0,60.2,0,1,1,TRUE,1,TRUE,1882,FALSE,1,0,0,29,1834.15
FALSE,1,4832-VRBMR,3516563f-5aa9-f111-b374-3833c5fb3aa8,1,1,FALSE,TRUE,1,103.15,1,0,0,TRUE,2,TRUE,2067,TRUE,1,1,0,65,6792.45
FALSE,0,5186-PEIZU,3118563f-5aa9-f111-b374-3833c5fb3aa8,0,0,FALSE,FALSE,2,19.25,0,0,0,FALSE,2,TRUE,2575,FALSE,0,0,0,35,617.65
FALSE,0,6620-JDYNW,d619563f-5aa9-f111-b374-3833c5fb3aa8,1,0,FALSE,FALSE,0,60.6,1,1,1,TRUE,1,TRUE,2996,FALSE,0,0,0,18,1156.35
FALSE,1,7269-JISCY,391a563f-5aa9-f111-b374-3833c5fb3aa8,2,0,FALSE,FALSE,0,45.05,2,2,2,FALSE,2,TRUE,95,FALSE,2,2,3,55,2462.6
FALSE,1,3026-ATZYV,9e1b563f-5aa9-f111-b374-3833c5fb3aa8,2,0,TRUE,TRUE,0,75.1,2,3,3,FALSE,2,TRUE,452,FALSE,3,3,3,37,2658.8
FALSE,0,2371-JQHZZ,6c1c563f-5aa9-f111-b374-3833c5fb3aa8,2,1,FALSE,TRUE,1,93,4,2,2,TRUE,0,TRUE,658,FALSE,3,3,3,24,2248.05
TRUE,0,3244-DCJWY,701c563f-5aa9-f111-b374-3833c5fb3aa8,2,0,FALSE,FALSE,1,70.25,2,2,2,TRUE,0,TRUE,662,FALSE,2,2,3,1,70.25
FALSE,0,4079-ULGFR,f51d563f-5aa9-f111-b374-3833c5fb3aa8,4,1,FALSE,FALSE,2,20,2,4,4,FALSE,1,TRUE,1051,FALSE,4,4,4,16,275.7
FALSE,0,1442-BQPVU,6720563f-5aa9-f111-b374-3833c5fb3aa8,2,0,FALSE,FALSE,0,29.15,3,3,2,FALSE,0,FALSE,1677,FALSE,2,2,3,13,357.15
FALSE,0,1930-WNXSB,f710fb45-5aa9-f111-b374-3833c5fb3aa8,2,1,TRUE,TRUE,1,92.85,2,3,2,TRUE,0,TRUE,1857,FALSE,3,3,3,58,5305.05
TRUE,0,0886-QGENL,6011fb45-5aa9-f111-b374-3833c5fb3aa8,3,0,FALSE,TRUE,1,101.25,2,2,3,TRUE,0,TRUE,1962,TRUE,3,3,3,27,2754.45
FALSE,0,9763-GRSKD,6ad241a3-ad87-4e47-9ecd-33a6797930c6,0,1,TRUE,TRUE,0,49.95,0,1,1,TRUE,1,TRUE,10,FALSE,0,0,0,13,587.45
FALSE,0,8229-MYEJZ,8f8f5e39-5aa9-f111-b374-3833c5fb3aa8,0,0,FALSE,FALSE,0,51.2,0,0,0,FALSE,0,TRUE,281,FALSE,0,0,0,10,498.25
FALSE,1,5844-QVTAT,8f905e39-5aa9-f111-b374-3833c5fb3aa8,1,0,TRUE,TRUE,0,58.45,0,0,1,TRUE,1,TRUE,537,FALSE,0,0,0,33,1955.4
FALSE,2,3580-HYCSP,9c905e39-5aa9-f111-b374-3833c5fb3aa8,1,1,TRUE,TRUE,1,110.3,1,0,1,TRUE,2,TRUE,550,FALSE,1,1,0,72,7966.9
FALSE,1,6689-VRRTK,db905e39-5aa9-f111-b374-3833c5fb3aa8,1,0,FALSE,FALSE,1,109.8,1,0,1,TRUE,3,TRUE,613,TRUE,1,1,0,44,4860.35
FALSE,0,1536-HBSWP,23915e39-5aa9-f111-b374-3833c5fb3aa8,0,0,FALSE,FALSE,0,49.9,0,1,0,TRUE,0,TRUE,685,FALSE,0,0,1,1,49.9
TRUE,0,8329-IBCTI,5b935e39-5aa9-f111-b374-3833c5fb3aa8,0,0,FALSE,FALSE,2,19.65,0,0,0,FALSE,1,TRUE,1049,FALSE,0,0,0,1,19.65
FALSE,2,8292-ITGYJ,a7935e39-5aa9-f111-b374-3833c5fb3aa8,0,0,TRUE,TRUE,2,24.65,1,0,0,TRUE,2,TRUE,1154,FALSE,0,0,0,45,1138.8
TRUE,0,4086-YQSNZ,b2935e39-5aa9-f111-b374-3833c5fb3aa8,0,0,FALSE,TRUE,1,80.4,0,1,0,TRUE,0,TRUE,1159,TRUE,0,1,0,3,224.05
TRUE,0,0125-LZQXK,dc935e39-5aa9-f111-b374-3833c5fb3aa8,1,1,FALSE,FALSE,1,101.35,0,1,0,TRUE,0,TRUE,1178,FALSE,1,1,1,15,1553.95
FALSE,0,7107-UBYKY,75965e39-5aa9-f111-b374-3833c5fb3aa8,0,0,TRUE,TRUE,2,25.75,1,0,0,TRUE,0,TRUE,1531,FALSE,0,0,0,35,882.55
FALSE,0,3794-NFNCH,82965e39-5aa9-f111-b374-3833c5fb3aa8,1,1,FALSE,TRUE,0,50,0,1,0,TRUE,1,TRUE,1544,FALSE,0,0,0,30,1474.9
TRUE,0,9606-PBKBQ,8b975e39-5aa9-f111-b374-3833c5fb3aa8,0,1,FALSE,TRUE,1,85,1,1,0,TRUE,0,TRUE,1809,TRUE,1,0,0,32,2642.05
TRUE,0,6173-ITPWD,2716563f-5aa9-f111-b374-3833c5fb3aa8,1,1,FALSE,TRUE,1,83.35,1,0,0,TRUE,2,TRUE,2053,FALSE,0,0,0,47,4065
FALSE,0,5527-ACHSO,eb16563f-5aa9-f111-b374-3833c5fb3aa8,0,0,FALSE,FALSE,0,70.5,0,1,0,FALSE,1,TRUE,2249,FALSE,1,1,1,11,829.3
TRUE,0,0148-DCDOS,5b19563f-5aa9-f111-b374-3833c5fb3aa8,0,1,FALSE,FALSE,1,94.7,1,1,0,TRUE,2,TRUE,2873,FALSE,1,1,0,25,2362.1
TRUE,0,1383-EZRWL,4a1a563f-5aa9-f111-b374-3833c5fb3aa8,4,0,FALSE,FALSE,2,20.05,2,4,4,FALSE,1,TRUE,112,FALSE,4,4,4,7,164.85
FALSE,0,9496-IVVRP,a31b563f-5aa9-f111-b374-3833c5fb3aa8,2,0,TRUE,TRUE,0,51,2,2,3,FALSE,2,TRUE,457,FALSE,2,2,3,11,581.7
FALSE,1,9770-KXGQU,ad1b563f-5aa9-f111-b374-3833c5fb3aa8,3,0,FALSE,FALSE,1,98.6,4,3,3,FALSE,1,TRUE,467,FALSE,2,3,3,53,5311.85
FALSE,1,9107-UKCKY,151c563f-5aa9-f111-b374-3833c5fb3aa8,3,1,FALSE,TRUE,0,79.8,4,3,2,TRUE,0,TRUE,571,FALSE,3,3,3,61,4914.8
FALSE,1,1371-WEPDS,c21c563f-5aa9-f111-b374-3833c5fb3aa8,2,1,FALSE,TRUE,0,55.8,2,2,2,FALSE,0,TRUE,744,TRUE,3,2,3,40,2283.3
FALSE,2,8571-ZCMCX,f61c563f-5aa9-f111-b374-3833c5fb3aa8,3,0,TRUE,TRUE,0,60,3,3,3,TRUE,3,FALSE,796,FALSE,3,3,3,47,2768.65
FALSE,0,2971-SGAFL,241d563f-5aa9-f111-b374-3833c5fb3aa8,3,0,FALSE,FALSE,0,78.75,4,2,3,TRUE,0,TRUE,842,FALSE,3,3,3,13,995.35
TRUE,0,0117-LFRMW,5e1d563f-5aa9-f111-b374-3833c5fb3aa8,3,1,TRUE,TRUE,0,40.2,3,3,3,FALSE,2,FALSE,900,FALSE,2,2,3,37,1448.8
FALSE,0,0082-LDZUE,651d563f-5aa9-f111-b374-3833c5fb3aa8,2,1,FALSE,FALSE,0,44.3,2,2,2,TRUE,1,TRUE,907,FALSE,2,2,3,1,44.3
TRUE,0,9912-GVSEQ,801d563f-5aa9-f111-b374-3833c5fb3aa8,3,0,FALSE,TRUE,1,93.85,4,3,2,TRUE,0,TRUE,934,TRUE,3,2,3,26,2381.55
FALSE,0,8756-RDDLT,8f1d563f-5aa9-f111-b374-3833c5fb3aa8,2,0,FALSE,FALSE,0,44.95,3,3,2,FALSE,0,FALSE,949,FALSE,3,2,2,68,3085.35
FALSE,1,9617-UDPEU,0920563f-5aa9-f111-b374-3833c5fb3aa8,4,0,FALSE,FALSE,2,19.25,2,4,4,TRUE,1,TRUE,1583,FALSE,4,4,4,22,412.55
FALSE,2,8792-AOROI,ff10fb45-5aa9-f111-b374-3833c5fb3aa8,2,0,FALSE,TRUE,0,65.5,2,2,3,FALSE,1,TRUE,1865,FALSE,3,2,2,8,564.35
FALSE,2,7469-LKBCI,4edff4b1-c3a2-44c4-9ab7-a8564000d626,0,1,FALSE,FALSE,2,18.95,0,0,0,FALSE,3,TRUE,11,FALSE,0,0,0,16,326.8
FALSE,1,5686-CMAWK,b08e5e39-5aa9-f111-b374-3833c5fb3aa8,1,1,FALSE,FALSE,1,86.75,1,1,0,FALSE,0,TRUE,379,FALSE,0,0,1,17,1410.25
TRUE,0,1285-OKIPP,168f5e39-5aa9-f111-b374-3833c5fb3aa8,0,1,FALSE,FALSE,1,79.9,0,1,0,FALSE,0,TRUE,207,FALSE,1,0,0,1,79.9
FALSE,1,2806-MLNTI,20905e39-5aa9-f111-b374-3833c5fb3aa8,1,1,FALSE,TRUE,1,105.1,1,0,0,TRUE,2,TRUE,426,TRUE,1,1,0,52,5376.4
FALSE,2,3261-CQXOL,90925e39-5aa9-f111-b374-3833c5fb3aa8,0,0,TRUE,TRUE,2,25.45,1,0,0,FALSE,2,TRUE,956,FALSE,0,0,0,71,1813.35
FALSE,1,2085-BOJKI,8e975e39-5aa9-f111-b374-3833c5fb3aa8,1,1,FALSE,TRUE,1,96.65,0,1,0,TRUE,2,TRUE,1812,FALSE,1,1,0,17,1588.25
TRUE,0,6689-TCZHQ,e4975e39-5aa9-f111-b374-3833c5fb3aa8,0,0,FALSE,FALSE,1,78.95,0,1,0,FALSE,0,TRUE,1898,TRUE,1,0,0,5,378.4
FALSE,1,1022-RKXDR,eb975e39-5aa9-f111-b374-3833c5fb3aa8,0,0,FALSE,FALSE,2,24.85,1,0,0,TRUE,1,TRUE,1905,FALSE,0,0,0,41,962.25
FALSE,0,5153-RTHKF,3316563f-5aa9-f111-b374-3833c5fb3aa8,0,0,FALSE,FALSE,1,85.35,1,1,0,FALSE,0,TRUE,2065,FALSE,0,1,0,34,2896.6
FALSE,2,3521-HTQTV,5f16563f-5aa9-f111-b374-3833c5fb3aa8,0,1,FALSE,FALSE,2,26.1,1,0,0,FALSE,2,TRUE,2109,FALSE,0,0,0,34,980.35
FALSE,2,2050-ONYDQ,0d18563f-5aa9-f111-b374-3833c5fb3aa8,0,0,TRUE,TRUE,2,26,1,0,0,FALSE,3,TRUE,2539,FALSE,0,0,0,65,1654.85
FALSE,1,4455-BFSPD,a818563f-5aa9-f111-b374-3833c5fb3aa8,0,0,FALSE,TRUE,1,101.15,1,1,0,FALSE,2,TRUE,2739,FALSE,1,1,1,61,6383.9
FALSE,1,1401-FTHFQ,f419563f-5aa9-f111-b374-3833c5fb3aa8,4,1,TRUE,TRUE,2,20,2,4,4,TRUE,3,TRUE,26,FALSE,4,4,4,23,445.3
FALSE,2,7113-HIPFI,471a563f-5aa9-f111-b374-3833c5fb3aa8,3,1,TRUE,TRUE,0,65.85,2,3,3,FALSE,1,TRUE,109,FALSE,2,2,2,66,4097.05
FALSE,0,5419-JKZNQ,dd1a563f-5aa9-f111-b374-3833c5fb3aa8,2,1,FALSE,TRUE,1,77.9,4,2,2,FALSE,1,TRUE,259,TRUE,2,2,3,30,2351.45
FALSE,1,9309-BZGNT,e21a563f-5aa9-f111-b374-3833c5fb3aa8,3,1,FALSE,TRUE,0,29.8,3,2,2,TRUE,3,FALSE,264,TRUE,2,2,3,69,2134.3
FALSE,2,4654-ULTTN,161c563f-5aa9-f111-b374-3833c5fb3aa8,3,1,FALSE,TRUE,0,74.8,4,2,3,TRUE,3,TRUE,572,FALSE,3,2,2,70,5315.8
TRUE,0,6330-JKLPC,221c563f-5aa9-f111-b374-3833c5fb3aa8,2,1,FALSE,TRUE,1,80.5,4,3,2,TRUE,2,TRUE,584,FALSE,2,2,3,11,896.9
TRUE,0,7228-OMTPN,291c563f-5aa9-f111-b374-3833c5fb3aa8,2,1,FALSE,FALSE,1,88.45,2,2,2,TRUE,0,TRUE,591,FALSE,3,3,3,4,370.65
FALSE,0,5937-EORGB,cd1c563f-5aa9-f111-b374-3833c5fb3aa8,3,1,FALSE,TRUE,1,96.5,4,2,3,TRUE,0,TRUE,755,TRUE,2,3,3,15,1392.25
FALSE,0,5055-MGMGF,1c1d563f-5aa9-f111-b374-3833c5fb3aa8,3,0,FALSE,TRUE,1,105.05,4,2,3,TRUE,0,TRUE,834,FALSE,3,3,3,65,6914.95
TRUE,0,0639-TSIQW,c910fb45-5aa9-f111-b374-3833c5fb3aa8,3,0,FALSE,FALSE,1,102.95,4,3,3,TRUE,3,TRUE,2034,FALSE,2,3,3,67,6886.25
FALSE,0,5973-EJGDP,348f5e39-5aa9-f111-b374-3833c5fb3aa8,1,1,FALSE,FALSE,1,87.35,1,0,0,TRUE,0,TRUE,413,FALSE,0,0,1,51,4473
FALSE,2,4443-EMBNA,538f5e39-5aa9-f111-b374-3833c5fb3aa8,0,0,FALSE,TRUE,2,24.75,1,0,0,FALSE,2,TRUE,221,FALSE,0,0,0,71,1836.9
TRUE,0,7029-RPUAV,a4935e39-5aa9-f111-b374-3833c5fb3aa8,1,1,FALSE,TRUE,1,100.45,1,1,0,TRUE,3,TRUE,1088,TRUE,1,1,0,17,1622.45
FALSE,0,6077-BDPXA,fa935e39-5aa9-f111-b374-3833c5fb3aa8,0,0,FALSE,FALSE,1,70.15,0,1,0,TRUE,0,TRUE,1206,FALSE,0,0,0,3,194.2
FALSE,1,3253-HKOKL,1c965e39-5aa9-f111-b374-3833c5fb3aa8,1,0,TRUE,TRUE,1,100.3,0,1,1,FALSE,0,TRUE,1442,FALSE,1,1,0,52,5244.45
FALSE,1,6362-QHAFM,2b965e39-5aa9-f111-b374-3833c5fb3aa8,1,1,FALSE,TRUE,1,108.3,1,1,0,TRUE,0,TRUE,1457,FALSE,1,1,1,42,4586.15
FALSE,0,6908-VVYHM,9c975e39-5aa9-f111-b374-3833c5fb3aa8,0,1,FALSE,TRUE,1,90.65,1,0,0,TRUE,0,TRUE,1826,FALSE,1,0,0,65,5931
FALSE,0,2789-HQBOU,5317563f-5aa9-f111-b374-3833c5fb3aa8,0,1,FALSE,FALSE,1,80.35,0,1,0,TRUE,0,TRUE,2353,FALSE,1,0,0,3,253.8
FALSE,0,4307-KWMXE,9317563f-5aa9-f111-b374-3833c5fb3aa8,0,1,FALSE,FALSE,0,35.75,0,0,0,FALSE,0,FALSE,2417,FALSE,0,0,1,10,389.8
FALSE,2,5406-KGRMX,b817563f-5aa9-f111-b374-3833c5fb3aa8,0,0,FALSE,FALSE,2,24.55,1,0,0,FALSE,0,TRUE,2454,FALSE,0,0,0,71,1719.15
FALSE,1,6402-SSEJG,9118563f-5aa9-f111-b374-3833c5fb3aa8,1,0,FALSE,FALSE,0,61.05,0,0,1,FALSE,0,FALSE,2728,FALSE,1,1,0,25,1540.2
TRUE,0,7410-YTJIK,ac19563f-5aa9-f111-b374-3833c5fb3aa8,0,0,FALSE,FALSE,1,75.45,1,1,0,FALSE,1,TRUE,2954,FALSE,0,0,0,7,480.75
FALSE,1,9402-ROUMJ,281a563f-5aa9-f111-b374-3833c5fb3aa8,3,0,TRUE,TRUE,1,100.25,4,2,3,TRUE,2,TRUE,78,FALSE,3,2,2,67,6689
FALSE,2,8777-MBMTS,ca1a563f-5aa9-f111-b374-3833c5fb3aa8,3,0,FALSE,TRUE,1,105.85,2,3,2,TRUE,3,TRUE,240,TRUE,3,3,2,65,6725.5
TRUE,0,5366-IJEQJ,cc1a563f-5aa9-f111-b374-3833c5fb3aa8,3,1,FALSE,FALSE,1,88.7,4,2,2,TRUE,0,TRUE,242,FALSE,2,3,3,20,1761.45
FALSE,1,9391-YZEJW,291d563f-5aa9-f111-b374-3833c5fb3aa8,2,0,FALSE,FALSE,1,94,4,2,2,TRUE,2,TRUE,847,FALSE,3,3,3,62,5757.2
TRUE,0,2842-JTCCU,a51e563f-5aa9-f111-b374-3833c5fb3aa8,2,1,FALSE,FALSE,0,46.05,2,2,2,FALSE,2,TRUE,1227,FALSE,2,2,3,2,80.35
FALSE,2,1302-TPUBN,3a1f563f-5aa9-f111-b374-3833c5fb3aa8,4,1,FALSE,FALSE,2,19.35,2,4,4,FALSE,2,TRUE,1376,FALSE,4,4,4,66,1240.8
TRUE,1,3190-XFANI,d01f563f-5aa9-f111-b374-3833c5fb3aa8,2,1,TRUE,FALSE,1,100.6,4,2,2,TRUE,2,TRUE,1526,FALSE,3,3,2,49,5069.65
FALSE,2,2509-TFPJU,9120563f-5aa9-f111-b374-3833c5fb3aa8,4,1,FALSE,TRUE,2,25.75,4,4,4,FALSE,3,TRUE,1719,FALSE,4,4,4,72,1864.2
FALSE,0,1754-GKYPY,b620563f-5aa9-f111-b374-3833c5fb3aa8,2,1,FALSE,TRUE,1,89.75,2,2,2,TRUE,2,TRUE,1756,TRUE,3,3,3,22,1938.9
FALSE,0,3640-JQGJG,ce20563f-5aa9-f111-b374-3833c5fb3aa8,2,1,TRUE,TRUE,0,44.8,2,2,2,FALSE,2,TRUE,1780,FALSE,2,2,3,13,559.2
FALSE,0,3077-RSNTJ,458e5e39-5aa9-f111-b374-3833c5fb3aa8,0,0,TRUE,TRUE,2,19.7,0,0,0,FALSE,1,TRUE,154,FALSE,0,0,0,6,113.5
FALSE,2,5249-QYHEX,448f5e39-5aa9-f111-b374-3833c5fb3aa8,0,0,TRUE,TRUE,2,24.8,1,0,0,TRUE,1,TRUE,417,FALSE,0,0,0,40,1024.7
TRUE,0,6390-DSAZX,a18f5e39-5aa9-f111-b374-3833c5fb3aa8,0,0,TRUE,FALSE,1,73.6,0,1,1,TRUE,1,TRUE,299,FALSE,0,0,0,1,73.6
FALSE,0,7410-OIEDU,e78f5e39-5aa9-f111-b374-3833c5fb3aa8,1,1,FALSE,FALSE,1,79.85,0,1,1,TRUE,1,TRUE,69,FALSE,0,0,0,10,887.35
FALSE,0,6030-REHUX,b4905e39-5aa9-f111-b374-3833c5fb3aa8,1,0,FALSE,TRUE,1,110.85,1,0,0,TRUE,0,TRUE,574,TRUE,1,1,1,28,3204.4
FALSE,1,6797-UCJHZ,e9905e39-5aa9-f111-b374-3833c5fb3aa8,1,0,FALSE,TRUE,1,104.6,1,0,0,FALSE,3,TRUE,627,TRUE,1,1,0,66,6819.45
FALSE,2,6024-RUGGH,31935e39-5aa9-f111-b374-3833c5fb3aa8,0,1,TRUE,TRUE,2,25.2,1,0,0,TRUE,2,TRUE,914,FALSE,0,0,0,72,1798.9
FALSE,1,6732-FZUGP,45935e39-5aa9-f111-b374-3833c5fb3aa8,1,0,FALSE,FALSE,1,94.9,1,1,1,FALSE,3,TRUE,1027,FALSE,0,1,0,47,4615.25
FALSE,0,3211-AAPKX,1f965e39-5aa9-f111-b374-3833c5fb3aa8,0,1,FALSE,FALSE,1,98.55,1,1,0,TRUE,1,TRUE,1445,FALSE,1,1,1,20,2031.95
FALSE,0,9327-QSDED,6d965e39-5aa9-f111-b374-3833c5fb3aa8,0,1,FALSE,FALSE,0,43.55,0,1,0,FALSE,1,TRUE,1523,FALSE,0,0,0,8,335.4
TRUE,0,8580-AECUZ,ed965e39-5aa9-f111-b374-3833c5fb3aa8,0,1,FALSE,FALSE,1,79.1,0,1,0,TRUE,0,TRUE,1651,TRUE,0,1,0,1,79.1
FALSE,2,3279-DYZQM,be975e39-5aa9-f111-b374-3833c5fb3aa8,0,1,TRUE,TRUE,2,19.45,0,0,0,FALSE,1,TRUE,1860,FALSE,0,0,0,71,1378.45
FALSE,0,3771-PZOBW,7a17563f-5aa9-f111-b374-3833c5fb3aa8,1,1,FALSE,FALSE,1,90.7,1,1,0,TRUE,3,TRUE,2392,FALSE,0,1,0,20,1781.35
FALSE,2,2143-LJULT,c817563f-5aa9-f111-b374-3833c5fb3aa8,0,0,FALSE,TRUE,2,25.25,1,0,0,TRUE,3,TRUE,2470,FALSE,0,0,0,67,1733.15
TRUE,0,8225-BTJAU,8418563f-5aa9-f111-b374-3833c5fb3aa8,0,1,FALSE,FALSE,1,79.25,0,1,0,TRUE,0,TRUE,2721,TRUE,1,0,0,10,793.55
FALSE,2,1163-VIPRI,bb19563f-5aa9-f111-b374-3833c5fb3aa8,1,0,TRUE,TRUE,1,109.3,1,1,1,FALSE,0,TRUE,2969,FALSE,1,1,1,65,7337.55
FALSE,0,3308-MHOOC,cf19563f-5aa9-f111-b374-3833c5fb3aa8,0,1,TRUE,FALSE,2,19.2,0,0,0,TRUE,1,TRUE,2989,FALSE,0,0,0,1,19.2
FALSE,0,4987-GQWPO,cf1b563f-5aa9-f111-b374-3833c5fb3aa8,2,1,FALSE,FALSE,0,25.1,3,2,2,FALSE,3,FALSE,501,FALSE,2,2,3,17,382.8
FALSE,1,4508-OEBEY,2b1c563f-5aa9-f111-b374-3833c5fb3aa8,3,1,FALSE,TRUE,0,75.5,2,3,3,TRUE,3,TRUE,593,FALSE,3,2,2,31,2424.45
FALSE,1,4423-JWZJN,571c563f-5aa9-f111-b374-3833c5fb3aa8,3,1,TRUE,TRUE,1,90.25,4,2,2,FALSE,3,TRUE,637,FALSE,3,2,3,64,5629.15
FALSE,0,9782-LGXMC,9e1d563f-5aa9-f111-b374-3833c5fb3aa8,3,0,TRUE,TRUE,0,61.75,2,2,3,FALSE,2,TRUE,964,FALSE,2,2,2,49,3024.15
FALSE,2,4698-KVLLG,d91d563f-5aa9-f111-b374-3833c5fb3aa8,4,0,FALSE,FALSE,2,19.6,2,4,4,FALSE,3,TRUE,1023,TRUE,4,4,4,51,967.9
TRUE,0,5349-IECLD,041e563f-5aa9-f111-b374-3833c5fb3aa8,3,1,FALSE,FALSE,1,94.95,2,2,2,FALSE,0,TRUE,1066,FALSE,3,3,3,2,178.1
FALSE,0,2101-RANCD,511f563f-5aa9-f111-b374-3833c5fb3aa8,2,0,FALSE,FALSE,1,73.1,4,2,2,TRUE,0,TRUE,1399,FALSE,2,2,3,55,4144.9
FALSE,0,3590-TCXTB,a420563f-5aa9-f111-b374-3833c5fb3aa8,4,1,FALSE,FALSE,2,20.35,2,4,4,FALSE,1,TRUE,1738,FALSE,4,4,4,1,20.35
FALSE,0,7746-AWNQW,4711fb45-5aa9-f111-b374-3833c5fb3aa8,3,0,FALSE,FALSE,0,35.75,3,2,2,TRUE,1,FALSE,1937,FALSE,2,2,2,28,961.4
FALSE,0,9167-APMXZ,4d8e5e39-5aa9-f111-b374-3833c5fb3aa8,0,0,FALSE,FALSE,1,84.15,1,1,0,TRUE,2,TRUE,156,FALSE,0,1,0,22,1821.95
FALSE,0,8017-UVSZU,ce8e5e39-5aa9-f111-b374-3833c5fb3aa8,0,0,FALSE,TRUE,0,56.6,1,0,0,FALSE,3,TRUE,189,FALSE,0,0,0,40,2379.1
FALSE,2,2996-XAUVF,47905e39-5aa9-f111-b374-3833c5fb3aa8,0,1,FALSE,FALSE,0,40.05,0,1,0,TRUE,1,FALSE,465,FALSE,1,0,1,70,2799.75
TRUE,0,8372-JUXUI,5f905e39-5aa9-f111-b374-3833c5fb3aa8,0,1,TRUE,FALSE,1,74.35,1,1,0,TRUE,0,TRUE,489,FALSE,0,0,0,1,74.35
FALSE,0,2782-LFZVW,93905e39-5aa9-f111-b374-3833c5fb3aa8,0,0,FALSE,FALSE,0,58.95,1,1,0,TRUE,1,TRUE,541,FALSE,1,0,0,11,601.6
FALSE,0,2501-XWWTZ,a4905e39-5aa9-f111-b374-3833c5fb3aa8,0,1,FALSE,FALSE,1,70.2,0,1,0,FALSE,0,TRUE,558,FALSE,0,0,0,11,760.05
FALSE,0,9244-ZVAPM,c8905e39-5aa9-f111-b374-3833c5fb3aa8,0,1,FALSE,FALSE,0,45.6,0,1,0,FALSE,1,TRUE,594,FALSE,0,0,0,1,45.6
FALSE,1,9978-HYCIN,30915e39-5aa9-f111-b374-3833c5fb3aa8,0,1,TRUE,TRUE,1,84.95,0,0,0,TRUE,2,TRUE,698,TRUE,0,1,0,47,4018.05
FALSE,1,6647-ZEDXT,56915e39-5aa9-f111-b374-3833c5fb3aa8,1,0,FALSE,FALSE,1,110.45,1,0,0,FALSE,3,TRUE,736,FALSE,1,1,1,30,3327.05
FALSE,2,1764-VUUMT,05935e39-5aa9-f111-b374-3833c5fb3aa8,0,1,TRUE,FALSE,2,19.95,0,0,0,FALSE,3,TRUE,872,FALSE,0,0,0,66,1269.1
FALSE,0,1751-NCDLI,95935e39-5aa9-f111-b374-3833c5fb3aa8,1,1,FALSE,TRUE,1,98.85,1,1,0,TRUE,0,TRUE,1081,TRUE,1,1,0,46,4564.9
FALSE,2,3870-SPZSI,08965e39-5aa9-f111-b374-3833c5fb3aa8,1,0,TRUE,TRUE,1,113.05,1,0,1,TRUE,3,TRUE,1422,FALSE,1,1,1,70,7869.05
FALSE,1,7190-XHTWJ,b2975e39-5aa9-f111-b374-3833c5fb3aa8,0,0,FALSE,FALSE,2,19.3,0,0,0,FALSE,1,TRUE,1848,FALSE,0,0,0,38,755.5
FALSE,0,4365-MSDYN,c316563f-5aa9-f111-b374-3833c5fb3aa8,0,1,FALSE,TRUE,2,19.55,0,0,0,TRUE,2,TRUE,2209,FALSE,0,0,0,8,161.15
TRUE,0,8931-GJJIQ,0118563f-5aa9-f111-b374-3833c5fb3aa8,0,0,FALSE,FALSE,1,83.3,1,1,0,TRUE,0,TRUE,2527,FALSE,1,0,0,9,803.3
FALSE,2,2535-PBCGC,141b563f-5aa9-f111-b374-3833c5fb3aa8,3,0,FALSE,TRUE,0,64.55,3,3,3,FALSE,2,FALSE,314,FALSE,3,3,2,70,4504.9
FALSE,0,2887-JPYLU,db1d563f-5aa9-f111-b374-3833c5fb3aa8,2,0,TRUE,FALSE,0,45.2,2,2,2,FALSE,2,TRUE,1025,FALSE,2,2,3,41,1841.9
TRUE,0,6379-RXJRQ,6e1e563f-5aa9-f111-b374-3833c5fb3aa8,2,1,FALSE,TRUE,1,70.1,2,2,2,TRUE,0,TRUE,1172,FALSE,2,2,3,10,659.65
TRUE,0,0475-RIJEP,721e563f-5aa9-f111-b374-3833c5fb3aa8,2,1,FALSE,FALSE,1,77.85,4,3,2,TRUE,0,TRUE,1176,FALSE,2,2,3,43,3365.85
FALSE,0,9074-KGVOX,be1e563f-5aa9-f111-b374-3833c5fb3aa8,2,1,TRUE,TRUE,0,39.45,3,2,3,TRUE,3,FALSE,1252,FALSE,2,3,3,50,2021.35
FALSE,1,0305-SQECB,6e20563f-5aa9-f111-b374-3833c5fb3aa8,2,0,TRUE,FALSE,0,36.05,3,2,3,TRUE,1,FALSE,1684,FALSE,2,2,2,11,402.6
FALSE,1,4323-OHFOW,e720563f-5aa9-f111-b374-3833c5fb3aa8,2,0,FALSE,TRUE,1,105.55,4,3,2,TRUE,2,TRUE,1805,TRUE,3,3,2,70,7195.35
FALSE,0,9398-MMQTO,3811fb45-5aa9-f111-b374-3833c5fb3aa8,2,1,FALSE,FALSE,1,74.45,2,3,2,FALSE,3,TRUE,1922,FALSE,2,2,3,3,221.1
FALSE,0,0314-TKOSI,8e8f5e39-5aa9-f111-b374-3833c5fb3aa8,0,0,FALSE,FALSE,0,55.15,0,0,1,FALSE,1,TRUE,280,FALSE,0,0,0,6,322.9
FALSE,1,1096-ADRUX,d0905e39-5aa9-f111-b374-3833c5fb3aa8,0,0,TRUE,TRUE,1,74.25,1,1,0,TRUE,2,TRUE,602,FALSE,0,0,0,66,4859.25
TRUE,2,4853-RULSV,a1915e39-5aa9-f111-b374-3833c5fb3aa8,0,1,FALSE,FALSE,1,104,1,1,1,TRUE,3,TRUE,811,FALSE,1,1,1,70,7250.15
FALSE,0,0295-QVKPB,ab925e39-5aa9-f111-b374-3833c5fb3aa8,1,1,FALSE,FALSE,0,63.95,0,1,0,TRUE,3,TRUE,823,FALSE,0,1,1,5,318.1
FALSE,2,9646-NMHXE,79935e39-5aa9-f111-b374-3833c5fb3aa8,0,1,FALSE,TRUE,2,19.65,0,0,0,FALSE,1,TRUE,1066,FALSE,0,0,0,47,973.1
TRUE,1,9831-BPFRI,9c955e39-5aa9-f111-b374-3833c5fb3aa8,1,0,TRUE,TRUE,1,89.55,1,0,0,TRUE,0,TRUE,1314,FALSE,0,0,1,39,3474.45
TRUE,0,7198-GLXTC,66975e39-5aa9-f111-b374-3833c5fb3aa8,0,1,FALSE,FALSE,1,79,0,1,0,FALSE,0,TRUE,1772,FALSE,0,1,0,2,143.65
FALSE,2,0362-RAOQO,e916563f-5aa9-f111-b374-3833c5fb3aa8,0,0,FALSE,FALSE,2,19.65,0,0,0,FALSE,3,TRUE,2247,FALSE,0,0,0,40,830.25
FALSE,2,0013-SMEOE,6917563f-5aa9-f111-b374-3833c5fb3aa8,1,0,FALSE,TRUE,1,109.7,0,0,1,TRUE,2,TRUE,2375,TRUE,1,1,1,71,7904.25
TRUE,0,8922-LIEGH,f417563f-5aa9-f111-b374-3833c5fb3aa8,0,0,FALSE,FALSE,1,89.7,1,0,0,TRUE,0,TRUE,2514,TRUE,1,0,0,25,2187.55
TRUE,1,6769-DCQLI,7018563f-5aa9-f111-b374-3833c5fb3aa8,1,1,FALSE,FALSE,1,105,0,0,0,TRUE,2,TRUE,2638,FALSE,1,1,1,52,5426.85
FALSE,0,0258-NOKBL,ba19563f-5aa9-f111-b374-3833c5fb3aa8,1,1,FALSE,FALSE,1,90.4,0,0,0,FALSE,0,TRUE,2968,FALSE,1,0,0,3,268.45
TRUE,1,3705-PSNGL,301a563f-5aa9-f111-b374-3833c5fb3aa8,4,1,FALSE,FALSE,2,20.4,2,4,4,TRUE,0,TRUE,86,FALSE,4,4,4,45,930.45
FALSE,2,2208-NKVVH,ca1b563f-5aa9-f111-b374-3833c5fb3aa8,4,1,TRUE,TRUE,2,24.25,4,4,4,FALSE,1,TRUE,496,FALSE,4,4,4,43,1077.95
FALSE,1,1707-HABPF,251c563f-5aa9-f111-b374-3833c5fb3aa8,3,0,FALSE,FALSE,1,91.3,2,3,2,TRUE,2,TRUE,587,TRUE,2,3,3,46,4126.35
FALSE,0,8749-CLJXC,ba1c563f-5aa9-f111-b374-3833c5fb3aa8,4,1,FALSE,FALSE,2,20.05,2,4,4,FALSE,1,TRUE,736,FALSE,4,4,4,1,20.05
FALSE,0,0487-RPVUM,f41d563f-5aa9-f111-b374-3833c5fb3aa8,3,1,FALSE,TRUE,1,99.4,4,2,3,FALSE,2,TRUE,1050,FALSE,2,3,2,61,5943.65
FALSE,0,6599-SFQVE,f91d563f-5aa9-f111-b374-3833c5fb3aa8,2,0,FALSE,FALSE,0,55,2,2,2,TRUE,0,TRUE,1055,FALSE,3,2,3,6,340.4
FALSE,2,7110-BDTWG,1f1e563f-5aa9-f111-b374-3833c5fb3aa8,3,0,FALSE,TRUE,0,47.05,3,2,2,TRUE,0,FALSE,1093,FALSE,3,2,2,71,3263.6
FALSE,2,3308-DGHKL,371e563f-5aa9-f111-b374-3833c5fb3aa8,4,1,FALSE,FALSE,2,19.3,2,4,4,TRUE,2,TRUE,1117,FALSE,4,4,4,69,1447.9
FALSE,2,1936-UAFEH,251f563f-5aa9-f111-b374-3833c5fb3aa8,2,0,FALSE,FALSE,1,110.25,4,3,3,FALSE,3,TRUE,1355,FALSE,3,3,2,68,7279.35
TRUE,0,1963-SVUCV,c81f563f-5aa9-f111-b374-3833c5fb3aa8,2,1,FALSE,FALSE,0,45.3,2,2,2,FALSE,0,TRUE,1518,FALSE,2,2,3,1,45.3
FALSE,1,2453-SAFNS,0720563f-5aa9-f111-b374-3833c5fb3aa8,2,0,FALSE,FALSE,0,72.1,4,3,2,FALSE,1,TRUE,1581,TRUE,2,3,2,54,3886.05
TRUE,1,7632-MNYOY,1f20563f-5aa9-f111-b374-3833c5fb3aa8,3,1,FALSE,FALSE,1,110.9,4,3,2,FALSE,3,TRUE,1605,TRUE,3,3,2,66,7432.05
FALSE,1,4114-QMKVN,b320563f-5aa9-f111-b374-3833c5fb3aa8,2,0,TRUE,TRUE,0,68.75,4,3,3,FALSE,2,TRUE,1753,FALSE,3,2,3,56,3815.4
TRUE,1,5294-CDGWY,b720563f-5aa9-f111-b374-3833c5fb3aa8,3,1,TRUE,TRUE,0,59.3,3,3,3,FALSE,0,FALSE,1757,FALSE,3,3,3,51,3014.65
FALSE,1,1591-MQJTP,b920563f-5aa9-f111-b374-3833c5fb3aa8,3,1,FALSE,TRUE,1,93.65,4,2,3,TRUE,2,TRUE,1759,TRUE,3,2,3,51,4839.15
FALSE,1,7471-MQPOS,bd20563f-5aa9-f111-b374-3833c5fb3aa8,3,1,TRUE,TRUE,0,72.9,4,3,2,TRUE,2,TRUE,1763,TRUE,3,2,2,71,5139.65
FALSE,2,9739-JLPQJ,c220563f-5aa9-f111-b374-3833c5fb3aa8,3,0,TRUE,TRUE,1,117.5,4,3,3,FALSE,3,TRUE,1768,FALSE,3,3,2,72,8670.1
TRUE,0,6599-CEBNN,f68e5e39-5aa9-f111-b374-3833c5fb3aa8,0,0,FALSE,FALSE,1,73.95,0,0,0,TRUE,3,TRUE,397,FALSE,0,0,0,34,2524.45
TRUE,1,4464-JCOLN,08915e39-5aa9-f111-b374-3833c5fb3aa8,0,1,TRUE,TRUE,2,19.85,0,0,0,FALSE,1,TRUE,658,FALSE,0,0,0,2,35.9
FALSE,2,3910-MRQOY,ab955e39-5aa9-f111-b374-3833c5fb3aa8,0,0,FALSE,TRUE,2,19.4,0,0,0,FALSE,2,TRUE,1329,FALSE,0,0,0,72,1496.45
FALSE,2,6485-QXWWE,b4965e39-5aa9-f111-b374-3833c5fb3aa8,0,0,TRUE,FALSE,2,26,1,0,0,FALSE,2,TRUE,1594,FALSE,0,0,0,62,1638.7
FALSE,0,3566-HJGPK,c8975e39-5aa9-f111-b374-3833c5fb3aa8,0,1,FALSE,FALSE,0,45.55,0,1,0,TRUE,1,TRUE,1870,FALSE,0,0,0,1,45.55
TRUE,0,8840-DQLGN,d5975e39-5aa9-f111-b374-3833c5fb3aa8,0,0,FALSE,TRUE,1,100.5,1,0,1,FALSE,2,TRUE,1883,TRUE,0,1,1,35,3653.35
FALSE,1,7188-CBBBA,f3975e39-5aa9-f111-b374-3833c5fb3aa8,1,0,FALSE,FALSE,1,95.5,1,0,0,TRUE,0,TRUE,1913,FALSE,0,1,0,65,6153.85
TRUE,0,9497-QCMMS,da15563f-5aa9-f111-b374-3833c5fb3aa8,0,1,FALSE,FALSE,1,93.55,1,1,0,TRUE,0,TRUE,1976,TRUE,1,1,0,1,93.55
FALSE,2,4056-QHXHZ,1317563f-5aa9-f111-b374-3833c5fb3aa8,1,0,TRUE,TRUE,1,107.45,1,1,1,FALSE,1,TRUE,2289,FALSE,1,1,1,72,7576.7
FALSE,1,1135-HIORI,4c18563f-5aa9-f111-b374-3833c5fb3aa8,1,0,TRUE,TRUE,1,111.45,1,0,0,TRUE,0,TRUE,2602,FALSE,1,1,1,64,7266.95
FALSE,2,1790-NESIO,4f18563f-5aa9-f111-b374-3833c5fb3aa8,0,0,FALSE,FALSE,2,20.4,0,0,0,TRUE,1,TRUE,2605,FALSE,0,0,0,13,261.3
FALSE,0,9633-DENPU,451a563f-5aa9-f111-b374-3833c5fb3aa8,2,0,FALSE,TRUE,0,58.6,2,3,2,TRUE,2,TRUE,107,FALSE,2,3,3,47,2723.4
FALSE,2,5124-EOGYE,6b1b563f-5aa9-f111-b374-3833c5fb3aa8,4,1,FALSE,FALSE,2,20.45,2,4,4,FALSE,1,TRUE,401,FALSE,4,4,4,31,638.55
FALSE,0,1310-QRITU,791b563f-5aa9-f111-b374-3833c5fb3aa8,2,0,FALSE,FALSE,0,50.3,4,2,2,TRUE,0,TRUE,415,FALSE,2,2,3,18,913.3
FALSE,0,0816-TSPHQ,431c563f-5aa9-f111-b374-3833c5fb3aa8,4,1,FALSE,FALSE,2,20.75,2,4,4,FALSE,1,TRUE,617,FALSE,4,4,4,2,44.2
FALSE,0,6345-HOVES,731c563f-5aa9-f111-b374-3833c5fb3aa8,2,1,FALSE,FALSE,0,25.05,3,2,2,TRUE,2,FALSE,665,FALSE,2,2,3,34,852.7
FALSE,0,3570-YUEKJ,fc1c563f-5aa9-f111-b374-3833c5fb3aa8,2,0,FALSE,FALSE,0,49.55,2,3,2,TRUE,0,TRUE,802,FALSE,2,2,3,42,2077.95
FALSE,1,8319-QBEHW,191e563f-5aa9-f111-b374-3833c5fb3aa8,2,1,TRUE,FALSE,0,39.95,3,3,2,TRUE,2,FALSE,1087,FALSE,2,3,3,26,1023.75
FALSE,2,5010-IPEAQ,531e563f-5aa9-f111-b374-3833c5fb3aa8,3,0,TRUE,TRUE,0,54.2,3,3,3,FALSE,3,FALSE,1145,FALSE,2,3,2,67,3623.95
TRUE,0,4342-HENTK,d31e563f-5aa9-f111-b374-3833c5fb3aa8,2,0,FALSE,FALSE,1,70.65,2,2,2,TRUE,0,TRUE,1273,TRUE,2,2,3,2,142.35
FALSE,0,9828-QHFBK,e41f563f-5aa9-f111-b374-3833c5fb3aa8,2,1,FALSE,FALSE,0,51.15,2,2,3,TRUE,0,TRUE,1546,FALSE,2,2,3,24,1275.7
FALSE,0,3545-CNWRG,8920563f-5aa9-f111-b374-3833c5fb3aa8,2,0,TRUE,TRUE,1,98.35,4,3,2,TRUE,0,TRUE,1711,FALSE,3,3,3,49,4889.2
TRUE,0,1750-CSKKM,2a11fb45-5aa9-f111-b374-3833c5fb3aa8,2,1,TRUE,FALSE,0,55.35,2,2,2,FALSE,0,TRUE,1908,FALSE,2,3,3,9,449.75
TRUE,0,0404-SWRVG,c78d5e39-5aa9-f111-b374-3833c5fb3aa8,0,1,FALSE,FALSE,1,74.4,1,1,0,TRUE,0,TRUE,122,FALSE,0,0,0,3,229.55
FALSE,0,9919-YLNNG,f58f5e39-5aa9-f111-b374-3833c5fb3aa8,1,0,FALSE,FALSE,1,103.8,0,0,0,TRUE,2,TRUE,83,FALSE,1,1,1,42,4327.5
FALSE,2,8975-SKGRX,1e935e39-5aa9-f111-b374-3833c5fb3aa8,1,1,FALSE,TRUE,1,116.1,1,0,1,TRUE,2,TRUE,896,FALSE,1,1,1,71,8310.55
FALSE,0,4546-FOKWR,a6935e39-5aa9-f111-b374-3833c5fb3aa8,0,0,FALSE,FALSE,1,74.75,1,1,0,TRUE,3,TRUE,1089,FALSE,0,0,0,16,1129.35
TRUE,0,9269-CQOOL,b7955e39-5aa9-f111-b374-3833c5fb3aa8,0,1,TRUE,FALSE,0,54.7,0,1,0,TRUE,3,TRUE,1341,FALSE,0,1,0,3,169.45
FALSE,2,4102-HLENU,c0955e39-5aa9-f111-b374-3833c5fb3aa8,1,0,FALSE,TRUE,0,65.65,1,0,0,FALSE,1,TRUE,1350,FALSE,0,0,0,67,4322.85
FALSE,2,3070-BDOQC,2d965e39-5aa9-f111-b374-3833c5fb3aa8,1,0,FALSE,FALSE,1,99.65,0,0,0,TRUE,0,TRUE,1459,FALSE,1,1,0,60,5941.05
FALSE,0,9290-SHCMB,44965e39-5aa9-f111-b374-3833c5fb3aa8,1,0,FALSE,FALSE,1,96.85,0,1,0,TRUE,0,TRUE,1482,TRUE,1,1,0,13,1235.55
TRUE,0,9490-DFPMD,e7965e39-5aa9-f111-b374-3833c5fb3aa8,0,0,FALSE,FALSE,1,84.65,1,1,0,TRUE,0,TRUE,1645,TRUE,0,1,0,42,3541.35
FALSE,2,9350-ZXYJC,a9975e39-5aa9-f111-b374-3833c5fb3aa8,0,0,FALSE,FALSE,2,25.3,1,0,0,TRUE,3,TRUE,1839,FALSE,0,0,0,4,116.95
TRUE,0,7802-EFKNY,6e16563f-5aa9-f111-b374-3833c5fb3aa8,0,1,FALSE,TRUE,0,24.95,0,1,0,TRUE,0,FALSE,2124,FALSE,0,0,0,5,100.4
FALSE,2,5788-YPOEG,fa17563f-5aa9-f111-b374-3833c5fb3aa8,1,0,TRUE,TRUE,0,84.75,0,0,1,FALSE,1,TRUE,2520,FALSE,1,1,1,34,2839.45
FALSE,2,8237-ULIXL,2b18563f-5aa9-f111-b374-3833c5fb3aa8,0,0,FALSE,TRUE,2,24.85,1,0,0,FALSE,3,TRUE,2569,FALSE,0,0,0,72,1871.85
TRUE,0,2691-NZETQ,f718563f-5aa9-f111-b374-3833c5fb3aa8,0,1,FALSE,FALSE,1,85.35,1,1,0,TRUE,0,TRUE,2779,FALSE,0,1,0,9,758.6
TRUE,2,7762-URZQH,0c1a563f-5aa9-f111-b374-3833c5fb3aa8,3,1,FALSE,TRUE,1,106.05,4,2,3,TRUE,3,TRUE,50,FALSE,3,3,3,66,6981.35
FALSE,2,8092-NLTGF,781a563f-5aa9-f111-b374-3833c5fb3aa8,4,1,FALSE,FALSE,2,24.75,4,4,4,FALSE,2,TRUE,158,FALSE,4,4,4,72,1777.6
TRUE,0,6437-UKHMV,ae1b563f-5aa9-f111-b374-3833c5fb3aa8,2,0,FALSE,FALSE,1,79.7,2,2,2,TRUE,0,TRUE,468,FALSE,2,3,3,7,586.05
FALSE,1,6252-DFGTK,dc1c563f-5aa9-f111-b374-3833c5fb3aa8,3,0,FALSE,TRUE,0,68.1,4,2,3,FALSE,3,TRUE,770,FALSE,2,2,2,37,2479.25
TRUE,0,5383-MMTWC,831d563f-5aa9-f111-b374-3833c5fb3aa8,2,0,FALSE,TRUE,1,84,4,2,2,TRUE,0,TRUE,937,TRUE,3,2,3,8,613.4
FALSE,0,3896-RCYYE,461e563f-5aa9-f111-b374-3833c5fb3aa8,3,0,FALSE,FALSE,0,53.4,3,2,2,TRUE,3,FALSE,1132,FALSE,3,3,2,67,3579.15
FALSE,0,0118-JPNOY,5e1e563f-5aa9-f111-b374-3833c5fb3aa8,2,0,FALSE,FALSE,1,85.8,2,2,3,TRUE,3,TRUE,1156,TRUE,2,3,3,26,2193.65
TRUE,2,3259-FDWOY,501f563f-5aa9-f111-b374-3833c5fb3aa8,3,1,TRUE,TRUE,1,106,4,3,2,TRUE,2,TRUE,1398,FALSE,3,3,3,71,7723.7
FALSE,1,2233-TXSIU,8b1f563f-5aa9-f111-b374-3833c5fb3aa8,3,1,TRUE,TRUE,0,44.45,3,2,3,FALSE,3,FALSE,1457,FALSE,2,3,3,17,792.15
FALSE,0,4062-HBMOS,b31f563f-5aa9-f111-b374-3833c5fb3aa8,3,1,FALSE,FALSE,1,103.05,4,3,2,TRUE,0,TRUE,1497,FALSE,3,3,3,52,5364.8
FALSE,1,2379-GYFLQ,f48d5e39-5aa9-f111-b374-3833c5fb3aa8,1,1,FALSE,FALSE,1,94.9,1,0,0,TRUE,3,TRUE,332,FALSE,0,1,0,46,4422.95
FALSE,1,7663-ZTEGJ,1c905e39-5aa9-f111-b374-3833c5fb3aa8,1,1,TRUE,FALSE,1,100.55,1,0,0,FALSE,3,TRUE,422,FALSE,1,0,1,29,2830.45
FALSE,1,8752-IMQOS,c1905e39-5aa9-f111-b374-3833c5fb3aa8,0,1,TRUE,TRUE,2,20.1,0,0,0,FALSE,1,TRUE,587,FALSE,0,0,0,5,85.1
FALSE,0,5337-IIWKZ,b8925e39-5aa9-f111-b374-3833c5fb3aa8,1,1,TRUE,TRUE,0,44.85,0,1,0,TRUE,0,FALSE,829,FALSE,0,1,1,34,1442.6
TRUE,0,6599-RCLCJ,9b955e39-5aa9-f111-b374-3833c5fb3aa8,1,1,FALSE,TRUE,1,109.55,1,0,0,TRUE,0,TRUE,1313,FALSE,1,1,1,47,5124.55
FALSE,0,0799-DDIHE,9b965e39-5aa9-f111-b374-3833c5fb3aa8,0,0,TRUE,TRUE,0,46.3,0,1,0,FALSE,0,TRUE,1569,FALSE,0,0,0,15,639.45
FALSE,2,7860-KSUGX,87975e39-5aa9-f111-b374-3833c5fb3aa8,1,1,TRUE,TRUE,0,64.45,1,0,1,FALSE,3,TRUE,1805,FALSE,0,0,0,72,4720
FALSE,1,0380-NEAVX,bf16563f-5aa9-f111-b374-3833c5fb3aa8,1,1,FALSE,FALSE,1,99.85,0,0,0,TRUE,0,TRUE,2205,TRUE,1,1,0,34,3343.15
FALSE,0,1552-TKMXS,dd17563f-5aa9-f111-b374-3833c5fb3aa8,0,0,FALSE,TRUE,2,20.35,0,0,0,FALSE,3,TRUE,2491,FALSE,0,0,0,42,869.9
FALSE,1,4837-QUSFT,6b18563f-5aa9-f111-b374-3833c5fb3aa8,0,0,FALSE,TRUE,1,100.15,1,0,1,TRUE,2,TRUE,2633,FALSE,0,1,1,65,6643.5
FALSE,2,5465-BUBFA,3919563f-5aa9-f111-b374-3833c5fb3aa8,0,0,TRUE,TRUE,2,19.3,0,0,0,FALSE,2,TRUE,2839,FALSE,0,0,0,41,772.4
FALSE,2,6374-AFWOX,4d1a563f-5aa9-f111-b374-3833c5fb3aa8,3,1,FALSE,TRUE,0,65.65,2,3,3,FALSE,1,TRUE,115,FALSE,2,2,2,46,3047.15
TRUE,0,0345-HKJVM,ef1a563f-5aa9-f111-b374-3833c5fb3aa8,2,0,FALSE,FALSE,1,89.3,2,2,2,FALSE,0,TRUE,277,FALSE,3,3,3,6,577.6
FALSE,0,5647-FXOTP,041b563f-5aa9-f111-b374-3833c5fb3aa8,3,0,FALSE,TRUE,1,105.9,4,3,2,TRUE,0,TRUE,298,TRUE,3,3,3,60,6401.25
TRUE,0,2657-ALMWY,211c563f-5aa9-f111-b374-3833c5fb3aa8,2,0,FALSE,TRUE,1,84.95,2,3,2,FALSE,0,TRUE,583,TRUE,3,2,3,26,2169.75
FALSE,2,6087-YPWHO,e31c563f-5aa9-f111-b374-3833c5fb3aa8,3,1,FALSE,TRUE,0,68.15,4,3,3,FALSE,1,TRUE,777,FALSE,2,2,2,72,4808.7
TRUE,0,3296-SILRA,a91e563f-5aa9-f111-b374-3833c5fb3aa8,2,0,FALSE,TRUE,1,76.4,2,3,2,TRUE,1,TRUE,1231,TRUE,2,2,3,1,76.4
FALSE,0,5188-HGMLP,b01e563f-5aa9-f111-b374-3833c5fb3aa8,2,1,FALSE,TRUE,1,74,4,2,2,FALSE,2,TRUE,1238,TRUE,2,2,3,54,3919.15
TRUE,0,9947-OTFQU,6d8f5e39-5aa9-f111-b374-3833c5fb3aa8,0,1,FALSE,FALSE,1,74.4,0,0,0,TRUE,0,TRUE,247,TRUE,0,0,0,15,1074.3
TRUE,0,4629-NRXKX,718f5e39-5aa9-f111-b374-3833c5fb3aa8,0,0,TRUE,TRUE,1,70.4,0,1,0,FALSE,0,TRUE,251,FALSE,0,0,0,2,147.15
FALSE,1,0750-EBAIU,83905e39-5aa9-f111-b374-3833c5fb3aa8,1,1,FALSE,FALSE,1,91.25,0,1,1,FALSE,0,TRUE,525,FALSE,0,1,0,52,4738.3
FALSE,1,3422-WJOYD,3f935e39-5aa9-f111-b374-3833c5fb3aa8,0,1,FALSE,TRUE,0,54.35,0,1,1,FALSE,1,TRUE,1021,FALSE,0,0,1,28,1426.45
FALSE,1,1915-OAKWD,53935e39-5aa9-f111-b374-3833c5fb3aa8,0,0,TRUE,FALSE,2,19.3,0,0,0,TRUE,2,TRUE,1041,FALSE,0,0,0,16,360.35
TRUE,0,2845-HSJCY,bc955e39-5aa9-f111-b374-3833c5fb3aa8,1,0,TRUE,TRUE,1,87.25,1,1,0,TRUE,0,TRUE,1346,FALSE,1,0,0,14,1258.6
FALSE,0,4422-QVIJA,0e975e39-5aa9-f111-b374-3833c5fb3aa8,0,0,TRUE,FALSE,0,50.15,1,1,0,FALSE,1,TRUE,1684,FALSE,0,0,0,35,1655.35
FALSE,0,1222-KJNZD,46975e39-5aa9-f111-b374-3833c5fb3aa8,0,1,TRUE,TRUE,2,20.4,0,0,0,TRUE,2,TRUE,1740,FALSE,0,0,0,40,745.3
TRUE,0,7156-MHUGY,65975e39-5aa9-f111-b374-3833c5fb3aa8,0,1,FALSE,FALSE,1,90.5,0,1,0,TRUE,0,TRUE,1771,TRUE,1,1,0,13,1201.15
TRUE,1,0565-IYCGT,d115563f-5aa9-f111-b374-3833c5fb3aa8,1,1,FALSE,FALSE,0,78.6,1,0,1,TRUE,3,TRUE,1967,FALSE,1,0,1,69,5356.45
TRUE,0,8861-HGGKB,0216563f-5aa9-f111-b374-3833c5fb3aa8,0,0,FALSE,FALSE,1,86.45,1,1,0,FALSE,0,TRUE,2016,FALSE,1,0,0,10,830.85
FALSE,1,7833-PKIHD,3116563f-5aa9-f111-b374-3833c5fb3aa8,0,1,TRUE,TRUE,0,76.4,0,1,1,TRUE,2,TRUE,2063,FALSE,1,1,1,51,3966.3
FALSE,2,2251-PYLPB,4e16563f-5aa9-f111-b374-3833c5fb3aa8,1,1,FALSE,TRUE,0,79.55,1,0,1,FALSE,3,TRUE,2092,FALSE,1,0,1,72,5810.9
FALSE,1,5197-PYEPU,8617563f-5aa9-f111-b374-3833c5fb3aa8,0,0,TRUE,TRUE,1,94.45,1,0,1,TRUE,3,TRUE,2404,FALSE,0,1,0,42,3923.8
TRUE,0,2929-ERCFZ,8717563f-5aa9-f111-b374-3833c5fb3aa8,1,0,TRUE,TRUE,1,94.2,0,1,0,TRUE,0,TRUE,2405,FALSE,1,1,0,8,777.3
FALSE,2,2230-XTUWL,be17563f-5aa9-f111-b374-3833c5fb3aa8,0,0,TRUE,TRUE,2,19.55,0,0,0,FALSE,1,TRUE,2460,FALSE,0,0,0,48,883.35
FALSE,2,9135-MGVPY,ce17563f-5aa9-f111-b374-3833c5fb3aa8,1,1,FALSE,TRUE,0,84.7,0,0,1,TRUE,1,TRUE,2476,FALSE,1,1,1,69,5878.9
TRUE,0,7576-OYWBN,3f18563f-5aa9-f111-b374-3833c5fb3aa8,0,1,FALSE,FALSE,1,76.05,1,1,0,TRUE,0,TRUE,2589,TRUE,0,0,0,3,231.8
TRUE,0,6857-VWJDT,c418563f-5aa9-f111-b374-3833c5fb3aa8,0,0,FALSE,FALSE,1,95.65,1,1,0,FALSE,1,TRUE,2753,FALSE,1,1,0,1,95.65
FALSE,1,1017-FBQMM,1319563f-5aa9-f111-b374-3833c5fb3aa8,0,0,TRUE,TRUE,1,106.05,1,0,0,TRUE,3,TRUE,2801,FALSE,1,1,1,62,6703.5
FALSE,2,4884-LEVMQ,2919563f-5aa9-f111-b374-3833c5fb3aa8,0,1,FALSE,TRUE,2,20.45,0,0,0,TRUE,2,TRUE,2823,FALSE,0,0,0,39,790
FALSE,0,4146-SVFUD,5119563f-5aa9-f111-b374-3833c5fb3aa8,0,1,FALSE,FALSE,0,44.6,0,1,0,FALSE,1,TRUE,2863,FALSE,0,0,0,1,44.6
FALSE,1,6746-WAUWT,5e19563f-5aa9-f111-b374-3833c5fb3aa8,0,1,FALSE,FALSE,2,19.7,0,0,0,TRUE,3,TRUE,2876,FALSE,0,0,0,19,386.5
TRUE,0,0310-MVLET,5f19563f-5aa9-f111-b374-3833c5fb3aa8,0,0,TRUE,TRUE,1,99.15,1,0,0,TRUE,0,TRUE,2877,FALSE,1,1,0,61,6010.05
FALSE,0,1376-HHBDV,141a563f-5aa9-f111-b374-3833c5fb3aa8,2,0,FALSE,FALSE,0,48.8,2,2,3,TRUE,1,TRUE,58,FALSE,2,2,3,30,1536.75
TRUE,1,2995-UPRYS,431a563f-5aa9-f111-b374-3833c5fb3aa8,2,0,FALSE,TRUE,1,99.2,2,3,2,TRUE,3,TRUE,105,TRUE,3,3,2,40,4062.2
FALSE,0,3173-NVMPX,da1b563f-5aa9-f111-b374-3833c5fb3aa8,2,0,TRUE,TRUE,0,55.3,4,3,2,TRUE,1,TRUE,512,FALSE,2,2,3,9,501.2
FALSE,0,7401-RUBNK,ea1c563f-5aa9-f111-b374-3833c5fb3aa8,2,0,FALSE,TRUE,1,74.8,2,2,3,FALSE,0,TRUE,784,FALSE,2,2,3,18,1438.05
FALSE,0,8132-YPVBX,031d563f-5aa9-f111-b374-3833c5fb3aa8,2,0,FALSE,FALSE,1,85.95,2,3,2,TRUE,1,TRUE,809,FALSE,3,2,3,6,514.6
FALSE,0,1976-AZZPJ,691d563f-5aa9-f111-b374-3833c5fb3aa8,2,1,FALSE,TRUE,0,34.2,3,3,3,FALSE,1,FALSE,911,FALSE,2,2,3,7,256.6
FALSE,2,8265-HKSOW,b41e563f-5aa9-f111-b374-3833c5fb3aa8,3,0,TRUE,TRUE,1,107.45,4,3,3,FALSE,3,TRUE,1242,FALSE,3,2,2,72,7658.3
FALSE,2,1354-YZFNB,dc1e563f-5aa9-f111-b374-3833c5fb3aa8,4,1,TRUE,TRUE,2,19.55,2,4,4,FALSE,3,TRUE,1282,FALSE,4,4,4,4,68.8
FALSE,0,2061-VVFST,9720563f-5aa9-f111-b374-3833c5fb3aa8,4,0,FALSE,TRUE,2,19.5,2,4,4,FALSE,2,TRUE,1725,FALSE,4,4,4,37,805.2
FALSE,0,5626-MGTUK,e420563f-5aa9-f111-b374-3833c5fb3aa8,2,0,FALSE,FALSE,1,89.1,4,2,3,TRUE,2,TRUE,1802,FALSE,2,3,3,20,1879.25
FALSE,1,5681-LLOEI,e520563f-5aa9-f111-b374-3833c5fb3aa8,3,1,TRUE,TRUE,1,91.25,4,2,3,TRUE,3,TRUE,1803,FALSE,2,2,2,43,4013.8
FALSE,2,2904-GGUAZ,3311fb45-5aa9-f111-b374-3833c5fb3aa8,2,0,FALSE,TRUE,1,84.05,4,3,3,TRUE,2,TRUE,1917,FALSE,2,2,3,72,6052.25
TRUE,0,9601-BRXPO,a98e5e39-5aa9-f111-b374-3833c5fb3aa8,1,0,FALSE,TRUE,1,104.95,1,1,0,TRUE,2,TRUE,377,FALSE,1,1,1,25,2566.5
FALSE,0,4811-JBUVU,5a8f5e39-5aa9-f111-b374-3833c5fb3aa8,0,1,FALSE,FALSE,1,89.9,1,1,0,TRUE,3,TRUE,228,FALSE,1,0,1,30,2723.15
FALSE,0,3179-GBRWV,8b8f5e39-5aa9-f111-b374-3833c5fb3aa8,0,1,FALSE,TRUE,0,64.95,0,0,1,TRUE,2,TRUE,277,TRUE,1,0,0,21,1339.8
FALSE,1,5027-YOCXN,b18f5e39-5aa9-f111-b374-3833c5fb3aa8,0,1,TRUE,TRUE,1,110.05,1,0,1,FALSE,3,TRUE,315,FALSE,1,1,1,51,5686.4
TRUE,1,2037-XJFUP,7c915e39-5aa9-f111-b374-3833c5fb3aa8,1,1,FALSE,TRUE,1,95.8,0,1,0,TRUE,0,TRUE,774,FALSE,1,1,0,33,3036.75
FALSE,0,7764-BDPEE,9b925e39-5aa9-f111-b374-3833c5fb3aa8,0,1,TRUE,FALSE,2,20.85,0,0,0,FALSE,1,TRUE,967,FALSE,0,0,0,3,60.65
FALSE,2,4079-WWQQQ,34935e39-5aa9-f111-b374-3833c5fb3aa8,1,1,FALSE,FALSE,0,65.55,0,0,1,TRUE,2,FALSE,917,FALSE,1,1,1,72,4807.45
FALSE,0,3717-OEAUQ,df955e39-5aa9-f111-b374-3833c5fb3aa8,0,1,FALSE,FALSE,1,70.7,0,1,0,FALSE,1,TRUE,1381,FALSE,0,0,0,2,129.2
FALSE,2,9764-REAFF,73965e39-5aa9-f111-b374-3833c5fb3aa8,0,0,FALSE,TRUE,2,18.4,0,0,0,FALSE,2,TRUE,1529,FALSE,0,0,0,59,1057.85
FALSE,2,5656-MJEFC,7516563f-5aa9-f111-b374-3833c5fb3aa8,1,1,TRUE,TRUE,0,48.15,0,1,1,FALSE,3,FALSE,2131,FALSE,0,1,1,42,2032.3
TRUE,0,3722-WPXTK,7f17563f-5aa9-f111-b374-3833c5fb3aa8,0,1,FALSE,FALSE,1,88.35,0,1,0,TRUE,0,TRUE,2397,FALSE,1,1,0,1,88.35
FALSE,0,9588-OZDMQ,d417563f-5aa9-f111-b374-3833c5fb3aa8,0,0,FALSE,TRUE,0,45,0,1,0,TRUE,0,TRUE,2482,FALSE,0,0,0,2,89.75
TRUE,0,8433-WXGNA,ea17563f-5aa9-f111-b374-3833c5fb3aa8,0,1,FALSE,FALSE,1,75.7,0,1,1,TRUE,0,TRUE,2504,FALSE,0,0,0,2,189.2
FALSE,1,5380-XPJNZ,2018563f-5aa9-f111-b374-3833c5fb3aa8,0,0,FALSE,FALSE,2,20.05,0,0,0,FALSE,1,TRUE,2558,FALSE,0,0,0,38,678.2
FALSE,2,8454-AATJP,9a18563f-5aa9-f111-b374-3833c5fb3aa8,1,0,FALSE,FALSE,1,115.05,1,0,1,FALSE,3,TRUE,2667,FALSE,1,1,1,72,8405
FALSE,2,9371-BITHB,3d19563f-5aa9-f111-b374-3833c5fb3aa8,0,0,TRUE,TRUE,2,19.85,0,0,0,FALSE,1,TRUE,2843,FALSE,0,0,0,52,1070.5
FALSE,2,7765-LWVVH,7719563f-5aa9-f111-b374-3833c5fb3aa8,0,0,TRUE,TRUE,1,95.1,1,0,1,TRUE,0,TRUE,2901,FALSE,0,1,0,72,6843.15
FALSE,2,0254-FNMCI,f619563f-5aa9-f111-b374-3833c5fb3aa8,3,0,FALSE,FALSE,1,109.9,2,3,3,TRUE,0,TRUE,28,FALSE,3,3,2,72,7624.2
FALSE,0,0289-IVARM,df1c563f-5aa9-f111-b374-3833c5fb3aa8,3,0,FALSE,FALSE,0,60.55,2,3,3,FALSE,0,TRUE,773,FALSE,2,2,3,35,1982.6
FALSE,0,7876-BEUTG,301d563f-5aa9-f111-b374-3833c5fb3aa8,2,0,FALSE,FALSE,0,48.8,4,2,2,TRUE,1,TRUE,854,FALSE,2,2,3,15,720.1
FALSE,0,6131-JLWZM,4d1d563f-5aa9-f111-b374-3833c5fb3aa8,4,0,FALSE,FALSE,2,20.3,2,4,4,TRUE,1,TRUE,883,FALSE,4,4,4,13,275.4
TRUE,0,9661-MHUMO,1c1f563f-5aa9-f111-b374-3833c5fb3aa8,2,1,TRUE,TRUE,0,49.25,2,2,2,TRUE,3,TRUE,1346,TRUE,2,2,2,1,49.25
TRUE,0,1842-EZJMK,211f563f-5aa9-f111-b374-3833c5fb3aa8,2,1,TRUE,TRUE,1,103.7,4,3,2,FALSE,0,TRUE,1351,FALSE,3,3,2,50,5071.05
FALSE,2,9717-IOAAF,2e1f563f-5aa9-f111-b374-3833c5fb3aa8,4,1,TRUE,FALSE,2,25.85,4,4,4,TRUE,3,TRUE,1364,FALSE,4,4,4,27,788.55
FALSE,2,9610-WCESF,621f563f-5aa9-f111-b374-3833c5fb3aa8,2,1,FALSE,FALSE,0,43.9,3,2,3,FALSE,0,FALSE,1416,FALSE,2,3,2,67,3097.2
FALSE,1,9746-YKGXB,6b1f563f-5aa9-f111-b374-3833c5fb3aa8,3,1,TRUE,TRUE,0,44.25,3,2,3,FALSE,2,FALSE,1425,FALSE,3,2,3,52,2276.1
FALSE,1,0859-YGKFW,991f563f-5aa9-f111-b374-3833c5fb3aa8,4,1,TRUE,TRUE,2,20.05,2,4,4,FALSE,2,TRUE,1471,FALSE,4,4,4,18,345.9
TRUE,0,4592-IWTJI,1a20563f-5aa9-f111-b374-3833c5fb3aa8,2,0,TRUE,TRUE,0,29.7,3,2,3,FALSE,3,FALSE,1600,FALSE,2,2,3,3,91.7
FALSE,1,8690-UPCZI,2520563f-5aa9-f111-b374-3833c5fb3aa8,2,1,TRUE,TRUE,0,69.05,4,2,3,FALSE,2,TRUE,1611,FALSE,2,3,2,29,1958.45
FALSE,1,5918-VUKWP,948e5e39-5aa9-f111-b374-3833c5fb3aa8,0,0,FALSE,FALSE,2,20.55,0,0,0,FALSE,2,TRUE,174,FALSE,0,0,0,32,654.55
TRUE,0,7825-ECJRF,198f5e39-5aa9-f111-b374-3833c5fb3aa8,1,0,FALSE,FALSE,1,106.6,0,1,1,TRUE,0,TRUE,208,FALSE,1,1,1,19,1934.45
FALSE,2,3973-SKMLN,b28f5e39-5aa9-f111-b374-3833c5fb3aa8,0,1,FALSE,FALSE,2,19.9,0,0,0,TRUE,3,TRUE,316,FALSE,0,0,0,71,1355.1
FALSE,0,3016-KSVCP,fb8f5e39-5aa9-f111-b374-3833c5fb3aa8,0,1,FALSE,TRUE,0,33.75,0,1,0,FALSE,1,FALSE,89,FALSE,0,1,0,29,1009.25
FALSE,2,6859-QNXIQ,92905e39-5aa9-f111-b374-3833c5fb3aa8,1,0,TRUE,TRUE,1,113.1,1,0,1,TRUE,2,TRUE,540,FALSE,1,1,1,72,8248.5
FALSE,0,9931-KGHOA,ed905e39-5aa9-f111-b374-3833c5fb3aa8,0,0,FALSE,TRUE,0,55,1,1,1,FALSE,2,TRUE,631,FALSE,0,0,0,46,2473.95
FALSE,2,2753-JMMCV,4f915e39-5aa9-f111-b374-3833c5fb3aa8,1,1,FALSE,FALSE,0,74.2,1,0,0,TRUE,3,TRUE,729,FALSE,1,0,1,65,4805.65
FALSE,1,3551-GAEGL,a3915e39-5aa9-f111-b374-3833c5fb3aa8,0,1,TRUE,TRUE,0,30.4,0,1,1,FALSE,2,FALSE,813,FALSE,0,0,0,34,938.65
TRUE,0,7549-MYGPK,17935e39-5aa9-f111-b374-3833c5fb3aa8,1,0,TRUE,TRUE,1,100.55,1,0,1,TRUE,0,TRUE,889,FALSE,0,1,0,63,6215.35
TRUE,0,8593-WHYHV,1a975e39-5aa9-f111-b374-3833c5fb3aa8,0,1,FALSE,FALSE,1,85.3,1,1,0,TRUE,0,TRUE,1696,FALSE,1,0,0,3,264.8
TRUE,0,4547-LYTDD,d9975e39-5aa9-f111-b374-3833c5fb3aa8,0,0,FALSE,FALSE,1,72.65,1,1,0,FALSE,0,TRUE,1887,FALSE,0,0,0,16,1194.3
FALSE,0,8543-MSDMF,2116563f-5aa9-f111-b374-3833c5fb3aa8,1,1,FALSE,FALSE,0,77.4,0,1,1,TRUE,0,TRUE,2047,FALSE,1,1,0,3,206.15
FALSE,2,6384-VMJHP,4918563f-5aa9-f111-b374-3833c5fb3aa8,1,0,FALSE,FALSE,0,73,0,0,1,TRUE,3,TRUE,2599,FALSE,1,0,1,72,5265.2
TRUE,0,8128-YVJRG,b918563f-5aa9-f111-b374-3833c5fb3aa8,0,0,FALSE,FALSE,1,79.65,1,1,1,TRUE,1,TRUE,2683,FALSE,0,0,0,7,604.7
TRUE,0,7854-EDSSA,6f19563f-5aa9-f111-b374-3833c5fb3aa8,0,1,FALSE,FALSE,0,59,1,0,1,FALSE,0,TRUE,2893,FALSE,0,0,0,22,1254.7
FALSE,1,1840-BIUOG,771d563f-5aa9-f111-b374-3833c5fb3aa8,2,1,FALSE,FALSE,0,68.7,4,3,2,TRUE,0,TRUE,925,FALSE,2,3,2,20,1416.2
FALSE,2,0885-HMGPY,d51e563f-5aa9-f111-b374-3833c5fb3aa8,3,1,FALSE,FALSE,0,69.4,4,3,3,FALSE,2,TRUE,1275,FALSE,2,2,2,62,4237.5
TRUE,0,0220-EBGCE,ca1f563f-5aa9-f111-b374-3833c5fb3aa8,3,1,FALSE,FALSE,1,85.85,2,2,2,TRUE,0,TRUE,1520,FALSE,3,2,3,2,167.3
FALSE,2,6556-DBKZF,9e8f5e39-5aa9-f111-b374-3833c5fb3aa8,1,0,TRUE,TRUE,1,76.05,0,1,0,FALSE,0,TRUE,296,FALSE,0,0,0,71,5436.45
FALSE,1,8627-ZYGSZ,e48f5e39-5aa9-f111-b374-3833c5fb3aa8,0,1,FALSE,TRUE,1,78.9,1,0,0,TRUE,0,TRUE,66,FALSE,0,0,0,47,3650.35
TRUE,0,2311-QYMUQ,af925e39-5aa9-f111-b374-3833c5fb3aa8,1,0,TRUE,TRUE,1,89.45,0,0,0,TRUE,3,TRUE,825,FALSE,0,1,0,16,1430.25
FALSE,0,4026-SKKHW,59935e39-5aa9-f111-b374-3833c5fb3aa8,0,1,FALSE,FALSE,0,50.25,0,1,0,TRUE,1,TRUE,1047,FALSE,0,0,1,3,152.3
TRUE,0,1624-WOIWJ,67935e39-5aa9-f111-b374-3833c5fb3aa8,0,0,FALSE,FALSE,1,84.7,0,1,1,TRUE,1,TRUE,1057,FALSE,0,1,0,10,832.05
FALSE,0,2111-DWYHN,87935e39-5aa9-f111-b374-3833c5fb3aa8,0,1,FALSE,FALSE,2,21.1,0,0,0,FALSE,1,TRUE,1074,FALSE,0,0,0,1,21.1
TRUE,0,9824-BEMCV,fe935e39-5aa9-f111-b374-3833c5fb3aa8,0,1,TRUE,TRUE,1,69,0,1,0,TRUE,0,TRUE,1210,FALSE,0,0,0,17,1149.65
TRUE,0,5835-BEQEU,4e955e39-5aa9-f111-b374-3833c5fb3aa8,0,1,FALSE,FALSE,1,76.95,1,1,0,TRUE,0,TRUE,1236,FALSE,0,0,0,3,228.4
FALSE,1,3452-FLHYD,79955e39-5aa9-f111-b374-3833c5fb3aa8,0,1,FALSE,TRUE,2,20.95,0,0,0,TRUE,2,TRUE,1279,FALSE,0,0,0,25,495.15
FALSE,2,8819-WFGGJ,5c965e39-5aa9-f111-b374-3833c5fb3aa8,1,1,FALSE,TRUE,0,54.1,0,1,1,TRUE,2,FALSE,1506,FALSE,1,1,0,68,3794.5
FALSE,1,1696-MZVAU,16975e39-5aa9-f111-b374-3833c5fb3aa8,0,1,TRUE,TRUE,0,25.25,0,1,0,TRUE,3,FALSE,1692,FALSE,0,0,0,39,947.75
FALSE,2,1488-PBLJN,0b16563f-5aa9-f111-b374-3833c5fb3aa8,1,0,TRUE,TRUE,1,116.85,1,0,1,TRUE,2,TRUE,2025,FALSE,1,1,1,72,8477.7
FALSE,0,0673-IGUQO,6b16563f-5aa9-f111-b374-3833c5fb3aa8,0,1,FALSE,FALSE,2,20.45,0,0,0,FALSE,1,TRUE,2121,FALSE,0,0,0,1,20.45
FALSE,1,6242-SGYTS,9418563f-5aa9-f111-b374-3833c5fb3aa8,0,1,TRUE,TRUE,1,94.95,1,0,1,TRUE,3,TRUE,2664,FALSE,0,1,0,62,5791.85
FALSE,0,2277-DJJDL,4419563f-5aa9-f111-b374-3833c5fb3aa8,0,1,FALSE,TRUE,1,99,1,1,0,TRUE,0,TRUE,2850,TRUE,1,1,1,60,6017.9
TRUE,0,0679-IDSTG,7619563f-5aa9-f111-b374-3833c5fb3aa8,0,0,TRUE,TRUE,1,69.25,0,1,0,TRUE,0,TRUE,2900,TRUE,0,0,0,1,69.25
TRUE,0,2115-BFTIW,7a19563f-5aa9-f111-b374-3833c5fb3aa8,0,1,FALSE,FALSE,1,70.95,0,1,0,FALSE,1,TRUE,2904,FALSE,0,0,0,25,1767.35
FALSE,0,7136-IHZJA,2d1a563f-5aa9-f111-b374-3833c5fb3aa8,2,0,TRUE,TRUE,0,71.35,2,3,3,TRUE,1,TRUE,83,FALSE,3,2,2,40,2847.2
FALSE,0,2275-RBYQS,ba1b563f-5aa9-f111-b374-3833c5fb3aa8,2,0,FALSE,FALSE,0,45.4,2,2,2,TRUE,1,TRUE,480,FALSE,2,2,3,1,45.4
TRUE,0,0363-QJVFX,a51c563f-5aa9-f111-b374-3833c5fb3aa8,2,1,FALSE,FALSE,1,108.15,4,3,3,TRUE,3,TRUE,715,FALSE,3,3,2,32,3432.9
FALSE,2,8645-KOMJQ,de1c563f-5aa9-f111-b374-3833c5fb3aa8,3,1,TRUE,TRUE,0,81.95,4,3,2,TRUE,2,TRUE,772,FALSE,3,3,2,69,5601.4
FALSE,0,0787-LHDYT,081d563f-5aa9-f111-b374-3833c5fb3aa8,4,1,FALSE,FALSE,2,20.6,2,4,4,TRUE,3,TRUE,814,FALSE,4,4,4,16,330.25
TRUE,0,7969-AULMZ,391d563f-5aa9-f111-b374-3833c5fb3aa8,2,0,FALSE,FALSE,1,97.35,4,2,2,TRUE,0,TRUE,863,FALSE,3,3,3,21,2119.5
FALSE,2,1709-EJDOX,501d563f-5aa9-f111-b374-3833c5fb3aa8,4,0,TRUE,TRUE,2,19.75,2,4,4,FALSE,1,TRUE,886,FALSE,4,4,4,47,948.9
FALSE,0,2908-ZTPNF,871d563f-5aa9-f111-b374-3833c5fb3aa8,2,0,FALSE,FALSE,0,34.85,3,3,2,TRUE,2,FALSE,941,FALSE,2,2,2,36,1267.2
FALSE,2,3967-VQOGC,ee1e563f-5aa9-f111-b374-3833c5fb3aa8,4,0,TRUE,TRUE,2,24.9,4,4,4,TRUE,1,TRUE,1300,FALSE,4,4,4,67,1680.25
FALSE,0,2809-ZMYOQ,7a1f563f-5aa9-f111-b374-3833c5fb3aa8,3,0,FALSE,FALSE,1,101.35,4,2,2,TRUE,0,TRUE,1440,FALSE,3,3,3,32,3334.9
FALSE,0,2478-EEWWM,891f563f-5aa9-f111-b374-3833c5fb3aa8,2,1,FALSE,TRUE,0,44.3,3,2,2,TRUE,0,FALSE,1455,FALSE,3,3,3,59,2666.75
FALSE,1,1763-KUAAW,d61f563f-5aa9-f111-b374-3833c5fb3aa8,4,0,FALSE,FALSE,2,20.35,2,4,4,FALSE,2,TRUE,1532,TRUE,4,4,4,18,369.6
FALSE,2,5146-YYFRZ,0111fb45-5aa9-f111-b374-3833c5fb3aa8,4,1,FALSE,FALSE,2,19.95,2,4,4,FALSE,2,TRUE,1867,FALSE,4,4,4,67,1311.75
TRUE,0,0122-OAHPZ,f88d5e39-5aa9-f111-b374-3833c5fb3aa8,0,0,FALSE,FALSE,1,73.85,1,1,0,TRUE,0,TRUE,333,FALSE,0,0,0,7,511.25
FALSE,2,4648-YPBTM,698e5e39-5aa9-f111-b374-3833c5fb3aa8,1,1,FALSE,FALSE,0,73.9,1,0,0,TRUE,2,TRUE,163,FALSE,1,0,1,53,3958.25
FALSE,0,5948-UJZLF,d08f5e39-5aa9-f111-b374-3833c5fb3aa8,0,1,FALSE,FALSE,0,49.25,0,0,0,FALSE,1,TRUE,46,FALSE,0,0,0,2,97
FALSE,2,6900-RBKER,d9935e39-5aa9-f111-b374-3833c5fb3aa8,1,1,FALSE,FALSE,1,89.45,1,1,0,TRUE,3,TRUE,1117,FALSE,1,0,0,52,4577.75
FALSE,0,0196-JTUQI,c6955e39-5aa9-f111-b374-3833c5fb3aa8,0,0,FALSE,FALSE,1,75.2,1,1,0,TRUE,3,TRUE,1356,FALSE,0,0,0,9,633.85
FALSE,0,8189-HBVRW,f2965e39-5aa9-f111-b374-3833c5fb3aa8,1,0,FALSE,FALSE,1,90.8,1,0,1,FALSE,0,TRUE,1656,FALSE,0,0,0,53,4921.2
TRUE,0,3946-MHCZW,f9975e39-5aa9-f111-b374-3833c5fb3aa8,1,1,FALSE,FALSE,0,50.9,0,1,0,FALSE,1,TRUE,1919,FALSE,0,0,0,1,50.9
FALSE,2,7176-WRTNX,fa16563f-5aa9-f111-b374-3833c5fb3aa8,1,1,FALSE,FALSE,1,114.95,1,0,1,TRUE,2,TRUE,2264,FALSE,1,1,1,70,7711.25
FALSE,1,5732-IKGQH,fc16563f-5aa9-f111-b374-3833c5fb3aa8,1,1,FALSE,TRUE,1,104.45,0,1,1,TRUE,2,TRUE,2266,TRUE,1,1,1,52,5481.25
FALSE,0,3969-JQABI,3a18563f-5aa9-f111-b374-3833c5fb3aa8,0,0,FALSE,TRUE,0,65.25,0,0,1,TRUE,3,TRUE,2584,FALSE,0,1,0,58,3791.6
FALSE,2,7730-CLDSV,4b18563f-5aa9-f111-b374-3833c5fb3aa8,1,0,TRUE,TRUE,1,98.65,1,0,0,TRUE,2,TRUE,2601,FALSE,1,0,1,72,7129.45
FALSE,0,1110-KYLGQ,9718563f-5aa9-f111-b374-3833c5fb3aa8,1,0,FALSE,FALSE,1,108.25,1,0,1,FALSE,3,TRUE,2731,FALSE,1,1,0,63,6780.1
FALSE,0,7742-MYPGI,7c19563f-5aa9-f111-b374-3833c5fb3aa8,0,0,TRUE,TRUE,0,48.8,0,1,0,TRUE,1,TRUE,2906,FALSE,0,0,1,6,297.35
FALSE,0,4830-FAXFM,c219563f-5aa9-f111-b374-3833c5fb3aa8,0,1,TRUE,FALSE,2,24.1,1,0,0,TRUE,3,TRUE,2976,FALSE,0,0,0,19,439.2
FALSE,0,9927-DSWDF,061a563f-5aa9-f111-b374-3833c5fb3aa8,2,1,FALSE,TRUE,1,104.6,2,3,3,TRUE,0,TRUE,44,FALSE,3,3,2,22,2180.55
FALSE,1,2242-MFOTG,ff1a563f-5aa9-f111-b374-3833c5fb3aa8,2,1,FALSE,FALSE,1,80.1,4,2,3,FALSE,2,TRUE,293,FALSE,2,2,3,33,2603.3
FALSE,2,0704-VCUMB,0f1b563f-5aa9-f111-b374-3833c5fb3aa8,4,0,FALSE,TRUE,2,20.25,2,4,4,FALSE,3,TRUE,309,FALSE,4,4,4,61,1278.8
FALSE,2,1172-VIYBP,381b563f-5aa9-f111-b374-3833c5fb3aa8,2,1,TRUE,TRUE,0,69.7,4,3,3,FALSE,2,TRUE,350,FALSE,3,2,3,53,3686.05
FALSE,0,1689-YQBYY,ee1d563f-5aa9-f111-b374-3833c5fb3aa8,2,0,TRUE,FALSE,1,76.6,4,2,2,TRUE,0,TRUE,1044,FALSE,2,2,3,12,893
FALSE,2,3118-UHVVQ,0f20563f-5aa9-f111-b374-3833c5fb3aa8,4,0,FALSE,TRUE,2,25.8,4,4,4,FALSE,3,TRUE,1589,FALSE,4,4,4,68,1911.5
FALSE,0,1760-CAZHT,d620563f-5aa9-f111-b374-3833c5fb3aa8,4,1,TRUE,FALSE,2,20.8,2,4,4,FALSE,1,TRUE,1788,FALSE,4,4,4,25,460.2
FALSE,1,7795-CFOCW,d4bf25b7-0e7f-438e-a13c-10e5f46de033,1,1,FALSE,FALSE,0,42.3,0,1,1,FALSE,2,FALSE,3,FALSE,0,0,1,45,1840.75
TRUE,0,2868-SNELZ,fc8d5e39-5aa9-f111-b374-3833c5fb3aa8,1,0,FALSE,FALSE,1,80.6,1,1,0,FALSE,1,TRUE,334,FALSE,0,0,0,2,155.8
FALSE,2,2088-IEBAU,088e5e39-5aa9-f111-b374-3833c5fb3aa8,1,0,FALSE,FALSE,0,88.15,1,0,1,TRUE,0,TRUE,337,FALSE,1,1,1,68,6148.45
FALSE,2,5248-YGIJN,be8f5e39-5aa9-f111-b374-3833c5fb3aa8,1,1,FALSE,TRUE,0,90.25,1,0,1,TRUE,3,TRUE,28,FALSE,1,1,1,72,6369.45
FALSE,2,2848-YXSMW,0f905e39-5aa9-f111-b374-3833c5fb3aa8,0,1,TRUE,TRUE,2,19.4,0,0,0,FALSE,3,TRUE,109,FALSE,0,0,0,72,1363.25
TRUE,0,9399-APLBT,50905e39-5aa9-f111-b374-3833c5fb3aa8,0,0,TRUE,TRUE,1,74.7,0,0,0,TRUE,0,TRUE,474,FALSE,0,0,0,1,74.7
FALSE,2,4312-KFRXN,40915e39-5aa9-f111-b374-3833c5fb3aa8,0,1,FALSE,TRUE,2,25.4,1,0,0,FALSE,1,TRUE,714,FALSE,0,0,0,72,1710.9
FALSE,2,6115-ZTBFQ,83925e39-5aa9-f111-b374-3833c5fb3aa8,1,0,FALSE,TRUE,0,65.5,0,0,1,FALSE,2,FALSE,943,FALSE,1,1,1,72,4919.7
FALSE,1,4795-UXVCJ,f5925e39-5aa9-f111-b374-3833c5fb3aa8,0,1,FALSE,FALSE,2,19.8,0,0,0,FALSE,3,TRUE,860,FALSE,0,0,0,26,457.3
FALSE,0,0013-MHZWF,fb935e39-5aa9-f111-b374-3833c5fb3aa8,0,0,TRUE,FALSE,0,69.4,0,1,0,TRUE,3,TRUE,1207,FALSE,1,1,1,9,571.45
FALSE,0,2592-YKDIF,eb955e39-5aa9-f111-b374-3833c5fb3aa8,0,0,FALSE,FALSE,2,20.35,0,0,0,FALSE,1,TRUE,1393,FALSE,0,0,0,1,20.35
FALSE,0,3195-TQDZX,52965e39-5aa9-f111-b374-3833c5fb3aa8,0,1,FALSE,FALSE,2,20.25,0,0,0,TRUE,0,TRUE,1496,FALSE,0,0,0,3,61.45
FALSE,1,4115-UMJFQ,af975e39-5aa9-f111-b374-3833c5fb3aa8,1,1,FALSE,FALSE,0,35.75,0,0,0,TRUE,2,FALSE,1845,FALSE,0,0,0,69,2492.25
FALSE,0,1057-FOGLZ,5016563f-5aa9-f111-b374-3833c5fb3aa8,0,0,FALSE,FALSE,2,19.65,0,0,0,FALSE,1,TRUE,2094,FALSE,0,0,0,18,391.7
TRUE,0,8051-HJRLT,7716563f-5aa9-f111-b374-3833c5fb3aa8,0,0,FALSE,FALSE,1,70.55,0,1,0,TRUE,0,TRUE,2133,TRUE,0,0,0,1,70.55
FALSE,0,6131-IUNXN,b616563f-5aa9-f111-b374-3833c5fb3aa8,0,0,TRUE,TRUE,2,20.2,0,0,0,FALSE,1,TRUE,2196,FALSE,0,0,0,19,382.2
FALSE,0,8552-OBVRU,2917563f-5aa9-f111-b374-3833c5fb3aa8,1,0,TRUE,TRUE,1,104.5,0,1,1,TRUE,0,TRUE,2311,TRUE,1,1,1,48,5068.05
TRUE,0,6877-TJMBR,6c18563f-5aa9-f111-b374-3833c5fb3aa8,0,1,FALSE,TRUE,1,84.8,0,1,0,TRUE,0,TRUE,2634,FALSE,0,1,1,1,84.8
FALSE,0,4139-JPIAM,8619563f-5aa9-f111-b374-3833c5fb3aa8,0,1,FALSE,FALSE,0,44.45,0,1,1,TRUE,3,FALSE,2916,FALSE,1,0,1,51,2181.55
TRUE,0,1591-NFNLQ,b719563f-5aa9-f111-b374-3833c5fb3aa8,1,1,FALSE,FALSE,1,80,1,1,0,FALSE,3,TRUE,2965,FALSE,0,0,0,51,4242.35
TRUE,0,8485-GJCDN,d51a563f-5aa9-f111-b374-3833c5fb3aa8,2,0,FALSE,FALSE,1,69.05,2,2,2,TRUE,1,TRUE,251,TRUE,2,2,3,5,318.5
FALSE,0,0997-YTLNY,f51a563f-5aa9-f111-b374-3833c5fb3aa8,2,0,TRUE,FALSE,0,48.8,2,2,2,FALSE,1,TRUE,283,FALSE,2,2,2,19,953.65
TRUE,2,6386-SZZKH,281b563f-5aa9-f111-b374-3833c5fb3aa8,3,0,TRUE,TRUE,1,107.95,4,3,2,TRUE,2,TRUE,334,FALSE,3,3,2,49,5293.2
TRUE,0,6005-OBZPH,731b563f-5aa9-f111-b374-3833c5fb3aa8,2,0,FALSE,FALSE,1,89.15,4,3,2,TRUE,0,TRUE,409,TRUE,2,3,3,26,2277.65
FALSE,1,5602-BVFMK,9f1c563f-5aa9-f111-b374-3833c5fb3aa8,4,0,FALSE,FALSE,2,19.3,2,4,4,FALSE,1,TRUE,709,FALSE,4,4,4,12,228.75
FALSE,2,8050-DVOJX,a31c563f-5aa9-f111-b374-3833c5fb3aa8,3,1,FALSE,FALSE,0,81.35,4,3,3,FALSE,3,TRUE,713,TRUE,3,2,2,49,4060.9
FALSE,0,1431-CYWMH,cc1c563f-5aa9-f111-b374-3833c5fb3aa8,4,0,TRUE,TRUE,2,19.05,2,4,4,FALSE,2,TRUE,754,FALSE,4,4,4,22,454.05
FALSE,2,1555-HAPSU,fe1c563f-5aa9-f111-b374-3833c5fb3aa8,4,0,TRUE,TRUE,2,23.9,4,4,4,FALSE,3,TRUE,804,FALSE,4,4,4,71,1663.5
FALSE,2,4701-LKOZD,0a1f563f-5aa9-f111-b374-3833c5fb3aa8,3,0,FALSE,FALSE,0,89.75,4,3,3,FALSE,3,TRUE,1328,FALSE,3,3,2,70,6367.2
FALSE,2,5135-RDDQL,c11f563f-5aa9-f111-b374-3833c5fb3aa8,2,0,TRUE,TRUE,0,50.65,2,2,3,TRUE,2,TRUE,1511,FALSE,2,2,3,63,3221.25
FALSE,1,7696-AMHOD,0620563f-5aa9-f111-b374-3833c5fb3aa8,3,0,TRUE,TRUE,0,78,0,3,2,FALSE,3,TRUE,1580,FALSE,3,3,3,49,3824.2
FALSE,0,6497-TILVL,cb8d5e39-5aa9-f111-b374-3833c5fb3aa8,0,0,TRUE,TRUE,0,50.7,0,1,1,FALSE,1,TRUE,123,FALSE,0,0,0,7,350.35
FALSE,1,6655-LHBYW,778f5e39-5aa9-f111-b374-3833c5fb3aa8,1,1,FALSE,FALSE,1,114.35,1,0,1,FALSE,3,TRUE,257,FALSE,1,1,1,50,5791.1
FALSE,1,2294-SALNE,9a8f5e39-5aa9-f111-b374-3833c5fb3aa8,1,1,TRUE,TRUE,1,86.8,0,0,0,FALSE,1,TRUE,292,FALSE,0,0,1,23,1940.8
FALSE,2,0486-LGCCH,56905e39-5aa9-f111-b374-3833c5fb3aa8,0,1,TRUE,TRUE,2,19.65,0,0,0,FALSE,1,TRUE,480,FALSE,0,0,0,11,225.75
TRUE,0,3908-BLSYF,10935e39-5aa9-f111-b374-3833c5fb3aa8,1,0,FALSE,FALSE,1,83.9,0,1,0,FALSE,0,TRUE,882,FALSE,1,0,0,6,497.55
FALSE,1,9170-ARBTB,9c935e39-5aa9-f111-b374-3833c5fb3aa8,0,0,TRUE,TRUE,2,19.6,0,0,0,FALSE,3,TRUE,1084,FALSE,0,0,0,52,1012.4
FALSE,1,6718-BDGHG,11965e39-5aa9-f111-b374-3833c5fb3aa8,0,0,FALSE,TRUE,0,64.85,1,1,0,TRUE,2,TRUE,1431,FALSE,0,1,1,43,2908.2
TRUE,0,0151-ONTOV,ff16563f-5aa9-f111-b374-3833c5fb3aa8,0,0,FALSE,FALSE,1,70.9,0,1,0,FALSE,1,TRUE,2269,FALSE,0,0,0,1,70.9
TRUE,0,0397-GZBBC,d217563f-5aa9-f111-b374-3833c5fb3aa8,0,1,FALSE,TRUE,1,93.85,1,1,0,TRUE,2,TRUE,2480,TRUE,1,1,0,59,5574.75
FALSE,2,3948-KXDUF,ae18563f-5aa9-f111-b374-3833c5fb3aa8,1,1,FALSE,FALSE,0,68.75,1,0,1,FALSE,2,TRUE,2742,FALSE,0,0,1,66,4447.55
TRUE,1,0431-APWVY,f218563f-5aa9-f111-b374-3833c5fb3aa8,0,0,TRUE,TRUE,1,90.1,0,1,0,TRUE,2,TRUE,2711,FALSE,1,1,0,28,2598.95
TRUE,0,3672-YITQD,8b1a563f-5aa9-f111-b374-3833c5fb3aa8,2,1,FALSE,TRUE,1,84.1,4,2,2,TRUE,0,TRUE,177,TRUE,3,2,3,36,3021.6
FALSE,2,5320-BRKGK,541b563f-5aa9-f111-b374-3833c5fb3aa8,3,0,TRUE,TRUE,0,75.8,4,2,3,FALSE,1,TRUE,378,FALSE,2,3,2,58,4415.75
FALSE,1,1757-TCATG,d11b563f-5aa9-f111-b374-3833c5fb3aa8,4,1,TRUE,TRUE,2,20.05,2,4,4,FALSE,2,TRUE,503,FALSE,4,4,4,35,746.75
FALSE,0,2043-WVTQJ,e11b563f-5aa9-f111-b374-3833c5fb3aa8,3,1,FALSE,TRUE,0,55.7,2,2,3,FALSE,1,TRUE,519,FALSE,2,2,3,1,55.7
FALSE,1,6933-VLYFX,171d563f-5aa9-f111-b374-3833c5fb3aa8,3,1,TRUE,TRUE,0,59.95,3,2,3,FALSE,0,FALSE,829,FALSE,3,3,2,31,1848.8
TRUE,0,6877-LGWXO,971d563f-5aa9-f111-b374-3833c5fb3aa8,2,1,FALSE,TRUE,1,78.55,2,2,2,FALSE,0,TRUE,957,TRUE,3,2,3,18,1422.65
TRUE,0,2868-MZAGQ,6a1e563f-5aa9-f111-b374-3833c5fb3aa8,2,1,FALSE,FALSE,1,79.25,2,2,2,TRUE,0,TRUE,1168,FALSE,3,2,3,1,79.25
TRUE,0,0328-GRPMV,cd1e563f-5aa9-f111-b374-3833c5fb3aa8,2,0,FALSE,FALSE,1,70.1,2,2,2,TRUE,0,TRUE,1267,FALSE,2,2,3,1,70.1
FALSE,0,2717-HVIZY,e01e563f-5aa9-f111-b374-3833c5fb3aa8,4,0,TRUE,FALSE,2,20.05,2,4,4,FALSE,1,TRUE,1286,FALSE,4,4,4,8,163.6
FALSE,2,4940-KHCWD,6920563f-5aa9-f111-b374-3833c5fb3aa8,2,0,FALSE,TRUE,0,37.7,3,3,3,FALSE,2,FALSE,1679,FALSE,2,2,2,60,2288.7
TRUE,0,3768-NLUBH,8f20563f-5aa9-f111-b374-3833c5fb3aa8,3,1,FALSE,TRUE,1,100.6,4,2,2,FALSE,0,TRUE,1717,TRUE,3,3,3,57,5746.15
FALSE,1,5651-CRHKQ,b48e5e39-5aa9-f111-b374-3833c5fb3aa8,1,0,FALSE,TRUE,1,86.2,0,0,0,TRUE,2,TRUE,380,FALSE,0,0,1,41,3339.05
TRUE,0,6986-IJDHX,98905e39-5aa9-f111-b374-3833c5fb3aa8,0,1,TRUE,TRUE,1,86.3,0,0,0,TRUE,1,TRUE,546,FALSE,0,1,0,39,3266
FALSE,1,5313-FPXWG,24915e39-5aa9-f111-b374-3833c5fb3aa8,0,1,FALSE,FALSE,2,24.6,1,0,0,TRUE,2,TRUE,686,FALSE,0,0,0,51,1266.4
FALSE,2,8859-AXJZP,98915e39-5aa9-f111-b374-3833c5fb3aa8,0,1,TRUE,TRUE,2,23.8,1,0,0,TRUE,1,TRUE,802,FALSE,0,0,0,39,903.8
FALSE,2,4849-PYRLQ,97925e39-5aa9-f111-b374-3833c5fb3aa8,1,0,FALSE,FALSE,0,73.25,1,1,1,FALSE,2,TRUE,963,TRUE,1,0,1,56,4054.2
FALSE,1,4730-AWNAU,78955e39-5aa9-f111-b374-3833c5fb3aa8,1,1,TRUE,TRUE,0,60.7,0,1,1,FALSE,3,FALSE,1278,FALSE,1,1,1,36,2234.55
FALSE,0,7041-TXQJH,56965e39-5aa9-f111-b374-3833c5fb3aa8,1,0,FALSE,FALSE,0,40.2,0,1,0,TRUE,3,FALSE,1500,FALSE,1,0,0,37,1478.85
TRUE,0,2761-OCIAX,b5965e39-5aa9-f111-b374-3833c5fb3aa8,0,1,FALSE,FALSE,1,74.7,0,0,0,TRUE,0,TRUE,1595,TRUE,0,0,0,2,165.4
TRUE,0,4423-YLHDV,20975e39-5aa9-f111-b374-3833c5fb3aa8,1,0,FALSE,TRUE,1,104.4,1,1,1,TRUE,2,TRUE,1702,FALSE,1,1,0,21,2200.25
FALSE,1,9705-IOVQQ,3e975e39-5aa9-f111-b374-3833c5fb3aa8,0,1,TRUE,TRUE,1,99,1,0,0,FALSE,0,TRUE,1732,TRUE,1,1,0,61,5969.3
FALSE,2,3902-MIVLE,5e975e39-5aa9-f111-b374-3833c5fb3aa8,1,1,TRUE,TRUE,0,75.7,1,1,1,FALSE,1,TRUE,1764,FALSE,1,0,1,63,4676.7
FALSE,1,7369-TRPFD,b0975e39-5aa9-f111-b374-3833c5fb3aa8,0,1,FALSE,FALSE,2,18.8,0,0,0,FALSE,1,TRUE,1846,FALSE,0,0,0,19,279.2
FALSE,0,8100-HZZLJ,1516563f-5aa9-f111-b374-3833c5fb3aa8,0,0,TRUE,FALSE,0,63.95,0,0,1,TRUE,0,TRUE,2035,FALSE,1,0,0,43,2737.05
FALSE,0,8087-LGYHQ,5316563f-5aa9-f111-b374-3833c5fb3aa8,1,1,FALSE,FALSE,1,94.05,0,1,0,TRUE,0,TRUE,2097,FALSE,1,1,0,9,811.65
FALSE,1,5802-ADBRC,c516563f-5aa9-f111-b374-3833c5fb3aa8,1,0,FALSE,TRUE,1,104.4,1,1,1,TRUE,1,TRUE,2211,FALSE,1,1,0,50,5232.9
FALSE,2,3398-GCPMU,e216563f-5aa9-f111-b374-3833c5fb3aa8,1,0,TRUE,TRUE,0,89.55,1,0,1,TRUE,3,TRUE,2240,TRUE,1,1,1,72,6448.85
FALSE,0,1465-WCZVT,a417563f-5aa9-f111-b374-3833c5fb3aa8,0,0,TRUE,TRUE,2,19.65,0,0,0,FALSE,1,TRUE,2434,FALSE,0,0,0,3,60.65
FALSE,1,9640-ZSLDC,e418563f-5aa9-f111-b374-3833c5fb3aa8,1,0,TRUE,TRUE,0,60.6,0,1,0,FALSE,3,TRUE,2704,FALSE,1,0,0,53,3297
TRUE,1,6158-DWPZT,1619563f-5aa9-f111-b374-3833c5fb3aa8,0,1,FALSE,TRUE,0,24.1,0,1,0,FALSE,2,FALSE,2804,FALSE,0,0,0,9,259.8
TRUE,0,2911-UREFD,181a563f-5aa9-f111-b374-3833c5fb3aa8,3,0,FALSE,TRUE,0,55.9,3,2,3,FALSE,0,FALSE,62,FALSE,3,3,3,39,2184.35
FALSE,0,1421-HCERK,d41c563f-5aa9-f111-b374-3833c5fb3aa8,3,1,FALSE,TRUE,1,105.7,4,3,3,TRUE,2,TRUE,762,TRUE,2,3,2,30,3181.8
FALSE,0,2709-UQGNP,561d563f-5aa9-f111-b374-3833c5fb3aa8,2,1,FALSE,FALSE,0,51.65,2,2,3,TRUE,1,TRUE,892,FALSE,2,2,3,10,524.5
FALSE,0,2096-XOTMO,701f563f-5aa9-f111-b374-3833c5fb3aa8,4,0,TRUE,TRUE,2,19.35,2,4,4,FALSE,1,TRUE,1430,FALSE,4,4,4,16,275.9
FALSE,2,8164-OCKUJ,931f563f-5aa9-f111-b374-3833c5fb3aa8,4,0,TRUE,TRUE,2,20.6,2,4,4,FALSE,1,TRUE,1465,FALSE,4,4,4,59,1286
FALSE,1,0661-KQHNK,ee1f563f-5aa9-f111-b374-3833c5fb3aa8,4,0,TRUE,TRUE,2,19,2,4,4,FALSE,3,TRUE,1556,FALSE,4,4,4,6,105.5
FALSE,0,8725-JEDFD,df20563f-5aa9-f111-b374-3833c5fb3aa8,2,1,FALSE,FALSE,1,69.05,2,2,2,TRUE,1,TRUE,1797,FALSE,2,2,3,27,1793.25
FALSE,1,2371-KFUOG,4111fb45-5aa9-f111-b374-3833c5fb3aa8,2,1,FALSE,FALSE,1,99.15,2,3,3,FALSE,2,TRUE,1931,FALSE,3,3,3,58,5720.95
FALSE,2,8587-XYZSF,ed8d5e39-5aa9-f111-b374-3833c5fb3aa8,0,1,FALSE,FALSE,0,50.55,0,1,0,FALSE,2,TRUE,132,FALSE,0,0,1,67,3260.1
FALSE,1,4709-LKHYG,2c8f5e39-5aa9-f111-b374-3833c5fb3aa8,0,0,TRUE,TRUE,2,20,0,0,0,FALSE,0,TRUE,213,FALSE,0,0,0,29,540.05
FALSE,0,7310-EGVHZ,c38f5e39-5aa9-f111-b374-3833c5fb3aa8,0,1,FALSE,FALSE,2,20.2,0,0,0,FALSE,2,TRUE,33,FALSE,0,0,0,1,20.2
FALSE,0,3679-XASPY,07905e39-5aa9-f111-b374-3833c5fb3aa8,0,0,TRUE,TRUE,2,19.45,0,0,0,FALSE,0,TRUE,101,FALSE,0,0,0,1,19.45
TRUE,0,2359-KMGLI,51905e39-5aa9-f111-b374-3833c5fb3aa8,0,1,FALSE,FALSE,1,80.25,1,0,0,TRUE,0,TRUE,475,FALSE,0,0,0,24,1861.5
FALSE,2,3649-JPUGY,5d905e39-5aa9-f111-b374-3833c5fb3aa8,1,1,FALSE,FALSE,0,88.6,1,0,0,TRUE,2,TRUE,487,FALSE,1,1,1,72,6201.95
FALSE,0,6286-ZHAOK,93915e39-5aa9-f111-b374-3833c5fb3aa8,0,0,TRUE,TRUE,2,25.55,1,0,0,TRUE,2,TRUE,797,FALSE,0,0,0,20,507.4
TRUE,0,6680-WKXRZ,85925e39-5aa9-f111-b374-3833c5fb3aa8,0,0,FALSE,FALSE,1,74.4,1,1,0,FALSE,2,TRUE,945,FALSE,0,0,0,3,215.8
TRUE,0,2074-GKOWZ,69935e39-5aa9-f111-b374-3833c5fb3aa8,0,1,TRUE,TRUE,1,89.55,0,1,0,TRUE,2,TRUE,1058,FALSE,1,1,0,2,185.55
FALSE,1,6807-SIWJI,ea935e39-5aa9-f111-b374-3833c5fb3aa8,0,1,FALSE,FALSE,1,104.85,1,0,1,TRUE,0,TRUE,1190,FALSE,1,1,0,38,3887.25
FALSE,2,3108-PCCGG,84955e39-5aa9-f111-b374-3833c5fb3aa8,1,1,FALSE,TRUE,0,84.45,1,0,1,FALSE,3,TRUE,1290,TRUE,1,1,0,72,5899.85
FALSE,1,1866-NXPSP,95955e39-5aa9-f111-b374-3833c5fb3aa8,1,0,FALSE,FALSE,0,75.55,0,0,1,FALSE,1,TRUE,1307,FALSE,1,0,1,36,2680.15
FALSE,2,6035-RIIOM,d1965e39-5aa9-f111-b374-3833c5fb3aa8,0,0,FALSE,FALSE,1,97.2,1,0,0,TRUE,2,TRUE,1623,FALSE,1,1,0,54,5129.45
FALSE,0,9470-XCCEM,5c975e39-5aa9-f111-b374-3833c5fb3aa8,0,1,TRUE,TRUE,1,89.65,1,0,0,TRUE,2,TRUE,1762,FALSE,0,1,0,35,3161.6
FALSE,1,4815-YOSUK,bd16563f-5aa9-f111-b374-3833c5fb3aa8,1,1,TRUE,TRUE,1,104.9,1,0,1,TRUE,3,TRUE,2203,FALSE,1,0,1,72,7537.5
TRUE,0,2528-HFYZX,d216563f-5aa9-f111-b374-3833c5fb3aa8,0,1,FALSE,TRUE,1,76.45,0,0,0,TRUE,0,TRUE,2224,TRUE,0,0,0,17,1233.4
FALSE,2,9239-GZHZE,fd16563f-5aa9-f111-b374-3833c5fb3aa8,1,0,FALSE,TRUE,1,113.65,1,0,1,TRUE,3,TRUE,2267,FALSE,1,1,1,72,8124.2
FALSE,0,7928-VJYAB,3117563f-5aa9-f111-b374-3833c5fb3aa8,0,1,TRUE,TRUE,1,90.6,0,1,0,FALSE,0,TRUE,2319,FALSE,1,1,0,11,1020.2
FALSE,1,7706-YLMQA,bf17563f-5aa9-f111-b374-3833c5fb3aa8,0,0,FALSE,FALSE,2,19.7,0,0,0,FALSE,2,TRUE,2461,FALSE,0,0,0,70,1341.5
TRUE,0,1323-OOEPC,c917563f-5aa9-f111-b374-3833c5fb3aa8,0,0,FALSE,TRUE,1,98.4,1,0,0,TRUE,3,TRUE,2471,FALSE,1,1,0,53,5149.5
FALSE,2,8263-QMNTJ,2118563f-5aa9-f111-b374-3833c5fb3aa8,1,1,FALSE,TRUE,1,115.55,1,0,1,TRUE,0,TRUE,2559,FALSE,1,1,1,72,8425.3
FALSE,2,0907-HQNTS,6e18563f-5aa9-f111-b374-3833c5fb3aa8,1,0,FALSE,TRUE,1,113,1,0,1,TRUE,3,TRUE,2636,TRUE,1,1,1,70,7987.6
TRUE,0,2195-ZRVAX,7418563f-5aa9-f111-b374-3833c5fb3aa8,1,0,FALSE,TRUE,1,85.3,0,1,0,TRUE,0,TRUE,2642,FALSE,1,0,0,47,4045.65
TRUE,1,4404-HIBDJ,f918563f-5aa9-f111-b374-3833c5fb3aa8,1,0,FALSE,FALSE,0,74.3,0,0,1,FALSE,1,TRUE,2780,FALSE,0,1,1,25,1863.8
FALSE,1,1015-JPFYW,1919563f-5aa9-f111-b374-3833c5fb3aa8,0,1,TRUE,FALSE,2,19.45,0,0,0,FALSE,1,TRUE,2807,FALSE,0,0,0,7,136.75
FALSE,2,9435-JMLSX,9919563f-5aa9-f111-b374-3833c5fb3aa8,1,1,FALSE,TRUE,0,86.1,0,0,1,TRUE,2,TRUE,2935,FALSE,1,1,1,71,6045.9
FALSE,0,6034-YMTOB,511a563f-5aa9-f111-b374-3833c5fb3aa8,2,0,FALSE,FALSE,1,75.65,2,2,2,TRUE,1,TRUE,119,FALSE,2,2,2,5,399.45
TRUE,0,9840-DVNDC,a81c563f-5aa9-f111-b374-3833c5fb3aa8,2,1,FALSE,FALSE,1,80.5,2,2,2,TRUE,3,TRUE,718,FALSE,2,3,3,6,463.05
FALSE,1,8033-VCZGH,7b1e563f-5aa9-f111-b374-3833c5fb3aa8,3,1,FALSE,TRUE,1,103.95,4,2,3,TRUE,0,TRUE,1185,FALSE,3,3,3,50,5231.3
FALSE,2,9541-PWTWO,ed1e563f-5aa9-f111-b374-3833c5fb3aa8,3,0,FALSE,FALSE,0,80.95,4,2,2,TRUE,2,TRUE,1299,FALSE,3,3,2,52,4233.95
TRUE,0,8884-ADFVN,2f1f563f-5aa9-f111-b374-3833c5fb3aa8,3,1,FALSE,TRUE,1,101.95,4,2,2,TRUE,0,TRUE,1365,TRUE,3,3,3,7,700.85
TRUE,0,5909-ECHUI,e71f563f-5aa9-f111-b374-3833c5fb3aa8,2,0,FALSE,FALSE,0,56.25,2,2,2,TRUE,0,TRUE,1549,FALSE,3,2,3,1,56.25
FALSE,2,4891-NLUBA,eb1f563f-5aa9-f111-b374-3833c5fb3aa8,3,0,TRUE,TRUE,0,61.45,3,3,2,TRUE,2,FALSE,1553,FALSE,3,3,2,61,3751.15
TRUE,0,0818-OCPZO,5420563f-5aa9-f111-b374-3833c5fb3aa8,2,1,FALSE,FALSE,1,81.45,4,3,2,TRUE,0,TRUE,1658,TRUE,2,2,3,27,2122.05
FALSE,2,3655-SNQYZ,f443b321-e6ab-4734-867d-5324ca6f1162,1,0,TRUE,TRUE,1,113.25,1,0,1,FALSE,3,TRUE,15,FALSE,1,1,1,69,7895.15
FALSE,1,9323-HGFWY,f98e5e39-5aa9-f111-b374-3833c5fb3aa8,0,0,FALSE,TRUE,1,101.9,0,1,1,TRUE,3,TRUE,200,FALSE,1,1,1,27,2681.15
TRUE,0,8168-UQWWF,c98f5e39-5aa9-f111-b374-3833c5fb3aa8,1,0,FALSE,FALSE,1,97.85,1,1,0,TRUE,2,TRUE,39,FALSE,1,1,0,11,1105.4
TRUE,0,3583-EKAPL,4d905e39-5aa9-f111-b374-3833c5fb3aa8,0,1,FALSE,FALSE,0,55,0,1,0,TRUE,0,TRUE,471,FALSE,1,0,0,1,55
FALSE,0,8981-FJGLA,70905e39-5aa9-f111-b374-3833c5fb3aa8,1,1,TRUE,FALSE,1,78,1,1,0,TRUE,1,TRUE,506,FALSE,0,0,0,11,851.8
FALSE,2,2499-AJYUA,5f915e39-5aa9-f111-b374-3833c5fb3aa8,1,0,FALSE,TRUE,1,110.8,1,0,0,TRUE,3,TRUE,745,TRUE,1,1,1,72,7882.25
FALSE,0,8467-WYNSR,8c925e39-5aa9-f111-b374-3833c5fb3aa8,0,1,FALSE,FALSE,0,55.1,0,1,1,FALSE,1,TRUE,952,FALSE,0,0,1,22,1253.15
FALSE,2,0604-THJFP,a2925e39-5aa9-f111-b374-3833c5fb3aa8,0,0,TRUE,TRUE,0,75.95,0,0,0,TRUE,3,TRUE,974,FALSE,1,1,1,59,4542.35
FALSE,0,2267-FPIMA,21935e39-5aa9-f111-b374-3833c5fb3aa8,0,1,FALSE,TRUE,1,94.4,1,0,1,TRUE,3,TRUE,899,FALSE,1,0,0,50,4914.9
FALSE,1,1430-SFQSA,96935e39-5aa9-f111-b374-3833c5fb3aa8,0,1,FALSE,FALSE,0,35.6,0,1,1,FALSE,1,FALSE,1146,FALSE,0,0,1,29,1072.6
TRUE,0,7851-WZEKY,9b935e39-5aa9-f111-b374-3833c5fb3aa8,0,0,FALSE,FALSE,1,95.15,1,1,0,TRUE,0,TRUE,1148,FALSE,1,1,0,2,196.9
FALSE,0,5624-RYAMH,c5955e39-5aa9-f111-b374-3833c5fb3aa8,0,0,FALSE,FALSE,2,19.5,0,0,0,TRUE,0,TRUE,1355,FALSE,0,0,0,9,178.85
FALSE,1,6250-CGGUN,d2955e39-5aa9-f111-b374-3833c5fb3aa8,1,1,FALSE,FALSE,1,84.4,0,1,1,FALSE,0,TRUE,1368,FALSE,0,0,1,54,4484.05
FALSE,2,8957-THMOA,4d16563f-5aa9-f111-b374-3833c5fb3aa8,0,0,TRUE,FALSE,2,20.15,0,0,0,FALSE,3,TRUE,2091,FALSE,0,0,0,50,970.85
FALSE,0,1763-WQFUK,8216563f-5aa9-f111-b374-3833c5fb3aa8,0,1,FALSE,FALSE,0,50.5,0,1,0,TRUE,1,TRUE,2144,FALSE,0,0,1,3,147.75
FALSE,2,2530-FMFXO,a816563f-5aa9-f111-b374-3833c5fb3aa8,1,1,TRUE,TRUE,1,103.2,1,1,0,TRUE,0,TRUE,2182,FALSE,1,1,1,56,5873.75
TRUE,0,0320-JDNQG,0417563f-5aa9-f111-b374-3833c5fb3aa8,0,1,TRUE,TRUE,1,99.85,0,1,1,TRUE,0,TRUE,2274,FALSE,1,1,1,23,2331.3
FALSE,2,6614-YWYSC,d317563f-5aa9-f111-b374-3833c5fb3aa8,0,1,FALSE,TRUE,2,25,1,0,0,FALSE,2,TRUE,2481,TRUE,0,0,0,61,1501.75
FALSE,0,9506-UXUSK,db18563f-5aa9-f111-b374-3833c5fb3aa8,0,1,FALSE,FALSE,1,70.15,0,1,0,TRUE,0,TRUE,2765,FALSE,0,0,0,13,931.75
FALSE,0,0674-DGMAQ,8219563f-5aa9-f111-b374-3833c5fb3aa8,1,1,FALSE,TRUE,1,93.5,1,0,0,TRUE,0,TRUE,2912,TRUE,1,0,0,32,2970.8
FALSE,0,4724-WXVWF,3d1b563f-5aa9-f111-b374-3833c5fb3aa8,2,1,FALSE,FALSE,1,95.4,4,2,3,TRUE,0,TRUE,355,FALSE,3,2,2,48,4445.3
TRUE,0,5515-IDEJJ,5e1b563f-5aa9-f111-b374-3833c5fb3aa8,4,1,TRUE,TRUE,2,19.9,2,4,4,FALSE,1,TRUE,388,FALSE,4,4,4,1,19.9
TRUE,1,7614-QVWQL,cb1b563f-5aa9-f111-b374-3833c5fb3aa8,2,1,TRUE,TRUE,0,51.8,3,3,2,TRUE,2,FALSE,497,FALSE,3,3,3,49,2541.25
FALSE,2,4199-QHJNM,bd1c563f-5aa9-f111-b374-3833c5fb3aa8,2,1,FALSE,TRUE,1,102.9,4,3,2,FALSE,2,TRUE,739,TRUE,3,3,2,67,6989.7
FALSE,2,5093-FEGLU,3a1d563f-5aa9-f111-b374-3833c5fb3aa8,4,0,FALSE,TRUE,2,19.65,2,4,4,FALSE,2,TRUE,864,FALSE,4,4,4,47,921.55
TRUE,1,6777-TGHTM,471d563f-5aa9-f111-b374-3833c5fb3aa8,3,0,FALSE,FALSE,1,106.95,4,2,3,TRUE,3,TRUE,877,FALSE,3,3,3,53,5785.5
FALSE,0,7054-ENNGU,601d563f-5aa9-f111-b374-3833c5fb3aa8,2,0,FALSE,TRUE,0,50.85,2,3,2,FALSE,1,TRUE,902,FALSE,2,2,3,9,466.6
FALSE,2,6685-XSHHU,5b1e563f-5aa9-f111-b374-3833c5fb3aa8,4,1,TRUE,TRUE,2,20.95,2,4,4,TRUE,2,TRUE,1153,FALSE,4,4,4,60,1270.55
FALSE,0,3043-SUDUA,f51e563f-5aa9-f111-b374-3833c5fb3aa8,4,0,FALSE,FALSE,2,19.9,2,4,4,FALSE,2,TRUE,1307,FALSE,4,4,4,32,601.55
FALSE,2,2999-AANRQ,671f563f-5aa9-f111-b374-3833c5fb3aa8,2,0,FALSE,FALSE,0,71.05,2,3,3,FALSE,3,TRUE,1421,FALSE,2,3,2,21,1524.85
TRUE,2,6034-ZRYCV,6a1f563f-5aa9-f111-b374-3833c5fb3aa8,3,0,FALSE,TRUE,0,54.2,3,3,2,TRUE,0,FALSE,1424,FALSE,3,3,3,72,3937.45
FALSE,2,3266-FTKHB,711f563f-5aa9-f111-b374-3833c5fb3aa8,4,1,FALSE,FALSE,2,19.15,2,4,4,FALSE,1,TRUE,1431,FALSE,4,4,4,17,343.45
FALSE,2,7799-LGRDP,f98d5e39-5aa9-f111-b374-3833c5fb3aa8,0,0,FALSE,FALSE,2,25.7,1,0,0,TRUE,3,TRUE,135,FALSE,0,0,0,43,1188.2
FALSE,1,2907-ILJBN,6d8e5e39-5aa9-f111-b374-3833c5fb3aa8,0,0,TRUE,TRUE,2,20.6,0,0,0,FALSE,1,TRUE,164,FALSE,0,0,0,0,233.9
FALSE,2,8028-PNXHQ,eb8f5e39-5aa9-f111-b374-3833c5fb3aa8,0,1,TRUE,TRUE,2,24.25,1,0,0,TRUE,2,TRUE,73,FALSE,0,0,0,62,1424.6
TRUE,0,0107-WESLM,d2935e39-5aa9-f111-b374-3833c5fb3aa8,0,1,FALSE,FALSE,2,19.85,0,0,0,TRUE,0,TRUE,1173,FALSE,0,0,0,1,19.85
FALSE,1,8152-UOBNY,ae965e39-5aa9-f111-b374-3833c5fb3aa8,0,0,FALSE,FALSE,1,106.8,1,0,0,TRUE,0,TRUE,1588,TRUE,1,1,1,50,5347.95
FALSE,1,0829-DDVLK,ec16563f-5aa9-f111-b374-3833c5fb3aa8,0,0,FALSE,FALSE,2,20.1,0,0,0,FALSE,3,TRUE,2250,FALSE,0,0,0,15,302.45
FALSE,1,8314-DPQHL,a317563f-5aa9-f111-b374-3833c5fb3aa8,1,1,FALSE,FALSE,0,50.8,0,1,1,FALSE,1,FALSE,2433,FALSE,1,0,1,9,463.6
TRUE,0,2725-KXXWT,8018563f-5aa9-f111-b374-3833c5fb3aa8,0,1,FALSE,TRUE,1,90.75,0,1,0,TRUE,0,TRUE,2654,FALSE,1,1,0,1,90.75
FALSE,0,1215-VFYVK,3c19563f-5aa9-f111-b374-3833c5fb3aa8,1,0,FALSE,FALSE,0,48.25,0,1,1,FALSE,1,FALSE,2842,FALSE,1,0,1,4,202.25
FALSE,0,1848-LBZHY,f719563f-5aa9-f111-b374-3833c5fb3aa8,2,0,FALSE,TRUE,0,50.3,2,2,3,TRUE,2,TRUE,29,FALSE,2,2,3,7,355.1
FALSE,1,4815-TUMEQ,001a563f-5aa9-f111-b374-3833c5fb3aa8,4,0,FALSE,FALSE,2,19.3,2,4,4,TRUE,1,TRUE,38,FALSE,4,4,4,10,185.2
FALSE,2,2498-XLDZR,181b563f-5aa9-f111-b374-3833c5fb3aa8,3,0,TRUE,TRUE,0,73.6,2,3,3,FALSE,1,TRUE,318,FALSE,3,2,2,32,2316.85
FALSE,0,8731-WBBMB,1c1b563f-5aa9-f111-b374-3833c5fb3aa8,3,0,FALSE,TRUE,0,81.9,2,3,2,FALSE,2,TRUE,322,FALSE,3,3,2,26,2078.55
TRUE,1,5649-VUKMC,391b563f-5aa9-f111-b374-3833c5fb3aa8,3,0,FALSE,FALSE,1,95.5,2,2,2,FALSE,1,TRUE,351,FALSE,3,3,3,12,1115.15
FALSE,0,7658-UYUQS,fb1b563f-5aa9-f111-b374-3833c5fb3aa8,3,1,FALSE,TRUE,1,86.55,2,2,2,FALSE,2,TRUE,545,TRUE,2,3,3,21,1857.25
FALSE,2,7480-SPLEF,ca1c563f-5aa9-f111-b374-3833c5fb3aa8,4,1,TRUE,TRUE,2,26,4,4,4,TRUE,2,TRUE,752,FALSE,4,4,4,69,1796.55
FALSE,0,5539-HIVAK,cf1c563f-5aa9-f111-b374-3833c5fb3aa8,4,0,FALSE,TRUE,2,25.7,4,4,4,FALSE,1,TRUE,757,TRUE,4,4,4,28,734.6
TRUE,1,8559-CIZFV,8c1e563f-5aa9-f111-b374-3833c5fb3aa8,2,1,TRUE,TRUE,0,77.5,4,3,3,FALSE,1,TRUE,1202,FALSE,2,3,2,21,1625
FALSE,2,1452-UZOSF,a31e563f-5aa9-f111-b374-3833c5fb3aa8,3,1,TRUE,TRUE,1,106.1,4,3,3,TRUE,3,TRUE,1225,FALSE,2,3,2,72,7548.6
FALSE,2,1293-BSEUN,381f563f-5aa9-f111-b374-3833c5fb3aa8,4,0,TRUE,TRUE,2,20.7,2,4,4,TRUE,1,TRUE,1374,FALSE,4,4,4,72,1482.3
FALSE,2,3704-IEAXF,5720563f-5aa9-f111-b374-3833c5fb3aa8,2,0,TRUE,TRUE,0,53.65,3,3,2,FALSE,3,FALSE,1661,FALSE,3,3,2,72,3784
TRUE,0,9863-JZAIC,bc20563f-5aa9-f111-b374-3833c5fb3aa8,2,1,FALSE,FALSE,0,55,2,2,2,FALSE,1,TRUE,1762,FALSE,2,3,3,35,2010.55
FALSE,0,9774-NRNAU,df8e5e39-5aa9-f111-b374-3833c5fb3aa8,1,1,FALSE,TRUE,0,84.8,1,0,0,TRUE,2,TRUE,391,TRUE,1,1,1,27,2309.55
FALSE,2,2146-EGVDT,e18e5e39-5aa9-f111-b374-3833c5fb3aa8,0,1,TRUE,TRUE,2,19.3,0,0,0,FALSE,3,TRUE,194,FALSE,0,0,0,59,1192.7
TRUE,0,4598-XLKNJ,05905e39-5aa9-f111-b374-3833c5fb3aa8,1,0,FALSE,TRUE,1,98.5,0,0,0,TRUE,0,TRUE,99,TRUE,1,1,0,25,2514.5
FALSE,0,4301-VVZKA,6c925e39-5aa9-f111-b374-3833c5fb3aa8,0,1,FALSE,TRUE,1,75.4,1,1,0,TRUE,0,TRUE,922,FALSE,0,0,0,16,1189.4
FALSE,0,3062-ICYZQ,c9975e39-5aa9-f111-b374-3833c5fb3aa8,0,0,TRUE,TRUE,1,93.8,1,0,1,TRUE,0,TRUE,1871,FALSE,1,0,0,51,4539.35
TRUE,0,6474-FVJLC,d2975e39-5aa9-f111-b374-3833c5fb3aa8,0,1,FALSE,FALSE,1,86,1,1,0,TRUE,0,TRUE,1880,FALSE,1,0,0,2,165.45
FALSE,0,2801-NISEI,f8975e39-5aa9-f111-b374-3833c5fb3aa8,0,1,FALSE,FALSE,0,54.95,0,1,1,FALSE,0,TRUE,1918,FALSE,0,0,1,24,1348.5
FALSE,1,4890-VMUAV,b615563f-5aa9-f111-b374-3833c5fb3aa8,1,1,FALSE,FALSE,0,71.5,1,0,1,FALSE,0,TRUE,1940,FALSE,0,0,1,63,4576.3
TRUE,0,6179-GJPSO,3c16563f-5aa9-f111-b374-3833c5fb3aa8,0,0,FALSE,FALSE,1,108.15,0,0,1,TRUE,3,TRUE,2074,TRUE,1,1,1,43,4600.7
FALSE,0,1013-QCWAM,e516563f-5aa9-f111-b374-3833c5fb3aa8,0,0,FALSE,TRUE,1,100.8,1,0,0,TRUE,0,TRUE,2243,TRUE,1,1,0,66,6690.75
FALSE,2,0020-INWCK,4c17563f-5aa9-f111-b374-3833c5fb3aa8,1,0,TRUE,TRUE,1,95.75,1,0,0,TRUE,3,TRUE,2346,FALSE,1,0,0,71,6849.4
TRUE,0,7089-IVVAZ,a817563f-5aa9-f111-b374-3833c5fb3aa8,0,0,FALSE,FALSE,1,103.35,1,1,1,TRUE,2,TRUE,2438,FALSE,1,1,1,8,847.3
FALSE,0,0880-FVFWF,6318563f-5aa9-f111-b374-3833c5fb3aa8,0,1,FALSE,FALSE,1,86.4,1,0,1,TRUE,0,TRUE,2625,FALSE,0,0,0,56,4922.4
FALSE,0,7517-LDMPS,5419563f-5aa9-f111-b374-3833c5fb3aa8,0,0,FALSE,FALSE,1,84.6,0,0,0,TRUE,0,TRUE,2866,FALSE,1,0,0,12,1017.35
FALSE,2,7349-ALMUX,a81a563f-5aa9-f111-b374-3833c5fb3aa8,3,1,FALSE,FALSE,0,65.6,2,3,3,FALSE,2,TRUE,206,FALSE,2,2,2,37,2313.8
TRUE,0,8065-YKXKD,501b563f-5aa9-f111-b374-3833c5fb3aa8,2,0,FALSE,FALSE,1,74.75,4,2,2,TRUE,0,TRUE,374,FALSE,2,2,3,10,799.65
TRUE,0,9985-MWVIX,d11c563f-5aa9-f111-b374-3833c5fb3aa8,2,0,FALSE,FALSE,1,70.15,2,2,2,TRUE,1,TRUE,759,FALSE,2,2,3,1,70.15
FALSE,2,6754-LZUKA,051d563f-5aa9-f111-b374-3833c5fb3aa8,3,1,FALSE,TRUE,0,80.9,4,3,2,FALSE,2,TRUE,811,FALSE,3,3,3,61,4932.5
FALSE,2,8099-MZPUJ,071d563f-5aa9-f111-b374-3833c5fb3aa8,3,1,TRUE,TRUE,1,111.8,4,3,3,FALSE,3,TRUE,813,FALSE,3,3,2,48,5443.65
FALSE,2,2661-GKBTK,c51e563f-5aa9-f111-b374-3833c5fb3aa8,2,1,TRUE,TRUE,0,76.95,2,3,2,FALSE,2,TRUE,1259,FALSE,3,3,2,60,4543.95
TRUE,0,0807-ZABDG,531f563f-5aa9-f111-b374-3833c5fb3aa8,2,0,TRUE,FALSE,0,55.1,0,2,3,TRUE,1,TRUE,1401,FALSE,2,2,2,3,154.65
FALSE,1,3315-IKYZQ,4220563f-5aa9-f111-b374-3833c5fb3aa8,3,1,TRUE,TRUE,0,50.8,3,2,3,FALSE,1,FALSE,1640,FALSE,2,3,2,28,1386.8
FALSE,0,3411-WLRSQ,4520563f-5aa9-f111-b374-3833c5fb3aa8,2,0,FALSE,TRUE,1,74.6,2,3,2,TRUE,2,TRUE,1643,TRUE,2,2,3,3,239.05
TRUE,2,9412-ARGBX,6a20563f-5aa9-f111-b374-3833c5fb3aa8,3,0,TRUE,FALSE,1,95.5,2,3,2,TRUE,1,TRUE,1680,FALSE,2,3,2,48,4627.85
TRUE,0,5515-AKOAJ,ab20563f-5aa9-f111-b374-3833c5fb3aa8,2,0,FALSE,FALSE,1,100.1,4,2,2,TRUE,0,TRUE,1745,FALSE,3,3,2,54,5440.9
TRUE,0,3585-ISXZP,7d11fb45-5aa9-f111-b374-3833c5fb3aa8,2,0,FALSE,FALSE,1,95.65,4,2,2,FALSE,2,TRUE,1991,FALSE,3,3,3,8,778.1
TRUE,1,5020-ZSTTY,c58d5e39-5aa9-f111-b374-3833c5fb3aa8,0,0,FALSE,FALSE,0,82.45,1,0,1,FALSE,2,TRUE,320,TRUE,1,1,1,54,4350.1
FALSE,0,8782-LKFPK,d38e5e39-5aa9-f111-b374-3833c5fb3aa8,1,1,FALSE,FALSE,1,90.4,1,1,0,TRUE,1,TRUE,388,FALSE,1,0,0,44,4063
FALSE,0,1423-BMPBQ,bd905e39-5aa9-f111-b374-3833c5fb3aa8,0,0,TRUE,TRUE,2,19,0,0,0,TRUE,1,TRUE,583,FALSE,0,0,0,1,19
FALSE,2,5684-FJVYR,6d915e39-5aa9-f111-b374-3833c5fb3aa8,0,0,TRUE,TRUE,1,90.35,1,0,1,TRUE,2,TRUE,759,FALSE,0,0,1,72,6563.4
FALSE,1,2858-EIMXH,e1925e39-5aa9-f111-b374-3833c5fb3aa8,0,0,FALSE,TRUE,1,95.85,1,1,0,TRUE,3,TRUE,1005,TRUE,1,1,0,53,5016.25
TRUE,0,5565-FILXA,50955e39-5aa9-f111-b374-3833c5fb3aa8,0,0,FALSE,FALSE,1,96.15,1,1,0,TRUE,0,TRUE,1238,TRUE,1,1,0,16,1529.2
FALSE,0,9777-WJJPR,39965e39-5aa9-f111-b374-3833c5fb3aa8,1,1,FALSE,TRUE,1,88.65,1,1,0,FALSE,3,TRUE,1471,FALSE,0,1,0,31,2683.2
TRUE,1,2886-KEFUM,85965e39-5aa9-f111-b374-3833c5fb3aa8,1,0,FALSE,TRUE,1,107.5,1,0,0,TRUE,0,TRUE,1547,FALSE,1,1,0,63,6873.75
FALSE,0,1216-BGTSP,2916563f-5aa9-f111-b374-3833c5fb3aa8,1,1,FALSE,FALSE,1,108.45,1,1,1,TRUE,3,TRUE,2055,FALSE,1,1,1,45,4964.7
FALSE,2,6585-WCEWR,e717563f-5aa9-f111-b374-3833c5fb3aa8,0,1,TRUE,TRUE,2,20.35,0,0,0,FALSE,0,TRUE,2501,FALSE,0,0,0,72,1354.4
FALSE,2,0244-LGNFY,fe18563f-5aa9-f111-b374-3833c5fb3aa8,1,0,TRUE,TRUE,0,92.65,1,0,1,FALSE,2,TRUE,2717,FALSE,1,1,1,72,6733
FALSE,0,7621-VPNET,501a563f-5aa9-f111-b374-3833c5fb3aa8,3,0,FALSE,TRUE,1,85.9,4,2,2,TRUE,3,TRUE,118,FALSE,2,2,2,42,3729.75
FALSE,2,5982-PSMKW,991a563f-5aa9-f111-b374-3833c5fb3aa8,3,0,TRUE,TRUE,0,91.1,4,3,3,TRUE,3,TRUE,191,FALSE,3,3,2,23,2198.3
FALSE,1,6284-KMNUF,551b563f-5aa9-f111-b374-3833c5fb3aa8,2,0,FALSE,TRUE,1,98,4,2,3,TRUE,0,TRUE,379,FALSE,3,3,3,56,5270.6
FALSE,2,1716-LSAMB,e61b563f-5aa9-f111-b374-3833c5fb3aa8,2,1,TRUE,TRUE,0,54.65,2,2,3,FALSE,2,TRUE,524,FALSE,2,2,2,45,2553.7
TRUE,0,7812-FZHPE,781c563f-5aa9-f111-b374-3833c5fb3aa8,4,0,TRUE,TRUE,2,24.1,4,4,4,FALSE,1,TRUE,670,FALSE,4,4,4,17,409.9
FALSE,2,2729-VNVAP,991d563f-5aa9-f111-b374-3833c5fb3aa8,4,0,TRUE,TRUE,2,19.8,2,4,4,FALSE,3,TRUE,959,FALSE,4,4,4,33,641.35
FALSE,0,3427-GGZZI,651e563f-5aa9-f111-b374-3833c5fb3aa8,2,0,FALSE,TRUE,1,89.1,4,3,2,TRUE,0,TRUE,1163,FALSE,3,2,3,19,1620.8
TRUE,0,4077-CROMM,681e563f-5aa9-f111-b374-3833c5fb3aa8,3,0,TRUE,TRUE,1,104.2,4,2,2,TRUE,0,TRUE,1166,FALSE,3,3,2,31,3243.45
FALSE,0,2164-SOQXL,4a20563f-5aa9-f111-b374-3833c5fb3aa8,4,0,TRUE,TRUE,2,20.05,2,4,4,FALSE,1,TRUE,1648,FALSE,4,4,4,20,406.05
FALSE,2,3146-MSEGF,0e8e5e39-5aa9-f111-b374-3833c5fb3aa8,1,0,TRUE,TRUE,0,88.05,1,0,1,TRUE,3,TRUE,140,TRUE,1,1,1,72,6425.65
FALSE,0,5122-CYFXA,e38f5e39-5aa9-f111-b374-3833c5fb3aa8,0,0,FALSE,FALSE,0,75.3,0,0,0,TRUE,0,TRUE,65,FALSE,1,1,1,3,244.1
FALSE,0,4767-HZZHQ,fc8f5e39-5aa9-f111-b374-3833c5fb3aa8,1,1,TRUE,TRUE,1,82.05,0,0,0,FALSE,2,TRUE,90,FALSE,0,0,0,30,2570.2
FALSE,2,1480-BKXGA,46905e39-5aa9-f111-b374-3833c5fb3aa8,1,1,FALSE,TRUE,1,116.05,1,0,1,TRUE,2,TRUE,464,TRUE,1,1,1,72,8404.9
FALSE,0,7521-AFHAB,83915e39-5aa9-f111-b374-3833c5fb3aa8,0,0,TRUE,TRUE,0,44.8,0,1,0,FALSE,1,TRUE,781,FALSE,0,0,0,5,220.45
TRUE,0,4678-DVQEO,85915e39-5aa9-f111-b374-3833c5fb3aa8,0,0,FALSE,FALSE,0,52.2,0,1,0,TRUE,0,TRUE,783,FALSE,0,0,1,1,52.2
FALSE,0,5651-YLPRD,93925e39-5aa9-f111-b374-3833c5fb3aa8,0,0,TRUE,TRUE,1,86.1,0,0,0,TRUE,0,TRUE,959,FALSE,0,1,0,32,2723.75
FALSE,0,7296-PIXQY,54935e39-5aa9-f111-b374-3833c5fb3aa8,0,0,TRUE,TRUE,1,70.2,0,1,0,FALSE,0,TRUE,1042,FALSE,0,0,0,14,1046.5
FALSE,1,7338-ERIVA,92965e39-5aa9-f111-b374-3833c5fb3aa8,0,1,TRUE,FALSE,0,45.05,0,1,1,FALSE,2,FALSE,1560,FALSE,0,1,1,39,1790.6
TRUE,0,6839-ITVZJ,10975e39-5aa9-f111-b374-3833c5fb3aa8,0,0,TRUE,TRUE,0,60.05,1,0,0,TRUE,0,TRUE,1686,FALSE,0,0,1,26,1616.15
FALSE,2,7416-CKTEP,76975e39-5aa9-f111-b374-3833c5fb3aa8,0,0,FALSE,TRUE,2,19.6,0,0,0,TRUE,2,TRUE,1788,FALSE,0,0,0,57,1134.25
FALSE,0,2586-CWXVV,77975e39-5aa9-f111-b374-3833c5fb3aa8,0,1,FALSE,TRUE,0,30.4,0,0,0,FALSE,0,FALSE,1789,FALSE,0,0,0,54,1621.35
TRUE,0,2485-ITVKB,b5975e39-5aa9-f111-b374-3833c5fb3aa8,0,0,FALSE,TRUE,0,35.1,0,1,0,TRUE,0,FALSE,1851,FALSE,1,0,0,2,68.75
TRUE,0,5130-IEKQT,2518563f-5aa9-f111-b374-3833c5fb3aa8,1,1,FALSE,FALSE,1,105.95,1,0,0,FALSE,1,TRUE,2563,TRUE,1,1,0,25,2655.25
FALSE,0,3404-JNXAX,a419563f-5aa9-f111-b374-3833c5fb3aa8,0,0,TRUE,TRUE,1,80.75,1,1,0,TRUE,0,TRUE,2946,FALSE,0,0,1,51,4116.9
FALSE,2,7570-WELNY,921a563f-5aa9-f111-b374-3833c5fb3aa8,2,0,FALSE,TRUE,1,84.7,4,3,3,TRUE,2,TRUE,184,FALSE,2,2,3,68,5711.05
FALSE,0,1833-TCXKK,961b563f-5aa9-f111-b374-3833c5fb3aa8,3,1,FALSE,TRUE,1,107.75,4,3,2,TRUE,2,TRUE,444,FALSE,3,3,3,45,4882.8
FALSE,1,0580-PIQHM,9a1b563f-5aa9-f111-b374-3833c5fb3aa8,3,0,TRUE,TRUE,1,101.6,4,3,3,TRUE,2,TRUE,448,FALSE,3,2,3,41,3930.55
FALSE,1,8034-RYTVV,e21b563f-5aa9-f111-b374-3833c5fb3aa8,3,0,FALSE,FALSE,1,84.25,4,2,3,TRUE,3,TRUE,520,FALSE,2,2,3,55,4589.85
FALSE,0,2087-QAREY,551c563f-5aa9-f111-b374-3833c5fb3aa8,3,0,FALSE,TRUE,0,54.7,2,3,2,TRUE,1,TRUE,635,FALSE,2,2,3,22,1178.75
FALSE,2,9631-RXVJM,371d563f-5aa9-f111-b374-3833c5fb3aa8,4,1,FALSE,FALSE,2,19.25,2,4,4,FALSE,1,TRUE,861,FALSE,4,4,4,35,677.9
TRUE,0,7153-OANIO,af1e563f-5aa9-f111-b374-3833c5fb3aa8,2,1,FALSE,FALSE,1,69.95,2,2,2,FALSE,0,TRUE,1237,FALSE,2,2,3,1,69.95
TRUE,0,6110-OHIHY,ba1f563f-5aa9-f111-b374-3833c5fb3aa8,2,1,FALSE,FALSE,1,79.25,2,2,2,FALSE,0,TRUE,1504,FALSE,2,3,3,3,267.6
FALSE,0,4501-VCPFK,8911fb45-5aa9-f111-b374-3833c5fb3aa8,3,1,FALSE,FALSE,0,35.75,3,2,2,FALSE,0,FALSE,2003,FALSE,2,2,2,26,1022.5
FALSE,1,1091-SOZGA,c38d5e39-5aa9-f111-b374-3833c5fb3aa8,1,0,TRUE,TRUE,1,99.8,1,1,0,TRUE,3,TRUE,120,FALSE,1,1,0,56,5515.45
TRUE,0,3445-HXXGF,7d8e5e39-5aa9-f111-b374-3833c5fb3aa8,1,1,FALSE,TRUE,0,45.3,0,0,0,TRUE,0,FALSE,168,TRUE,1,0,0,58,2651.2
FALSE,1,1708-PBBOA,cf8e5e39-5aa9-f111-b374-3833c5fb3aa8,1,0,FALSE,FALSE,0,54.75,0,0,1,TRUE,0,FALSE,387,FALSE,1,0,1,42,2348.45
FALSE,1,5067-XJQFU,db8f5e39-5aa9-f111-b374-3833c5fb3aa8,1,1,TRUE,TRUE,1,108.45,1,0,0,TRUE,0,TRUE,57,TRUE,1,1,1,66,7076.35
FALSE,1,4549-ZDQYY,11905e39-5aa9-f111-b374-3833c5fb3aa8,1,0,FALSE,FALSE,0,57.95,0,1,1,FALSE,3,TRUE,111,FALSE,0,0,1,52,3042.25
FALSE,2,4513-CXYIX,6b905e39-5aa9-f111-b374-3833c5fb3aa8,0,0,FALSE,TRUE,1,80.7,1,1,1,TRUE,3,TRUE,501,TRUE,0,0,0,71,5676
FALSE,2,4992-LTJNE,88915e39-5aa9-f111-b374-3833c5fb3aa8,0,1,TRUE,TRUE,0,55.3,1,1,1,FALSE,2,TRUE,786,FALSE,0,0,0,72,3983.6
FALSE,1,1338-CECEE,af935e39-5aa9-f111-b374-3833c5fb3aa8,1,1,TRUE,TRUE,0,68.5,1,0,0,FALSE,2,TRUE,1094,FALSE,0,1,0,41,2839.95
FALSE,0,9681-KYGYB,73955e39-5aa9-f111-b374-3833c5fb3aa8,1,1,FALSE,TRUE,1,88.2,1,0,1,TRUE,0,TRUE,1273,TRUE,0,0,0,49,4159.45
FALSE,0,3128-YOVTD,53965e39-5aa9-f111-b374-3833c5fb3aa8,0,0,TRUE,TRUE,1,79.15,0,0,1,TRUE,2,TRUE,1497,FALSE,0,0,0,51,4018.55
FALSE,0,9469-WEJBT,e5965e39-5aa9-f111-b374-3833c5fb3aa8,1,1,FALSE,TRUE,1,90.35,0,1,0,TRUE,0,TRUE,1643,FALSE,1,0,1,37,3419.3
FALSE,0,4854-CIDCF,25975e39-5aa9-f111-b374-3833c5fb3aa8,1,0,FALSE,FALSE,1,73.85,0,1,0,FALSE,0,TRUE,1707,TRUE,0,0,0,3,196.4
FALSE,2,2057-BOYKM,53975e39-5aa9-f111-b374-3833c5fb3aa8,1,0,FALSE,TRUE,1,96.6,1,0,1,TRUE,2,TRUE,1753,TRUE,0,0,1,72,6827.5
FALSE,0,3030-YDNRM,9f975e39-5aa9-f111-b374-3833c5fb3aa8,0,1,FALSE,FALSE,1,74.85,1,1,0,TRUE,0,TRUE,1829,FALSE,0,0,0,8,572.45
FALSE,2,5346-BZCHP,2516563f-5aa9-f111-b374-3833c5fb3aa8,0,0,TRUE,TRUE,2,19.4,0,0,0,FALSE,1,TRUE,2051,FALSE,0,0,0,69,1346.2
FALSE,0,3689-MOZGR,ae16563f-5aa9-f111-b374-3833c5fb3aa8,0,0,FALSE,FALSE,0,31.2,0,1,0,TRUE,0,FALSE,2188,FALSE,0,0,1,29,926.2
FALSE,1,4083-BFNYK,7e17563f-5aa9-f111-b374-3833c5fb3aa8,0,0,FALSE,TRUE,1,95,1,0,1,FALSE,3,TRUE,2396,TRUE,1,0,0,38,3591.25
FALSE,0,7623-HKYRK,8417563f-5aa9-f111-b374-3833c5fb3aa8,0,1,TRUE,FALSE,2,19.7,0,0,0,FALSE,1,TRUE,2402,FALSE,0,0,0,6,111.65
TRUE,1,1623-NLDOT,8e17563f-5aa9-f111-b374-3833c5fb3aa8,0,0,FALSE,TRUE,0,33.55,0,0,0,FALSE,1,FALSE,2412,FALSE,0,0,1,42,1445.3
FALSE,2,7602-MVRMB,b417563f-5aa9-f111-b374-3833c5fb3aa8,1,0,TRUE,TRUE,1,110.45,1,1,1,TRUE,2,TRUE,2450,FALSE,1,1,1,72,8058.85
TRUE,1,8563-IIOXK,521a563f-5aa9-f111-b374-3833c5fb3aa8,2,1,TRUE,TRUE,0,49.75,2,2,3,TRUE,0,TRUE,120,FALSE,2,2,3,7,331.3
FALSE,0,3472-OAOOR,7d1a563f-5aa9-f111-b374-3833c5fb3aa8,2,1,TRUE,TRUE,0,34.95,3,3,3,TRUE,1,FALSE,163,FALSE,2,2,3,19,610.2
TRUE,0,9564-KCLHR,121b563f-5aa9-f111-b374-3833c5fb3aa8,2,1,FALSE,FALSE,0,51.25,2,2,2,FALSE,1,TRUE,312,FALSE,2,2,2,1,51.25
FALSE,2,7609-YBPXG,c01b563f-5aa9-f111-b374-3833c5fb3aa8,3,1,FALSE,FALSE,0,87.1,4,2,3,FALSE,2,TRUE,486,FALSE,3,3,2,54,4735.2
FALSE,1,1183-CANVH,d81c563f-5aa9-f111-b374-3833c5fb3aa8,2,0,FALSE,TRUE,0,60,2,2,2,FALSE,2,TRUE,766,FALSE,2,3,2,23,1347.15
TRUE,0,7235-NXZCP,d31f563f-5aa9-f111-b374-3833c5fb3aa8,2,1,FALSE,FALSE,1,74.85,4,2,2,TRUE,1,TRUE,1529,TRUE,2,2,3,2,156.4
FALSE,1,6906-MPARY,7c20563f-5aa9-f111-b374-3833c5fb3aa8,2,1,FALSE,FALSE,1,89.6,2,3,2,TRUE,3,TRUE,1698,FALSE,3,2,2,40,3488.15
FALSE,0,7878-RTCZG,8420563f-5aa9-f111-b374-3833c5fb3aa8,4,0,FALSE,FALSE,2,19.9,2,4,4,FALSE,1,TRUE,1706,FALSE,4,4,4,1,19.9
TRUE,0,4078-SAYYN,e510fb45-5aa9-f111-b374-3833c5fb3aa8,3,0,FALSE,FALSE,1,100.75,4,2,2,TRUE,0,TRUE,1839,FALSE,3,3,3,11,1129.75
TRUE,0,2685-SREOM,f810fb45-5aa9-f111-b374-3833c5fb3aa8,3,0,TRUE,TRUE,1,89.1,4,2,2,TRUE,0,TRUE,1858,FALSE,3,2,3,25,2368.4
FALSE,2,6976-BWGLQ,0e11fb45-5aa9-f111-b374-3833c5fb3aa8,4,0,TRUE,TRUE,2,25.2,4,4,4,FALSE,2,TRUE,1880,FALSE,4,4,4,72,1787.35
TRUE,0,9237-HQITU,635018e0-d70a-4df9-918d-d700b3c073b1,0,0,FALSE,FALSE,1,70.7,0,1,0,TRUE,0,TRUE,4,FALSE,0,0,0,2,151.65
FALSE,0,5129-JLPIS,e6927265-1e96-47ff-ba3c-0e52ff497670,1,1,FALSE,FALSE,1,105.5,0,1,1,TRUE,0,TRUE,14,FALSE,1,1,1,25,2686.05
FALSE,1,2277-AXSDC,028f5e39-5aa9-f111-b374-3833c5fb3aa8,0,0,FALSE,FALSE,2,19.75,0,0,0,FALSE,2,TRUE,400,FALSE,0,0,0,32,624.15
FALSE,1,6827-IEAUQ,c28f5e39-5aa9-f111-b374-3833c5fb3aa8,1,0,TRUE,TRUE,0,66.15,0,0,1,FALSE,1,TRUE,32,FALSE,0,0,1,27,1874.45
FALSE,0,8138-EALND,9b905e39-5aa9-f111-b374-3833c5fb3aa8,0,1,FALSE,FALSE,2,19.75,0,0,0,FALSE,1,TRUE,549,FALSE,0,0,0,15,311.6
TRUE,0,5301-GAUUY,a0905e39-5aa9-f111-b374-3833c5fb3aa8,0,1,FALSE,FALSE,1,80.35,1,0,0,TRUE,2,TRUE,554,FALSE,0,0,0,32,2596.15
TRUE,0,3842-IYKUE,cb925e39-5aa9-f111-b374-3833c5fb3aa8,0,0,FALSE,FALSE,1,85.3,1,0,0,FALSE,3,TRUE,995,FALSE,0,0,1,35,2917.5
FALSE,2,8390-FESFV,86955e39-5aa9-f111-b374-3833c5fb3aa8,1,0,FALSE,FALSE,0,84.5,1,0,0,FALSE,2,TRUE,1292,FALSE,1,1,1,62,5193.2
FALSE,2,1839-FBNFR,d9955e39-5aa9-f111-b374-3833c5fb3aa8,0,0,TRUE,TRUE,2,19.85,0,0,0,TRUE,2,TRUE,1375,FALSE,0,0,0,39,854.8
TRUE,0,8387-MOJJT,b2965e39-5aa9-f111-b374-3833c5fb3aa8,0,0,TRUE,TRUE,1,77.95,0,1,0,TRUE,3,TRUE,1592,FALSE,0,1,0,42,3384
FALSE,0,4010-YLMVT,7916563f-5aa9-f111-b374-3833c5fb3aa8,0,0,FALSE,FALSE,1,106.6,1,0,1,TRUE,3,TRUE,2135,FALSE,1,1,0,56,5893.95
FALSE,0,5628-FCGYG,8816563f-5aa9-f111-b374-3833c5fb3aa8,0,1,FALSE,FALSE,1,84.1,1,1,0,TRUE,0,TRUE,2150,FALSE,1,0,0,21,1737.45
TRUE,0,9578-VRMNM,0b17563f-5aa9-f111-b374-3833c5fb3aa8,1,0,FALSE,FALSE,0,65.2,1,1,0,TRUE,3,TRUE,2281,FALSE,1,0,0,16,1043.35
FALSE,2,9755-JHNMN,5117563f-5aa9-f111-b374-3833c5fb3aa8,1,0,FALSE,FALSE,0,67.4,0,0,1,FALSE,2,TRUE,2351,FALSE,0,0,1,49,3306.85
FALSE,0,7176-WIONM,8117563f-5aa9-f111-b374-3833c5fb3aa8,1,0,FALSE,TRUE,0,49.85,0,1,0,TRUE,2,FALSE,2399,FALSE,1,1,0,12,617.15
FALSE,1,4274-DRSQT,e31a563f-5aa9-f111-b374-3833c5fb3aa8,2,0,FALSE,FALSE,1,88.9,4,3,2,TRUE,2,TRUE,265,FALSE,2,3,3,66,6000.1
TRUE,0,6682-QJDGB,e81a563f-5aa9-f111-b374-3833c5fb3aa8,2,1,TRUE,FALSE,0,55.25,2,3,3,TRUE,1,TRUE,270,FALSE,2,2,3,40,2139.2
FALSE,1,1448-CYWKC,1d1b563f-5aa9-f111-b374-3833c5fb3aa8,3,0,TRUE,TRUE,1,105.2,4,3,2,TRUE,3,TRUE,323,FALSE,3,3,3,58,6225.4
FALSE,1,8859-YSTWS,1e1c563f-5aa9-f111-b374-3833c5fb3aa8,4,1,FALSE,FALSE,2,19.95,2,4,4,FALSE,2,TRUE,580,FALSE,4,4,4,48,1004.5
FALSE,2,5063-IUOKK,2a1c563f-5aa9-f111-b374-3833c5fb3aa8,4,1,FALSE,FALSE,2,19.75,2,4,4,FALSE,1,TRUE,592,FALSE,4,4,4,13,265.75
FALSE,1,0440-MOGPM,d51d563f-5aa9-f111-b374-3833c5fb3aa8,3,0,FALSE,FALSE,0,80.55,4,3,2,TRUE,0,TRUE,1019,FALSE,3,3,3,41,3263.9
FALSE,0,4310-KEDTB,b01f563f-5aa9-f111-b374-3833c5fb3aa8,3,0,TRUE,FALSE,0,29.8,3,2,2,TRUE,1,FALSE,1494,FALSE,2,2,3,26,786.5
TRUE,1,1444-VVSGW,db1f563f-5aa9-f111-b374-3833c5fb3aa8,3,1,FALSE,TRUE,1,115.65,4,3,3,FALSE,3,TRUE,1537,FALSE,3,3,2,70,7968.85
TRUE,0,1447-GIQMR,5620563f-5aa9-f111-b374-3833c5fb3aa8,2,1,FALSE,TRUE,1,69.15,2,2,2,TRUE,0,TRUE,1660,FALSE,2,2,3,1,69.15
FALSE,0,3452-SRFEG,0411fb45-5aa9-f111-b374-3833c5fb3aa8,2,1,FALSE,FALSE,1,74.6,4,2,2,TRUE,2,TRUE,1870,FALSE,2,2,3,49,3720.35
FALSE,0,5568-DMXZS,7311fb45-5aa9-f111-b374-3833c5fb3aa8,2,0,FALSE,FALSE,0,65.45,2,3,2,TRUE,0,TRUE,1981,FALSE,2,3,2,8,554.45
FALSE,0,4827-USJHP,c28e5e39-5aa9-f111-b374-3833c5fb3aa8,0,1,FALSE,FALSE,0,51.8,0,0,0,TRUE,1,TRUE,186,FALSE,0,0,0,20,1023.85
FALSE,0,8544-GOQSH,fd8e5e39-5aa9-f111-b374-3833c5fb3aa8,0,0,FALSE,FALSE,1,80.05,0,0,0,TRUE,3,TRUE,201,FALSE,0,0,1,14,1112.3
FALSE,1,1347-KTTTA,1d8f5e39-5aa9-f111-b374-3833c5fb3aa8,1,1,FALSE,TRUE,1,102.45,0,0,0,TRUE,3,TRUE,209,FALSE,1,1,1,64,6654.1
TRUE,0,7534-BFESC,988f5e39-5aa9-f111-b374-3833c5fb3aa8,0,1,FALSE,FALSE,1,76.1,1,1,0,TRUE,0,TRUE,290,TRUE,0,0,0,24,1712.7
TRUE,0,5380-WJKOV,c88f5e39-5aa9-f111-b374-3833c5fb3aa8,1,1,FALSE,FALSE,1,106.35,1,0,0,TRUE,0,TRUE,38,FALSE,1,1,0,34,3549.25
FALSE,0,2273-QCKXA,e88f5e39-5aa9-f111-b374-3833c5fb3aa8,0,1,FALSE,FALSE,0,49.05,0,1,0,FALSE,1,TRUE,70,FALSE,0,0,1,1,49.05
FALSE,0,0771-WLCLA,2e905e39-5aa9-f111-b374-3833c5fb3aa8,1,0,TRUE,TRUE,1,112.95,1,1,1,TRUE,0,TRUE,440,FALSE,1,1,1,16,1882.55
FALSE,2,2469-DTSGX,ea905e39-5aa9-f111-b374-3833c5fb3aa8,1,0,FALSE,FALSE,1,111.65,1,0,0,FALSE,0,TRUE,628,TRUE,1,1,1,72,7943.45
FALSE,2,2545-LXYVJ,d1925e39-5aa9-f111-b374-3833c5fb3aa8,0,1,FALSE,TRUE,2,20.7,0,0,0,FALSE,2,TRUE,998,FALSE,0,0,0,72,1492.1
TRUE,0,9944-HKVVB,f9925e39-5aa9-f111-b374-3833c5fb3aa8,0,0,FALSE,FALSE,1,95.1,0,0,0,TRUE,0,TRUE,863,FALSE,1,1,0,3,307.4
FALSE,0,8785-CJSHH,06965e39-5aa9-f111-b374-3833c5fb3aa8,0,0,FALSE,TRUE,1,99.8,1,0,0,TRUE,0,TRUE,1420,FALSE,1,1,0,60,5985.75
TRUE,1,5469-CTCWN,3f965e39-5aa9-f111-b374-3833c5fb3aa8,0,1,TRUE,TRUE,1,106,1,0,1,TRUE,0,TRUE,1477,FALSE,1,1,0,61,6547.7
FALSE,0,3307-TLCUD,ee965e39-5aa9-f111-b374-3833c5fb3aa8,1,1,FALSE,TRUE,0,34.4,0,1,1,FALSE,1,FALSE,1652,FALSE,0,0,0,17,592.75
FALSE,2,6701-DHKWQ,95975e39-5aa9-f111-b374-3833c5fb3aa8,1,0,TRUE,TRUE,0,51.35,0,0,0,FALSE,3,FALSE,1819,FALSE,0,1,1,61,3244.4
FALSE,2,5453-YBTWV,9616563f-5aa9-f111-b374-3833c5fb3aa8,1,1,TRUE,TRUE,1,101.1,0,0,1,TRUE,3,TRUE,2164,FALSE,0,1,1,70,6994.8
TRUE,0,2672-DZUOY,1917563f-5aa9-f111-b374-3833c5fb3aa8,0,1,FALSE,FALSE,0,25.15,0,1,0,TRUE,0,FALSE,2295,FALSE,0,0,0,1,25.15
FALSE,2,9786-IJYDL,cb19563f-5aa9-f111-b374-3833c5fb3aa8,1,0,FALSE,FALSE,1,113.2,1,0,1,TRUE,1,TRUE,2985,FALSE,1,1,1,35,3914.05
TRUE,0,9940-RHLFB,3e1a563f-5aa9-f111-b374-3833c5fb3aa8,3,0,FALSE,FALSE,1,75.3,2,2,2,FALSE,0,TRUE,100,FALSE,2,2,3,1,75.3
FALSE,1,1998-VHJHK,241c563f-5aa9-f111-b374-3833c5fb3aa8,4,0,FALSE,FALSE,2,19.15,2,4,4,FALSE,1,TRUE,586,FALSE,4,4,4,27,501.35
FALSE,0,9971-ZWPBF,841d563f-5aa9-f111-b374-3833c5fb3aa8,3,1,TRUE,TRUE,1,108.9,4,3,2,TRUE,0,TRUE,938,TRUE,3,3,2,34,3625.2
FALSE,2,8990-YOZLV,561e563f-5aa9-f111-b374-3833c5fb3aa8,2,0,FALSE,FALSE,0,66.9,4,3,3,TRUE,1,TRUE,1148,FALSE,2,2,2,69,4577.9
FALSE,0,3466-RITXD,4b1f563f-5aa9-f111-b374-3833c5fb3aa8,2,1,FALSE,FALSE,1,92.4,4,3,3,TRUE,3,TRUE,1393,FALSE,2,3,3,26,2349.8
FALSE,0,9529-OFXHY,861f563f-5aa9-f111-b374-3833c5fb3aa8,2,1,FALSE,FALSE,1,87.75,4,2,3,TRUE,2,TRUE,1452,FALSE,2,3,3,15,1242.2
FALSE,0,2604-IJPDU,e58e5e39-5aa9-f111-b374-3833c5fb3aa8,0,0,FALSE,TRUE,1,96.55,0,0,1,TRUE,0,TRUE,195,FALSE,0,1,1,20,1901.65
FALSE,1,4667-QONEA,d88f5e39-5aa9-f111-b374-3833c5fb3aa8,1,0,TRUE,TRUE,0,74.85,0,0,1,TRUE,3,TRUE,54,TRUE,1,0,1,60,4456.35
FALSE,2,3957-SQXML,dc8f5e39-5aa9-f111-b374-3833c5fb3aa8,0,0,TRUE,TRUE,2,24.95,1,0,0,FALSE,3,TRUE,58,FALSE,0,0,0,34,894.3
FALSE,0,4431-EDMIQ,53905e39-5aa9-f111-b374-3833c5fb3aa8,1,0,TRUE,TRUE,0,75.7,0,0,1,TRUE,0,TRUE,477,FALSE,0,1,1,7,554.05
FALSE,2,4568-KNYWR,c0905e39-5aa9-f111-b374-3833c5fb3aa8,0,1,FALSE,FALSE,0,63.25,0,0,1,TRUE,3,TRUE,586,FALSE,0,1,0,52,3342.45
FALSE,0,7706-DZNKK,78915e39-5aa9-f111-b374-3833c5fb3aa8,0,1,FALSE,FALSE,2,20.45,0,0,0,TRUE,3,TRUE,770,FALSE,0,0,0,11,237.3
TRUE,0,1820-TQVEV,9f915e39-5aa9-f111-b374-3833c5fb3aa8,0,1,FALSE,FALSE,1,69.55,0,1,0,TRUE,0,TRUE,809,FALSE,0,0,0,1,69.55
FALSE,1,4378-BZYFP,95925e39-5aa9-f111-b374-3833c5fb3aa8,0,1,FALSE,FALSE,2,20.5,0,0,0,TRUE,1,TRUE,961,FALSE,0,0,0,17,365.8
FALSE,0,1452-XRSJV,3e935e39-5aa9-f111-b374-3833c5fb3aa8,0,0,TRUE,TRUE,0,51.05,0,1,1,FALSE,3,TRUE,1020,FALSE,0,0,0,39,2066
FALSE,0,0384-RVBPI,49955e39-5aa9-f111-b374-3833c5fb3aa8,1,1,FALSE,FALSE,0,64.4,0,1,1,FALSE,3,TRUE,1231,FALSE,1,0,0,20,1398.6
FALSE,0,5349-AZPEW,1116563f-5aa9-f111-b374-3833c5fb3aa8,0,0,TRUE,TRUE,0,25.05,0,1,0,FALSE,1,FALSE,2031,FALSE,0,0,0,5,125.5
FALSE,0,6635-CPNUN,9416563f-5aa9-f111-b374-3833c5fb3aa8,1,1,FALSE,TRUE,1,96.6,1,0,0,FALSE,3,TRUE,2162,FALSE,0,1,0,28,2684.35
TRUE,0,4021-RQSNY,9516563f-5aa9-f111-b374-3833c5fb3aa8,1,1,FALSE,TRUE,1,98.5,1,1,0,TRUE,0,TRUE,2163,TRUE,1,1,0,29,3004.15
TRUE,0,3571-RFHAR,0717563f-5aa9-f111-b374-3833c5fb3aa8,1,1,FALSE,FALSE,1,109.15,1,0,0,TRUE,0,FALSE,2277,FALSE,1,1,1,65,6941.2
FALSE,2,2000-DHJUY,0918563f-5aa9-f111-b374-3833c5fb3aa8,1,0,FALSE,TRUE,0,92.2,1,0,1,TRUE,2,TRUE,2535,TRUE,1,1,1,70,6474.45
FALSE,2,8780-YRMTT,8d18563f-5aa9-f111-b374-3833c5fb3aa8,1,0,FALSE,FALSE,0,47.4,0,0,1,TRUE,1,FALSE,2661,FALSE,0,0,1,66,3177.25
TRUE,0,2002-MZHWP,3719563f-5aa9-f111-b374-3833c5fb3aa8,0,0,FALSE,FALSE,2,20.5,0,0,0,FALSE,1,TRUE,2837,FALSE,0,0,0,1,20.5
FALSE,2,9715-SBVSU,7b1b563f-5aa9-f111-b374-3833c5fb3aa8,2,1,TRUE,TRUE,0,61.4,2,3,3,TRUE,2,TRUE,417,FALSE,3,2,3,14,815.55
FALSE,2,3458-IDMFK,aa1b563f-5aa9-f111-b374-3833c5fb3aa8,4,1,FALSE,FALSE,2,20.75,2,4,4,TRUE,1,TRUE,464,FALSE,4,4,4,25,499.4
TRUE,0,3799-ISUZQ,321c563f-5aa9-f111-b374-3833c5fb3aa8,2,1,TRUE,TRUE,1,69.95,2,2,2,TRUE,2,TRUE,600,FALSE,2,2,3,7,529.5
FALSE,1,9670-BPNXF,3e1c563f-5aa9-f111-b374-3833c5fb3aa8,2,0,FALSE,FALSE,0,62.55,2,3,3,TRUE,3,TRUE,612,FALSE,2,2,2,45,2796.45
FALSE,2,9251-AWQGT,b91c563f-5aa9-f111-b374-3833c5fb3aa8,4,0,TRUE,TRUE,2,20,2,4,4,FALSE,1,TRUE,735,FALSE,4,4,4,48,935.9
FALSE,0,1658-XUHBX,6d1e563f-5aa9-f111-b374-3833c5fb3aa8,3,0,TRUE,TRUE,1,88.75,4,2,2,TRUE,3,TRUE,1171,TRUE,3,2,3,59,5348.65
FALSE,0,0927-CNGRH,3f1f563f-5aa9-f111-b374-3833c5fb3aa8,4,1,TRUE,FALSE,2,19.55,2,4,4,FALSE,1,TRUE,1381,FALSE,4,4,4,1,19.55
TRUE,1,6302-JGYRJ,7e1f563f-5aa9-f111-b374-3833c5fb3aa8,2,1,TRUE,FALSE,0,79.45,4,3,2,TRUE,1,TRUE,1444,FALSE,3,3,2,31,2587.7
TRUE,0,3398-FSHON,3320563f-5aa9-f111-b374-3833c5fb3aa8,2,0,FALSE,FALSE,1,91.3,4,3,2,TRUE,0,TRUE,1625,TRUE,2,3,3,12,1094.5
FALSE,0,2424-WVHPL,fd8f5e39-5aa9-f111-b374-3833c5fb3aa8,0,1,FALSE,FALSE,1,74.7,0,1,0,FALSE,0,TRUE,91,TRUE,0,0,1,1,74.7
TRUE,0,7538-GWHML,10915e39-5aa9-f111-b374-3833c5fb3aa8,0,0,FALSE,FALSE,1,69.65,0,1,0,FALSE,0,TRUE,666,FALSE,0,0,0,2,145.15
TRUE,0,4566-QVRRW,8d955e39-5aa9-f111-b374-3833c5fb3aa8,0,0,FALSE,TRUE,0,44.05,0,1,0,TRUE,0,TRUE,1299,FALSE,0,0,0,11,483.7
FALSE,1,8752-GHJFU,0c965e39-5aa9-f111-b374-3833c5fb3aa8,1,1,FALSE,TRUE,1,92,1,0,1,TRUE,0,TRUE,1426,TRUE,0,0,1,71,6585.2
FALSE,0,6968-GMKPR,97965e39-5aa9-f111-b374-3833c5fb3aa8,1,0,FALSE,FALSE,1,81.55,0,0,0,TRUE,0,TRUE,1565,FALSE,0,0,0,55,4509.5
FALSE,2,9964-WBQDJ,29975e39-5aa9-f111-b374-3833c5fb3aa8,0,0,FALSE,TRUE,2,24.4,1,0,0,TRUE,3,TRUE,1711,FALSE,0,0,0,71,1725.4
FALSE,0,2070-XYMFH,8d975e39-5aa9-f111-b374-3833c5fb3aa8,1,0,FALSE,FALSE,1,79.35,1,1,0,TRUE,1,TRUE,1811,TRUE,0,0,0,23,1835.3
FALSE,2,5663-QBGIS,93975e39-5aa9-f111-b374-3833c5fb3aa8,0,1,FALSE,TRUE,1,98.35,1,0,0,FALSE,2,TRUE,1817,TRUE,1,1,0,72,6929.4
FALSE,2,8232-UTFOZ,ee975e39-5aa9-f111-b374-3833c5fb3aa8,0,1,FALSE,FALSE,2,19.95,0,0,0,FALSE,3,TRUE,1908,FALSE,0,0,0,69,1399.35
FALSE,1,2546-KZAAT,0616563f-5aa9-f111-b374-3833c5fb3aa8,0,1,FALSE,TRUE,0,75.4,0,0,1,TRUE,1,TRUE,2020,FALSE,1,1,0,52,3865.45
FALSE,2,9796-MVYXX,4a17563f-5aa9-f111-b374-3833c5fb3aa8,1,0,FALSE,FALSE,0,39.7,0,1,1,FALSE,1,FALSE,2344,TRUE,0,0,1,14,692.35
FALSE,2,8414-OOEEL,9818563f-5aa9-f111-b374-3833c5fb3aa8,1,1,TRUE,FALSE,0,79.5,0,0,0,TRUE,3,TRUE,2666,FALSE,1,1,1,66,5196.1
TRUE,0,0643-OKLRP,a01a563f-5aa9-f111-b374-3833c5fb3aa8,2,0,FALSE,TRUE,1,80.35,4,2,3,FALSE,0,TRUE,198,TRUE,2,2,3,47,3825.85
FALSE,2,3396-DKDEL,0d1d563f-5aa9-f111-b374-3833c5fb3aa8,3,0,TRUE,TRUE,1,115.15,4,3,3,TRUE,3,TRUE,819,FALSE,3,3,2,70,8250
FALSE,2,9625-QNLUX,1c1e563f-5aa9-f111-b374-3833c5fb3aa8,3,1,TRUE,TRUE,1,103.25,2,3,3,TRUE,3,TRUE,1090,FALSE,3,3,3,68,7074.4
FALSE,0,3317-VLGQT,421e563f-5aa9-f111-b374-3833c5fb3aa8,2,0,FALSE,TRUE,1,78.1,2,2,2,TRUE,0,TRUE,1128,FALSE,3,2,3,14,1122.4
FALSE,1,8608-OZTLB,401f563f-5aa9-f111-b374-3833c5fb3aa8,3,1,TRUE,TRUE,0,74.05,2,3,3,FALSE,0,TRUE,1382,FALSE,2,3,2,38,2802.3
FALSE,0,1488-SYSFC,c520563f-5aa9-f111-b374-3833c5fb3aa8,4,1,TRUE,TRUE,2,20.65,2,4,4,TRUE,0,TRUE,1771,FALSE,4,4,4,31,702.05
FALSE,0,0928-XUTSN,8411fb45-5aa9-f111-b374-3833c5fb3aa8,2,0,FALSE,FALSE,1,80.5,2,2,2,TRUE,0,TRUE,1998,FALSE,3,2,3,13,1011.8
FALSE,0,8012-SOUDQ,d48f5e39-5aa9-f111-b374-3833c5fb3aa8,0,0,FALSE,FALSE,1,90.25,1,0,0,TRUE,0,TRUE,50,TRUE,0,1,0,43,3838.75
FALSE,0,8313-NDOIA,3d905e39-5aa9-f111-b374-3833c5fb3aa8,1,0,FALSE,FALSE,1,104.15,1,0,0,TRUE,0,TRUE,455,FALSE,1,1,0,24,2494.65
FALSE,2,5730-DBDSI,6a915e39-5aa9-f111-b374-3833c5fb3aa8,0,1,FALSE,FALSE,2,19.7,0,0,0,FALSE,2,TRUE,756,FALSE,0,0,0,66,1253.8
FALSE,2,1266-NZYUI,71915e39-5aa9-f111-b374-3833c5fb3aa8,1,0,TRUE,TRUE,0,66.85,1,1,1,FALSE,2,TRUE,763,FALSE,0,0,1,72,4758.8
FALSE,0,8728-SKJLR,76915e39-5aa9-f111-b374-3833c5fb3aa8,0,1,FALSE,FALSE,1,74.25,0,1,0,TRUE,0,TRUE,768,FALSE,0,0,1,41,3089.1
TRUE,0,4124-MMETB,fb925e39-5aa9-f111-b374-3833c5fb3aa8,0,1,FALSE,FALSE,1,94.65,1,1,0,TRUE,3,TRUE,864,FALSE,1,1,0,22,2104.55
TRUE,0,4704-ERYFC,e2955e39-5aa9-f111-b374-3833c5fb3aa8,0,0,FALSE,TRUE,1,69.25,0,1,0,TRUE,0,TRUE,1384,FALSE,0,0,0,22,1554
FALSE,2,9972-EWRJS,61965e39-5aa9-f111-b374-3833c5fb3aa8,0,0,TRUE,TRUE,2,19.25,0,0,0,TRUE,2,TRUE,1511,FALSE,0,0,0,67,1372.9
FALSE,1,2812-REYAT,c9965e39-5aa9-f111-b374-3833c5fb3aa8,0,0,FALSE,TRUE,2,20.05,0,0,0,TRUE,2,TRUE,1615,FALSE,0,0,0,49,923.1
FALSE,2,5377-NDTOU,7c975e39-5aa9-f111-b374-3833c5fb3aa8,1,0,TRUE,TRUE,0,91.05,1,0,1,FALSE,1,TRUE,1794,FALSE,1,1,1,71,6293.75
TRUE,0,7776-QWNFX,e3975e39-5aa9-f111-b374-3833c5fb3aa8,0,1,FALSE,TRUE,0,50.4,0,0,0,TRUE,2,TRUE,1897,TRUE,0,0,0,30,1527.5
TRUE,0,4958-GZWIY,2f16563f-5aa9-f111-b374-3833c5fb3aa8,1,1,TRUE,TRUE,0,48.7,0,1,0,FALSE,0,TRUE,2061,FALSE,0,0,0,7,340.25
FALSE,0,0869-PAPRP,3917563f-5aa9-f111-b374-3833c5fb3aa8,1,0,FALSE,TRUE,1,85.7,0,1,0,TRUE,3,TRUE,2327,TRUE,0,1,0,26,2067
FALSE,0,1197-BVMVG,b717563f-5aa9-f111-b374-3833c5fb3aa8,0,0,FALSE,FALSE,1,74.45,1,1,0,TRUE,0,TRUE,2453,TRUE,0,0,0,4,294.45
FALSE,1,8433-WPJTV,1c19563f-5aa9-f111-b374-3833c5fb3aa8,1,0,TRUE,TRUE,1,103.9,1,1,0,TRUE,2,TRUE,2810,TRUE,1,1,1,65,6767.1
FALSE,0,3352-ALMCK,9a19563f-5aa9-f111-b374-3833c5fb3aa8,1,1,FALSE,FALSE,1,102.65,1,0,0,TRUE,1,TRUE,2936,FALSE,1,1,0,40,4108.15
FALSE,1,5294-IMHHT,9c19563f-5aa9-f111-b374-3833c5fb3aa8,0,1,FALSE,TRUE,1,97.75,1,0,0,FALSE,2,TRUE,2938,FALSE,1,0,1,53,5043.2
FALSE,0,9441-QHEVC,2a1b563f-5aa9-f111-b374-3833c5fb3aa8,4,1,FALSE,FALSE,2,19.1,2,4,4,FALSE,1,TRUE,336,FALSE,4,4,4,1,19.1
TRUE,0,5143-WMWOG,581c563f-5aa9-f111-b374-3833c5fb3aa8,4,1,FALSE,FALSE,2,19.95,2,4,4,FALSE,0,TRUE,638,FALSE,4,4,4,1,19.95
FALSE,0,7989-VCQOH,bb1c563f-5aa9-f111-b374-3833c5fb3aa8,3,1,TRUE,TRUE,0,83.25,2,2,3,FALSE,0,TRUE,737,FALSE,3,3,2,18,1611.15
FALSE,0,7526-IVLYU,3c1d563f-5aa9-f111-b374-3833c5fb3aa8,4,1,FALSE,FALSE,2,19.65,2,4,4,TRUE,1,TRUE,866,FALSE,4,4,4,3,68.35
TRUE,0,8610-WFCJF,521d563f-5aa9-f111-b374-3833c5fb3aa8,2,0,TRUE,TRUE,1,95.6,4,2,2,TRUE,0,TRUE,888,FALSE,3,3,3,49,4783.5
FALSE,2,3719-TDVQB,741e563f-5aa9-f111-b374-3833c5fb3aa8,4,0,FALSE,TRUE,2,18.95,2,4,4,TRUE,1,TRUE,1178,TRUE,4,4,4,54,1031.1
FALSE,0,2347-WKKAE,221f563f-5aa9-f111-b374-3833c5fb3aa8,3,1,FALSE,TRUE,1,94.4,4,2,3,TRUE,0,TRUE,1352,FALSE,3,2,3,42,4014.6
FALSE,0,9696-RMYBA,2420563f-5aa9-f111-b374-3833c5fb3aa8,2,1,FALSE,FALSE,1,80.1,2,2,2,TRUE,1,TRUE,1610,FALSE,2,3,3,5,398.55
TRUE,0,4412-YLTKF,d68d5e39-5aa9-f111-b374-3833c5fb3aa8,1,0,FALSE,FALSE,1,78.05,1,1,0,TRUE,0,TRUE,126,TRUE,0,0,0,27,2135.5
TRUE,2,6680-NENYN,048e5e39-5aa9-f111-b374-3833c5fb3aa8,1,0,FALSE,FALSE,1,104.6,1,0,0,TRUE,0,TRUE,336,FALSE,1,1,0,43,4759.85
TRUE,0,0867-MKZVY,618e5e39-5aa9-f111-b374-3833c5fb3aa8,0,0,FALSE,TRUE,1,82.4,1,1,1,FALSE,0,TRUE,161,FALSE,0,0,0,20,1592.35
FALSE,2,7014-ZZXAW,838f5e39-5aa9-f111-b374-3833c5fb3aa8,0,0,FALSE,TRUE,2,24.25,1,0,0,TRUE,3,TRUE,269,FALSE,0,0,0,71,1732.95
FALSE,0,7905-TVXTA,e6925e39-5aa9-f111-b374-3833c5fb3aa8,0,0,FALSE,FALSE,0,64.35,0,1,1,TRUE,0,TRUE,853,FALSE,0,1,1,5,352.65
FALSE,0,8791-GFXLZ,68935e39-5aa9-f111-b374-3833c5fb3aa8,0,1,FALSE,FALSE,0,49.05,0,0,0,TRUE,2,TRUE,1124,FALSE,0,0,0,12,593.05
FALSE,2,0455-ENTCR,f0935e39-5aa9-f111-b374-3833c5fb3aa8,0,1,FALSE,TRUE,0,85.25,1,0,1,FALSE,0,TRUE,1196,FALSE,1,1,1,66,5538.35
TRUE,0,6567-HOOPW,d5955e39-5aa9-f111-b374-3833c5fb3aa8,0,0,FALSE,FALSE,1,79.2,0,1,0,TRUE,0,TRUE,1371,TRUE,0,1,0,1,79.2
FALSE,2,5668-MEISB,f1975e39-5aa9-f111-b374-3833c5fb3aa8,1,0,TRUE,TRUE,1,106.1,1,0,1,FALSE,3,TRUE,1911,FALSE,0,1,1,72,7657.4
FALSE,1,7746-QYVCO,4016563f-5aa9-f111-b374-3833c5fb3aa8,0,1,TRUE,TRUE,0,55.85,0,0,1,TRUE,1,TRUE,2078,FALSE,0,0,0,16,857.8
FALSE,1,0788-DXBFY,d516563f-5aa9-f111-b374-3833c5fb3aa8,0,1,TRUE,TRUE,2,19.55,0,0,0,TRUE,0,TRUE,2227,FALSE,0,0,0,58,1108.8
FALSE,0,1104-FEJAM,3c17563f-5aa9-f111-b374-3833c5fb3aa8,0,1,TRUE,TRUE,0,64.4,1,0,0,FALSE,0,TRUE,2330,FALSE,1,0,0,28,1802.15
FALSE,2,7064-JHXCE,5a17563f-5aa9-f111-b374-3833c5fb3aa8,0,1,TRUE,TRUE,2,20.05,0,0,0,FALSE,3,TRUE,2360,FALSE,0,0,0,62,1263.9
FALSE,1,6486-LHTMA,7d17563f-5aa9-f111-b374-3833c5fb3aa8,1,0,FALSE,TRUE,1,90.7,1,1,0,TRUE,0,TRUE,2395,TRUE,0,1,0,31,2835.5
FALSE,0,7748-UMTRK,3618563f-5aa9-f111-b374-3833c5fb3aa8,0,0,TRUE,FALSE,1,101.3,1,1,0,TRUE,0,TRUE,2580,TRUE,1,1,1,30,2974.5
FALSE,1,5315-CKEQK,6018563f-5aa9-f111-b374-3833c5fb3aa8,0,1,TRUE,TRUE,0,51,1,1,0,TRUE,0,TRUE,2622,TRUE,0,0,0,28,1381.8
FALSE,2,8347-GDTMP,5c19563f-5aa9-f111-b374-3833c5fb3aa8,0,0,FALSE,TRUE,2,19.45,0,0,0,FALSE,3,TRUE,2874,FALSE,0,0,0,64,1225.65
FALSE,0,8541-QVFKM,481a563f-5aa9-f111-b374-3833c5fb3aa8,2,0,FALSE,FALSE,1,73.5,4,2,2,TRUE,0,TRUE,110,FALSE,2,2,3,8,632.2
FALSE,0,0620-DLSLK,5b1a563f-5aa9-f111-b374-3833c5fb3aa8,2,0,FALSE,FALSE,1,81.9,2,2,2,TRUE,1,TRUE,129,FALSE,2,3,3,13,1028.9
FALSE,1,7661-CPURM,cd1a563f-5aa9-f111-b374-3833c5fb3aa8,2,1,FALSE,FALSE,1,87.7,2,2,2,TRUE,3,TRUE,243,FALSE,3,2,2,19,1725.95
FALSE,0,9633-XQABV,d51c563f-5aa9-f111-b374-3833c5fb3aa8,2,0,FALSE,FALSE,1,70.25,2,2,2,TRUE,0,TRUE,763,FALSE,2,2,3,3,229.7
TRUE,2,7951-QKZPL,8d1d563f-5aa9-f111-b374-3833c5fb3aa8,4,0,TRUE,TRUE,2,24.5,4,4,4,TRUE,1,TRUE,947,FALSE,4,4,4,33,740.3
FALSE,2,5656-JAMLX,be1d563f-5aa9-f111-b374-3833c5fb3aa8,4,1,FALSE,FALSE,2,19.85,2,4,4,FALSE,2,TRUE,996,FALSE,4,4,4,62,1253.65
TRUE,0,7547-EKNFS,8f1e563f-5aa9-f111-b374-3833c5fb3aa8,3,1,FALSE,TRUE,1,95.25,4,3,2,TRUE,2,TRUE,1205,FALSE,2,3,3,42,3959.35
FALSE,0,3407-QGWLG,201f563f-5aa9-f111-b374-3833c5fb3aa8,4,1,TRUE,FALSE,2,20.05,2,4,4,TRUE,1,TRUE,1350,FALSE,4,4,4,3,75.45
FALSE,0,5949-HGVJL,dd1f563f-5aa9-f111-b374-3833c5fb3aa8,2,0,FALSE,TRUE,0,73.05,2,3,2,TRUE,0,TRUE,1539,FALSE,3,3,2,26,1959.5
FALSE,1,1074-WVEVG,3520563f-5aa9-f111-b374-3833c5fb3aa8,4,0,FALSE,TRUE,2,20.35,2,4,4,FALSE,1,TRUE,1627,FALSE,4,4,4,59,1267
FALSE,0,0550-DCXLH,c210fb45-5aa9-f111-b374-3833c5fb3aa8,2,1,FALSE,FALSE,0,73.35,2,3,2,FALSE,1,TRUE,2027,FALSE,3,3,2,13,931.55
FALSE,0,1724-IQWNM,e610fb45-5aa9-f111-b374-3833c5fb3aa8,4,1,TRUE,FALSE,2,19.3,2,4,4,TRUE,1,TRUE,1840,FALSE,4,4,4,1,19.3
TRUE,0,1251-KRREG,618f5e39-5aa9-f111-b374-3833c5fb3aa8,0,1,FALSE,FALSE,0,54.4,1,0,0,TRUE,1,TRUE,235,FALSE,0,0,0,2,114.1
FALSE,0,1563-IWQEX,9c8f5e39-5aa9-f111-b374-3833c5fb3aa8,0,0,FALSE,FALSE,2,19.7,0,0,0,FALSE,1,TRUE,294,FALSE,0,0,0,12,220.35
TRUE,0,5896-NPFWW,2f915e39-5aa9-f111-b374-3833c5fb3aa8,1,1,TRUE,TRUE,0,50.15,0,1,0,TRUE,0,TRUE,697,FALSE,0,0,0,3,168.15
TRUE,0,5357-TZHPP,07965e39-5aa9-f111-b374-3833c5fb3aa8,0,1,FALSE,FALSE,1,84.4,1,1,0,TRUE,3,TRUE,1421,TRUE,1,0,0,9,732.5
TRUE,0,7530-HDYDS,74975e39-5aa9-f111-b374-3833c5fb3aa8,1,0,FALSE,FALSE,1,84.25,0,0,0,TRUE,3,TRUE,1786,FALSE,0,0,1,38,3264.5
FALSE,0,3247-MHJKM,ae15563f-5aa9-f111-b374-3833c5fb3aa8,0,1,FALSE,FALSE,2,20.2,0,0,0,FALSE,1,TRUE,1932,FALSE,0,0,0,1,20.2
FALSE,0,3744-ZBHON,6016563f-5aa9-f111-b374-3833c5fb3aa8,0,0,FALSE,FALSE,2,20.2,0,0,0,FALSE,0,TRUE,2110,FALSE,0,0,0,3,65.95
FALSE,0,8548-AWOFC,b716563f-5aa9-f111-b374-3833c5fb3aa8,0,1,FALSE,TRUE,0,63.85,1,1,0,FALSE,0,TRUE,2197,FALSE,1,0,1,66,4264.6
FALSE,1,5829-NVSQN,f217563f-5aa9-f111-b374-3833c5fb3aa8,1,0,FALSE,TRUE,0,68.75,0,1,1,TRUE,2,TRUE,2512,FALSE,1,0,1,23,1689.45
TRUE,0,5976-JCJRH,5518563f-5aa9-f111-b374-3833c5fb3aa8,0,1,FALSE,TRUE,1,70.3,0,1,0,TRUE,0,TRUE,2611,FALSE,0,0,0,10,738.2
FALSE,0,1855-CFULU,a718563f-5aa9-f111-b374-3833c5fb3aa8,0,0,FALSE,FALSE,2,20.05,0,0,0,FALSE,1,TRUE,2674,TRUE,0,0,0,4,91.45
TRUE,0,2495-INZWQ,ba18563f-5aa9-f111-b374-3833c5fb3aa8,0,1,FALSE,FALSE,0,44.55,0,1,0,TRUE,0,FALSE,2748,FALSE,1,1,0,4,174.3
FALSE,0,7326-RIGQZ,f319563f-5aa9-f111-b374-3833c5fb3aa8,2,1,TRUE,TRUE,1,69.8,2,2,2,TRUE,0,TRUE,25,FALSE,2,2,3,6,377.85
FALSE,1,4092-OFQZS,031a563f-5aa9-f111-b374-3833c5fb3aa8,4,1,FALSE,TRUE,2,20.65,2,4,4,FALSE,1,TRUE,41,FALSE,4,4,4,20,417.5
FALSE,2,8807-OPMBM,721a563f-5aa9-f111-b374-3833c5fb3aa8,4,0,TRUE,TRUE,2,25.65,4,4,4,TRUE,3,TRUE,152,FALSE,4,4,4,55,1388
FALSE,0,3566-VVORZ,851a563f-5aa9-f111-b374-3833c5fb3aa8,2,0,FALSE,TRUE,0,45.9,2,2,2,FALSE,2,TRUE,171,FALSE,2,2,3,12,505.95
TRUE,0,9048-JVYVF,8d1a563f-5aa9-f111-b374-3833c5fb3aa8,2,1,FALSE,FALSE,0,69.35,2,2,2,TRUE,0,TRUE,179,FALSE,3,3,2,3,191.35
FALSE,1,5336-UFNZP,b71a563f-5aa9-f111-b374-3833c5fb3aa8,3,0,TRUE,TRUE,1,107.45,4,3,2,TRUE,0,TRUE,221,TRUE,3,3,3,65,7047.5
FALSE,1,0334-ZFJSR,221b563f-5aa9-f111-b374-3833c5fb3aa8,2,0,FALSE,TRUE,0,66.05,4,3,3,TRUE,3,TRUE,328,FALSE,2,2,2,55,3462.1
TRUE,0,0778-NELLA,f21b563f-5aa9-f111-b374-3833c5fb3aa8,2,1,FALSE,FALSE,0,34.7,3,2,2,TRUE,3,FALSE,536,FALSE,2,3,3,9,296.1
TRUE,0,5393-RXQSZ,5a1c563f-5aa9-f111-b374-3833c5fb3aa8,2,1,FALSE,FALSE,1,79.6,2,2,2,FALSE,0,TRUE,640,FALSE,3,2,3,1,79.6
FALSE,2,3190-ITQXP,4a1e563f-5aa9-f111-b374-3833c5fb3aa8,4,0,TRUE,TRUE,2,20.25,2,4,4,FALSE,2,TRUE,1136,FALSE,4,4,4,46,890.35
FALSE,1,3587-PMCOY,261f563f-5aa9-f111-b374-3833c5fb3aa8,3,1,FALSE,FALSE,1,98.9,2,2,3,TRUE,0,TRUE,1356,FALSE,3,3,3,10,1064.95
FALSE,0,8778-LMWTJ,2d1f563f-5aa9-f111-b374-3833c5fb3aa8,2,0,FALSE,FALSE,1,74.85,2,2,3,TRUE,0,TRUE,1363,FALSE,2,2,3,9,708.2
FALSE,1,4342-HFXWS,8820563f-5aa9-f111-b374-3833c5fb3aa8,3,0,TRUE,TRUE,0,69.7,2,2,3,FALSE,2,TRUE,1710,FALSE,2,3,2,48,3023.65
FALSE,0,6897-UUBNU,ea10fb45-5aa9-f111-b374-3833c5fb3aa8,2,1,FALSE,FALSE,1,89.65,2,3,2,FALSE,1,TRUE,1844,FALSE,2,3,2,29,2623.65
FALSE,2,5130-YPIRV,6e11fb45-5aa9-f111-b374-3833c5fb3aa8,3,0,FALSE,TRUE,0,72,2,3,3,TRUE,3,TRUE,1976,FALSE,2,3,3,62,4284.2
FALSE,1,7997-EASSD,1c935e39-5aa9-f111-b374-3833c5fb3aa8,0,0,FALSE,TRUE,1,81.2,1,1,0,TRUE,3,TRUE,894,FALSE,0,0,1,63,4965.1
FALSE,2,0831-JNISG,84935e39-5aa9-f111-b374-3833c5fb3aa8,0,1,TRUE,TRUE,2,19.8,0,0,0,FALSE,1,TRUE,1137,FALSE,0,0,0,71,1396.25
TRUE,1,4607-CHPCA,b6935e39-5aa9-f111-b374-3833c5fb3aa8,0,1,TRUE,TRUE,1,90.4,0,1,0,TRUE,0,TRUE,1097,FALSE,1,1,0,25,2178.6
TRUE,0,2223-KAGMX,56955e39-5aa9-f111-b374-3833c5fb3aa8,0,0,FALSE,FALSE,2,19.4,0,0,0,FALSE,2,TRUE,1244,FALSE,0,0,0,15,289.3
FALSE,0,6729-GDNGC,8a955e39-5aa9-f111-b374-3833c5fb3aa8,0,0,FALSE,FALSE,1,80.7,0,1,0,FALSE,2,TRUE,1296,TRUE,0,1,0,20,1614.2
TRUE,0,3793-MMFUH,ca955e39-5aa9-f111-b374-3833c5fb3aa8,0,0,FALSE,FALSE,1,95.05,1,1,0,TRUE,0,TRUE,1360,TRUE,1,1,0,13,1290
FALSE,1,3946-JEWRQ,ce975e39-5aa9-f111-b374-3833c5fb3aa8,0,1,FALSE,TRUE,1,95.2,1,1,0,TRUE,3,TRUE,1876,FALSE,1,1,0,47,4563
FALSE,0,5356-CSVSQ,f4975e39-5aa9-f111-b374-3833c5fb3aa8,0,0,FALSE,FALSE,0,64.6,1,1,0,FALSE,0,TRUE,1914,FALSE,0,1,1,3,174.2
FALSE,2,6463-MVYRY,3918563f-5aa9-f111-b374-3833c5fb3aa8,1,0,FALSE,FALSE,0,69.85,0,1,1,FALSE,2,TRUE,2583,TRUE,0,1,1,57,4003
FALSE,1,6599-GZWCM,f518563f-5aa9-f111-b374-3833c5fb3aa8,0,0,FALSE,FALSE,1,74.65,0,0,0,TRUE,1,TRUE,2778,FALSE,0,0,0,13,966.25
FALSE,0,2187-PKZAY,6219563f-5aa9-f111-b374-3833c5fb3aa8,0,1,FALSE,FALSE,1,79.95,0,1,0,TRUE,2,TRUE,2880,FALSE,1,0,0,12,1043.4
FALSE,0,3170-GWYKC,6819563f-5aa9-f111-b374-3833c5fb3aa8,1,0,FALSE,FALSE,1,104.95,0,1,1,TRUE,2,TRUE,2886,FALSE,1,1,1,60,6236.75
FALSE,1,5312-IRCFR,9b19563f-5aa9-f111-b374-3833c5fb3aa8,1,0,TRUE,TRUE,1,92.85,1,0,0,TRUE,0,TRUE,2937,FALSE,1,0,0,64,5980.75
TRUE,0,8053-WWDRO,111b563f-5aa9-f111-b374-3833c5fb3aa8,4,0,FALSE,TRUE,2,19.5,2,4,4,FALSE,2,TRUE,311,FALSE,4,4,4,6,146.3
FALSE,0,8313-KTIHG,531b563f-5aa9-f111-b374-3833c5fb3aa8,2,1,FALSE,FALSE,0,61.3,2,2,2,TRUE,0,TRUE,377,FALSE,2,3,2,4,249.4
FALSE,0,0804-XBFBV,c31b563f-5aa9-f111-b374-3833c5fb3aa8,2,0,TRUE,FALSE,0,25.2,3,2,2,FALSE,0,FALSE,489,FALSE,2,2,3,11,321.05
TRUE,0,5229-PRWKT,811c563f-5aa9-f111-b374-3833c5fb3aa8,2,1,FALSE,FALSE,1,86.55,4,2,2,TRUE,0,TRUE,679,FALSE,3,2,3,8,649.65
FALSE,0,3058-WQDRE,8e1e563f-5aa9-f111-b374-3833c5fb3aa8,2,1,FALSE,FALSE,0,25.15,3,2,2,TRUE,2,FALSE,1204,FALSE,2,2,3,13,331.85
FALSE,2,3428-MMGUB,b91e563f-5aa9-f111-b374-3833c5fb3aa8,3,1,FALSE,FALSE,1,89.55,4,2,2,TRUE,0,TRUE,1247,FALSE,2,3,3,60,5231.2
FALSE,0,2369-FEVNO,bb20563f-5aa9-f111-b374-3833c5fb3aa8,4,1,FALSE,FALSE,2,19.9,2,4,4,TRUE,1,TRUE,1761,FALSE,4,4,4,1,19.9
FALSE,2,3520-FJGCV,8a8e5e39-5aa9-f111-b374-3833c5fb3aa8,1,1,TRUE,TRUE,1,112.6,1,0,1,TRUE,3,TRUE,369,FALSE,1,1,1,72,8126.65
FALSE,0,9903-LYSAB,638f5e39-5aa9-f111-b374-3833c5fb3aa8,0,1,FALSE,TRUE,1,73.15,1,1,0,TRUE,0,TRUE,237,FALSE,0,0,0,18,1305.95
FALSE,1,0895-LMRSF,a28f5e39-5aa9-f111-b374-3833c5fb3aa8,0,1,FALSE,FALSE,0,64.9,0,1,0,TRUE,2,TRUE,300,FALSE,1,1,0,23,1509.8
FALSE,1,3137-NYQQI,77915e39-5aa9-f111-b374-3833c5fb3aa8,0,1,FALSE,TRUE,0,64.8,0,0,1,FALSE,1,TRUE,769,FALSE,1,0,0,17,1175.6
TRUE,0,5842-POCOP,7b915e39-5aa9-f111-b374-3833c5fb3aa8,1,0,FALSE,TRUE,1,88.9,0,1,1,TRUE,1,TRUE,773,FALSE,1,0,0,5,454.15
FALSE,2,6169-PPETC,89925e39-5aa9-f111-b374-3833c5fb3aa8,0,1,TRUE,TRUE,2,20.5,0,0,0,FALSE,2,TRUE,949,FALSE,0,0,0,35,759.35
TRUE,0,1907-UBQFC,2d935e39-5aa9-f111-b374-3833c5fb3aa8,0,1,FALSE,FALSE,1,72.85,0,0,0,TRUE,0,TRUE,910,TRUE,0,0,0,10,688.65
FALSE,1,8985-OOPOS,80955e39-5aa9-f111-b374-3833c5fb3aa8,1,0,FALSE,FALSE,0,74.1,0,1,0,FALSE,3,TRUE,1286,FALSE,1,1,1,1,74.1
FALSE,2,0739-UUAJR,0f18563f-5aa9-f111-b374-3833c5fb3aa8,1,0,TRUE,TRUE,0,53.8,0,1,1,TRUE,3,FALSE,2541,FALSE,1,1,0,72,3952.45
FALSE,2,9838-BFCQT,0519563f-5aa9-f111-b374-3833c5fb3aa8,0,1,TRUE,TRUE,2,26.1,1,0,0,FALSE,1,TRUE,2787,FALSE,0,0,0,72,1851.45
FALSE,2,5231-FIQPA,ee19563f-5aa9-f111-b374-3833c5fb3aa8,4,0,FALSE,FALSE,2,19.85,2,4,4,TRUE,1,TRUE,20,FALSE,4,4,4,41,810.45
FALSE,1,6047-SUHPR,641c563f-5aa9-f111-b374-3833c5fb3aa8,3,1,TRUE,TRUE,0,59.8,2,3,3,FALSE,0,TRUE,650,FALSE,2,2,3,39,2343.85
FALSE,1,3229-USWAR,4b1d563f-5aa9-f111-b374-3833c5fb3aa8,3,0,FALSE,FALSE,0,79.95,2,2,3,TRUE,2,TRUE,881,FALSE,3,3,2,34,2727.3
FALSE,0,8035-PWSEV,751d563f-5aa9-f111-b374-3833c5fb3aa8,3,0,FALSE,FALSE,1,89.25,2,2,2,TRUE,0,TRUE,923,FALSE,3,2,2,6,487.05
FALSE,1,6981-TDRFT,791e563f-5aa9-f111-b374-3833c5fb3aa8,3,1,TRUE,TRUE,0,54.3,3,2,2,TRUE,0,FALSE,1183,FALSE,3,3,2,44,2317.1
FALSE,1,8668-KNZTI,681f563f-5aa9-f111-b374-3833c5fb3aa8,3,1,FALSE,FALSE,0,53.75,2,2,3,FALSE,0,FALSE,1422,FALSE,2,2,3,52,2790.65
TRUE,0,6608-QQLVK,741f563f-5aa9-f111-b374-3833c5fb3aa8,3,1,FALSE,FALSE,0,50.5,2,2,2,TRUE,0,TRUE,1434,FALSE,2,2,3,1,50.5
TRUE,0,0685-MLYYM,9820563f-5aa9-f111-b374-3833c5fb3aa8,2,0,FALSE,FALSE,1,70.75,2,2,2,FALSE,0,TRUE,1726,TRUE,2,2,3,2,154.85
TRUE,0,2840-XANRC,b48f5e39-5aa9-f111-b374-3833c5fb3aa8,1,1,FALSE,TRUE,1,93.15,0,1,0,TRUE,0,TRUE,318,TRUE,1,1,0,24,2231.05
FALSE,0,8224-IVVPA,64915e39-5aa9-f111-b374-3833c5fb3aa8,0,0,FALSE,FALSE,0,56.7,0,0,1,TRUE,1,TRUE,750,FALSE,0,0,0,27,1652.95
TRUE,0,2189-WWOEW,6c915e39-5aa9-f111-b374-3833c5fb3aa8,0,0,TRUE,FALSE,1,85.9,0,0,0,TRUE,2,TRUE,758,FALSE,1,0,0,15,1269.55
TRUE,0,6275-YDUVO,a6915e39-5aa9-f111-b374-3833c5fb3aa8,1,0,FALSE,FALSE,1,86.2,0,1,0,TRUE,1,TRUE,816,FALSE,1,0,0,2,178.7
FALSE,1,8717-VCTXJ,c2935e39-5aa9-f111-b374-3833c5fb3aa8,0,1,FALSE,FALSE,2,19.55,0,0,0,TRUE,1,TRUE,1104,FALSE,0,0,0,42,839.4
FALSE,0,8605-ITULD,4d965e39-5aa9-f111-b374-3833c5fb3aa8,0,0,FALSE,FALSE,2,19.55,0,0,0,FALSE,1,TRUE,1491,FALSE,0,0,0,1,19.55
FALSE,2,4872-JCVCA,2416563f-5aa9-f111-b374-3833c5fb3aa8,1,0,FALSE,TRUE,0,47.6,0,0,1,TRUE,2,FALSE,2050,FALSE,0,0,1,71,3377.8
FALSE,0,1356-MKYSK,781d563f-5aa9-f111-b374-3833c5fb3aa8,3,1,FALSE,FALSE,0,78.65,2,2,3,FALSE,3,TRUE,926,FALSE,3,3,2,6,483.3
FALSE,1,7325-ENZFI,fd1d563f-5aa9-f111-b374-3833c5fb3aa8,2,0,FALSE,FALSE,0,40.3,3,3,3,TRUE,2,FALSE,1059,FALSE,2,2,2,39,1630.4
TRUE,1,4789-KWMXN,7c1e563f-5aa9-f111-b374-3833c5fb3aa8,3,1,FALSE,TRUE,1,110.85,4,2,3,TRUE,3,TRUE,1186,FALSE,3,3,2,47,5275.8
FALSE,2,7162-WPHPM,9a1e563f-5aa9-f111-b374-3833c5fb3aa8,3,1,TRUE,TRUE,0,71.6,4,3,3,FALSE,3,TRUE,1216,FALSE,2,2,2,58,4230.25
FALSE,0,8456-QDAVC,ca10fb45-5aa9-f111-b374-3833c5fb3aa8,2,1,FALSE,FALSE,1,78.7,2,2,2,TRUE,2,TRUE,2035,FALSE,2,3,3,19,1495.1
FALSE,2,2977-CEBSX,ef8e5e39-5aa9-f111-b374-3833c5fb3aa8,1,0,FALSE,FALSE,0,90.05,1,0,1,TRUE,3,TRUE,395,FALSE,1,1,1,66,5965.95
FALSE,2,0945-TSONX,5b8f5e39-5aa9-f111-b374-3833c5fb3aa8,0,0,TRUE,TRUE,0,85.3,1,0,1,TRUE,3,TRUE,229,FALSE,1,1,1,47,4107.25
TRUE,0,8937-RDTHP,5e8f5e39-5aa9-f111-b374-3833c5fb3aa8,0,1,FALSE,FALSE,1,84.6,0,1,1,TRUE,1,TRUE,232,FALSE,1,0,0,1,84.6
FALSE,1,4808-YNLEU,f88f5e39-5aa9-f111-b374-3833c5fb3aa8,0,0,FALSE,TRUE,0,62.15,0,1,1,TRUE,2,TRUE,86,FALSE,0,1,0,35,2215.45
FALSE,0,3003-CMDUU,e7905e39-5aa9-f111-b374-3833c5fb3aa8,0,0,FALSE,TRUE,1,95.15,0,1,0,TRUE,0,TRUE,625,FALSE,1,1,1,25,2395.7
FALSE,2,0392-BZIUW,ce925e39-5aa9-f111-b374-3833c5fb3aa8,1,0,FALSE,TRUE,1,105,1,1,1,TRUE,3,TRUE,841,FALSE,1,1,0,72,7589.8
FALSE,2,6614-YOLAC,ec925e39-5aa9-f111-b374-3833c5fb3aa8,0,0,TRUE,TRUE,0,58.65,0,0,1,FALSE,1,FALSE,1011,FALSE,1,1,1,71,4145.25
FALSE,0,1728-CXQBE,55965e39-5aa9-f111-b374-3833c5fb3aa8,1,1,FALSE,TRUE,1,94.25,1,0,0,TRUE,0,TRUE,1499,TRUE,1,0,0,64,6081.4
FALSE,2,3533-UVMOM,d7965e39-5aa9-f111-b374-3833c5fb3aa8,1,1,FALSE,TRUE,0,70.95,0,0,1,FALSE,2,TRUE,1629,FALSE,1,0,0,68,4741.45
FALSE,2,7321-KKSDU,a0975e39-5aa9-f111-b374-3833c5fb3aa8,0,1,TRUE,FALSE,2,20.5,0,0,0,FALSE,1,TRUE,1830,FALSE,0,0,0,32,696.8
TRUE,0,1024-VRZHF,d815563f-5aa9-f111-b374-3833c5fb3aa8,0,1,FALSE,TRUE,1,74.95,1,1,0,TRUE,0,TRUE,1974,FALSE,0,0,0,11,825.7
FALSE,2,0014-BMAQU,6818563f-5aa9-f111-b374-3833c5fb3aa8,0,1,FALSE,TRUE,1,84.65,1,1,1,TRUE,3,TRUE,2630,FALSE,0,0,1,63,5377.8
FALSE,1,9758-MFWGD,fc19563f-5aa9-f111-b374-3833c5fb3aa8,2,0,TRUE,TRUE,0,29.9,3,3,2,FALSE,2,FALSE,34,TRUE,2,2,3,48,1388.75
FALSE,1,5204-HMGYF,691a563f-5aa9-f111-b374-3833c5fb3aa8,3,0,TRUE,TRUE,0,87.2,2,3,3,TRUE,1,TRUE,143,FALSE,3,3,2,49,4345
TRUE,1,8327-LZKAS,bf1a563f-5aa9-f111-b374-3833c5fb3aa8,3,0,FALSE,TRUE,1,107.55,4,2,2,TRUE,0,TRUE,229,TRUE,3,3,2,43,4533.9
FALSE,1,3642-GKTCT,fb1a563f-5aa9-f111-b374-3833c5fb3aa8,3,0,FALSE,FALSE,1,115.1,4,3,3,TRUE,1,TRUE,289,FALSE,3,3,2,61,6993.65
FALSE,0,9214-EKVXR,3e1d563f-5aa9-f111-b374-3833c5fb3aa8,2,0,FALSE,FALSE,0,44,2,2,2,TRUE,1,TRUE,868,FALSE,2,2,3,1,44
FALSE,2,6828-HMKWP,b61d563f-5aa9-f111-b374-3833c5fb3aa8,4,1,TRUE,TRUE,2,21.05,2,4,4,FALSE,2,TRUE,988,FALSE,4,4,4,12,262.05
FALSE,1,5774-QPLTF,511e563f-5aa9-f111-b374-3833c5fb3aa8,4,1,TRUE,TRUE,2,20.35,2,4,4,TRUE,1,TRUE,1143,FALSE,4,4,4,50,938.95
FALSE,0,7148-XZPHA,291f563f-5aa9-f111-b374-3833c5fb3aa8,2,1,TRUE,TRUE,1,79.4,2,3,2,FALSE,0,TRUE,1359,FALSE,2,2,2,55,4238.45
FALSE,0,1035-IPQPU,be10fb45-5aa9-f111-b374-3833c5fb3aa8,3,0,FALSE,TRUE,1,103.5,4,3,2,TRUE,0,TRUE,2023,TRUE,3,3,3,63,6479.4
FALSE,0,4070-OKWVH,0511fb45-5aa9-f111-b374-3833c5fb3aa8,3,0,FALSE,TRUE,1,94.6,4,3,2,FALSE,2,TRUE,1871,FALSE,2,3,3,52,5025.8
FALSE,1,9609-BENEA,2511fb45-5aa9-f111-b374-3833c5fb3aa8,2,1,FALSE,TRUE,0,69,4,3,2,TRUE,0,TRUE,1903,FALSE,2,3,2,35,2441.7
FALSE,0,5392-AKEMH,5911fb45-5aa9-f111-b374-3833c5fb3aa8,2,0,FALSE,FALSE,0,45.05,2,2,2,TRUE,0,TRUE,1955,FALSE,2,2,3,12,523.1
FALSE,0,5697-GOMBF,e48d5e39-5aa9-f111-b374-3833c5fb3aa8,0,0,TRUE,TRUE,0,35.9,0,1,0,TRUE,0,FALSE,328,TRUE,0,1,0,28,973.65
FALSE,0,8108-UXRQN,f38f5e39-5aa9-f111-b374-3833c5fb3aa8,0,0,TRUE,TRUE,0,50.55,0,1,1,FALSE,0,FALSE,81,FALSE,1,1,0,11,565.35
TRUE,0,2957-LOLHO,27905e39-5aa9-f111-b374-3833c5fb3aa8,0,1,FALSE,FALSE,0,45.4,0,1,0,FALSE,2,TRUE,433,FALSE,0,0,0,12,518.9
FALSE,0,6614-VBEGU,43905e39-5aa9-f111-b374-3833c5fb3aa8,0,0,FALSE,TRUE,0,69.45,0,0,0,TRUE,2,TRUE,461,FALSE,1,1,0,24,1614.05
FALSE,1,7471-WNSUF,6a925e39-5aa9-f111-b374-3833c5fb3aa8,0,1,FALSE,TRUE,2,24.15,1,0,0,FALSE,2,TRUE,920,FALSE,0,0,0,60,1505.9
TRUE,0,7321-PKUYW,5a955e39-5aa9-f111-b374-3833c5fb3aa8,0,0,FALSE,FALSE,1,90.15,1,1,0,FALSE,0,TRUE,1248,FALSE,0,1,1,11,987.95
FALSE,0,5035-BVCXS,d5965e39-5aa9-f111-b374-3833c5fb3aa8,0,1,FALSE,FALSE,1,75.9,0,0,0,TRUE,1,TRUE,1627,FALSE,0,0,0,11,866.4
FALSE,2,3669-WHAFY,61975e39-5aa9-f111-b374-3833c5fb3aa8,1,0,FALSE,TRUE,1,115.15,1,0,1,TRUE,3,TRUE,1767,FALSE,1,1,1,71,8078.1
FALSE,1,1136-XGEQU,a716563f-5aa9-f111-b374-3833c5fb3aa8,1,0,TRUE,TRUE,0,84.15,1,0,0,TRUE,3,TRUE,2181,FALSE,1,1,1,50,4164.4
FALSE,0,3420-ZDBMA,de16563f-5aa9-f111-b374-3833c5fb3aa8,0,1,FALSE,FALSE,1,71.45,0,1,0,TRUE,1,TRUE,2236,TRUE,0,0,0,5,371.6
FALSE,0,7318-EIVKO,7917563f-5aa9-f111-b374-3833c5fb3aa8,0,1,FALSE,FALSE,0,59.25,1,1,0,TRUE,0,TRUE,2391,FALSE,0,1,0,8,436.6
TRUE,0,2636-OHFMN,c617563f-5aa9-f111-b374-3833c5fb3aa8,0,1,FALSE,TRUE,0,48.55,0,0,0,TRUE,0,FALSE,2468,FALSE,1,1,0,4,201
FALSE,1,6061-GWWAV,e517563f-5aa9-f111-b374-3833c5fb3aa8,1,1,TRUE,FALSE,0,70.2,0,0,1,FALSE,1,TRUE,2499,FALSE,0,1,0,41,2894.55
FALSE,2,3227-WLKLI,2818563f-5aa9-f111-b374-3833c5fb3aa8,1,0,TRUE,TRUE,0,91.55,1,0,1,FALSE,2,TRUE,2566,FALSE,1,1,1,65,5963.95
TRUE,0,0596-BQCEQ,bf19563f-5aa9-f111-b374-3833c5fb3aa8,1,0,TRUE,TRUE,1,100.15,0,0,0,TRUE,0,TRUE,2973,FALSE,1,1,0,62,6283.3
FALSE,1,4942-VZZOM,5f1c563f-5aa9-f111-b374-3833c5fb3aa8,2,1,FALSE,TRUE,0,66.15,4,2,3,TRUE,3,TRUE,645,FALSE,2,3,3,64,4392.5
FALSE,0,6469-QJKZW,751c563f-5aa9-f111-b374-3833c5fb3aa8,4,0,FALSE,TRUE,2,20.15,2,4,4,FALSE,0,TRUE,667,FALSE,4,4,4,4,91.4
FALSE,0,3090-QFUVD,e41c563f-5aa9-f111-b374-3833c5fb3aa8,4,0,FALSE,FALSE,2,20.3,2,4,4,FALSE,3,TRUE,778,FALSE,4,4,4,1,20.3
FALSE,0,2325-NBPZG,d11d563f-5aa9-f111-b374-3833c5fb3aa8,2,0,FALSE,FALSE,1,74.55,2,2,3,TRUE,0,TRUE,1015,FALSE,2,2,3,3,233.65
FALSE,1,7435-ZNUYY,db1e563f-5aa9-f111-b374-3833c5fb3aa8,4,1,FALSE,FALSE,2,20.6,2,4,4,FALSE,1,TRUE,1281,FALSE,4,4,4,6,116.6
TRUE,2,2530-ENDWQ,e41e563f-5aa9-f111-b374-3833c5fb3aa8,2,0,FALSE,TRUE,1,93.7,4,2,2,TRUE,2,TRUE,1290,FALSE,3,3,3,71,6585.35
FALSE,0,8904-OPDCK,011f563f-5aa9-f111-b374-3833c5fb3aa8,2,1,FALSE,TRUE,0,24.95,3,2,2,TRUE,2,FALSE,1319,TRUE,2,2,3,54,1364.75
FALSE,1,6668-CNMFP,e320563f-5aa9-f111-b374-3833c5fb3aa8,2,0,TRUE,TRUE,1,89.35,4,2,2,TRUE,2,TRUE,1801,FALSE,3,2,2,19,1686.85
FALSE,2,7242-EDTYC,3211fb45-5aa9-f111-b374-3833c5fb3aa8,4,1,TRUE,FALSE,2,19.55,2,4,4,FALSE,2,TRUE,1916,FALSE,4,4,4,44,819.95
FALSE,0,0463-ZSDNT,4211fb45-5aa9-f111-b374-3833c5fb3aa8,2,1,FALSE,FALSE,0,56.75,2,2,2,TRUE,2,TRUE,1932,FALSE,3,2,3,10,503.25
FALSE,0,2523-EWWZL,8311fb45-5aa9-f111-b374-3833c5fb3aa8,2,0,FALSE,TRUE,1,76.1,2,3,2,TRUE,0,TRUE,1997,FALSE,2,2,3,27,2093.4
TRUE,0,6317-YPKDH,ab8e5e39-5aa9-f111-b374-3833c5fb3aa8,0,0,FALSE,FALSE,0,29.95,0,0,0,FALSE,2,FALSE,180,FALSE,0,0,0,1,29.95
TRUE,0,5167-ZFFMM,c08e5e39-5aa9-f111-b374-3833c5fb3aa8,0,1,FALSE,FALSE,1,90.85,1,0,0,TRUE,3,TRUE,383,FALSE,1,0,0,1,90.85
FALSE,0,6496-JDSSB,438f5e39-5aa9-f111-b374-3833c5fb3aa8,0,0,FALSE,FALSE,1,80,0,1,0,TRUE,2,TRUE,219,FALSE,0,1,0,8,624.6
TRUE,0,4846-WHAFZ,13905e39-5aa9-f111-b374-3833c5fb3aa8,0,0,FALSE,TRUE,1,76.5,1,1,0,TRUE,0,TRUE,113,TRUE,0,0,0,37,2868.15
FALSE,0,2055-SIFSS,1f905e39-5aa9-f111-b374-3833c5fb3aa8,0,0,FALSE,TRUE,0,51.65,1,1,0,FALSE,2,TRUE,425,TRUE,0,0,0,55,2838.55
FALSE,2,6103-LIANB,a9905e39-5aa9-f111-b374-3833c5fb3aa8,1,1,TRUE,TRUE,1,99.5,1,1,0,TRUE,3,TRUE,563,FALSE,1,1,0,59,5861.75
TRUE,0,4541-RMRLG,9a925e39-5aa9-f111-b374-3833c5fb3aa8,0,1,FALSE,FALSE,2,19.25,0,0,0,FALSE,0,TRUE,966,FALSE,0,0,0,7,112.3
FALSE,2,8146-QQKZH,4c935e39-5aa9-f111-b374-3833c5fb3aa8,1,0,FALSE,TRUE,0,81.85,0,1,1,FALSE,2,TRUE,1034,FALSE,1,1,1,71,5924.4
FALSE,0,3522-CDKHF,94935e39-5aa9-f111-b374-3833c5fb3aa8,0,0,FALSE,TRUE,1,75.5,0,1,1,TRUE,2,TRUE,1145,FALSE,0,0,0,32,2324.7
TRUE,0,3992-YWPKO,d8935e39-5aa9-f111-b374-3833c5fb3aa8,1,0,FALSE,FALSE,1,109.9,1,0,0,TRUE,3,TRUE,1176,FALSE,1,1,1,6,669.45
TRUE,0,3838-OZURD,b5955e39-5aa9-f111-b374-3833c5fb3aa8,1,1,FALSE,TRUE,1,105,1,0,0,TRUE,3,TRUE,1339,FALSE,1,1,0,66,7133.25
TRUE,0,4116-TZAQJ,33975e39-5aa9-f111-b374-3833c5fb3aa8,0,0,FALSE,FALSE,1,74.25,0,1,1,TRUE,3,TRUE,1721,FALSE,0,0,0,9,639.65
FALSE,1,8646-JCOMS,44975e39-5aa9-f111-b374-3833c5fb3aa8,1,0,FALSE,TRUE,1,90.55,1,0,0,TRUE,2,TRUE,1738,FALSE,0,0,1,66,6130.95
FALSE,0,3144-KMTWZ,63975e39-5aa9-f111-b374-3833c5fb3aa8,1,1,FALSE,TRUE,1,93.25,1,0,0,TRUE,2,TRUE,1769,FALSE,1,0,0,71,6669.45
TRUE,0,7054-LGEQW,bf975e39-5aa9-f111-b374-3833c5fb3aa8,0,0,FALSE,FALSE,0,45.95,0,1,0,FALSE,1,TRUE,1861,FALSE,0,0,0,1,45.95
FALSE,0,5934-TSSAU,4316563f-5aa9-f111-b374-3833c5fb3aa8,1,0,TRUE,TRUE,1,75.3,0,1,0,TRUE,3,TRUE,2081,FALSE,0,0,0,23,1702.9
FALSE,2,7717-BICXI,c417563f-5aa9-f111-b374-3833c5fb3aa8,0,1,TRUE,TRUE,2,20.55,0,0,0,FALSE,1,TRUE,2466,FALSE,0,0,0,60,1205.05
FALSE,1,4565-EVZMJ,261b563f-5aa9-f111-b374-3833c5fb3aa8,2,0,FALSE,FALSE,0,58.9,2,3,3,TRUE,1,TRUE,332,FALSE,2,2,2,47,2813.05
FALSE,2,0383-CLDDA,541d563f-5aa9-f111-b374-3833c5fb3aa8,3,0,FALSE,FALSE,0,85.35,4,2,3,TRUE,3,TRUE,890,FALSE,3,3,2,69,5897.4
FALSE,2,9933-QRGTX,c01e563f-5aa9-f111-b374-3833c5fb3aa8,2,0,FALSE,TRUE,1,97.2,2,2,3,TRUE,0,TRUE,1254,FALSE,3,3,2,60,5611.75
TRUE,0,7693-LCKZL,4611fb45-5aa9-f111-b374-3833c5fb3aa8,2,1,TRUE,TRUE,1,80.15,4,3,2,TRUE,0,TRUE,1936,FALSE,2,2,3,5,385
FALSE,0,6075-SLNIL,8a11fb45-5aa9-f111-b374-3833c5fb3aa8,3,1,FALSE,FALSE,1,95.1,4,3,2,TRUE,3,TRUE,2004,FALSE,3,2,3,38,3691.2
FALSE,2,6691-CCIHA,9211fb45-5aa9-f111-b374-3833c5fb3aa8,2,0,FALSE,TRUE,0,84.95,4,3,3,TRUE,0,TRUE,2012,FALSE,3,3,2,62,5150.55
FALSE,0,2799-ARNLO,af8f5e39-5aa9-f111-b374-3833c5fb3aa8,0,0,FALSE,TRUE,1,69.35,0,1,0,TRUE,0,TRUE,313,TRUE,0,0,0,5,341.6
FALSE,0,4104-PVRPS,4f905e39-5aa9-f111-b374-3833c5fb3aa8,0,1,FALSE,TRUE,0,53.6,0,1,1,FALSE,1,TRUE,473,FALSE,0,0,1,24,1315.35
FALSE,0,8270-RKSAP,b7905e39-5aa9-f111-b374-3833c5fb3aa8,0,1,FALSE,FALSE,1,70.5,0,1,0,TRUE,0,TRUE,577,FALSE,0,0,0,9,597.9
FALSE,2,7564-GHCVB,53915e39-5aa9-f111-b374-3833c5fb3aa8,0,0,TRUE,TRUE,1,79.05,1,1,1,FALSE,2,TRUE,733,FALSE,0,0,0,72,5730.7
FALSE,0,8713-IGZSO,e4925e39-5aa9-f111-b374-3833c5fb3aa8,0,1,FALSE,FALSE,2,24.85,1,0,0,FALSE,1,TRUE,852,FALSE,0,0,0,2,62
FALSE,2,4782-OSFXZ,bb935e39-5aa9-f111-b374-3833c5fb3aa8,1,0,FALSE,TRUE,0,82.7,1,0,1,TRUE,2,TRUE,1164,TRUE,1,0,1,71,5831.2
FALSE,0,9992-UJOEL,66955e39-5aa9-f111-b374-3833c5fb3aa8,0,1,FALSE,FALSE,0,50.3,0,0,0,TRUE,1,TRUE,1260,FALSE,0,0,0,2,92.75
TRUE,0,5027-XWQHA,88955e39-5aa9-f111-b374-3833c5fb3aa8,0,1,FALSE,FALSE,0,44.75,0,1,0,FALSE,0,TRUE,1294,FALSE,0,0,0,6,270.95
FALSE,2,2277-BKJKN,46965e39-5aa9-f111-b374-3833c5fb3aa8,1,0,FALSE,TRUE,1,99.2,0,0,0,TRUE,0,TRUE,1484,TRUE,1,1,0,71,7213.75
FALSE,1,9207-ZPANB,6b965e39-5aa9-f111-b374-3833c5fb3aa8,1,1,FALSE,FALSE,0,67.45,1,0,1,FALSE,0,TRUE,1521,FALSE,0,0,1,37,2443.3
FALSE,0,2720-FVBQP,a9965e39-5aa9-f111-b374-3833c5fb3aa8,0,0,TRUE,TRUE,0,48.95,1,1,0,TRUE,3,TRUE,1583,FALSE,0,0,0,6,273.25
FALSE,2,4737-AQCPU,02975e39-5aa9-f111-b374-3833c5fb3aa8,1,1,TRUE,TRUE,0,72.1,1,0,1,FALSE,3,TRUE,1672,FALSE,0,0,1,72,5016.65
FALSE,0,3190-FZATL,e015563f-5aa9-f111-b374-3833c5fb3aa8,0,1,TRUE,FALSE,2,19.95,0,0,0,FALSE,1,TRUE,1982,FALSE,0,0,0,14,268.4
FALSE,0,6661-EIPZC,4c16563f-5aa9-f111-b374-3833c5fb3aa8,0,0,TRUE,TRUE,0,29.5,0,1,0,TRUE,3,FALSE,2090,FALSE,0,0,1,48,1423.05
FALSE,2,9297-FVVDH,9016563f-5aa9-f111-b374-3833c5fb3aa8,1,0,TRUE,TRUE,0,84.5,1,1,1,TRUE,0,TRUE,2158,FALSE,1,1,1,57,4845.4
FALSE,0,1049-FYSYG,9c17563f-5aa9-f111-b374-3833c5fb3aa8,1,0,FALSE,TRUE,0,35.65,0,0,0,TRUE,3,FALSE,2426,FALSE,0,0,0,17,646.05
FALSE,2,3133-PZNSR,ff17563f-5aa9-f111-b374-3833c5fb3aa8,0,1,TRUE,TRUE,1,97.75,1,0,1,TRUE,3,TRUE,2525,FALSE,1,0,1,72,6991.6
FALSE,2,5397-NSKQG,0718563f-5aa9-f111-b374-3833c5fb3aa8,0,1,TRUE,TRUE,0,50.9,0,1,1,FALSE,3,FALSE,2533,FALSE,1,1,0,67,3281.65
FALSE,2,5893-PYOLZ,7818563f-5aa9-f111-b374-3833c5fb3aa8,1,1,FALSE,FALSE,0,81.8,0,0,0,TRUE,3,TRUE,2646,FALSE,1,1,1,56,4534.45
FALSE,2,3470-OBUET,e918563f-5aa9-f111-b374-3833c5fb3aa8,0,0,TRUE,TRUE,0,74,1,0,1,FALSE,3,TRUE,2772,FALSE,0,1,1,67,4868.4
FALSE,2,7771-CFQRQ,4b19563f-5aa9-f111-b374-3833c5fb3aa8,0,0,TRUE,TRUE,0,63.8,0,0,0,FALSE,2,TRUE,2857,FALSE,1,0,1,47,3007.25
FALSE,2,6928-ONTRW,ec19563f-5aa9-f111-b374-3833c5fb3aa8,4,0,TRUE,TRUE,2,19.7,2,4,4,FALSE,3,TRUE,18,FALSE,4,4,4,72,1379.8
FALSE,0,0112-QAWRZ,4c1b563f-5aa9-f111-b374-3833c5fb3aa8,3,1,TRUE,TRUE,1,90.8,4,2,2,TRUE,2,TRUE,370,FALSE,2,3,3,16,1442.2
FALSE,1,0221-NAUXK,ac1b563f-5aa9-f111-b374-3833c5fb3aa8,4,1,TRUE,FALSE,2,19.95,2,4,4,TRUE,2,TRUE,466,FALSE,4,4,4,10,219.5
FALSE,1,6586-PSJOX,381c563f-5aa9-f111-b374-3833c5fb3aa8,3,1,TRUE,FALSE,0,55.2,2,2,2,FALSE,3,TRUE,606,FALSE,2,2,2,15,864.55
FALSE,0,5025-GOOKI,d81d563f-5aa9-f111-b374-3833c5fb3aa8,4,0,FALSE,FALSE,2,18.9,2,4,4,TRUE,3,TRUE,1022,FALSE,4,4,4,20,347.65
FALSE,1,9691-HKOVS,101e563f-5aa9-f111-b374-3833c5fb3aa8,3,0,FALSE,TRUE,0,90.15,4,3,3,TRUE,0,TRUE,1078,FALSE,3,3,2,55,4916.95
FALSE,2,0665-XHDJU,b11e563f-5aa9-f111-b374-3833c5fb3aa8,2,1,FALSE,TRUE,1,99.4,4,3,2,TRUE,0,TRUE,1239,FALSE,3,3,3,72,7285.7
FALSE,2,6603-QWSPR,0b1f563f-5aa9-f111-b374-3833c5fb3aa8,3,0,FALSE,FALSE,1,104.4,2,3,2,TRUE,2,TRUE,1329,FALSE,3,3,2,46,4904.2
FALSE,2,2569-WGERO,cc10fb45-5aa9-f111-b374-3833c5fb3aa8,4,0,FALSE,FALSE,2,21.15,2,4,4,TRUE,2,TRUE,2037,FALSE,4,4,4,72,1419.4
FALSE,0,2133-TSRRM,1111fb45-5aa9-f111-b374-3833c5fb3aa8,3,0,TRUE,FALSE,1,105.35,2,3,3,TRUE,2,TRUE,1883,FALSE,3,3,3,34,3688.6
TRUE,0,8155-IBNHG,5f11fb45-5aa9-f111-b374-3833c5fb3aa8,2,0,FALSE,TRUE,1,75.4,4,2,2,TRUE,3,TRUE,1961,FALSE,2,2,3,24,1747.85
FALSE,2,5716-EZXZN,228e5e39-5aa9-f111-b374-3833c5fb3aa8,0,0,TRUE,TRUE,1,99.05,1,0,1,TRUE,3,TRUE,145,FALSE,0,1,1,65,6416.7
FALSE,2,8984-EYLLL,588e5e39-5aa9-f111-b374-3833c5fb3aa8,0,1,FALSE,TRUE,1,105.25,1,0,0,TRUE,0,TRUE,357,FALSE,1,1,1,64,6823.4
FALSE,1,7156-MXBJE,a18e5e39-5aa9-f111-b374-3833c5fb3aa8,1,0,FALSE,FALSE,0,85.1,1,0,0,FALSE,3,TRUE,375,FALSE,1,1,1,43,3662.25
TRUE,0,4160-AMJTL,04915e39-5aa9-f111-b374-3833c5fb3aa8,0,0,FALSE,FALSE,2,19.65,0,0,0,FALSE,0,TRUE,654,TRUE,0,0,0,8,164.3
FALSE,0,9489-UTFKA,96925e39-5aa9-f111-b374-3833c5fb3aa8,0,1,FALSE,TRUE,0,60.9,0,1,1,FALSE,2,TRUE,962,TRUE,0,1,0,8,551.95
FALSE,0,7460-ITWWP,41935e39-5aa9-f111-b374-3833c5fb3aa8,1,0,FALSE,TRUE,1,86.1,0,1,0,TRUE,0,TRUE,1023,TRUE,1,0,0,45,3861.45
FALSE,1,7013-PSXHK,5f935e39-5aa9-f111-b374-3833c5fb3aa8,1,0,FALSE,FALSE,0,80.75,1,1,0,TRUE,1,TRUE,1052,FALSE,1,1,1,40,3208.65
FALSE,0,6921-OZMFH,ba935e39-5aa9-f111-b374-3833c5fb3aa8,0,1,TRUE,TRUE,0,55.7,1,1,0,TRUE,1,TRUE,1099,FALSE,0,0,1,5,259.4
FALSE,1,5562-BETPV,c7935e39-5aa9-f111-b374-3833c5fb3aa8,0,1,TRUE,TRUE,2,19.65,0,0,0,FALSE,1,TRUE,1168,FALSE,0,0,0,1,19.65
TRUE,0,7831-QGOXH,97955e39-5aa9-f111-b374-3833c5fb3aa8,0,0,FALSE,FALSE,1,85.2,1,1,0,TRUE,0,TRUE,1309,FALSE,0,1,0,18,1553.9
FALSE,1,6682-VCIXC,a8955e39-5aa9-f111-b374-3833c5fb3aa8,0,0,TRUE,TRUE,0,51.25,0,0,1,TRUE,2,FALSE,1326,FALSE,0,1,1,43,2151.6
FALSE,2,7596-IIWYC,d4955e39-5aa9-f111-b374-3833c5fb3aa8,0,0,FALSE,FALSE,2,20.25,0,0,0,TRUE,2,TRUE,1370,FALSE,0,0,0,27,538.2
TRUE,1,1899-VXWXM,da965e39-5aa9-f111-b374-3833c5fb3aa8,1,1,FALSE,FALSE,1,106.1,1,0,0,TRUE,3,TRUE,1632,FALSE,1,1,0,48,5082.8
FALSE,2,2587-YNLES,35975e39-5aa9-f111-b374-3833c5fb3aa8,0,0,TRUE,TRUE,2,20.1,0,0,0,FALSE,1,TRUE,1723,FALSE,0,0,0,6,100.35
TRUE,0,7065-YUNRY,0416563f-5aa9-f111-b374-3833c5fb3aa8,0,0,FALSE,FALSE,0,45.3,0,1,0,TRUE,1,TRUE,2018,FALSE,0,0,0,1,45.3
TRUE,0,9898-KZQDZ,9117563f-5aa9-f111-b374-3833c5fb3aa8,0,0,TRUE,TRUE,1,94.55,1,1,0,TRUE,3,TRUE,2415,TRUE,1,1,0,40,3640.45
TRUE,0,1143-NMNQJ,9318563f-5aa9-f111-b374-3833c5fb3aa8,0,0,FALSE,FALSE,1,85.7,1,1,0,TRUE,0,TRUE,2729,FALSE,1,0,0,2,169.8
FALSE,1,5440-VHLUL,bb18563f-5aa9-f111-b374-3833c5fb3aa8,0,1,FALSE,FALSE,1,105.2,1,0,0,TRUE,2,TRUE,2684,FALSE,1,1,1,69,7386.05
FALSE,0,2761-XECQW,8819563f-5aa9-f111-b374-3833c5fb3aa8,1,1,FALSE,TRUE,0,43.35,0,0,0,TRUE,1,FALSE,2918,TRUE,1,0,0,8,371.4
TRUE,0,3049-SOLAY,f41a563f-5aa9-f111-b374-3833c5fb3aa8,2,0,FALSE,TRUE,1,95.2,4,2,2,TRUE,0,TRUE,282,FALSE,3,3,3,3,292.85
FALSE,2,8750-QWZAJ,051c563f-5aa9-f111-b374-3833c5fb3aa8,4,0,TRUE,TRUE,2,19.8,2,4,4,FALSE,2,TRUE,555,FALSE,4,4,4,70,1378.75
FALSE,2,9585-KKMFD,8a1c563f-5aa9-f111-b374-3833c5fb3aa8,4,1,TRUE,TRUE,2,20,2,4,4,TRUE,1,TRUE,688,FALSE,4,4,4,41,879.8
FALSE,2,6733-LRIZX,c11d563f-5aa9-f111-b374-3833c5fb3aa8,3,1,FALSE,FALSE,1,108.95,4,2,3,TRUE,0,TRUE,999,FALSE,3,3,2,35,4025.5
FALSE,1,9503-XJUME,c21d563f-5aa9-f111-b374-3833c5fb3aa8,4,1,TRUE,FALSE,2,19.65,2,4,4,FALSE,3,TRUE,1000,FALSE,4,4,4,52,928.4
FALSE,0,7315-WYOAW,8c20563f-5aa9-f111-b374-3833c5fb3aa8,2,1,FALSE,FALSE,1,100.75,4,2,2,FALSE,0,TRUE,1714,FALSE,3,3,2,13,1313.25
FALSE,0,6994-KERXL,a520563f-5aa9-f111-b374-3833c5fb3aa8,2,1,FALSE,FALSE,0,55.9,2,2,2,TRUE,0,TRUE,1739,FALSE,3,2,3,4,238.5
TRUE,0,6583-QGCSI,7f11fb45-5aa9-f111-b374-3833c5fb3aa8,2,0,FALSE,TRUE,1,88.05,4,3,2,TRUE,0,TRUE,1993,TRUE,2,3,3,50,4367.35
FALSE,0,9069-LGEUL,7e8e5e39-5aa9-f111-b374-3833c5fb3aa8,0,1,FALSE,TRUE,0,59.95,0,1,1,TRUE,2,TRUE,366,FALSE,1,0,0,23,1406
TRUE,0,0939-YAPAF,ae905e39-5aa9-f111-b374-3833c5fb3aa8,1,0,FALSE,FALSE,1,100.25,1,1,0,TRUE,0,TRUE,568,FALSE,1,1,0,35,3527.6
FALSE,2,8711-LOBKY,7e955e39-5aa9-f111-b374-3833c5fb3aa8,0,1,TRUE,TRUE,2,19.85,0,0,0,FALSE,1,TRUE,1284,FALSE,0,0,0,59,1188.25
TRUE,0,8375-DKEBR,3d975e39-5aa9-f111-b374-3833c5fb3aa8,0,0,FALSE,FALSE,1,69.6,0,1,0,TRUE,0,TRUE,1731,TRUE,0,0,0,1,69.6
FALSE,2,3764-MNMOI,b815563f-5aa9-f111-b374-3833c5fb3aa8,0,1,FALSE,FALSE,2,19.2,0,0,0,FALSE,3,TRUE,1942,FALSE,0,0,0,46,908.15
FALSE,2,5970-GHJAW,ac16563f-5aa9-f111-b374-3833c5fb3aa8,0,1,TRUE,TRUE,2,19.95,0,0,0,FALSE,3,TRUE,2186,FALSE,0,0,0,46,862.4
TRUE,0,5103-MHMHY,5b17563f-5aa9-f111-b374-3833c5fb3aa8,0,0,TRUE,FALSE,0,45.95,0,1,0,FALSE,1,TRUE,2361,FALSE,0,0,0,1,45.95
FALSE,2,9570-KYEUA,6317563f-5aa9-f111-b374-3833c5fb3aa8,1,1,FALSE,FALSE,1,99.25,1,1,1,FALSE,3,TRUE,2369,FALSE,1,0,1,64,6549.45
FALSE,2,6997-UVGOX,b318563f-5aa9-f111-b374-3833c5fb3aa8,1,1,TRUE,TRUE,0,85.45,0,0,1,FALSE,2,TRUE,2680,FALSE,1,1,1,71,6029.9
FALSE,0,8150-QUDFX,d718563f-5aa9-f111-b374-3833c5fb3aa8,0,1,FALSE,FALSE,2,19.85,0,0,0,FALSE,1,TRUE,2698,FALSE,0,0,0,2,51.6
FALSE,2,6203-HBZPA,8319563f-5aa9-f111-b374-3833c5fb3aa8,1,1,FALSE,FALSE,0,63.9,0,0,1,FALSE,3,FALSE,2913,FALSE,1,1,1,52,3334.95
FALSE,1,8109-YUOHE,761a563f-5aa9-f111-b374-3833c5fb3aa8,2,1,FALSE,FALSE,0,56.1,2,3,3,FALSE,1,TRUE,156,FALSE,2,2,3,17,946.95
FALSE,0,4299-SIMNS,c51a563f-5aa9-f111-b374-3833c5fb3aa8,2,1,FALSE,FALSE,1,81.15,4,2,3,TRUE,0,TRUE,235,FALSE,2,2,3,9,784.45
FALSE,2,7173-TETGO,7d1b563f-5aa9-f111-b374-3833c5fb3aa8,2,0,FALSE,TRUE,1,78.5,4,2,3,FALSE,2,TRUE,419,TRUE,2,2,3,72,5602.25
FALSE,0,7794-JASDG,bf1b563f-5aa9-f111-b374-3833c5fb3aa8,2,1,FALSE,FALSE,0,50.75,2,2,3,TRUE,1,TRUE,485,FALSE,2,2,3,1,50.75
TRUE,0,8413-VONUO,901f563f-5aa9-f111-b374-3833c5fb3aa8,2,1,FALSE,FALSE,1,95.65,2,3,2,FALSE,0,TRUE,1462,FALSE,3,3,3,2,167.3
FALSE,0,4020-KIUDI,4b20563f-5aa9-f111-b374-3833c5fb3aa8,4,1,TRUE,TRUE,2,19.85,2,4,4,FALSE,3,TRUE,1649,FALSE,4,4,4,6,138.85
TRUE,1,4597-ELFTS,da20563f-5aa9-f111-b374-3833c5fb3aa8,4,1,FALSE,FALSE,2,24.9,4,4,4,FALSE,0,TRUE,1792,FALSE,4,4,4,56,1334
TRUE,0,2025-JKFWI,e410fb45-5aa9-f111-b374-3833c5fb3aa8,2,1,FALSE,FALSE,1,99,4,2,2,TRUE,1,TRUE,1838,FALSE,3,3,2,13,1301.7
FALSE,1,2925-MXLSX,2311fb45-5aa9-f111-b374-3833c5fb3aa8,3,0,FALSE,FALSE,0,68.95,4,3,2,TRUE,3,TRUE,1901,FALSE,2,3,3,30,2038.7
FALSE,0,1159-WFSGR,818e5e39-5aa9-f111-b374-3833c5fb3aa8,0,0,TRUE,TRUE,2,20.4,0,0,0,FALSE,0,TRUE,169,FALSE,0,0,0,16,321.4
FALSE,0,2202-OUTMO,89915e39-5aa9-f111-b374-3833c5fb3aa8,0,0,FALSE,TRUE,0,60.85,1,1,1,TRUE,2,TRUE,787,FALSE,0,0,1,34,2003.6
FALSE,1,6100-FJZDG,6d935e39-5aa9-f111-b374-3833c5fb3aa8,0,1,TRUE,TRUE,2,20.05,0,0,0,TRUE,2,TRUE,1060,FALSE,0,0,0,26,505.9
FALSE,0,3312-UUMZW,d3935e39-5aa9-f111-b374-3833c5fb3aa8,0,1,FALSE,TRUE,1,98.85,1,0,0,TRUE,3,TRUE,1114,FALSE,1,1,0,32,3145.9
FALSE,0,8944-AILEF,f1935e39-5aa9-f111-b374-3833c5fb3aa8,0,1,FALSE,TRUE,2,19.45,0,0,0,TRUE,3,TRUE,1197,FALSE,0,0,0,15,340.85
FALSE,2,8060-HIWJJ,e4955e39-5aa9-f111-b374-3833c5fb3aa8,1,1,FALSE,FALSE,0,86.55,1,0,0,FALSE,3,TRUE,1386,FALSE,1,1,1,64,5632.55
TRUE,0,7893-IXHRQ,2c965e39-5aa9-f111-b374-3833c5fb3aa8,0,1,FALSE,FALSE,2,20.55,0,0,0,FALSE,0,TRUE,1458,FALSE,0,0,0,1,20.55
TRUE,0,5208-HFSBT,48965e39-5aa9-f111-b374-3833c5fb3aa8,0,0,FALSE,FALSE,0,55.05,0,0,0,TRUE,3,TRUE,1486,FALSE,0,0,1,2,102.75
FALSE,1,2924-KHUVI,67965e39-5aa9-f111-b374-3833c5fb3aa8,0,1,FALSE,TRUE,1,100.55,1,1,1,TRUE,0,TRUE,1517,FALSE,1,1,0,56,5514.95
FALSE,0,2782-JEEBU,a7965e39-5aa9-f111-b374-3833c5fb3aa8,0,1,FALSE,FALSE,0,36,0,0,0,TRUE,1,FALSE,1581,FALSE,0,0,1,21,780.15
FALSE,0,8887-IPQNC,43975e39-5aa9-f111-b374-3833c5fb3aa8,0,0,FALSE,TRUE,0,44.25,0,1,0,TRUE,1,TRUE,1737,FALSE,0,0,0,7,313.45
TRUE,0,1612-EOHDH,b7975e39-5aa9-f111-b374-3833c5fb3aa8,0,0,FALSE,FALSE,0,45.15,0,1,0,FALSE,0,TRUE,1853,FALSE,0,0,0,1,45.15
FALSE,1,0129-QMPDR,f2975e39-5aa9-f111-b374-3833c5fb3aa8,0,1,TRUE,TRUE,2,20.5,0,0,0,TRUE,2,TRUE,1912,FALSE,0,0,0,44,865.05
FALSE,1,7297-DVYGA,b115563f-5aa9-f111-b374-3833c5fb3aa8,0,0,FALSE,FALSE,2,19.85,0,0,0,TRUE,2,TRUE,1935,FALSE,0,0,0,51,996.95
TRUE,0,2189-UXTKY,2b16563f-5aa9-f111-b374-3833c5fb3aa8,0,0,FALSE,TRUE,0,79.2,1,1,1,TRUE,0,TRUE,2057,FALSE,1,1,1,22,1742.75
FALSE,2,5793-YOLJN,6a16563f-5aa9-f111-b374-3833c5fb3aa8,0,0,TRUE,TRUE,2,21,0,0,0,FALSE,1,TRUE,2120,FALSE,0,0,0,55,1210.3
FALSE,0,9512-PHSMG,4c19563f-5aa9-f111-b374-3833c5fb3aa8,0,0,FALSE,TRUE,2,20.55,0,0,0,TRUE,1,TRUE,2858,FALSE,0,0,0,10,252.75
FALSE,1,4003-OCTMP,6319563f-5aa9-f111-b374-3833c5fb3aa8,0,0,FALSE,TRUE,0,64,0,1,1,TRUE,0,TRUE,2881,FALSE,1,0,1,31,1910.75
FALSE,0,6898-MDLZW,b319563f-5aa9-f111-b374-3833c5fb3aa8,0,1,FALSE,FALSE,0,53.75,0,0,0,TRUE,1,TRUE,2961,FALSE,0,0,1,12,648.65
FALSE,0,9699-UBQFS,e519563f-5aa9-f111-b374-3833c5fb3aa8,2,0,FALSE,TRUE,1,94.5,4,3,3,TRUE,0,TRUE,11,TRUE,2,3,3,43,4156.8
FALSE,1,2690-DVRVK,1f1b563f-5aa9-f111-b374-3833c5fb3aa8,4,1,TRUE,TRUE,2,20.55,2,4,4,FALSE,0,TRUE,325,FALSE,4,4,4,5,99.45
FALSE,2,2481-SBOYW,941b563f-5aa9-f111-b374-3833c5fb3aa8,4,0,TRUE,FALSE,2,25,4,4,4,TRUE,3,TRUE,442,FALSE,4,4,4,61,1498.35
FALSE,0,8990-ZXLSU,b91b563f-5aa9-f111-b374-3833c5fb3aa8,2,0,FALSE,FALSE,1,69.05,2,2,2,FALSE,0,TRUE,479,FALSE,2,2,3,9,651.5
TRUE,1,6289-CPNLD,bc1b563f-5aa9-f111-b374-3833c5fb3aa8,3,1,TRUE,TRUE,0,73.9,2,2,2,TRUE,1,TRUE,482,FALSE,3,3,2,33,2405.05
FALSE,2,0674-GCDXG,6d1c563f-5aa9-f111-b374-3833c5fb3aa8,3,1,FALSE,FALSE,0,71.9,4,2,3,TRUE,2,TRUE,659,FALSE,3,2,2,63,4479.2
FALSE,0,3387-PLKUI,0a1e563f-5aa9-f111-b374-3833c5fb3aa8,4,0,TRUE,TRUE,2,18.8,2,4,4,FALSE,1,TRUE,1072,FALSE,4,4,4,13,251.25
TRUE,0,3097-NQYSN,1d1e563f-5aa9-f111-b374-3833c5fb3aa8,2,1,FALSE,TRUE,1,86.85,4,2,2,TRUE,1,TRUE,1091,TRUE,2,3,3,2,156.35
FALSE,0,5947-SGKCL,a48e5e39-5aa9-f111-b374-3833c5fb3aa8,1,0,TRUE,TRUE,1,105.35,1,0,0,TRUE,2,TRUE,178,FALSE,1,1,0,15,1559.25
TRUE,0,5583-SXDAG,958f5e39-5aa9-f111-b374-3833c5fb3aa8,0,1,FALSE,TRUE,1,70,0,1,0,FALSE,0,TRUE,287,FALSE,0,0,0,1,70
TRUE,0,2024-BASKD,01915e39-5aa9-f111-b374-3833c5fb3aa8,1,0,FALSE,FALSE,1,74.6,0,1,0,TRUE,1,TRUE,651,FALSE,0,0,0,1,74.6
FALSE,2,2798-NYLMZ,9d915e39-5aa9-f111-b374-3833c5fb3aa8,1,1,FALSE,TRUE,1,108.55,1,1,1,TRUE,3,TRUE,807,FALSE,1,1,1,71,7616
TRUE,0,0927-LCSMG,6c935e39-5aa9-f111-b374-3833c5fb3aa8,1,1,FALSE,FALSE,1,74.65,0,1,0,FALSE,1,TRUE,1126,FALSE,0,0,0,7,544.55
TRUE,0,5868-CZJDR,b5935e39-5aa9-f111-b374-3833c5fb3aa8,0,1,TRUE,FALSE,0,31.35,0,0,0,TRUE,1,FALSE,1161,FALSE,0,0,0,1,31.35
FALSE,2,9397-TZSHA,c8935e39-5aa9-f111-b374-3833c5fb3aa8,0,0,FALSE,FALSE,2,24.6,1,0,0,FALSE,3,TRUE,1108,FALSE,0,0,0,69,1678.05
FALSE,0,2023-VQFDL,8516563f-5aa9-f111-b374-3833c5fb3aa8,0,1,FALSE,FALSE,2,19,0,0,0,FALSE,0,TRUE,2147,FALSE,0,0,0,18,348.8
FALSE,0,3113-IWHLC,4117563f-5aa9-f111-b374-3833c5fb3aa8,1,1,FALSE,FALSE,0,55.8,0,1,1,TRUE,1,TRUE,2335,FALSE,0,0,0,5,274.35
FALSE,2,9624-EGDEQ,3b18563f-5aa9-f111-b374-3833c5fb3aa8,0,0,FALSE,FALSE,2,19.8,0,0,0,FALSE,1,TRUE,2585,FALSE,0,0,0,37,813.3
FALSE,0,5639-NTUPK,8b18563f-5aa9-f111-b374-3833c5fb3aa8,0,1,TRUE,FALSE,0,52.1,0,1,1,TRUE,3,TRUE,2660,FALSE,0,0,0,13,670.65
TRUE,0,7341-LXCAF,b118563f-5aa9-f111-b374-3833c5fb3aa8,0,1,FALSE,TRUE,1,74.65,1,1,0,TRUE,0,TRUE,2679,FALSE,0,0,0,4,301.4
FALSE,2,3259-QMXUN,1819563f-5aa9-f111-b374-3833c5fb3aa8,1,1,FALSE,TRUE,0,86.1,1,0,1,TRUE,0,TRUE,2806,FALSE,1,1,0,58,4890.5
FALSE,2,0936-NQLJU,2319563f-5aa9-f111-b374-3833c5fb3aa8,0,0,FALSE,TRUE,2,20.65,0,0,0,FALSE,3,TRUE,2817,FALSE,0,0,0,41,875.55
FALSE,0,3955-JBZZM,fd19563f-5aa9-f111-b374-3833c5fb3aa8,2,1,FALSE,FALSE,1,78.8,2,2,2,FALSE,0,TRUE,35,FALSE,2,3,3,20,1641.3
FALSE,0,8676-OOQEJ,5d1b563f-5aa9-f111-b374-3833c5fb3aa8,2,1,FALSE,FALSE,0,30.5,3,2,2,FALSE,0,FALSE,387,FALSE,2,2,2,4,118.4
FALSE,2,8464-EETCQ,011d563f-5aa9-f111-b374-3833c5fb3aa8,4,1,FALSE,FALSE,2,18.8,2,4,4,FALSE,3,TRUE,807,FALSE,4,4,4,57,1094.35
FALSE,2,2346-LOCWC,731f563f-5aa9-f111-b374-3833c5fb3aa8,4,0,TRUE,TRUE,2,20.5,2,4,4,FALSE,3,TRUE,1433,FALSE,4,4,4,58,1191.4
TRUE,0,3551-HUAZH,781f563f-5aa9-f111-b374-3833c5fb3aa8,2,1,FALSE,FALSE,1,74.4,4,2,2,TRUE,0,TRUE,1438,TRUE,2,2,3,1,74.4
FALSE,1,2911-IJORQ,a61f563f-5aa9-f111-b374-3833c5fb3aa8,3,1,FALSE,FALSE,0,90.6,4,3,3,TRUE,2,TRUE,1484,FALSE,3,3,2,37,3358.65
FALSE,2,7018-FPXHH,bb1f563f-5aa9-f111-b374-3833c5fb3aa8,3,1,TRUE,TRUE,0,59.8,2,3,3,TRUE,2,TRUE,1505,FALSE,2,2,3,56,3457.45
FALSE,2,3908-MKIMJ,e51f563f-5aa9-f111-b374-3833c5fb3aa8,3,1,FALSE,TRUE,0,41.95,3,3,3,TRUE,0,FALSE,1547,TRUE,2,2,3,68,2965.75
FALSE,1,1122-YJBCS,3f20563f-5aa9-f111-b374-3833c5fb3aa8,2,1,FALSE,TRUE,0,53.65,2,3,3,TRUE,3,TRUE,1637,FALSE,2,2,3,69,3804.4
FALSE,0,4011-ARPHK,9f20563f-5aa9-f111-b374-3833c5fb3aa8,2,1,FALSE,FALSE,0,50.35,2,2,3,FALSE,1,TRUE,1733,FALSE,2,2,3,27,1411.35
FALSE,1,7921-LMDFQ,2211fb45-5aa9-f111-b374-3833c5fb3aa8,3,1,FALSE,FALSE,1,94,2,2,2,TRUE,2,TRUE,1900,TRUE,3,3,3,51,4905.75
FALSE,2,5176-LMJXE,708e5e39-5aa9-f111-b374-3833c5fb3aa8,0,0,FALSE,FALSE,2,20.55,0,0,0,TRUE,1,TRUE,363,FALSE,0,0,0,47,945.7
FALSE,0,7018-WBJNK,058f5e39-5aa9-f111-b374-3833c5fb3aa8,0,1,TRUE,FALSE,1,78.3,0,1,0,TRUE,3,TRUE,203,FALSE,0,1,0,13,1033.95
FALSE,2,0214-JHPFW,13915e39-5aa9-f111-b374-3833c5fb3aa8,1,0,FALSE,TRUE,0,57.8,0,0,0,FALSE,2,FALSE,669,FALSE,1,1,1,70,4039.3
FALSE,0,9046-DQMTP,12965e39-5aa9-f111-b374-3833c5fb3aa8,0,1,FALSE,FALSE,2,20.75,0,0,0,FALSE,2,TRUE,1432,FALSE,0,0,0,35,739.9
TRUE,0,3198-VELRD,4d975e39-5aa9-f111-b374-3833c5fb3aa8,0,0,TRUE,TRUE,1,84.75,1,1,0,TRUE,2,TRUE,1747,FALSE,1,0,0,3,264.85
FALSE,0,2683-JXWQQ,4e17563f-5aa9-f111-b374-3833c5fb3aa8,1,1,TRUE,TRUE,0,33.6,0,1,1,FALSE,2,FALSE,2348,FALSE,0,0,0,61,2117.2
TRUE,0,4140-WJAWW,ea19563f-5aa9-f111-b374-3833c5fb3aa8,4,0,FALSE,FALSE,2,19.85,2,4,4,FALSE,3,TRUE,16,FALSE,4,4,4,5,108.05
FALSE,2,6925-BAYGL,111a563f-5aa9-f111-b374-3833c5fb3aa8,4,0,FALSE,TRUE,2,25.1,4,4,4,FALSE,3,TRUE,55,TRUE,4,4,4,53,1275.6
FALSE,2,1409-PHXTF,df1a563f-5aa9-f111-b374-3833c5fb3aa8,3,1,FALSE,TRUE,1,110.45,4,3,2,TRUE,0,TRUE,261,TRUE,3,3,2,54,6077.75
FALSE,0,1941-HOSAM,0d1b563f-5aa9-f111-b374-3833c5fb3aa8,2,1,TRUE,TRUE,1,90.1,2,2,2,TRUE,0,TRUE,307,FALSE,3,3,3,1,90.1
TRUE,0,3143-JQEGI,271b563f-5aa9-f111-b374-3833c5fb3aa8,2,0,TRUE,TRUE,1,88.35,2,2,2,FALSE,0,TRUE,333,FALSE,3,3,3,13,1222.8
TRUE,0,0733-VUNUW,411d563f-5aa9-f111-b374-3833c5fb3aa8,2,1,FALSE,FALSE,0,55.65,4,2,3,TRUE,2,TRUE,871,FALSE,2,2,3,24,1400.55
TRUE,0,2202-CUYXZ,891d563f-5aa9-f111-b374-3833c5fb3aa8,3,1,FALSE,FALSE,1,84.85,2,2,2,TRUE,0,TRUE,943,FALSE,2,3,3,1,84.85
FALSE,2,0780-XNZFN,ab1d563f-5aa9-f111-b374-3833c5fb3aa8,4,1,FALSE,FALSE,2,20.65,2,4,4,FALSE,2,TRUE,977,FALSE,4,4,4,57,1125.6
FALSE,1,4937-QPZPO,771e563f-5aa9-f111-b374-3833c5fb3aa8,3,1,TRUE,TRUE,1,99.9,4,2,2,TRUE,0,TRUE,1181,FALSE,3,3,3,61,6241.35
FALSE,0,7601-WFVZV,831f563f-5aa9-f111-b374-3833c5fb3aa8,4,1,FALSE,FALSE,2,19.55,2,4,4,FALSE,1,TRUE,1449,FALSE,4,4,4,1,19.55
FALSE,0,2408-PSJVE,f210fb45-5aa9-f111-b374-3833c5fb3aa8,3,1,TRUE,TRUE,0,61.9,2,3,2,TRUE,1,TRUE,1852,FALSE,2,2,2,44,2924.05
TRUE,0,5570-PTWEH,4011fb45-5aa9-f111-b374-3833c5fb3aa8,2,0,FALSE,TRUE,1,75.15,4,2,2,TRUE,3,TRUE,1930,FALSE,2,2,3,3,216.75
FALSE,2,6122-EFVKN,958e5e39-5aa9-f111-b374-3833c5fb3aa8,0,1,TRUE,FALSE,0,35.75,0,1,1,FALSE,1,FALSE,372,FALSE,0,0,1,24,830.8
FALSE,2,4686-GEFRM,408f5e39-5aa9-f111-b374-3833c5fb3aa8,1,1,FALSE,TRUE,1,98.7,1,0,0,TRUE,2,TRUE,416,FALSE,1,0,1,70,6858.9
FALSE,2,3638-WEABW,b98f5e39-5aa9-f111-b374-3833c5fb3aa8,0,0,FALSE,TRUE,0,59.9,1,0,0,TRUE,3,TRUE,23,FALSE,0,0,1,58,3505.1
FALSE,0,2866-IKBTM,94905e39-5aa9-f111-b374-3833c5fb3aa8,0,0,FALSE,FALSE,2,19.55,0,0,0,FALSE,1,TRUE,542,FALSE,0,0,0,1,19.55
TRUE,0,5644-PDMZC,fe905e39-5aa9-f111-b374-3833c5fb3aa8,0,0,FALSE,FALSE,1,89.5,1,0,0,FALSE,0,TRUE,648,TRUE,1,0,0,2,161.5
FALSE,2,6425-JWTDV,62915e39-5aa9-f111-b374-3833c5fb3aa8,0,1,FALSE,TRUE,2,19.25,0,0,0,FALSE,1,TRUE,748,FALSE,0,0,0,48,855.1
FALSE,2,7868-TMWMZ,43935e39-5aa9-f111-b374-3833c5fb3aa8,1,0,FALSE,TRUE,1,110,0,0,1,TRUE,2,TRUE,1025,TRUE,1,1,1,60,6668.35
TRUE,0,0680-DFNNY,09965e39-5aa9-f111-b374-3833c5fb3aa8,1,1,FALSE,TRUE,1,101.1,1,1,0,TRUE,0,TRUE,1423,FALSE,1,1,0,15,1504.05
TRUE,0,0330-IVZHA,81965e39-5aa9-f111-b374-3833c5fb3aa8,0,0,FALSE,TRUE,1,69.95,0,1,0,FALSE,0,TRUE,1543,FALSE,0,0,0,5,330.15
FALSE,0,4672-FOTSD,8f965e39-5aa9-f111-b374-3833c5fb3aa8,0,1,FALSE,FALSE,0,67.25,1,0,1,TRUE,0,TRUE,1557,FALSE,0,0,1,12,832.3
FALSE,1,5127-BZENZ,a8965e39-5aa9-f111-b374-3833c5fb3aa8,0,0,TRUE,TRUE,0,65.2,1,1,1,FALSE,2,TRUE,1582,FALSE,0,1,0,56,3512.15
FALSE,0,6016-LVTJQ,86975e39-5aa9-f111-b374-3833c5fb3aa8,0,0,TRUE,TRUE,2,20.65,0,0,0,FALSE,1,TRUE,1804,FALSE,0,0,0,34,716.4
FALSE,0,3737-XBQDD,c815563f-5aa9-f111-b374-3833c5fb3aa8,1,1,FALSE,FALSE,1,84.85,1,0,0,TRUE,2,TRUE,1958,FALSE,0,0,0,24,2048.8
TRUE,0,4701-MLJPN,da17563f-5aa9-f111-b374-3833c5fb3aa8,1,1,FALSE,FALSE,0,55.25,0,1,0,TRUE,0,TRUE,2488,FALSE,0,0,1,31,1715.65
TRUE,0,8510-AWCXC,ec18563f-5aa9-f111-b374-3833c5fb3aa8,0,0,FALSE,FALSE,1,100.8,1,1,1,TRUE,0,TRUE,2708,TRUE,1,1,0,13,1308.1
TRUE,0,4759-TRPLW,4e1a563f-5aa9-f111-b374-3833c5fb3aa8,2,1,FALSE,FALSE,1,70.4,2,2,2,FALSE,0,TRUE,116,FALSE,2,2,3,1,70.4
FALSE,1,0756-MPZRL,fe1a563f-5aa9-f111-b374-3833c5fb3aa8,3,1,FALSE,FALSE,0,33.7,3,2,2,FALSE,3,FALSE,292,FALSE,2,2,2,46,1537.85
FALSE,0,1935-IMVBB,131b563f-5aa9-f111-b374-3833c5fb3aa8,2,1,FALSE,TRUE,1,89.7,2,2,2,FALSE,1,TRUE,313,FALSE,3,3,3,56,4952.95
FALSE,2,2302-OUZXB,101c563f-5aa9-f111-b374-3833c5fb3aa8,3,1,FALSE,TRUE,0,82.15,4,3,2,FALSE,2,TRUE,566,FALSE,3,3,3,72,5784.3
FALSE,2,2988-QRAJY,861e563f-5aa9-f111-b374-3833c5fb3aa8,3,1,FALSE,FALSE,1,110.05,4,3,3,TRUE,3,TRUE,1196,FALSE,3,3,3,69,7430.75
TRUE,0,7851-FLGGQ,3b1f563f-5aa9-f111-b374-3833c5fb3aa8,2,1,FALSE,FALSE,0,44.65,3,3,2,TRUE,1,FALSE,1377,FALSE,3,2,2,1,44.65
FALSE,1,4480-MBMLB,5a20563f-5aa9-f111-b374-3833c5fb3aa8,3,0,FALSE,FALSE,1,104.8,4,3,2,TRUE,2,TRUE,1664,FALSE,3,3,3,36,3886.45
FALSE,0,0021-IKXGC,278e5e39-5aa9-f111-b374-3833c5fb3aa8,0,0,FALSE,FALSE,1,72.1,1,1,0,TRUE,0,TRUE,345,TRUE,0,0,0,1,72.1
TRUE,0,7783-YKGDV,69905e39-5aa9-f111-b374-3833c5fb3aa8,1,0,FALSE,FALSE,1,99.7,1,0,1,TRUE,2,TRUE,499,FALSE,1,0,0,12,1238.45
TRUE,0,4765-OXPPD,d9905e39-5aa9-f111-b374-3833c5fb3aa8,1,0,TRUE,TRUE,0,65,0,0,1,FALSE,1,TRUE,611,FALSE,0,0,1,9,663.05
FALSE,2,4950-HKQTE,4c915e39-5aa9-f111-b374-3833c5fb3aa8,0,0,FALSE,FALSE,2,26.25,1,0,0,FALSE,1,TRUE,726,FALSE,0,0,0,22,605.9
TRUE,0,4030-VPZBD,61955e39-5aa9-f111-b374-3833c5fb3aa8,0,0,FALSE,FALSE,0,30.9,0,1,0,TRUE,0,FALSE,1255,FALSE,0,0,1,2,59.05
FALSE,0,9089-UOWJG,e6955e39-5aa9-f111-b374-3833c5fb3aa8,1,0,TRUE,TRUE,0,58.35,0,1,0,TRUE,3,TRUE,1388,FALSE,0,1,0,12,740.55
FALSE,0,2984-AFWNC,70965e39-5aa9-f111-b374-3833c5fb3aa8,0,0,FALSE,FALSE,1,95.4,0,0,0,FALSE,0,TRUE,1526,FALSE,1,1,0,3,293.15
FALSE,1,2361-UPSND,d0965e39-5aa9-f111-b374-3833c5fb3aa8,0,0,FALSE,TRUE,0,70.6,0,0,1,FALSE,1,TRUE,1622,FALSE,1,0,1,46,3231.05
TRUE,0,5364-XYIRR,f9965e39-5aa9-f111-b374-3833c5fb3aa8,0,1,FALSE,TRUE,1,94.65,1,1,0,TRUE,0,TRUE,1663,FALSE,1,1,0,51,4812.75
FALSE,2,7873-CVMAW,cf975e39-5aa9-f111-b374-3833c5fb3aa8,1,1,FALSE,FALSE,0,88.55,1,0,1,FALSE,3,FALSE,1877,FALSE,1,1,1,72,6362.35
FALSE,0,5555-RNPGT,4f16563f-5aa9-f111-b374-3833c5fb3aa8,0,1,TRUE,FALSE,2,24.8,1,0,0,FALSE,3,TRUE,2093,FALSE,0,0,0,10,223.9
TRUE,0,3023-GFLBR,7e16563f-5aa9-f111-b374-3833c5fb3aa8,0,0,TRUE,TRUE,1,86.15,1,1,0,FALSE,3,TRUE,2140,FALSE,1,0,0,33,2745.7
FALSE,2,7665-NKLAV,6f18563f-5aa9-f111-b374-3833c5fb3aa8,1,0,TRUE,TRUE,0,40.65,0,1,1,FALSE,3,FALSE,2637,FALSE,0,0,1,36,1547.35
FALSE,2,9392-XBGTD,8e18563f-5aa9-f111-b374-3833c5fb3aa8,0,1,TRUE,FALSE,2,20.6,0,0,0,FALSE,1,TRUE,2726,FALSE,0,0,0,27,581.85
TRUE,0,7598-UAASY,e818563f-5aa9-f111-b374-3833c5fb3aa8,1,1,FALSE,TRUE,1,76.4,0,1,0,FALSE,0,TRUE,2706,FALSE,0,0,0,2,151.8
FALSE,2,6164-HAQTX,7519563f-5aa9-f111-b374-3833c5fb3aa8,1,1,FALSE,FALSE,0,53.95,0,0,1,FALSE,2,FALSE,2899,FALSE,0,1,1,71,3888.65
FALSE,2,9507-HSMMZ,861a563f-5aa9-f111-b374-3833c5fb3aa8,4,1,FALSE,FALSE,2,20,2,4,4,FALSE,1,TRUE,172,FALSE,4,4,4,54,1149.65
FALSE,0,4277-UDIEF,b21b563f-5aa9-f111-b374-3833c5fb3aa8,2,1,TRUE,TRUE,0,81,4,2,3,FALSE,2,TRUE,472,FALSE,3,3,2,24,1923.85
FALSE,2,8215-NGSPE,1c1c563f-5aa9-f111-b374-3833c5fb3aa8,4,0,TRUE,TRUE,2,20,2,4,4,FALSE,1,TRUE,578,FALSE,4,4,4,42,833.55
FALSE,2,5321-NTRKC,121d563f-5aa9-f111-b374-3833c5fb3aa8,3,1,TRUE,TRUE,0,79.85,4,3,2,FALSE,2,TRUE,824,FALSE,3,3,3,66,5234.95
FALSE,0,3462-BJQQA,bf1d563f-5aa9-f111-b374-3833c5fb3aa8,2,0,FALSE,FALSE,1,89.75,4,3,2,TRUE,0,TRUE,997,FALSE,2,3,3,6,552.65
FALSE,0,9881-VCZEP,111e563f-5aa9-f111-b374-3833c5fb3aa8,2,0,FALSE,TRUE,0,54.1,4,3,2,FALSE,0,TRUE,1079,FALSE,2,2,3,25,1373
FALSE,1,4186-ZBUEW,6520563f-5aa9-f111-b374-3833c5fb3aa8,2,0,FALSE,FALSE,0,70.7,4,3,2,TRUE,1,TRUE,1675,FALSE,3,2,2,0,2511.95
FALSE,0,7895-VONWT,7720563f-5aa9-f111-b374-3833c5fb3aa8,3,0,FALSE,FALSE,0,48.25,3,2,2,TRUE,0,FALSE,1693,FALSE,3,3,3,25,1293.8
TRUE,0,8773-HHUOZ,bf8f5e39-5aa9-f111-b374-3833c5fb3aa8,0,0,TRUE,FALSE,0,64.7,0,1,0,TRUE,1,TRUE,29,FALSE,1,1,0,17,1093.1
FALSE,1,0731-EBJQB,e98f5e39-5aa9-f111-b374-3833c5fb3aa8,0,0,TRUE,TRUE,2,20.4,0,0,0,TRUE,0,TRUE,71,FALSE,0,0,0,52,1090.65
FALSE,2,5256-SKJGO,14905e39-5aa9-f111-b374-3833c5fb3aa8,0,0,TRUE,TRUE,0,54.6,0,0,0,TRUE,0,FALSE,114,FALSE,1,1,1,64,3423.5
FALSE,1,5756-OZRIO,63905e39-5aa9-f111-b374-3833c5fb3aa8,0,1,FALSE,TRUE,0,64.05,1,0,0,FALSE,2,TRUE,493,TRUE,1,0,0,61,3902.6
FALSE,0,5240-CAOYT,e0905e39-5aa9-f111-b374-3833c5fb3aa8,0,0,FALSE,FALSE,1,87.55,1,0,1,TRUE,2,TRUE,618,FALSE,0,0,1,57,4884.85
FALSE,0,4250-WAROZ,c2925e39-5aa9-f111-b374-3833c5fb3aa8,0,1,TRUE,TRUE,1,93.25,1,0,1,TRUE,0,TRUE,835,TRUE,1,0,0,60,5774.55
TRUE,0,0207-MDKNV,09935e39-5aa9-f111-b374-3833c5fb3aa8,1,0,FALSE,FALSE,1,105.1,0,1,1,FALSE,0,TRUE,876,FALSE,1,1,1,15,1582.75
FALSE,0,4661-NJEUX,13935e39-5aa9-f111-b374-3833c5fb3aa8,0,1,FALSE,FALSE,2,20.05,0,0,0,TRUE,1,TRUE,885,FALSE,0,0,0,1,20.05
TRUE,0,8824-RWFXJ,c0935e39-5aa9-f111-b374-3833c5fb3aa8,1,1,TRUE,TRUE,0,56.15,0,0,0,TRUE,1,TRUE,1102,FALSE,0,0,0,3,168.15
FALSE,2,0042-RLHYP,91955e39-5aa9-f111-b374-3833c5fb3aa8,0,0,TRUE,TRUE,2,19.7,0,0,0,FALSE,2,TRUE,1303,FALSE,0,0,0,69,1396.9
FALSE,0,1666-JZPZT,17965e39-5aa9-f111-b374-3833c5fb3aa8,0,1,FALSE,FALSE,0,49,1,1,0,FALSE,1,TRUE,1437,FALSE,0,0,0,27,1291.35
FALSE,2,3813-DHBBB,c8965e39-5aa9-f111-b374-3833c5fb3aa8,0,1,FALSE,TRUE,0,50.95,0,0,1,TRUE,2,FALSE,1614,FALSE,1,0,1,67,3521.7
FALSE,2,8388-DMKAE,fc965e39-5aa9-f111-b374-3833c5fb3aa8,0,0,FALSE,FALSE,2,20.25,0,0,0,FALSE,1,TRUE,1666,FALSE,0,0,0,8,174.65
TRUE,0,9061-TIHDA,9916563f-5aa9-f111-b374-3833c5fb3aa8,0,1,FALSE,TRUE,1,95.25,1,1,0,TRUE,0,TRUE,2167,TRUE,1,1,0,13,1233.65
FALSE,2,1306-RPWXZ,3417563f-5aa9-f111-b374-3833c5fb3aa8,0,0,TRUE,FALSE,2,20.45,0,0,0,FALSE,3,TRUE,2322,FALSE,0,0,0,49,1024.65
FALSE,0,7140-ADSMJ,bd17563f-5aa9-f111-b374-3833c5fb3aa8,0,1,FALSE,FALSE,2,20.45,0,0,0,TRUE,3,TRUE,2459,FALSE,0,0,0,8,162.3
FALSE,0,8868-GAGIO,1e18563f-5aa9-f111-b374-3833c5fb3aa8,1,1,FALSE,TRUE,1,84.55,1,1,1,TRUE,1,TRUE,2556,FALSE,0,0,0,45,3713.95
FALSE,1,2790-XUYMV,0619563f-5aa9-f111-b374-3833c5fb3aa8,0,1,TRUE,FALSE,1,85.45,1,0,1,TRUE,3,TRUE,2788,FALSE,0,0,0,71,6028.95
FALSE,0,0734-OXWBT,a51a563f-5aa9-f111-b374-3833c5fb3aa8,2,1,TRUE,FALSE,0,70.7,2,2,2,FALSE,1,TRUE,203,FALSE,3,3,2,3,225.65
FALSE,0,9970-QBCDA,a11b563f-5aa9-f111-b374-3833c5fb3aa8,4,0,FALSE,FALSE,2,19.7,2,4,4,FALSE,3,TRUE,455,FALSE,4,4,4,6,129.55
TRUE,0,6142-VSJQO,a91b563f-5aa9-f111-b374-3833c5fb3aa8,2,0,TRUE,TRUE,0,44.35,2,2,2,TRUE,2,TRUE,463,FALSE,2,2,3,1,44.35
TRUE,0,4471-KXAUH,651c563f-5aa9-f111-b374-3833c5fb3aa8,3,0,FALSE,TRUE,1,84.3,4,2,2,TRUE,0,TRUE,651,FALSE,2,2,2,42,3588.4
FALSE,0,0282-NVSJS,e11d563f-5aa9-f111-b374-3833c5fb3aa8,2,0,TRUE,TRUE,0,29.3,3,2,2,TRUE,1,FALSE,1031,TRUE,2,2,2,12,355.9
FALSE,2,8999-EXMNO,971e563f-5aa9-f111-b374-3833c5fb3aa8,4,0,TRUE,TRUE,2,20.15,2,4,4,FALSE,1,TRUE,1213,FALSE,4,4,4,19,387.7
TRUE,0,1062-LHZOD,2620563f-5aa9-f111-b374-3833c5fb3aa8,2,1,TRUE,TRUE,1,69.9,2,2,2,TRUE,1,TRUE,1612,FALSE,2,2,3,1,69.9
FALSE,2,6217-KDYWC,068e5e39-5aa9-f111-b374-3833c5fb3aa8,0,1,TRUE,FALSE,2,19.6,0,0,0,TRUE,1,TRUE,138,FALSE,0,0,0,57,1170.55
TRUE,0,7273-TEFQD,7a8f5e39-5aa9-f111-b374-3833c5fb3aa8,1,1,FALSE,FALSE,0,41.15,0,1,0,TRUE,0,FALSE,260,TRUE,1,0,0,3,132.2
TRUE,0,4636-QRJKY,72905e39-5aa9-f111-b374-3833c5fb3aa8,0,0,TRUE,TRUE,1,80.5,1,1,0,TRUE,0,TRUE,508,FALSE,0,0,1,6,502.85
FALSE,0,5016-IBERQ,e8905e39-5aa9-f111-b374-3833c5fb3aa8,1,1,FALSE,TRUE,1,84.25,1,0,0,FALSE,0,TRUE,626,FALSE,0,0,0,23,1968.1
TRUE,0,5138-WVKYJ,5c915e39-5aa9-f111-b374-3833c5fb3aa8,0,1,FALSE,FALSE,1,98.55,1,1,1,FALSE,0,TRUE,742,FALSE,1,1,0,10,1008.55
TRUE,0,0236-HFWSV,79915e39-5aa9-f111-b374-3833c5fb3aa8,0,1,FALSE,FALSE,1,93.35,1,1,0,TRUE,0,TRUE,771,FALSE,1,1,0,15,1444.65
FALSE,2,9650-VBUOG,bb925e39-5aa9-f111-b374-3833c5fb3aa8,0,1,TRUE,TRUE,2,25.05,1,0,0,FALSE,3,TRUE,831,FALSE,0,0,0,38,963.95
TRUE,0,3671-SHRSP,fd925e39-5aa9-f111-b374-3833c5fb3aa8,1,1,FALSE,TRUE,1,80.6,0,1,0,TRUE,1,TRUE,865,FALSE,0,0,1,4,319.15
FALSE,0,7508-SMHXL,2e935e39-5aa9-f111-b374-3833c5fb3aa8,0,0,FALSE,FALSE,1,89,1,0,0,FALSE,3,TRUE,911,TRUE,0,1,0,15,1288.3
FALSE,2,4565-NLZBV,a5955e39-5aa9-f111-b374-3833c5fb3aa8,0,0,FALSE,TRUE,2,24.65,1,0,0,TRUE,2,TRUE,1323,FALSE,0,0,0,71,1710.15
FALSE,2,0895-UADGO,f9955e39-5aa9-f111-b374-3833c5fb3aa8,0,1,TRUE,FALSE,0,44.55,0,1,1,TRUE,1,FALSE,1407,FALSE,1,0,1,8,343.45
TRUE,0,5240-IJOQT,5b965e39-5aa9-f111-b374-3833c5fb3aa8,0,1,FALSE,FALSE,1,74.7,1,1,0,TRUE,0,TRUE,1505,TRUE,0,0,0,1,74.7
TRUE,0,8565-CLBZW,f615563f-5aa9-f111-b374-3833c5fb3aa8,1,1,FALSE,FALSE,1,89.85,1,1,0,TRUE,1,TRUE,2004,FALSE,0,1,0,24,2165.05
TRUE,0,8182-BJDSI,d116563f-5aa9-f111-b374-3833c5fb3aa8,0,0,FALSE,FALSE,1,89.95,1,0,0,TRUE,0,TRUE,2223,FALSE,1,0,0,28,2625.55
FALSE,2,6050-FFXES,e716563f-5aa9-f111-b374-3833c5fb3aa8,1,0,FALSE,TRUE,1,105.35,1,1,0,FALSE,2,TRUE,2245,FALSE,1,1,1,69,7240.65
TRUE,0,8263-JQAIK,a117563f-5aa9-f111-b374-3833c5fb3aa8,0,1,FALSE,FALSE,0,24.45,0,1,0,TRUE,1,FALSE,2431,TRUE,0,0,0,2,47.5
FALSE,0,5843-TTHGI,1c18563f-5aa9-f111-b374-3833c5fb3aa8,1,0,FALSE,FALSE,0,50,0,1,0,TRUE,1,TRUE,2554,FALSE,0,0,0,18,892.7
FALSE,0,9163-GHAYE,0a19563f-5aa9-f111-b374-3833c5fb3aa8,0,0,FALSE,FALSE,0,48.85,0,0,0,FALSE,0,TRUE,2792,FALSE,0,0,0,15,736.8
FALSE,2,5485-ITNPC,4619563f-5aa9-f111-b374-3833c5fb3aa8,1,1,FALSE,TRUE,0,85.9,0,0,1,TRUE,2,TRUE,2852,FALSE,1,1,1,66,5595.3
FALSE,2,3057-VJJQE,0e1c563f-5aa9-f111-b374-3833c5fb3aa8,2,1,FALSE,FALSE,0,55.25,4,2,3,FALSE,1,TRUE,564,FALSE,2,2,3,35,1924.1
FALSE,1,8133-ANHHJ,111c563f-5aa9-f111-b374-3833c5fb3aa8,3,0,FALSE,FALSE,1,103,4,3,3,FALSE,2,TRUE,567,TRUE,3,2,2,49,5166.2
TRUE,0,9801-GDWGV,501c563f-5aa9-f111-b374-3833c5fb3aa8,3,0,FALSE,FALSE,1,103.45,4,3,2,TRUE,0,TRUE,630,FALSE,3,3,3,39,3994.45
FALSE,1,7163-OCEQI,9d1d563f-5aa9-f111-b374-3833c5fb3aa8,3,1,TRUE,TRUE,0,78.65,4,2,2,TRUE,1,TRUE,963,FALSE,3,3,2,22,1663.75
FALSE,0,2959-FENLU,f01d563f-5aa9-f111-b374-3833c5fb3aa8,3,0,FALSE,FALSE,1,85.3,2,2,2,TRUE,3,TRUE,1046,FALSE,3,2,3,9,781.4
FALSE,0,4884-ZTHVF,fe1d563f-5aa9-f111-b374-3833c5fb3aa8,2,0,FALSE,FALSE,1,87.1,2,3,2,TRUE,0,TRUE,1060,TRUE,2,3,3,8,713.6
FALSE,0,1932-UEDCX,ae1e563f-5aa9-f111-b374-3833c5fb3aa8,2,1,FALSE,TRUE,1,100.6,4,3,2,TRUE,2,TRUE,1236,TRUE,3,3,3,33,3270.25
TRUE,0,5708-EVONK,bd1f563f-5aa9-f111-b374-3833c5fb3aa8,2,0,TRUE,TRUE,1,93.4,4,3,3,TRUE,2,TRUE,1507,FALSE,3,2,3,58,5435.6
TRUE,0,9600-NAXZN,2a20563f-5aa9-f111-b374-3833c5fb3aa8,2,1,FALSE,FALSE,1,101.4,4,3,2,TRUE,0,TRUE,1616,FALSE,3,3,3,43,4528
TRUE,0,5295-PCJOO,ba20563f-5aa9-f111-b374-3833c5fb3aa8,2,1,TRUE,FALSE,0,49.4,2,2,3,TRUE,0,TRUE,1760,FALSE,2,2,3,4,184.4
FALSE,2,3635-JBPSG,e010fb45-5aa9-f111-b374-3833c5fb3aa8,2,0,FALSE,FALSE,0,38.8,3,3,2,TRUE,1,FALSE,1834,FALSE,3,2,3,15,603
FALSE,1,9972-VAFJJ,6b11fb45-5aa9-f111-b374-3833c5fb3aa8,3,0,FALSE,TRUE,1,94,2,3,2,TRUE,0,TRUE,1973,TRUE,2,3,2,53,4871.45
FALSE,2,0356-OBMAC,87905e39-5aa9-f111-b374-3833c5fb3aa8,1,0,FALSE,FALSE,1,99.9,1,0,0,TRUE,2,TRUE,529,TRUE,0,1,1,56,5706.3
TRUE,0,9576-ANLXO,00915e39-5aa9-f111-b374-3833c5fb3aa8,0,0,FALSE,FALSE,1,69.55,0,1,0,TRUE,2,TRUE,650,FALSE,0,0,0,3,222.3
FALSE,1,2682-KEVRP,2c915e39-5aa9-f111-b374-3833c5fb3aa8,0,0,FALSE,FALSE,2,20.05,0,0,0,TRUE,1,TRUE,694,TRUE,0,0,0,22,417
FALSE,1,2692-AQCPF,7e925e39-5aa9-f111-b374-3833c5fb3aa8,1,0,FALSE,TRUE,1,108.05,1,0,0,TRUE,3,TRUE,938,FALSE,1,1,1,65,7118.9
FALSE,2,5275-PMFUT,f3925e39-5aa9-f111-b374-3833c5fb3aa8,1,1,TRUE,TRUE,0,64.8,0,0,1,TRUE,3,FALSE,859,FALSE,1,1,1,72,4719.75
TRUE,0,0655-RBDUG,85935e39-5aa9-f111-b374-3833c5fb3aa8,1,1,FALSE,FALSE,1,98.05,1,1,0,TRUE,2,TRUE,1073,FALSE,1,1,0,7,713
FALSE,0,4291-SHSBH,00945e39-5aa9-f111-b374-3833c5fb3aa8,0,1,FALSE,FALSE,1,69.55,0,1,0,TRUE,0,TRUE,1212,FALSE,0,0,0,7,521.35
FALSE,0,5740-YHGTW,14975e39-5aa9-f111-b374-3833c5fb3aa8,0,1,TRUE,TRUE,1,97.55,1,0,1,TRUE,3,TRUE,1690,FALSE,0,1,0,70,6669.05
FALSE,0,2038-LLMLM,2616563f-5aa9-f111-b374-3833c5fb3aa8,1,0,FALSE,FALSE,1,103.85,1,1,0,TRUE,0,TRUE,2052,FALSE,1,1,1,48,4946.05
FALSE,2,1821-BUCWY,a017563f-5aa9-f111-b374-3833c5fb3aa8,1,1,FALSE,FALSE,0,55.65,0,1,1,TRUE,1,TRUE,2430,FALSE,0,0,0,30,1653.85
TRUE,0,2320-JRSDE,541c563f-5aa9-f111-b374-3833c5fb3aa8,4,0,TRUE,TRUE,2,19.9,2,4,4,TRUE,0,TRUE,634,FALSE,4,4,4,1,19.9
TRUE,0,0011-IGKFF,7d1d563f-5aa9-f111-b374-3833c5fb3aa8,3,1,FALSE,TRUE,1,98,2,3,2,TRUE,0,TRUE,931,TRUE,3,3,3,13,1237.85
TRUE,0,5649-TJHOV,e91d563f-5aa9-f111-b374-3833c5fb3aa8,2,1,FALSE,TRUE,0,36.5,3,2,2,FALSE,2,FALSE,1039,TRUE,3,2,3,27,1032
TRUE,0,6769-DYBQN,911e563f-5aa9-f111-b374-3833c5fb3aa8,2,1,FALSE,FALSE,1,85,2,2,3,FALSE,0,TRUE,1207,TRUE,3,2,3,46,3969.4
TRUE,0,3751-KTZEL,c21e563f-5aa9-f111-b374-3833c5fb3aa8,2,0,FALSE,FALSE,0,35.05,3,2,2,FALSE,1,FALSE,1256,FALSE,3,2,3,1,35.05
FALSE,0,2946-KIQSP,cf1e563f-5aa9-f111-b374-3833c5fb3aa8,3,0,FALSE,FALSE,0,33.45,3,2,2,TRUE,1,FALSE,1269,FALSE,2,2,2,35,1175.85
TRUE,0,6615-ZGEDR,e81e563f-5aa9-f111-b374-3833c5fb3aa8,4,1,FALSE,FALSE,2,19.7,2,4,4,FALSE,1,TRUE,1294,FALSE,4,4,4,1,19.7
FALSE,1,8845-LWKGE,021f563f-5aa9-f111-b374-3833c5fb3aa8,3,0,TRUE,TRUE,0,64.5,2,2,2,TRUE,0,TRUE,1320,FALSE,2,3,2,30,1985.15
TRUE,0,2474-BRUCM,b21f563f-5aa9-f111-b374-3833c5fb3aa8,2,1,FALSE,TRUE,1,101.85,4,2,3,FALSE,0,TRUE,1496,TRUE,3,3,3,40,4086.3
FALSE,0,3466-BYAVD,328e5e39-5aa9-f111-b374-3833c5fb3aa8,1,1,TRUE,TRUE,0,69.5,0,0,0,TRUE,1,TRUE,149,FALSE,1,0,1,15,1071.4
FALSE,0,7302-ZHMHP,828e5e39-5aa9-f111-b374-3833c5fb3aa8,0,0,FALSE,FALSE,2,19.15,0,0,0,FALSE,1,TRUE,367,FALSE,0,0,0,1,19.15
TRUE,0,9367-WXLCH,b28e5e39-5aa9-f111-b374-3833c5fb3aa8,0,1,FALSE,FALSE,1,84.5,1,1,0,FALSE,2,TRUE,182,FALSE,1,0,0,8,662.65
FALSE,2,0621-JFHOL,628f5e39-5aa9-f111-b374-3833c5fb3aa8,0,0,FALSE,FALSE,0,29.6,0,1,0,TRUE,1,FALSE,236,FALSE,0,0,1,10,299.05
FALSE,2,5394-MEITZ,91905e39-5aa9-f111-b374-3833c5fb3aa8,1,0,TRUE,TRUE,0,80.6,0,0,0,TRUE,2,TRUE,539,FALSE,1,1,1,60,4946.7
FALSE,0,3716-UVSPD,a5905e39-5aa9-f111-b374-3833c5fb3aa8,0,1,FALSE,FALSE,0,49.3,0,1,0,TRUE,0,TRUE,559,FALSE,0,0,1,1,49.3
FALSE,0,5175-WLYXL,74915e39-5aa9-f111-b374-3833c5fb3aa8,0,1,FALSE,FALSE,1,78.85,1,0,0,TRUE,1,TRUE,766,FALSE,0,0,0,22,1600.25
FALSE,1,5285-MVEHD,26935e39-5aa9-f111-b374-3833c5fb3aa8,1,0,FALSE,TRUE,1,105.6,0,0,1,TRUE,3,TRUE,903,FALSE,1,1,0,56,6068.65
FALSE,0,4741-WWJQZ,67955e39-5aa9-f111-b374-3833c5fb3aa8,0,0,FALSE,TRUE,1,80.15,0,1,1,TRUE,0,TRUE,1261,FALSE,0,0,1,2,194.55
FALSE,0,6475-VHUIZ,aa955e39-5aa9-f111-b374-3833c5fb3aa8,1,0,FALSE,TRUE,0,54.25,0,1,0,FALSE,0,TRUE,1328,FALSE,0,0,1,23,1221.55
TRUE,0,4248-QPAVC,d9965e39-5aa9-f111-b374-3833c5fb3aa8,1,0,FALSE,TRUE,1,85.35,1,1,1,TRUE,2,TRUE,1631,TRUE,0,0,0,17,1463.45
FALSE,1,2039-JONDJ,d6975e39-5aa9-f111-b374-3833c5fb3aa8,0,1,FALSE,FALSE,0,55.45,0,0,1,FALSE,2,TRUE,1884,FALSE,0,0,0,27,1477.65
FALSE,1,0002-ORFBO,2517563f-5aa9-f111-b374-3833c5fb3aa8,0,0,TRUE,TRUE,0,65.6,0,0,0,TRUE,1,TRUE,2307,FALSE,0,1,1,9,593.3
FALSE,2,6993-YGFJV,6417563f-5aa9-f111-b374-3833c5fb3aa8,1,1,FALSE,TRUE,1,112.55,1,0,1,TRUE,2,TRUE,2370,FALSE,1,1,1,69,7806.5
FALSE,1,9534-NSXEM,d218563f-5aa9-f111-b374-3833c5fb3aa8,0,1,FALSE,FALSE,2,20.65,0,0,0,TRUE,3,TRUE,2760,FALSE,0,0,0,26,595.5
FALSE,0,5996-DAOQL,f618563f-5aa9-f111-b374-3833c5fb3aa8,0,1,FALSE,FALSE,2,20.45,0,0,0,TRUE,1,TRUE,2713,FALSE,0,0,0,1,20.45
FALSE,2,8774-GSBUN,f219563f-5aa9-f111-b374-3833c5fb3aa8,4,1,FALSE,TRUE,2,25.4,4,4,4,FALSE,1,TRUE,24,FALSE,4,4,4,72,1797.1
FALSE,0,0696-UKTOX,7b1a563f-5aa9-f111-b374-3833c5fb3aa8,2,1,TRUE,FALSE,0,54.15,2,3,2,FALSE,0,TRUE,161,FALSE,2,2,2,23,1312.45
FALSE,0,5118-MUEYH,641b563f-5aa9-f111-b374-3833c5fb3aa8,2,0,FALSE,TRUE,1,105.1,4,3,2,TRUE,3,TRUE,394,FALSE,3,3,2,48,5083.55
FALSE,0,0980-PVMRC,f01c563f-5aa9-f111-b374-3833c5fb3aa8,2,0,TRUE,TRUE,0,50.85,3,3,2,TRUE,0,FALSE,790,FALSE,3,3,0,40,2036.55
FALSE,2,7493-GVFIO,201e563f-5aa9-f111-b374-3833c5fb3aa8,4,1,FALSE,FALSE,2,20.55,2,4,4,FALSE,3,TRUE,1094,FALSE,4,4,4,57,1252.85
TRUE,0,3982-XWFZQ,501e563f-5aa9-f111-b374-3833c5fb3aa8,2,0,FALSE,TRUE,0,50.25,4,2,2,TRUE,0,TRUE,1142,FALSE,2,2,3,42,2203.65
TRUE,0,4009-ALQFH,541e563f-5aa9-f111-b374-3833c5fb3aa8,3,0,FALSE,FALSE,1,99.5,2,3,2,TRUE,0,TRUE,1146,FALSE,3,3,3,25,2369.05
TRUE,1,8651-ENBZX,0f1f563f-5aa9-f111-b374-3833c5fb3aa8,3,0,FALSE,FALSE,1,106,4,2,2,TRUE,0,TRUE,1333,TRUE,3,3,2,60,6441.4
FALSE,0,8647-SDTWQ,121f563f-5aa9-f111-b374-3833c5fb3aa8,2,1,TRUE,TRUE,1,74.3,4,2,2,TRUE,0,TRUE,1336,FALSE,2,2,3,57,4018.35
FALSE,2,1635-HDGFT,df1f563f-5aa9-f111-b374-3833c5fb3aa8,4,0,TRUE,FALSE,2,20.5,2,4,4,FALSE,1,TRUE,1541,FALSE,4,4,4,19,398.55
FALSE,2,5090-EMGTC,6120563f-5aa9-f111-b374-3833c5fb3aa8,2,0,FALSE,TRUE,1,100.05,2,3,2,TRUE,1,TRUE,1671,FALSE,3,3,2,59,6034.85
FALSE,2,2984-RGEYA,da8e5e39-5aa9-f111-b374-3833c5fb3aa8,0,0,TRUE,TRUE,2,19.75,0,0,0,FALSE,2,TRUE,192,FALSE,0,0,0,69,1375.4
FALSE,0,0111-KLBQG,1e8f5e39-5aa9-f111-b374-3833c5fb3aa8,0,1,TRUE,TRUE,1,93.95,0,0,0,TRUE,1,TRUE,407,TRUE,1,1,0,32,2861.45
TRUE,0,7841-TZDMQ,218f5e39-5aa9-f111-b374-3833c5fb3aa8,0,1,FALSE,FALSE,0,46,0,1,0,TRUE,3,TRUE,210,FALSE,0,0,0,2,84.5
FALSE,1,8865-TNMNX,ca8f5e39-5aa9-f111-b374-3833c5fb3aa8,0,1,TRUE,TRUE,0,49.55,0,0,0,FALSE,1,TRUE,40,FALSE,0,0,0,10,475.7
FALSE,1,3482-ABPKK,7a905e39-5aa9-f111-b374-3833c5fb3aa8,0,0,FALSE,FALSE,0,54.3,0,1,1,FALSE,1,TRUE,516,FALSE,0,0,1,28,1546.3
FALSE,1,7665-VIGUD,ef905e39-5aa9-f111-b374-3833c5fb3aa8,0,1,FALSE,FALSE,2,20.35,0,0,0,FALSE,1,TRUE,633,FALSE,0,0,0,10,176.3
TRUE,0,8399-YNDCH,e1935e39-5aa9-f111-b374-3833c5fb3aa8,1,1,FALSE,FALSE,0,60.05,0,1,0,TRUE,2,TRUE,1181,TRUE,0,1,0,21,1236.15
FALSE,2,8089-UZWLX,e7935e39-5aa9-f111-b374-3833c5fb3aa8,1,0,FALSE,FALSE,1,104.05,1,1,0,FALSE,2,TRUE,1187,TRUE,1,1,0,71,7413.55
TRUE,1,9518-RWHZL,ee955e39-5aa9-f111-b374-3833c5fb3aa8,1,0,FALSE,FALSE,1,100.05,1,1,0,TRUE,3,TRUE,1396,FALSE,1,1,0,64,6254.2
FALSE,2,8917-SZTTJ,15975e39-5aa9-f111-b374-3833c5fb3aa8,0,1,TRUE,TRUE,2,19.65,0,0,0,FALSE,3,TRUE,1691,FALSE,0,0,0,60,1161.75
FALSE,0,0523-VNGTF,c0975e39-5aa9-f111-b374-3833c5fb3aa8,1,0,FALSE,FALSE,0,50.5,0,0,0,TRUE,0,FALSE,1862,TRUE,0,1,1,52,2566.3
TRUE,2,1447-PJGGA,f515563f-5aa9-f111-b374-3833c5fb3aa8,1,0,FALSE,FALSE,1,95.25,0,1,0,TRUE,0,TRUE,2003,FALSE,1,1,0,57,5464.65
FALSE,0,0567-GGCAC,a717563f-5aa9-f111-b374-3833c5fb3aa8,1,0,FALSE,FALSE,0,61.4,0,0,1,FALSE,0,TRUE,2437,FALSE,0,0,0,7,438.9
FALSE,0,7909-FIOIY,c018563f-5aa9-f111-b374-3833c5fb3aa8,0,0,TRUE,TRUE,0,24.85,0,1,0,TRUE,1,FALSE,2751,FALSE,0,0,0,19,434.8
TRUE,0,4831-EOBFE,2419563f-5aa9-f111-b374-3833c5fb3aa8,0,1,TRUE,TRUE,1,94.65,0,1,1,FALSE,3,TRUE,2818,FALSE,1,1,0,29,2649.15
FALSE,0,6652-YFFJO,6419563f-5aa9-f111-b374-3833c5fb3aa8,0,0,FALSE,FALSE,0,64.9,0,1,0,TRUE,0,TRUE,2882,FALSE,1,1,0,11,716.1
FALSE,0,4801-KFYKL,7c1a563f-5aa9-f111-b374-3833c5fb3aa8,4,1,TRUE,FALSE,2,19.45,2,4,4,FALSE,2,TRUE,162,FALSE,4,4,4,8,159.2
TRUE,0,3776-EKTKM,941a563f-5aa9-f111-b374-3833c5fb3aa8,2,0,FALSE,FALSE,0,36.45,3,2,2,TRUE,0,FALSE,186,TRUE,2,3,3,1,36.45
FALSE,2,4393-GEADV,d81a563f-5aa9-f111-b374-3833c5fb3aa8,3,1,TRUE,TRUE,1,114.75,4,3,3,FALSE,3,TRUE,254,FALSE,3,3,2,70,7842.3
TRUE,0,5569-OUICF,051b563f-5aa9-f111-b374-3833c5fb3aa8,2,0,FALSE,TRUE,1,101.3,4,2,2,TRUE,3,TRUE,299,TRUE,3,3,2,28,2812.2
TRUE,0,9444-JTXHZ,5e1c563f-5aa9-f111-b374-3833c5fb3aa8,3,1,FALSE,TRUE,1,76.2,2,2,2,FALSE,0,TRUE,644,FALSE,2,2,3,1,76.2
FALSE,1,1217-VASWC,771c563f-5aa9-f111-b374-3833c5fb3aa8,3,1,FALSE,TRUE,1,100.55,2,3,2,TRUE,2,TRUE,669,TRUE,3,3,3,43,4304
TRUE,0,4143-OOBWZ,fd1c563f-5aa9-f111-b374-3833c5fb3aa8,2,1,FALSE,TRUE,1,81.3,4,3,2,TRUE,0,TRUE,803,FALSE,2,2,3,5,416.3
TRUE,0,4523-WXCEF,141e563f-5aa9-f111-b374-3833c5fb3aa8,2,0,FALSE,TRUE,1,101.1,4,3,2,FALSE,0,TRUE,1082,FALSE,3,3,3,59,6039.9
FALSE,2,6308-CQRBU,f11e563f-5aa9-f111-b374-3833c5fb3aa8,3,0,FALSE,TRUE,1,109.25,4,3,2,FALSE,0,TRUE,1303,FALSE,3,3,2,71,7707.7
FALSE,0,6856-RAURS,2c1f563f-5aa9-f111-b374-3833c5fb3aa8,2,0,FALSE,FALSE,1,74.9,4,2,2,TRUE,1,TRUE,1362,FALSE,2,2,3,2,136.05
FALSE,0,5916-QEWPT,ee10fb45-5aa9-f111-b374-3833c5fb3aa8,3,0,FALSE,TRUE,0,69,2,2,2,FALSE,3,TRUE,1848,FALSE,3,3,3,2,147.8
FALSE,2,4534-WGCIR,f610fb45-5aa9-f111-b374-3833c5fb3aa8,4,0,TRUE,TRUE,2,25.15,4,4,4,FALSE,3,TRUE,1856,FALSE,4,4,4,58,1509.9
TRUE,0,7384-GHBPI,1211fb45-5aa9-f111-b374-3833c5fb3aa8,2,1,FALSE,TRUE,0,35.15,3,2,2,TRUE,0,FALSE,1884,FALSE,3,2,3,3,99.75
FALSE,1,8091-TTVAX,c57e48cb-66b0-45fd-af8d-033c5bebbe3a,1,1,FALSE,TRUE,1,100.35,1,1,0,FALSE,3,TRUE,12,FALSE,1,1,0,58,5681.1
TRUE,0,6905-NIQIN,b88e5e39-5aa9-f111-b374-3833c5fb3aa8,0,1,FALSE,FALSE,0,50.65,0,0,0,FALSE,1,TRUE,381,FALSE,0,0,0,1,50.65
FALSE,2,9489-DEDVP,cb8f5e39-5aa9-f111-b374-3833c5fb3aa8,0,0,TRUE,TRUE,0,69.2,1,0,1,TRUE,3,TRUE,41,FALSE,0,1,0,70,4872.35
FALSE,0,6630-UJZMY,7a925e39-5aa9-f111-b374-3833c5fb3aa8,0,0,FALSE,TRUE,1,83.25,1,1,0,TRUE,0,TRUE,935,TRUE,0,1,0,4,308.05
FALSE,2,4335-BSMJS,ad925e39-5aa9-f111-b374-3833c5fb3aa8,0,0,FALSE,FALSE,2,25.8,1,0,0,TRUE,3,TRUE,824,FALSE,0,0,0,62,1563.95
FALSE,0,5461-QKNTN,de935e39-5aa9-f111-b374-3833c5fb3aa8,0,1,FALSE,TRUE,1,94.3,1,0,0,TRUE,0,TRUE,1179,TRUE,0,1,1,43,3953.15
TRUE,0,9804-ICWBG,45975e39-5aa9-f111-b374-3833c5fb3aa8,0,1,FALSE,FALSE,1,69.9,0,1,0,TRUE,0,TRUE,1739,FALSE,0,0,0,1,69.9
FALSE,0,5989-PGKJB,0816563f-5aa9-f111-b374-3833c5fb3aa8,0,0,FALSE,FALSE,1,86.25,0,0,0,TRUE,0,TRUE,2022,FALSE,1,0,0,16,1340.1
FALSE,2,4079-VTGLK,8116563f-5aa9-f111-b374-3833c5fb3aa8,1,1,FALSE,TRUE,0,74.85,1,1,0,FALSE,0,TRUE,2143,TRUE,1,1,0,30,2181.75
FALSE,1,3547-LQRIK,1a18563f-5aa9-f111-b374-3833c5fb3aa8,0,0,FALSE,TRUE,2,26.9,1,0,0,FALSE,0,TRUE,2552,FALSE,0,0,0,47,1250.85
FALSE,0,6985-HAYWX,4119563f-5aa9-f111-b374-3833c5fb3aa8,0,0,FALSE,TRUE,1,79.3,1,0,0,FALSE,2,TRUE,2847,FALSE,0,0,0,26,2015.8
FALSE,2,3617-XLSGQ,5319563f-5aa9-f111-b374-3833c5fb3aa8,1,0,TRUE,TRUE,1,109.25,1,0,1,FALSE,2,TRUE,2865,FALSE,1,1,0,66,7082.5
FALSE,0,0208-BPQEJ,9819563f-5aa9-f111-b374-3833c5fb3aa8,0,0,TRUE,TRUE,2,19.4,0,0,0,FALSE,2,TRUE,2934,FALSE,0,0,0,12,198.1
FALSE,2,4526-EXKKN,a119563f-5aa9-f111-b374-3833c5fb3aa8,0,1,FALSE,FALSE,2,24.6,1,0,0,TRUE,1,TRUE,2943,FALSE,0,0,0,40,973.95
FALSE,0,2507-QZPQS,291a563f-5aa9-f111-b374-3833c5fb3aa8,2,1,FALSE,FALSE,1,95.7,4,3,2,FALSE,0,TRUE,79,FALSE,3,2,2,15,1451.1
FALSE,0,1061-PNTHC,f01a563f-5aa9-f111-b374-3833c5fb3aa8,3,0,TRUE,TRUE,1,109.6,4,2,3,TRUE,1,TRUE,278,FALSE,3,3,2,56,5953
FALSE,2,9788-HNGUT,351b563f-5aa9-f111-b374-3833c5fb3aa8,3,1,FALSE,TRUE,1,116.95,4,3,3,TRUE,3,TRUE,347,FALSE,3,3,2,72,8594.4
FALSE,0,4912-PIGUY,b41b563f-5aa9-f111-b374-3833c5fb3aa8,2,0,FALSE,FALSE,1,84.6,4,2,2,TRUE,0,TRUE,474,FALSE,2,3,3,1,84.6
TRUE,0,4550-EVXNY,421d563f-5aa9-f111-b374-3833c5fb3aa8,2,0,TRUE,FALSE,1,69.65,2,2,2,TRUE,0,TRUE,872,FALSE,2,2,3,1,69.65
FALSE,1,4476-OSWTN,c11e563f-5aa9-f111-b374-3833c5fb3aa8,3,1,FALSE,TRUE,1,110.55,4,2,3,TRUE,1,TRUE,1255,TRUE,3,3,2,69,7610.1
FALSE,2,4378-MYPGO,0e1f563f-5aa9-f111-b374-3833c5fb3aa8,3,1,TRUE,TRUE,1,105.25,2,3,3,TRUE,2,TRUE,1332,FALSE,3,3,3,68,7173.15
FALSE,2,9558-IHEZX,0820563f-5aa9-f111-b374-3833c5fb3aa8,3,0,FALSE,FALSE,1,106.75,4,3,3,TRUE,3,TRUE,1582,FALSE,3,3,3,71,7283.25
FALSE,0,8404-FYDIB,2c20563f-5aa9-f111-b374-3833c5fb3aa8,2,1,FALSE,FALSE,1,86.65,4,3,3,TRUE,3,TRUE,1618,FALSE,2,2,3,26,2208.75
FALSE,0,5522-JBWMO,d78e5e39-5aa9-f111-b374-3833c5fb3aa8,0,1,TRUE,FALSE,0,44,0,1,0,FALSE,0,TRUE,389,FALSE,0,0,0,1,44
FALSE,2,0942-KOWSM,3f905e39-5aa9-f111-b374-3833c5fb3aa8,1,0,TRUE,TRUE,0,80.8,0,0,0,FALSE,2,TRUE,457,FALSE,1,1,1,30,2369.3
FALSE,0,7531-GQHME,7d905e39-5aa9-f111-b374-3833c5fb3aa8,0,1,FALSE,FALSE,2,20.05,0,0,0,FALSE,3,TRUE,519,FALSE,0,0,0,12,265.45
TRUE,0,2276-YDAVZ,2b915e39-5aa9-f111-b374-3833c5fb3aa8,0,0,FALSE,FALSE,1,75.1,1,1,0,TRUE,3,TRUE,693,FALSE,0,0,0,3,270.7
FALSE,0,6621-YOBKI,51915e39-5aa9-f111-b374-3833c5fb3aa8,0,1,FALSE,FALSE,2,20.35,0,0,0,FALSE,1,TRUE,731,FALSE,0,0,0,5,92.75
FALSE,2,4381-MHQDC,5a915e39-5aa9-f111-b374-3833c5fb3aa8,1,0,FALSE,FALSE,0,65,1,1,1,TRUE,1,TRUE,740,FALSE,0,0,1,47,2879.9
TRUE,2,2834-JRTUA,a3925e39-5aa9-f111-b374-3833c5fb3aa8,1,1,FALSE,FALSE,1,108.05,1,1,1,TRUE,0,TRUE,975,FALSE,1,1,1,71,7532.15
FALSE,2,4829-ZLJTK,6f935e39-5aa9-f111-b374-3833c5fb3aa8,1,0,FALSE,TRUE,1,112.4,1,0,1,TRUE,0,TRUE,1061,TRUE,1,1,0,72,8046.85
TRUE,0,5494-HECPR,fc935e39-5aa9-f111-b374-3833c5fb3aa8,0,0,FALSE,FALSE,1,80.25,0,1,0,TRUE,0,TRUE,1208,FALSE,0,1,0,1,80.25
FALSE,0,7243-LCGGZ,b415563f-5aa9-f111-b374-3833c5fb3aa8,0,0,FALSE,FALSE,2,20.9,0,0,0,FALSE,1,TRUE,1938,FALSE,0,0,0,1,20.9
TRUE,0,8305-VHZBZ,1316563f-5aa9-f111-b374-3833c5fb3aa8,0,1,FALSE,FALSE,2,20.2,0,0,0,TRUE,1,TRUE,2033,FALSE,0,0,0,1,20.2
FALSE,1,9805-FILKB,6916563f-5aa9-f111-b374-3833c5fb3aa8,0,1,TRUE,TRUE,2,20.2,0,0,0,TRUE,2,TRUE,2119,FALSE,0,0,0,46,845.6
FALSE,2,6177-PEVRA,1d17563f-5aa9-f111-b374-3833c5fb3aa8,0,0,FALSE,FALSE,0,55.5,0,0,1,FALSE,3,TRUE,2299,FALSE,0,0,0,48,2627.35
FALSE,0,4947-DSMXK,2317563f-5aa9-f111-b374-3833c5fb3aa8,0,1,TRUE,TRUE,1,97.7,1,0,0,TRUE,2,TRUE,2305,FALSE,1,1,0,34,3410
FALSE,1,2450-ZKEED,9517563f-5aa9-f111-b374-3833c5fb3aa8,1,0,FALSE,FALSE,0,53.8,0,1,0,FALSE,2,TRUE,2419,FALSE,0,0,1,11,651.55
FALSE,1,4611-ANLQC,6418563f-5aa9-f111-b374-3833c5fb3aa8,1,0,FALSE,TRUE,0,50.05,0,0,1,FALSE,0,FALSE,2626,FALSE,1,0,0,60,2911.5
FALSE,0,9929-PLVPA,9918563f-5aa9-f111-b374-3833c5fb3aa8,0,0,TRUE,FALSE,2,20.4,0,0,0,FALSE,3,TRUE,2732,FALSE,0,0,0,4,94.5
FALSE,0,0058-EVZWM,0e19563f-5aa9-f111-b374-3833c5fb3aa8,0,0,FALSE,TRUE,1,89.8,1,1,1,TRUE,2,TRUE,2796,FALSE,0,1,0,55,4959.6
TRUE,0,1268-ASBGA,fe19563f-5aa9-f111-b374-3833c5fb3aa8,2,0,FALSE,TRUE,1,85.35,4,2,2,TRUE,3,TRUE,36,TRUE,3,2,3,16,1375.15
FALSE,1,0786-IVLAW,9e1a563f-5aa9-f111-b374-3833c5fb3aa8,3,0,FALSE,FALSE,1,108.1,4,3,2,FALSE,2,TRUE,196,TRUE,3,3,3,66,7238.6
TRUE,0,6141-OOXUQ,981b563f-5aa9-f111-b374-3833c5fb3aa8,4,1,FALSE,FALSE,2,19.65,2,4,4,FALSE,1,TRUE,446,FALSE,4,4,4,1,19.65
FALSE,0,5546-BYZSM,181c563f-5aa9-f111-b374-3833c5fb3aa8,4,0,FALSE,FALSE,2,20.45,2,4,4,FALSE,0,TRUE,574,FALSE,4,4,4,41,775.6
FALSE,0,1794-SWWKL,c31f563f-5aa9-f111-b374-3833c5fb3aa8,3,1,TRUE,TRUE,0,59.65,4,2,2,TRUE,2,TRUE,1513,FALSE,2,2,2,15,867.1
FALSE,1,8738-JOKAR,f510fb45-5aa9-f111-b374-3833c5fb3aa8,2,0,FALSE,FALSE,0,67.7,2,3,3,TRUE,1,TRUE,1855,FALSE,3,2,2,42,2882.25
TRUE,0,5876-HZVZM,1b11fb45-5aa9-f111-b374-3833c5fb3aa8,2,0,TRUE,TRUE,0,55.9,2,3,3,FALSE,3,TRUE,1893,FALSE,2,2,3,6,365.35
TRUE,0,1343-EHPYB,108e5e39-5aa9-f111-b374-3833c5fb3aa8,1,1,FALSE,TRUE,1,103.4,1,0,0,TRUE,0,TRUE,339,FALSE,1,1,0,63,6603
FALSE,0,1744-JHKYS,988e5e39-5aa9-f111-b374-3833c5fb3aa8,0,0,FALSE,TRUE,2,24.7,1,0,0,FALSE,0,TRUE,175,FALSE,0,0,0,34,780.2
FALSE,0,3597-MVHJT,db8e5e39-5aa9-f111-b374-3833c5fb3aa8,0,0,FALSE,FALSE,1,95.6,1,1,0,TRUE,2,TRUE,390,FALSE,1,1,0,27,2595.25
FALSE,1,3067-SVMTC,0e8f5e39-5aa9-f111-b374-3833c5fb3aa8,0,0,FALSE,TRUE,0,55.9,0,1,1,FALSE,2,TRUE,403,FALSE,0,0,1,68,3848.8
FALSE,2,9076-AXYIK,48905e39-5aa9-f111-b374-3833c5fb3aa8,1,1,FALSE,TRUE,1,102.1,1,1,0,FALSE,0,TRUE,466,TRUE,1,1,1,64,6538.45
FALSE,0,1304-BCCFO,4e905e39-5aa9-f111-b374-3833c5fb3aa8,1,1,FALSE,TRUE,0,70.05,0,1,0,TRUE,1,TRUE,472,FALSE,1,1,0,9,564.4
FALSE,2,3071-MVJCD,db955e39-5aa9-f111-b374-3833c5fb3aa8,1,1,TRUE,TRUE,0,82.3,1,0,1,FALSE,2,TRUE,1377,FALSE,0,1,1,72,5815.15
TRUE,0,3254-YRILK,4e965e39-5aa9-f111-b374-3833c5fb3aa8,0,1,FALSE,FALSE,1,88.2,1,0,0,TRUE,0,TRUE,1492,TRUE,0,1,0,19,1775.8
TRUE,0,0529-ONKER,54965e39-5aa9-f111-b374-3833c5fb3aa8,0,1,FALSE,FALSE,1,75.65,1,1,0,FALSE,0,TRUE,1498,TRUE,0,0,0,15,1146.65
TRUE,0,2003-CKLOR,a1965e39-5aa9-f111-b374-3833c5fb3aa8,1,1,FALSE,FALSE,1,99.5,0,0,0,FALSE,0,TRUE,1575,FALSE,1,1,0,66,6710.5
FALSE,0,0620-XEFWH,b3965e39-5aa9-f111-b374-3833c5fb3aa8,0,1,TRUE,TRUE,2,18.85,0,0,0,FALSE,1,TRUE,1593,FALSE,0,0,0,4,84.2
FALSE,2,0973-KYVNF,cb975e39-5aa9-f111-b374-3833c5fb3aa8,1,0,TRUE,TRUE,0,70.65,0,0,1,TRUE,3,TRUE,1873,FALSE,0,1,0,72,5011.15
FALSE,0,0842-IWYCP,5e16563f-5aa9-f111-b374-3833c5fb3aa8,0,0,FALSE,FALSE,0,44.95,0,1,0,FALSE,2,TRUE,2108,FALSE,0,0,0,46,2168.9
TRUE,1,0866-QLSIR,e616563f-5aa9-f111-b374-3833c5fb3aa8,0,0,FALSE,FALSE,0,64.4,1,0,1,TRUE,1,TRUE,2244,FALSE,0,0,1,34,2088.75
FALSE,0,7994-UYIVZ,c117563f-5aa9-f111-b374-3833c5fb3aa8,0,1,FALSE,TRUE,1,85.65,1,1,0,TRUE,2,TRUE,2463,FALSE,1,0,0,8,659.45
TRUE,0,2672-HUYVI,5719563f-5aa9-f111-b374-3833c5fb3aa8,0,0,FALSE,FALSE,1,91.1,0,1,0,TRUE,0,TRUE,2869,FALSE,1,1,0,6,455.3
TRUE,0,6313-GIDIT,9e19563f-5aa9-f111-b374-3833c5fb3aa8,1,1,FALSE,FALSE,0,54.45,0,0,0,TRUE,0,FALSE,2940,TRUE,1,1,0,53,2854.55
FALSE,1,5815-HGGHV,a919563f-5aa9-f111-b374-3833c5fb3aa8,0,1,FALSE,TRUE,0,64.15,0,1,1,TRUE,1,TRUE,2951,FALSE,1,0,1,20,1274.45
FALSE,1,4903-CNOZC,531a563f-5aa9-f111-b374-3833c5fb3aa8,3,1,FALSE,FALSE,0,70.9,4,3,2,FALSE,3,TRUE,121,FALSE,3,2,3,29,1964.6
FALSE,0,6507-DTJZV,e91a563f-5aa9-f111-b374-3833c5fb3aa8,2,1,TRUE,FALSE,0,66.4,2,2,2,FALSE,3,TRUE,271,FALSE,3,3,3,13,831.75
TRUE,0,9689-PTNPG,561b563f-5aa9-f111-b374-3833c5fb3aa8,2,1,FALSE,FALSE,1,80.25,2,2,2,TRUE,0,TRUE,380,FALSE,2,3,3,2,144.55
FALSE,1,4291-HYEBC,621c563f-5aa9-f111-b374-3833c5fb3aa8,2,0,TRUE,TRUE,0,39.1,3,3,2,TRUE,0,FALSE,648,TRUE,0,2,3,28,1096.6
TRUE,1,0687-ZVTHB,ba1d563f-5aa9-f111-b374-3833c5fb3aa8,3,1,TRUE,TRUE,0,72.45,4,3,3,FALSE,3,TRUE,992,FALSE,3,2,3,65,4653.85
FALSE,2,0401-WDBXM,091e563f-5aa9-f111-b374-3833c5fb3aa8,3,1,TRUE,TRUE,1,105.55,4,2,3,TRUE,2,TRUE,1071,FALSE,3,3,3,72,7542.25
FALSE,2,2335-GSODA,411f563f-5aa9-f111-b374-3833c5fb3aa8,3,1,TRUE,FALSE,0,40.1,3,2,3,FALSE,1,FALSE,1383,FALSE,2,2,2,23,857.75
FALSE,2,0064-SUDOG,7220563f-5aa9-f111-b374-3833c5fb3aa8,4,0,TRUE,TRUE,2,20.3,2,4,4,FALSE,2,TRUE,1688,FALSE,4,4,4,12,224.5
FALSE,0,9967-ATRFS,e78e5e39-5aa9-f111-b374-3833c5fb3aa8,0,0,FALSE,FALSE,2,19.9,0,0,0,FALSE,1,TRUE,393,FALSE,0,0,0,19,367.55
TRUE,0,2232-DMLXU,598f5e39-5aa9-f111-b374-3833c5fb3aa8,0,0,FALSE,TRUE,0,55.2,0,1,0,FALSE,1,TRUE,227,FALSE,0,1,0,1,55.2
FALSE,2,7138-GIRSH,dc905e39-5aa9-f111-b374-3833c5fb3aa8,1,1,FALSE,FALSE,0,69.5,1,1,0,FALSE,2,TRUE,614,FALSE,1,0,1,50,3418.2
TRUE,1,0727-BMPLR,cc925e39-5aa9-f111-b374-3833c5fb3aa8,1,0,FALSE,FALSE,1,100,1,1,0,TRUE,0,TRUE,840,TRUE,1,1,0,55,5509.3
FALSE,0,6890-PFRQX,25965e39-5aa9-f111-b374-3833c5fb3aa8,1,1,FALSE,FALSE,0,69.5,1,1,1,FALSE,1,TRUE,1451,FALSE,0,1,0,18,1199.4
TRUE,0,5318-IXUZF,48975e39-5aa9-f111-b374-3833c5fb3aa8,0,0,FALSE,FALSE,1,87.15,0,0,0,TRUE,2,TRUE,1742,FALSE,0,1,0,2,183.75
TRUE,0,7517-SAWMO,bc975e39-5aa9-f111-b374-3833c5fb3aa8,0,0,FALSE,TRUE,1,73.2,0,1,1,TRUE,0,TRUE,1858,FALSE,0,0,0,19,1441.1
FALSE,0,3090-LETTY,1016563f-5aa9-f111-b374-3833c5fb3aa8,0,1,TRUE,FALSE,0,60.95,1,0,1,FALSE,2,TRUE,2030,FALSE,0,0,0,2,134.6
FALSE,1,7311-MQJCH,a516563f-5aa9-f111-b374-3833c5fb3aa8,0,0,FALSE,FALSE,2,19.55,0,0,0,FALSE,0,TRUE,2179,FALSE,0,0,0,5,99.6
FALSE,2,8197-BFWVU,2c17563f-5aa9-f111-b374-3833c5fb3aa8,1,0,TRUE,TRUE,0,93.25,1,0,1,TRUE,2,TRUE,2314,FALSE,1,1,1,72,6688.95
FALSE,0,6620-HVDUJ,d917563f-5aa9-f111-b374-3833c5fb3aa8,0,1,FALSE,FALSE,0,60.45,0,0,1,FALSE,2,TRUE,2487,FALSE,0,0,1,24,1440.75
FALSE,2,8766-PAFNE,5f18563f-5aa9-f111-b374-3833c5fb3aa8,1,1,FALSE,TRUE,0,79.1,0,0,0,TRUE,3,TRUE,2621,FALSE,1,1,1,71,5564.85
FALSE,0,7298-IZWLY,fb19563f-5aa9-f111-b374-3833c5fb3aa8,4,0,FALSE,FALSE,2,19.4,2,4,4,TRUE,1,TRUE,33,FALSE,4,4,4,1,19.4
TRUE,0,0231-LXVAP,5d1c563f-5aa9-f111-b374-3833c5fb3aa8,2,1,FALSE,FALSE,1,75.9,2,2,2,TRUE,0,TRUE,643,FALSE,2,2,2,1,75.9
TRUE,0,1891-UAWWU,a11c563f-5aa9-f111-b374-3833c5fb3aa8,3,0,FALSE,TRUE,1,90.8,4,2,2,FALSE,0,TRUE,711,TRUE,2,3,3,20,1951
FALSE,2,6625-IUTTT,711d563f-5aa9-f111-b374-3833c5fb3aa8,3,1,FALSE,FALSE,0,65.55,2,2,3,FALSE,2,TRUE,919,FALSE,3,2,3,67,4361.55
TRUE,1,9835-ZIITK,e51d563f-5aa9-f111-b374-3833c5fb3aa8,3,1,FALSE,TRUE,1,110.85,4,3,2,TRUE,0,TRUE,1035,TRUE,3,3,2,66,7491.75
TRUE,0,8752-STIVR,041f563f-5aa9-f111-b374-3833c5fb3aa8,2,0,FALSE,FALSE,1,79,2,2,2,TRUE,0,TRUE,1322,FALSE,2,3,3,4,303.15
FALSE,0,9770-LXDBK,2720563f-5aa9-f111-b374-3833c5fb3aa8,4,0,FALSE,FALSE,2,20.4,2,4,4,FALSE,1,TRUE,1613,FALSE,4,4,4,3,63.15
TRUE,0,4415-IJZTP,3b20563f-5aa9-f111-b374-3833c5fb3aa8,2,0,FALSE,FALSE,1,74.5,4,2,2,TRUE,0,TRUE,1633,FALSE,2,2,3,1,74.5
FALSE,2,2256-YLYLP,9b20563f-5aa9-f111-b374-3833c5fb3aa8,3,1,TRUE,TRUE,0,72.95,2,2,2,TRUE,2,TRUE,1729,FALSE,3,3,2,68,4953.25
FALSE,2,7815-PDTHL,dc10fb45-5aa9-f111-b374-3833c5fb3aa8,4,1,FALSE,FALSE,2,20.2,2,4,4,TRUE,1,TRUE,1830,FALSE,4,4,4,35,684.4
TRUE,0,0390-DCFDQ,0a8e5e39-5aa9-f111-b374-3833c5fb3aa8,0,0,FALSE,TRUE,1,70.45,0,1,0,TRUE,1,TRUE,139,TRUE,0,0,0,1,70.45
FALSE,2,8165-ZJRNM,b3925e39-5aa9-f111-b374-3833c5fb3aa8,0,0,TRUE,TRUE,2,23.75,1,0,0,FALSE,2,TRUE,984,FALSE,0,0,0,72,1679.25
FALSE,0,1641-BYBTK,8c935e39-5aa9-f111-b374-3833c5fb3aa8,0,1,TRUE,FALSE,2,20.2,0,0,0,TRUE,1,TRUE,1141,FALSE,0,0,0,6,98.35
FALSE,2,5529-GIBVH,64955e39-5aa9-f111-b374-3833c5fb3aa8,0,0,FALSE,FALSE,2,20.15,0,0,0,FALSE,1,TRUE,1258,FALSE,0,0,0,47,1046.2
FALSE,0,7055-HNEOJ,1d965e39-5aa9-f111-b374-3833c5fb3aa8,1,1,FALSE,TRUE,0,55.8,0,1,0,TRUE,1,TRUE,1443,FALSE,0,0,1,3,154.55
FALSE,1,6281-FKEWS,41965e39-5aa9-f111-b374-3833c5fb3aa8,1,0,FALSE,FALSE,0,49.05,0,1,0,TRUE,0,FALSE,1479,FALSE,1,1,0,44,2265
FALSE,0,9314-IJWSQ,62965e39-5aa9-f111-b374-3833c5fb3aa8,0,0,TRUE,TRUE,1,84.8,1,1,0,TRUE,0,TRUE,1512,FALSE,0,1,0,14,1203.9
FALSE,0,1663-MHLHE,92975e39-5aa9-f111-b374-3833c5fb3aa8,0,1,FALSE,FALSE,2,19.2,0,0,0,FALSE,1,TRUE,1816,FALSE,0,0,0,1,19.2
FALSE,2,6695-FRVEC,d8975e39-5aa9-f111-b374-3833c5fb3aa8,1,1,TRUE,TRUE,0,60.4,0,1,1,TRUE,2,TRUE,1886,FALSE,0,0,1,67,3953.7
FALSE,2,0181-RITDD,0716563f-5aa9-f111-b374-3833c5fb3aa8,1,1,TRUE,TRUE,1,108.15,0,0,1,FALSE,1,TRUE,2021,FALSE,1,1,1,62,6825.65
FALSE,0,0093-EXYQL,0117563f-5aa9-f111-b374-3833c5fb3aa8,0,0,FALSE,FALSE,1,91.55,0,1,0,TRUE,0,TRUE,2271,TRUE,1,1,0,40,3673.6
FALSE,0,7245-NIIWQ,2417563f-5aa9-f111-b374-3833c5fb3aa8,0,0,FALSE,FALSE,1,69.85,0,1,0,TRUE,0,TRUE,2306,FALSE,0,0,0,3,199.85
FALSE,0,9308-ANMVE,6b17563f-5aa9-f111-b374-3833c5fb3aa8,0,1,TRUE,FALSE,0,55.3,0,0,1,TRUE,0,TRUE,2377,FALSE,0,0,0,47,2654.05
FALSE,1,8166-ORCHU,9618563f-5aa9-f111-b374-3833c5fb3aa8,0,1,FALSE,TRUE,1,93.55,0,0,1,TRUE,0,TRUE,2665,TRUE,1,0,1,33,3055.5
FALSE,1,3489-VSFRD,a719563f-5aa9-f111-b374-3833c5fb3aa8,1,0,FALSE,FALSE,0,60.25,0,1,1,TRUE,3,TRUE,2949,FALSE,0,0,1,56,3282.75
FALSE,2,0397-ZXWQF,c719563f-5aa9-f111-b374-3833c5fb3aa8,0,1,FALSE,FALSE,2,20.5,0,0,0,FALSE,2,TRUE,2981,FALSE,0,0,0,67,1430.95
FALSE,2,9152-AMKAK,341c563f-5aa9-f111-b374-3833c5fb3aa8,3,1,FALSE,FALSE,0,80.25,2,2,3,TRUE,1,TRUE,602,FALSE,3,3,2,6,493.4
FALSE,0,4583-PARNH,d21c563f-5aa9-f111-b374-3833c5fb3aa8,3,1,FALSE,TRUE,1,91.55,2,2,2,TRUE,0,TRUE,760,TRUE,3,2,2,16,1540.05
TRUE,0,2642-DTVCO,091d563f-5aa9-f111-b374-3833c5fb3aa8,2,1,FALSE,FALSE,1,85.05,4,2,2,TRUE,0,TRUE,815,TRUE,3,2,3,9,746.5
TRUE,0,8364-TRMMK,171e563f-5aa9-f111-b374-3833c5fb3aa8,2,0,FALSE,FALSE,0,50.65,4,2,2,TRUE,1,TRUE,1085,FALSE,2,2,3,3,151.3
FALSE,0,7233-IOQNP,cc1f563f-5aa9-f111-b374-3833c5fb3aa8,2,0,FALSE,TRUE,0,34,3,2,3,FALSE,2,FALSE,1522,FALSE,2,2,2,43,1505.35
FALSE,0,3798-EPWRR,6320563f-5aa9-f111-b374-3833c5fb3aa8,2,0,FALSE,FALSE,0,43.95,2,2,2,FALSE,0,TRUE,1673,TRUE,2,2,3,2,85.1
FALSE,2,9588-YRFHY,5511fb45-5aa9-f111-b374-3833c5fb3aa8,4,1,FALSE,FALSE,2,19.9,2,4,4,TRUE,3,TRUE,1951,FALSE,4,4,4,49,1022.6
FALSE,2,9959-WOFKT,16d5a909-3bf7-468f-95da-9ddc0a25c080,1,1,TRUE,FALSE,1,106.7,1,1,1,FALSE,2,TRUE,17,FALSE,1,1,0,71,7382.25
FALSE,0,0434-CSFON,de8f5e39-5aa9-f111-b374-3833c5fb3aa8,1,0,FALSE,TRUE,1,100.5,1,1,0,TRUE,0,TRUE,60,FALSE,1,1,0,47,4707.1
FALSE,1,3935-TBRZZ,1d905e39-5aa9-f111-b374-3833c5fb3aa8,0,1,TRUE,TRUE,2,25.7,1,0,0,FALSE,1,TRUE,423,FALSE,0,0,0,44,1110.5
FALSE,0,1910-FMXJM,32905e39-5aa9-f111-b374-3833c5fb3aa8,0,0,FALSE,TRUE,1,80.4,0,1,0,FALSE,0,TRUE,444,FALSE,1,0,0,36,2937.65
FALSE,1,4332-MUOEZ,74905e39-5aa9-f111-b374-3833c5fb3aa8,1,1,TRUE,TRUE,1,94.3,0,1,1,FALSE,3,TRUE,510,TRUE,1,0,1,20,1818.3
FALSE,0,2672-TGEFF,bf925e39-5aa9-f111-b374-3833c5fb3aa8,0,0,TRUE,TRUE,1,88.8,1,0,0,TRUE,0,TRUE,833,FALSE,0,1,0,37,3340.55
FALSE,0,4194-WHFCB,89935e39-5aa9-f111-b374-3833c5fb3aa8,0,0,TRUE,TRUE,1,96.65,1,0,0,TRUE,2,TRUE,1075,FALSE,1,0,1,59,5580.8
TRUE,0,4441-NIHPT,9e935e39-5aa9-f111-b374-3833c5fb3aa8,1,0,FALSE,FALSE,1,74.3,0,1,0,TRUE,0,TRUE,1085,TRUE,0,0,0,13,940.35
FALSE,0,1379-FRVEB,7a16563f-5aa9-f111-b374-3833c5fb3aa8,0,1,TRUE,FALSE,1,91,1,0,0,TRUE,0,TRUE,2136,FALSE,0,1,0,15,1430.05
FALSE,2,7375-WMVMT,a616563f-5aa9-f111-b374-3833c5fb3aa8,1,1,FALSE,TRUE,1,95.5,0,0,0,TRUE,3,TRUE,2180,TRUE,1,0,1,71,6707.15
FALSE,1,9917-KWRBE,dd16563f-5aa9-f111-b374-3833c5fb3aa8,1,0,TRUE,TRUE,0,78.35,1,0,1,TRUE,3,TRUE,2235,FALSE,0,1,0,41,3211.2
FALSE,0,4559-UWIHT,5e17563f-5aa9-f111-b374-3833c5fb3aa8,1,1,FALSE,TRUE,1,82.65,1,0,0,TRUE,0,TRUE,2364,FALSE,0,0,0,14,1185
FALSE,2,6619-RPLQZ,8a17563f-5aa9-f111-b374-3833c5fb3aa8,0,0,TRUE,TRUE,2,20.85,0,0,0,FALSE,1,TRUE,2408,FALSE,0,0,0,45,892.15
FALSE,1,7285-KLOTR,1218563f-5aa9-f111-b374-3833c5fb3aa8,1,0,FALSE,TRUE,0,78.85,1,1,1,FALSE,0,TRUE,2544,FALSE,1,1,0,12,876.75
TRUE,0,4910-GMJOT,3318563f-5aa9-f111-b374-3833c5fb3aa8,0,0,FALSE,FALSE,1,94.6,1,1,0,TRUE,0,TRUE,2577,FALSE,1,1,0,1,94.6
FALSE,2,3769-MHZNV,cd19563f-5aa9-f111-b374-3833c5fb3aa8,0,0,TRUE,TRUE,2,20.1,0,0,0,FALSE,1,TRUE,2987,FALSE,0,0,0,33,670.35
FALSE,2,9786-YWNHU,711b563f-5aa9-f111-b374-3833c5fb3aa8,3,0,TRUE,TRUE,0,63.55,2,3,3,FALSE,1,TRUE,407,FALSE,2,2,2,63,4014.2
TRUE,2,7253-UVNDW,271c563f-5aa9-f111-b374-3833c5fb3aa8,3,0,FALSE,FALSE,0,54.35,2,2,2,FALSE,3,TRUE,589,FALSE,2,2,2,46,2460.15
FALSE,0,2458-EOMRE,4c1c563f-5aa9-f111-b374-3833c5fb3aa8,3,0,FALSE,FALSE,0,64.05,2,2,3,FALSE,2,TRUE,626,FALSE,3,2,3,11,733.95
FALSE,2,3566-CAAYU,7c1c563f-5aa9-f111-b374-3833c5fb3aa8,3,0,TRUE,TRUE,0,49.85,3,3,2,FALSE,0,FALSE,674,FALSE,3,2,2,64,3210.35
TRUE,1,9033-EOXWV,a21d563f-5aa9-f111-b374-3833c5fb3aa8,2,0,FALSE,FALSE,0,74.05,4,2,2,FALSE,1,TRUE,968,FALSE,3,3,2,12,872.65
FALSE,0,4226-KKDON,341e563f-5aa9-f111-b374-3833c5fb3aa8,2,1,FALSE,FALSE,0,66.65,2,3,2,TRUE,0,TRUE,1114,FALSE,2,3,2,8,520.95
FALSE,0,4012-ZTHBR,d91e563f-5aa9-f111-b374-3833c5fb3aa8,2,0,TRUE,TRUE,0,44.95,2,2,2,TRUE,0,TRUE,1279,FALSE,2,2,3,21,926.25
FALSE,2,4707-MAXGU,f320563f-5aa9-f111-b374-3833c5fb3aa8,4,1,FALSE,TRUE,2,25.85,4,4,4,FALSE,3,TRUE,1817,FALSE,4,4,4,72,1872.2
TRUE,2,6797-LNAQX,4f11fb45-5aa9-f111-b374-3833c5fb3aa8,2,1,TRUE,TRUE,1,98.3,4,3,2,FALSE,2,TRUE,1945,FALSE,3,3,3,70,6859.5
FALSE,0,2320-SLKMB,29905e39-5aa9-f111-b374-3833c5fb3aa8,1,0,FALSE,FALSE,0,44.45,0,1,0,TRUE,3,FALSE,435,FALSE,0,1,1,26,1183.8
FALSE,0,4134-BSXLX,66905e39-5aa9-f111-b374-3833c5fb3aa8,0,1,FALSE,TRUE,0,60.9,0,0,1,FALSE,1,TRUE,496,FALSE,0,0,1,28,1785.65
FALSE,1,2391-IPLOP,fd905e39-5aa9-f111-b374-3833c5fb3aa8,1,1,TRUE,TRUE,0,69.65,1,1,0,TRUE,0,TRUE,647,FALSE,0,1,1,50,3442.15
FALSE,2,5671-RQRLP,96915e39-5aa9-f111-b374-3833c5fb3aa8,0,0,FALSE,TRUE,1,75.65,1,1,0,TRUE,3,TRUE,800,TRUE,0,0,0,70,5411.4
FALSE,2,9108-EQPNQ,c8925e39-5aa9-f111-b374-3833c5fb3aa8,0,0,TRUE,TRUE,2,26.1,1,0,0,FALSE,3,TRUE,993,FALSE,0,0,0,10,225.55
TRUE,0,7595-EUIVN,5d955e39-5aa9-f111-b374-3833c5fb3aa8,0,0,FALSE,FALSE,1,75.8,0,0,0,FALSE,0,TRUE,1251,FALSE,0,0,0,1,75.8
FALSE,0,6625-UTXEW,68955e39-5aa9-f111-b374-3833c5fb3aa8,0,0,FALSE,TRUE,0,51.25,0,0,0,TRUE,0,TRUE,1262,FALSE,0,0,0,12,612.1
FALSE,1,9531-NSBMR,7b955e39-5aa9-f111-b374-3833c5fb3aa8,0,0,FALSE,FALSE,2,19.25,0,0,0,TRUE,2,TRUE,1281,FALSE,0,0,0,36,679.8
FALSE,0,7521-YXVZY,f2955e39-5aa9-f111-b374-3833c5fb3aa8,0,1,TRUE,FALSE,2,19.95,0,0,0,FALSE,1,TRUE,1400,FALSE,0,0,0,3,58.3
FALSE,0,9052-VKDUW,15965e39-5aa9-f111-b374-3833c5fb3aa8,1,0,FALSE,TRUE,1,109.4,1,0,1,TRUE,3,TRUE,1435,TRUE,1,1,0,65,7227.45
FALSE,2,7876-DNYAP,78965e39-5aa9-f111-b374-3833c5fb3aa8,0,0,TRUE,TRUE,2,19.8,0,0,0,FALSE,3,TRUE,1534,FALSE,0,0,0,69,1436.95
FALSE,2,5930-GBIWP,cd965e39-5aa9-f111-b374-3833c5fb3aa8,1,1,FALSE,FALSE,0,81.5,1,0,1,TRUE,3,TRUE,1619,FALSE,1,0,1,69,5553.25
TRUE,1,7694-VLBWQ,0516563f-5aa9-f111-b374-3833c5fb3aa8,1,1,FALSE,TRUE,1,104.1,1,0,0,FALSE,0,TRUE,2019,FALSE,1,1,0,67,7040.85
TRUE,0,2884-GBPFB,6c17563f-5aa9-f111-b374-3833c5fb3aa8,0,0,FALSE,TRUE,1,70.3,0,1,0,TRUE,0,TRUE,2378,FALSE,0,0,0,35,2416.55
TRUE,0,5539-TMZLF,5118563f-5aa9-f111-b374-3833c5fb3aa8,0,1,FALSE,FALSE,1,69.75,0,1,0,TRUE,0,TRUE,2607,TRUE,0,0,0,1,69.75
FALSE,0,6366-XIVKZ,e718563f-5aa9-f111-b374-3833c5fb3aa8,1,0,TRUE,TRUE,0,63.15,0,1,1,TRUE,1,TRUE,2771,FALSE,1,0,0,13,816.8
FALSE,1,4692-NNQRU,7b19563f-5aa9-f111-b374-3833c5fb3aa8,1,0,FALSE,TRUE,1,79.2,0,1,0,FALSE,0,TRUE,2905,FALSE,0,0,1,21,1742.45
FALSE,1,6408-OTUBZ,681a563f-5aa9-f111-b374-3833c5fb3aa8,3,0,FALSE,FALSE,1,104.55,4,3,3,TRUE,2,TRUE,142,FALSE,2,3,2,66,6779.05
FALSE,0,2049-BAFNW,9b1d563f-5aa9-f111-b374-3833c5fb3aa8,3,0,FALSE,FALSE,0,35.9,3,2,2,FALSE,1,FALSE,961,FALSE,2,2,2,1,35.9
TRUE,0,8650-RHRKE,701e563f-5aa9-f111-b374-3833c5fb3aa8,3,1,FALSE,FALSE,0,29.65,3,2,2,TRUE,0,FALSE,1174,FALSE,2,2,3,4,118.5
FALSE,2,5995-LFTLE,ac1e563f-5aa9-f111-b374-3833c5fb3aa8,4,1,FALSE,FALSE,2,25.3,4,4,4,TRUE,3,TRUE,1234,FALSE,4,4,4,58,1474.35
FALSE,0,5119-NZPTV,5d1f563f-5aa9-f111-b374-3833c5fb3aa8,2,1,FALSE,TRUE,1,70.1,2,2,2,FALSE,0,TRUE,1411,TRUE,2,2,3,2,141.65
FALSE,0,0682-USIXD,0d11fb45-5aa9-f111-b374-3833c5fb3aa8,2,0,FALSE,TRUE,1,86.05,2,2,2,TRUE,0,TRUE,1879,FALSE,2,3,2,21,1818.9
TRUE,0,6502-MJQAE,4311fb45-5aa9-f111-b374-3833c5fb3aa8,2,1,FALSE,FALSE,1,69.6,2,2,2,TRUE,0,TRUE,1933,FALSE,2,2,3,1,69.6
FALSE,0,9053-EJUNL,9411fb45-5aa9-f111-b374-3833c5fb3aa8,2,1,FALSE,FALSE,1,89.2,4,3,2,TRUE,0,TRUE,2014,FALSE,2,3,3,41,3645.75
FALSE,0,0666-UXTJO,9511fb45-5aa9-f111-b374-3833c5fb3aa8,3,1,FALSE,TRUE,1,85.2,2,2,2,TRUE,3,TRUE,2015,TRUE,2,3,3,34,2874.45
FALSE,0,3583-KRKMD,748e5e39-5aa9-f111-b374-3833c5fb3aa8,0,1,FALSE,FALSE,1,75.9,0,1,0,TRUE,2,TRUE,364,FALSE,0,0,1,18,1373.05
FALSE,1,7129-AZJDE,97905e39-5aa9-f111-b374-3833c5fb3aa8,0,1,TRUE,TRUE,1,78.95,0,1,0,TRUE,2,TRUE,545,FALSE,1,0,0,34,2647.2
TRUE,0,7294-TMAOP,9e925e39-5aa9-f111-b374-3833c5fb3aa8,0,0,FALSE,FALSE,1,90.55,0,1,0,FALSE,0,TRUE,970,FALSE,1,1,0,1,90.55
FALSE,0,2040-VZIKE,46955e39-5aa9-f111-b374-3833c5fb3aa8,0,0,FALSE,TRUE,1,100.85,1,1,1,TRUE,1,TRUE,1228,FALSE,1,1,0,49,4847.35
FALSE,2,4821-WQOYN,77955e39-5aa9-f111-b374-3833c5fb3aa8,0,0,TRUE,TRUE,2,20.1,0,0,0,TRUE,3,TRUE,1277,FALSE,0,0,0,72,1326.25
TRUE,0,0524-IAVZO,8d16563f-5aa9-f111-b374-3833c5fb3aa8,0,0,FALSE,TRUE,1,85,1,1,0,TRUE,0,TRUE,2155,FALSE,1,0,0,30,2624.25
FALSE,2,5494-WOZRZ,cc16563f-5aa9-f111-b374-3833c5fb3aa8,1,0,TRUE,TRUE,0,82,0,1,1,TRUE,3,TRUE,2218,FALSE,1,1,1,71,5999.85
FALSE,1,8884-MRNSU,a917563f-5aa9-f111-b374-3833c5fb3aa8,0,1,TRUE,TRUE,2,19.9,0,0,0,FALSE,2,TRUE,2439,FALSE,0,0,0,17,329.75
TRUE,0,8481-YYXWG,b917563f-5aa9-f111-b374-3833c5fb3aa8,0,0,FALSE,FALSE,1,89.35,0,0,0,TRUE,0,TRUE,2455,FALSE,1,0,1,5,461.7
FALSE,0,7175-NTIXE,1418563f-5aa9-f111-b374-3833c5fb3aa8,0,0,FALSE,FALSE,0,76.15,0,1,1,TRUE,3,TRUE,2546,FALSE,1,1,1,25,1992.95
FALSE,0,3518-PZXZQ,9b18563f-5aa9-f111-b374-3833c5fb3aa8,0,0,FALSE,TRUE,0,55.3,0,1,0,TRUE,1,TRUE,2733,FALSE,0,1,0,1,55.3
TRUE,0,9462-MJUAW,b718563f-5aa9-f111-b374-3833c5fb3aa8,0,1,FALSE,FALSE,0,50.4,1,1,0,FALSE,1,TRUE,2682,FALSE,0,0,0,4,206.6
TRUE,0,7295-JOMMD,0119563f-5aa9-f111-b374-3833c5fb3aa8,1,0,TRUE,FALSE,1,98.1,0,1,0,TRUE,2,TRUE,2784,FALSE,1,1,1,4,396.3
TRUE,0,0709-TVGUR,0d19563f-5aa9-f111-b374-3833c5fb3aa8,0,0,FALSE,FALSE,1,74.55,1,1,0,TRUE,0,TRUE,2795,TRUE,0,0,0,9,622.9
FALSE,0,5018-HEKFO,b31a563f-5aa9-f111-b374-3833c5fb3aa8,4,0,FALSE,FALSE,2,24.5,4,4,4,TRUE,1,TRUE,217,FALSE,4,4,4,10,270.15
FALSE,0,5424-RLQLC,e71a563f-5aa9-f111-b374-3833c5fb3aa8,2,1,FALSE,FALSE,0,59.65,2,3,2,TRUE,1,TRUE,269,FALSE,2,3,3,10,638.95
FALSE,0,5919-VCZYM,eb1b563f-5aa9-f111-b374-3833c5fb3aa8,4,1,FALSE,FALSE,2,20.05,2,4,4,FALSE,1,TRUE,529,FALSE,4,4,4,2,42.7
FALSE,1,7049-GKVZY,ae1d563f-5aa9-f111-b374-3833c5fb3aa8,2,0,FALSE,FALSE,0,79.85,2,3,3,FALSE,3,TRUE,980,FALSE,3,3,2,17,1387.35
FALSE,1,4868-AADLV,851f563f-5aa9-f111-b374-3833c5fb3aa8,3,1,TRUE,TRUE,1,116.25,4,3,3,TRUE,0,TRUE,1451,TRUE,3,3,2,66,7862.25
FALSE,0,3855-ONCAR,c420563f-5aa9-f111-b374-3833c5fb3aa8,2,0,TRUE,TRUE,1,78.9,2,2,2,TRUE,1,TRUE,1770,FALSE,2,3,3,4,299.75
FALSE,0,0357-NVCRI,3f11fb45-5aa9-f111-b374-3833c5fb3aa8,4,0,TRUE,FALSE,2,20.05,2,4,4,FALSE,3,TRUE,1929,FALSE,4,4,4,25,471.7
FALSE,1,5524-KHNJP,b68e5e39-5aa9-f111-b374-3833c5fb3aa8,1,1,TRUE,TRUE,0,74.75,0,1,1,FALSE,3,TRUE,183,FALSE,1,1,0,33,2453.3
FALSE,1,7134-MJPDY,df905e39-5aa9-f111-b374-3833c5fb3aa8,1,0,FALSE,FALSE,1,102.85,1,1,0,TRUE,3,TRUE,617,TRUE,1,1,1,66,6976.75
FALSE,1,1258-YMZNM,15935e39-5aa9-f111-b374-3833c5fb3aa8,1,0,FALSE,FALSE,1,110.5,1,0,1,TRUE,2,TRUE,887,TRUE,1,1,0,27,2857.6
FALSE,0,4694-PHWFW,2b935e39-5aa9-f111-b374-3833c5fb3aa8,0,0,TRUE,FALSE,2,19.95,0,0,0,FALSE,1,TRUE,908,FALSE,0,0,0,8,170.9
FALSE,2,9553-DLCLU,8a935e39-5aa9-f111-b374-3833c5fb3aa8,1,0,TRUE,FALSE,0,88.95,1,0,1,FALSE,3,TRUE,1140,FALSE,1,1,1,13,1161.75
TRUE,0,7767-UXAGJ,0e965e39-5aa9-f111-b374-3833c5fb3aa8,0,1,FALSE,FALSE,0,50.45,1,1,0,TRUE,0,TRUE,1428,FALSE,0,0,0,1,50.45
FALSE,1,3584-WKTTW,c3965e39-5aa9-f111-b374-3833c5fb3aa8,1,1,FALSE,TRUE,1,111.55,1,1,1,TRUE,0,TRUE,1609,FALSE,1,1,1,51,5720.35
TRUE,0,6702-OHFWR,b8975e39-5aa9-f111-b374-3833c5fb3aa8,1,1,FALSE,FALSE,0,43.3,0,0,0,TRUE,0,FALSE,1854,TRUE,1,0,0,1,43.3
TRUE,0,7927-AUXBZ,a116563f-5aa9-f111-b374-3833c5fb3aa8,0,0,FALSE,FALSE,1,85.15,0,1,0,FALSE,0,TRUE,2175,FALSE,0,1,1,30,2555.9
FALSE,2,7322-OCWHC,f016563f-5aa9-f111-b374-3833c5fb3aa8,1,1,FALSE,TRUE,1,93.05,1,0,1,TRUE,2,TRUE,2254,TRUE,0,0,1,72,6735.05
FALSE,0,9481-SFCQY,a517563f-5aa9-f111-b374-3833c5fb3aa8,1,0,TRUE,FALSE,0,59.8,0,1,0,TRUE,3,TRUE,2435,FALSE,0,1,0,14,824.85
FALSE,1,0679-TDGAK,e617563f-5aa9-f111-b374-3833c5fb3aa8,0,1,TRUE,TRUE,0,75.5,0,1,1,FALSE,0,TRUE,2500,FALSE,1,1,1,50,4025.6
FALSE,2,9018-PCIOK,6a18563f-5aa9-f111-b374-3833c5fb3aa8,1,0,FALSE,FALSE,0,64.75,0,0,0,TRUE,1,TRUE,2632,FALSE,1,0,0,55,3617.1
FALSE,2,9481-WHGWY,7f18563f-5aa9-f111-b374-3833c5fb3aa8,0,0,TRUE,TRUE,0,75.35,0,1,1,FALSE,3,TRUE,2653,FALSE,1,1,1,70,5437.75
FALSE,1,9086-YJYXS,bc18563f-5aa9-f111-b374-3833c5fb3aa8,1,1,TRUE,TRUE,0,77.2,1,1,0,FALSE,2,TRUE,2749,FALSE,1,1,0,34,2753.8
FALSE,0,6645-MXQJT,1a19563f-5aa9-f111-b374-3833c5fb3aa8,0,1,TRUE,TRUE,1,97.1,0,1,1,FALSE,0,TRUE,2808,FALSE,1,1,0,2,184.15
TRUE,0,0329-GTIAJ,ff1b563f-5aa9-f111-b374-3833c5fb3aa8,2,0,FALSE,FALSE,1,97.9,2,3,2,TRUE,0,TRUE,549,FALSE,3,3,2,3,315.3
FALSE,0,9932-WBWIK,441c563f-5aa9-f111-b374-3833c5fb3aa8,4,1,FALSE,FALSE,2,20.35,2,4,4,FALSE,1,TRUE,618,FALSE,4,4,4,11,215.25
FALSE,0,1818-ESQMW,e71c563f-5aa9-f111-b374-3833c5fb3aa8,3,0,FALSE,FALSE,1,89.2,2,2,2,TRUE,0,TRUE,781,FALSE,3,2,2,27,2383.6
TRUE,0,1415-YFWLT,e91c563f-5aa9-f111-b374-3833c5fb3aa8,2,0,FALSE,FALSE,1,89.3,2,2,2,TRUE,0,TRUE,783,TRUE,3,3,3,1,89.3
FALSE,1,0956-ACVZC,d01d563f-5aa9-f111-b374-3833c5fb3aa8,3,0,FALSE,FALSE,1,94.1,2,2,2,TRUE,3,TRUE,1014,FALSE,3,3,3,54,5060.9
FALSE,0,5136-GFPMB,3511fb45-5aa9-f111-b374-3833c5fb3aa8,3,1,FALSE,FALSE,1,89.4,4,2,2,FALSE,3,TRUE,1919,FALSE,3,2,3,54,4869.5
FALSE,0,6158-HDPXZ,a58e5e39-5aa9-f111-b374-3833c5fb3aa8,0,1,FALSE,FALSE,0,25.35,0,1,0,FALSE,1,FALSE,376,FALSE,0,0,0,1,25.35
TRUE,0,6825-UYPFK,81905e39-5aa9-f111-b374-3833c5fb3aa8,0,0,FALSE,FALSE,1,75.6,1,1,0,FALSE,2,TRUE,523,FALSE,0,0,0,23,1758.6
FALSE,0,3701-SFMUH,a8905e39-5aa9-f111-b374-3833c5fb3aa8,0,1,TRUE,TRUE,0,69.7,0,1,1,FALSE,3,TRUE,562,FALSE,1,1,0,7,516.15
FALSE,0,5839-SUYVZ,ce905e39-5aa9-f111-b374-3833c5fb3aa8,0,1,FALSE,FALSE,1,74.55,0,1,0,TRUE,3,TRUE,600,FALSE,0,0,1,16,1170.5
FALSE,0,1641-RQDAY,d0935e39-5aa9-f111-b374-3833c5fb3aa8,0,0,TRUE,TRUE,1,100.4,1,0,0,TRUE,0,TRUE,1172,TRUE,1,1,0,32,3217.65
FALSE,2,5469-NUJUR,bd955e39-5aa9-f111-b374-3833c5fb3aa8,0,1,FALSE,FALSE,2,19.95,0,0,0,TRUE,1,TRUE,1347,FALSE,0,0,0,19,373.5
TRUE,1,3164-AALRN,da955e39-5aa9-f111-b374-3833c5fb3aa8,1,1,FALSE,FALSE,0,70,0,1,0,TRUE,1,TRUE,1376,FALSE,1,1,0,5,347.4
FALSE,2,9906-NHHVC,aa965e39-5aa9-f111-b374-3833c5fb3aa8,1,0,FALSE,FALSE,0,53.5,0,0,0,TRUE,2,FALSE,1584,TRUE,1,1,0,65,3517.9
FALSE,0,7321-VGNKU,b6965e39-5aa9-f111-b374-3833c5fb3aa8,0,0,FALSE,TRUE,1,70.35,0,1,0,TRUE,0,TRUE,1596,FALSE,0,0,0,2,120.25
TRUE,0,3143-ILDAL,ea975e39-5aa9-f111-b374-3833c5fb3aa8,0,1,FALSE,FALSE,1,94.45,1,0,0,TRUE,0,TRUE,1904,FALSE,1,0,1,56,5124.6
FALSE,0,3126-WQMGH,f716563f-5aa9-f111-b374-3833c5fb3aa8,0,0,FALSE,TRUE,0,52.15,1,1,0,TRUE,3,TRUE,2261,FALSE,0,0,0,49,2583.75
FALSE,1,9154-QDGTH,2b17563f-5aa9-f111-b374-3833c5fb3aa8,1,1,TRUE,TRUE,1,104.3,1,1,0,TRUE,3,TRUE,2313,FALSE,1,1,1,43,4451.85
TRUE,0,8949-JTMAY,3517563f-5aa9-f111-b374-3833c5fb3aa8,1,0,FALSE,FALSE,1,98.6,1,1,0,TRUE,3,TRUE,2323,FALSE,1,1,0,29,2933.2
FALSE,0,3694-DELSO,9617563f-5aa9-f111-b374-3833c5fb3aa8,0,1,TRUE,TRUE,0,38.55,0,1,1,FALSE,3,FALSE,2420,FALSE,0,1,0,4,156.1
FALSE,1,8406-LNMHF,9f17563f-5aa9-f111-b374-3833c5fb3aa8,1,1,FALSE,TRUE,1,82.95,0,0,1,TRUE,3,TRUE,2429,TRUE,0,0,0,59,4903.15
FALSE,2,4878-BUNFV,a918563f-5aa9-f111-b374-3833c5fb3aa8,0,1,TRUE,TRUE,2,20.7,0,0,0,FALSE,1,TRUE,2675,FALSE,0,0,0,42,828.85
TRUE,0,6101-IMRMM,f819563f-5aa9-f111-b374-3833c5fb3aa8,3,1,TRUE,FALSE,1,94.5,2,2,2,FALSE,1,TRUE,30,FALSE,3,3,3,6,575.45
FALSE,2,5887-IKKYO,c01a563f-5aa9-f111-b374-3833c5fb3aa8,3,1,TRUE,TRUE,1,94.35,4,2,2,FALSE,2,TRUE,230,FALSE,3,2,2,58,5563.65
FALSE,0,6171-ZTVYB,101b563f-5aa9-f111-b374-3833c5fb3aa8,2,1,FALSE,TRUE,0,66.25,4,3,3,FALSE,2,TRUE,310,FALSE,2,2,2,43,2907.35
TRUE,0,0843-WTBXE,5b1b563f-5aa9-f111-b374-3833c5fb3aa8,2,1,FALSE,FALSE,1,85.45,4,2,2,FALSE,2,TRUE,385,FALSE,2,3,3,53,4517.25
FALSE,1,9386-LDCZR,891c563f-5aa9-f111-b374-3833c5fb3aa8,3,1,FALSE,FALSE,1,90.65,2,3,3,TRUE,3,TRUE,687,FALSE,2,2,2,43,3882.3
TRUE,0,0156-FVPTA,921c563f-5aa9-f111-b374-3833c5fb3aa8,2,1,FALSE,TRUE,0,54.2,2,2,3,TRUE,0,TRUE,696,FALSE,2,2,2,22,1152.7
FALSE,2,2428-HYUNX,3d1d563f-5aa9-f111-b374-3833c5fb3aa8,4,1,FALSE,TRUE,2,19.35,2,4,4,TRUE,3,TRUE,867,TRUE,4,4,4,44,847.25
FALSE,0,4853-OITSN,a41d563f-5aa9-f111-b374-3833c5fb3aa8,2,1,FALSE,TRUE,1,89.15,4,2,3,TRUE,0,TRUE,970,FALSE,3,2,3,5,413.25
FALSE,1,2330-PQGDQ,a21e563f-5aa9-f111-b374-3833c5fb3aa8,2,1,TRUE,TRUE,1,84.2,4,3,2,FALSE,2,TRUE,1224,FALSE,2,2,2,51,4299.75
FALSE,1,1272-ILHFG,9c20563f-5aa9-f111-b374-3833c5fb3aa8,4,1,TRUE,TRUE,2,19.65,2,4,4,FALSE,1,TRUE,1730,FALSE,4,4,4,15,332.65
FALSE,2,1960-UOTYM,a820563f-5aa9-f111-b374-3833c5fb3aa8,3,1,TRUE,TRUE,0,79.2,2,3,3,FALSE,0,TRUE,1742,FALSE,3,3,3,52,4016.3
TRUE,0,7234-FECYN,1411fb45-5aa9-f111-b374-3833c5fb3aa8,3,0,FALSE,FALSE,1,101.35,4,2,2,FALSE,0,TRUE,1886,TRUE,3,3,3,8,780.5
FALSE,0,5233-AOZUF,308f5e39-5aa9-f111-b374-3833c5fb3aa8,0,0,FALSE,TRUE,1,74.95,1,1,0,TRUE,0,TRUE,412,FALSE,0,0,0,29,2149.05
TRUE,0,6432-TWQLB,898f5e39-5aa9-f111-b374-3833c5fb3aa8,0,1,FALSE,TRUE,1,85.4,1,0,0,TRUE,0,TRUE,275,FALSE,0,0,1,5,401.1
FALSE,1,5149-CUZUJ,3e905e39-5aa9-f111-b374-3833c5fb3aa8,1,1,TRUE,TRUE,1,92.9,0,0,0,FALSE,2,TRUE,456,FALSE,0,1,1,28,2768.35
FALSE,0,7803-XOCCZ,6d905e39-5aa9-f111-b374-3833c5fb3aa8,1,0,TRUE,TRUE,1,84.05,0,1,1,TRUE,2,TRUE,503,FALSE,0,0,1,52,4326.8
FALSE,0,8388-FYNPZ,91925e39-5aa9-f111-b374-3833c5fb3aa8,1,1,FALSE,FALSE,0,56.75,0,1,1,FALSE,0,TRUE,957,FALSE,0,0,0,4,245.15
TRUE,0,1989-PRJHP,d8925e39-5aa9-f111-b374-3833c5fb3aa8,0,1,FALSE,TRUE,1,75.5,1,1,0,TRUE,0,TRUE,1001,TRUE,0,0,0,27,1893.95
FALSE,1,5268-DSMNQ,ad935e39-5aa9-f111-b374-3833c5fb3aa8,1,0,FALSE,TRUE,1,97.95,1,0,0,TRUE,3,TRUE,1157,TRUE,0,1,0,62,5936.55
FALSE,0,6198-RTPMF,66965e39-5aa9-f111-b374-3833c5fb3aa8,0,0,FALSE,TRUE,1,92.6,1,1,0,FALSE,0,TRUE,1516,FALSE,1,1,0,17,1579.7
FALSE,1,6223-DHJGV,1d975e39-5aa9-f111-b374-3833c5fb3aa8,0,0,FALSE,FALSE,2,20.65,0,0,0,TRUE,1,TRUE,1699,FALSE,0,0,0,42,958.1
FALSE,2,7205-BAIAD,fe16563f-5aa9-f111-b374-3833c5fb3aa8,0,0,FALSE,FALSE,2,20.6,0,0,0,TRUE,2,TRUE,2268,FALSE,0,0,0,40,827.3
FALSE,2,5334-AFQJB,0917563f-5aa9-f111-b374-3833c5fb3aa8,0,1,FALSE,FALSE,2,25.1,1,0,0,TRUE,3,TRUE,2279,TRUE,0,0,0,72,1789.9
TRUE,0,3211-ILJTT,4217563f-5aa9-f111-b374-3833c5fb3aa8,0,1,FALSE,TRUE,1,70.4,0,1,0,TRUE,2,TRUE,2336,FALSE,0,0,0,17,1214.05
FALSE,2,7963-SHNDT,1518563f-5aa9-f111-b374-3833c5fb3aa8,0,0,FALSE,FALSE,0,39.1,0,0,1,FALSE,1,FALSE,2547,FALSE,0,0,1,52,1982.1
FALSE,1,3251-YMVWZ,2619563f-5aa9-f111-b374-3833c5fb3aa8,0,1,FALSE,FALSE,2,24.05,1,0,0,FALSE,2,TRUE,2820,FALSE,0,0,0,53,1301.9
TRUE,0,2454-RPBRZ,3119563f-5aa9-f111-b374-3833c5fb3aa8,1,0,FALSE,TRUE,1,98.1,1,0,0,TRUE,0,TRUE,2831,TRUE,0,1,0,12,1060.2
FALSE,2,5622-UEJFI,8019563f-5aa9-f111-b374-3833c5fb3aa8,0,0,TRUE,TRUE,2,25.4,1,0,0,TRUE,3,TRUE,2910,FALSE,0,0,0,35,949.8
FALSE,1,4135-FRWKJ,171a563f-5aa9-f111-b374-3833c5fb3aa8,3,0,TRUE,TRUE,0,76.25,4,2,3,FALSE,0,TRUE,61,TRUE,2,3,2,55,4154.55
TRUE,0,7000-WCEVQ,8f1b563f-5aa9-f111-b374-3833c5fb3aa8,2,0,FALSE,FALSE,0,61.6,4,2,2,TRUE,1,TRUE,437,TRUE,3,2,3,20,1174.35
FALSE,2,6551-VLJMV,a61b563f-5aa9-f111-b374-3833c5fb3aa8,4,1,FALSE,TRUE,2,20.05,2,4,4,FALSE,3,TRUE,460,FALSE,4,4,4,34,679
FALSE,0,4397-FRLTA,0d1c563f-5aa9-f111-b374-3833c5fb3aa8,4,0,FALSE,FALSE,2,20.15,2,4,4,FALSE,1,TRUE,563,FALSE,4,4,4,4,84.5
FALSE,2,6013-BHCAW,081e563f-5aa9-f111-b374-3833c5fb3aa8,3,1,TRUE,TRUE,0,81,4,0,2,TRUE,2,TRUE,1070,FALSE,3,3,2,61,4976.15
TRUE,0,9286-DOJGF,1a1f563f-5aa9-f111-b374-3833c5fb3aa8,2,0,FALSE,TRUE,1,74.95,4,2,2,TRUE,2,TRUE,1344,TRUE,2,2,3,38,2869.85
FALSE,0,9389-ACWBI,a31f563f-5aa9-f111-b374-3833c5fb3aa8,2,0,TRUE,TRUE,1,69.95,2,2,2,FALSE,3,TRUE,1481,FALSE,2,2,3,5,320.4
FALSE,2,9548-LERKT,ae1f563f-5aa9-f111-b374-3833c5fb3aa8,4,1,FALSE,TRUE,2,19.75,2,4,4,FALSE,1,TRUE,1492,FALSE,4,4,4,24,483.15
FALSE,2,8465-SBRXP,f110fb45-5aa9-f111-b374-3833c5fb3aa8,3,1,TRUE,TRUE,1,94.9,4,2,2,TRUE,2,TRUE,1851,FALSE,2,3,2,38,3616.25
FALSE,1,5876-QMYLD,fe8e5e39-5aa9-f111-b374-3833c5fb3aa8,0,0,TRUE,TRUE,2,20.05,0,0,0,FALSE,1,TRUE,399,FALSE,0,0,0,23,415.1
FALSE,1,5168-MQQCA,59905e39-5aa9-f111-b374-3833c5fb3aa8,1,0,FALSE,TRUE,1,108.5,1,0,0,TRUE,2,TRUE,483,FALSE,1,1,1,72,8003.8
TRUE,1,4913-EHYUI,f4905e39-5aa9-f111-b374-3833c5fb3aa8,1,1,TRUE,TRUE,1,104.55,1,1,1,TRUE,2,TRUE,638,TRUE,1,1,0,56,5794.65
FALSE,1,8329-UTMVM,39915e39-5aa9-f111-b374-3833c5fb3aa8,0,1,FALSE,FALSE,1,104.65,1,0,0,TRUE,2,TRUE,707,TRUE,1,1,1,27,2964
TRUE,0,7379-POKDZ,70915e39-5aa9-f111-b374-3833c5fb3aa8,0,1,FALSE,TRUE,1,70.3,0,1,0,TRUE,0,TRUE,762,FALSE,0,0,0,3,208.85
FALSE,1,0074-HDKDG,65935e39-5aa9-f111-b374-3833c5fb3aa8,1,1,TRUE,TRUE,0,61.6,0,0,1,TRUE,2,TRUE,1123,FALSE,0,0,0,25,1611
TRUE,0,0841-NULXI,92935e39-5aa9-f111-b374-3833c5fb3aa8,0,1,FALSE,FALSE,0,35.55,0,1,0,TRUE,0,FALSE,1144,FALSE,1,0,0,1,35.55
TRUE,0,8999-BOHSE,a0935e39-5aa9-f111-b374-3833c5fb3aa8,0,0,FALSE,FALSE,1,89.7,0,1,0,FALSE,2,TRUE,1086,TRUE,1,1,0,11,1047.7
FALSE,0,7129-ACFOG,bf935e39-5aa9-f111-b374-3833c5fb3aa8,0,0,FALSE,FALSE,0,53.8,1,1,1,TRUE,0,TRUE,1166,FALSE,0,0,0,5,283.95
FALSE,0,6789-HJBWG,f5935e39-5aa9-f111-b374-3833c5fb3aa8,0,0,FALSE,FALSE,0,49.4,0,0,0,TRUE,0,TRUE,1201,FALSE,0,0,0,12,611.65
FALSE,0,1478-VPOAD,db965e39-5aa9-f111-b374-3833c5fb3aa8,0,0,FALSE,FALSE,0,43.8,0,1,0,FALSE,0,TRUE,1633,FALSE,0,0,0,1,43.8
TRUE,0,0375-HVGXO,18975e39-5aa9-f111-b374-3833c5fb3aa8,0,0,FALSE,FALSE,0,34.7,0,1,0,TRUE,0,FALSE,1694,FALSE,0,1,0,1,34.7
FALSE,2,6950-TWMYB,57975e39-5aa9-f111-b374-3833c5fb3aa8,0,1,TRUE,TRUE,1,79.95,0,0,0,TRUE,2,TRUE,1757,FALSE,0,0,1,54,4362.05
FALSE,0,4981-FLTMF,3f17563f-5aa9-f111-b374-3833c5fb3aa8,0,0,TRUE,TRUE,0,65.2,1,0,1,FALSE,2,TRUE,2333,FALSE,0,0,1,57,3687.85
FALSE,1,9251-WNSOD,5717563f-5aa9-f111-b374-3833c5fb3aa8,1,0,FALSE,TRUE,0,75.1,1,0,1,FALSE,1,TRUE,2357,FALSE,1,0,0,67,5064.45
FALSE,0,2371-JUNGC,9d18563f-5aa9-f111-b374-3833c5fb3aa8,0,1,FALSE,FALSE,2,20.25,0,0,0,FALSE,1,TRUE,2734,FALSE,0,0,0,11,208
FALSE,1,1429-UYJSV,e118563f-5aa9-f111-b374-3833c5fb3aa8,0,0,FALSE,FALSE,2,19.7,0,0,0,FALSE,1,TRUE,2768,FALSE,0,0,0,12,260.9
FALSE,2,7037-MTYVW,fd18563f-5aa9-f111-b374-3833c5fb3aa8,1,1,TRUE,TRUE,0,85.4,1,1,1,TRUE,2,TRUE,2782,FALSE,1,1,1,38,3297
FALSE,2,5598-IKHQQ,c619563f-5aa9-f111-b374-3833c5fb3aa8,0,0,FALSE,FALSE,2,25.45,1,0,0,FALSE,3,TRUE,2980,FALSE,0,0,0,72,1866.45
FALSE,0,4828-FAZPK,0f1a563f-5aa9-f111-b374-3833c5fb3aa8,2,0,TRUE,TRUE,1,79.95,4,3,2,TRUE,3,TRUE,53,FALSE,2,2,3,16,1267.95
TRUE,0,6907-NZZIJ,151a563f-5aa9-f111-b374-3833c5fb3aa8,2,0,FALSE,FALSE,1,99.15,4,3,2,TRUE,0,TRUE,59,FALSE,3,3,3,36,3615.6
TRUE,0,8062-YBDOE,7f1a563f-5aa9-f111-b374-3833c5fb3aa8,2,1,FALSE,FALSE,1,69.65,2,2,2,TRUE,0,TRUE,165,TRUE,2,2,3,1,69.65
FALSE,1,5701-GUXDC,3e1b563f-5aa9-f111-b374-3833c5fb3aa8,3,0,FALSE,TRUE,0,35.4,3,2,3,FALSE,3,FALSE,356,FALSE,2,2,3,26,978.6
TRUE,0,5959-BELXA,911b563f-5aa9-f111-b374-3833c5fb3aa8,2,1,FALSE,FALSE,1,96.15,4,2,2,TRUE,3,TRUE,439,TRUE,3,3,3,32,3019.25
FALSE,0,6646-JPPHA,f91b563f-5aa9-f111-b374-3833c5fb3aa8,2,0,FALSE,FALSE,1,78.85,2,3,3,FALSE,0,TRUE,543,TRUE,2,2,3,14,1043.8
FALSE,1,4118-CEVPF,2d1d563f-5aa9-f111-b374-3833c5fb3aa8,3,0,FALSE,FALSE,1,110.8,4,3,3,TRUE,2,TRUE,851,TRUE,3,3,2,35,3836.3
TRUE,0,3398-ZOUAA,2e1d563f-5aa9-f111-b374-3833c5fb3aa8,2,1,FALSE,TRUE,1,69.1,2,2,2,TRUE,0,TRUE,852,TRUE,2,2,3,21,1474.75
FALSE,2,8514-VZHEB,701d563f-5aa9-f111-b374-3833c5fb3aa8,4,1,TRUE,TRUE,2,19.5,2,4,4,FALSE,1,TRUE,918,FALSE,4,4,4,59,1147.85
FALSE,1,2724-FJDYW,c91d563f-5aa9-f111-b374-3833c5fb3aa8,3,1,TRUE,FALSE,0,54.85,3,2,2,FALSE,2,FALSE,1007,FALSE,3,3,2,39,2191.7
FALSE,0,3055-OYMSE,001e563f-5aa9-f111-b374-3833c5fb3aa8,2,0,FALSE,FALSE,1,73.8,2,3,2,TRUE,3,TRUE,1062,TRUE,2,2,3,53,4003.85
FALSE,2,0201-MIBOL,761e563f-5aa9-f111-b374-3833c5fb3aa8,2,0,FALSE,FALSE,1,102.4,4,2,3,TRUE,2,TRUE,1180,TRUE,3,3,3,66,6471.85
FALSE,1,1094-BKOSX,ff1f563f-5aa9-f111-b374-3833c5fb3aa8,3,0,TRUE,TRUE,0,51,3,3,2,FALSE,2,FALSE,1573,FALSE,3,2,2,45,2264.5
FALSE,2,3662-FXJFO,7d20563f-5aa9-f111-b374-3833c5fb3aa8,4,0,FALSE,FALSE,2,20.5,2,4,4,TRUE,1,TRUE,1699,FALSE,4,4,4,54,1035.7
FALSE,2,2380-DAMQP,9a20563f-5aa9-f111-b374-3833c5fb3aa8,3,0,FALSE,TRUE,1,115.15,4,3,3,FALSE,0,TRUE,1728,FALSE,3,3,2,72,8349.7
FALSE,0,1596-OQSPS,d020563f-5aa9-f111-b374-3833c5fb3aa8,2,0,FALSE,FALSE,0,51.1,2,3,2,FALSE,0,TRUE,1782,FALSE,2,2,3,11,531.15
TRUE,0,6894-LFHLY,c710fb45-5aa9-f111-b374-3833c5fb3aa8,2,1,FALSE,FALSE,1,75.75,4,2,2,TRUE,0,TRUE,2032,TRUE,2,2,3,1,75.75
TRUE,0,6692-UDPJC,fb10fb45-5aa9-f111-b374-3833c5fb3aa8,2,0,TRUE,TRUE,1,91.65,4,2,2,TRUE,0,TRUE,1861,FALSE,2,3,2,14,1301
FALSE,1,6508-NJYRO,3b11fb45-5aa9-f111-b374-3833c5fb3aa8,4,1,FALSE,TRUE,2,18.8,2,4,4,FALSE,1,TRUE,1925,FALSE,4,4,4,15,294.95
TRUE,0,0265-EDXBD,a88f5e39-5aa9-f111-b374-3833c5fb3aa8,0,1,FALSE,TRUE,1,74.9,1,1,0,TRUE,0,TRUE,306,TRUE,0,0,0,32,2303.35
TRUE,0,7218-HKQFK,71905e39-5aa9-f111-b374-3833c5fb3aa8,0,1,FALSE,TRUE,1,94.2,0,1,0,TRUE,0,TRUE,507,FALSE,1,1,1,2,167.5
FALSE,1,7838-LAZFO,07915e39-5aa9-f111-b374-3833c5fb3aa8,1,1,FALSE,TRUE,0,78.8,0,0,1,FALSE,2,TRUE,657,FALSE,1,1,0,45,3597.5
FALSE,1,5149-TGWDZ,36935e39-5aa9-f111-b374-3833c5fb3aa8,1,0,FALSE,FALSE,1,104.55,0,0,0,TRUE,1,TRUE,919,FALSE,1,1,1,21,2239.4
FALSE,0,1730-VFMWO,71935e39-5aa9-f111-b374-3833c5fb3aa8,0,0,FALSE,TRUE,0,50.2,0,1,0,FALSE,2,TRUE,1062,FALSE,0,0,1,34,1815.3
FALSE,0,0411-EZJZE,98935e39-5aa9-f111-b374-3833c5fb3aa8,0,0,FALSE,FALSE,0,60.25,1,1,0,TRUE,0,TRUE,1147,FALSE,0,1,0,3,170.5
FALSE,2,1299-AURJA,4b955e39-5aa9-f111-b374-3833c5fb3aa8,0,0,TRUE,TRUE,2,24.7,1,0,0,FALSE,2,TRUE,1233,FALSE,0,0,0,70,1685.9
FALSE,2,6766-HFKLA,5c955e39-5aa9-f111-b374-3833c5fb3aa8,1,0,FALSE,TRUE,1,103.2,1,1,0,FALSE,2,TRUE,1250,FALSE,1,1,1,56,5744.35
TRUE,1,0471-LVHGK,ed955e39-5aa9-f111-b374-3833c5fb3aa8,1,1,FALSE,TRUE,0,73,1,1,0,TRUE,0,TRUE,1395,FALSE,1,1,0,41,3001.2
FALSE,0,5302-BDJNT,00965e39-5aa9-f111-b374-3833c5fb3aa8,1,1,FALSE,FALSE,1,95.5,1,1,0,FALSE,0,TRUE,1414,FALSE,0,1,1,35,3418.2
TRUE,0,4154-AQUGT,c1965e39-5aa9-f111-b374-3833c5fb3aa8,0,1,FALSE,TRUE,1,89.05,0,0,0,TRUE,2,TRUE,1607,TRUE,1,0,1,13,1169.35
FALSE,2,3933-DQPWX,4b16563f-5aa9-f111-b374-3833c5fb3aa8,1,0,FALSE,FALSE,0,39.7,0,0,0,FALSE,3,FALSE,2089,FALSE,0,0,1,50,1932.75
FALSE,2,1187-WILMM,3217563f-5aa9-f111-b374-3833c5fb3aa8,1,1,TRUE,TRUE,0,89.4,1,0,1,TRUE,3,TRUE,2320,FALSE,1,1,1,63,5597.65
FALSE,1,1226-JZNKR,7817563f-5aa9-f111-b374-3833c5fb3aa8,0,0,TRUE,TRUE,2,19.8,0,0,0,FALSE,0,TRUE,2390,FALSE,0,0,0,8,160.05
FALSE,2,0164-APGRB,4d18563f-5aa9-f111-b374-3833c5fb3aa8,1,0,FALSE,FALSE,1,114.9,1,0,1,TRUE,0,TRUE,2603,FALSE,1,1,1,72,8496.7
FALSE,2,4635-EJYPD,8618563f-5aa9-f111-b374-3833c5fb3aa8,0,1,TRUE,TRUE,2,18.95,0,0,0,FALSE,1,TRUE,2722,FALSE,0,0,0,32,613.95
FALSE,0,5144-PQCDZ,6f1d563f-5aa9-f111-b374-3833c5fb3aa8,4,1,FALSE,FALSE,2,19.95,2,4,4,TRUE,1,TRUE,917,FALSE,4,4,4,4,59.25
FALSE,1,2812-ENYMO,df1e563f-5aa9-f111-b374-3833c5fb3aa8,2,1,FALSE,FALSE,0,54.55,3,2,3,FALSE,3,FALSE,1285,FALSE,3,3,2,26,1362.85
FALSE,1,4000-VGMQP,491f563f-5aa9-f111-b374-3833c5fb3aa8,3,1,TRUE,TRUE,0,78.95,4,3,2,FALSE,3,TRUE,1391,FALSE,3,3,3,38,2862.55
FALSE,2,5998-DZLYR,a91f563f-5aa9-f111-b374-3833c5fb3aa8,2,0,FALSE,TRUE,1,94.35,4,3,2,TRUE,2,TRUE,1487,FALSE,3,2,2,61,5703
TRUE,0,9318-NKNFC,ab1f563f-5aa9-f111-b374-3833c5fb3aa8,4,1,FALSE,FALSE,2,18.85,2,4,4,TRUE,1,TRUE,1489,FALSE,4,4,4,1,18.85
FALSE,2,3259-KNMRR,c920563f-5aa9-f111-b374-3833c5fb3aa8,3,1,FALSE,FALSE,0,79.75,4,3,2,TRUE,2,TRUE,1775,TRUE,3,3,3,57,4438.2
FALSE,0,9837-FWLCH,bb10fb45-5aa9-f111-b374-3833c5fb3aa8,4,1,TRUE,TRUE,2,19.2,2,4,4,TRUE,0,TRUE,2020,FALSE,4,4,4,12,239
TRUE,0,6394-MFYNG,5611fb45-5aa9-f111-b374-3833c5fb3aa8,3,0,FALSE,FALSE,1,107.4,4,3,2,TRUE,2,TRUE,1952,FALSE,3,3,3,48,5121.3
TRUE,0,4572-DVCGN,4f8e5e39-5aa9-f111-b374-3833c5fb3aa8,0,0,FALSE,FALSE,1,80.25,0,1,0,TRUE,2,TRUE,355,FALSE,1,0,0,10,846
TRUE,0,9117-SHLZX,98925e39-5aa9-f111-b374-3833c5fb3aa8,0,1,FALSE,FALSE,0,45.7,0,1,0,TRUE,1,TRUE,964,FALSE,0,0,0,1,45.7
FALSE,1,5993-BQHEA,30935e39-5aa9-f111-b374-3833c5fb3aa8,0,1,FALSE,FALSE,2,20.05,0,0,0,FALSE,3,TRUE,913,FALSE,0,0,0,12,267
FALSE,0,4660-IRIBM,e4935e39-5aa9-f111-b374-3833c5fb3aa8,1,1,TRUE,TRUE,1,87.9,0,1,1,TRUE,1,TRUE,1184,FALSE,0,1,0,18,1500.5
FALSE,0,8096-LOIST,72965e39-5aa9-f111-b374-3833c5fb3aa8,0,0,FALSE,FALSE,0,56.2,0,1,0,TRUE,0,TRUE,1528,FALSE,1,0,0,19,1093.4
FALSE,2,3768-VHXQO,49975e39-5aa9-f111-b374-3833c5fb3aa8,0,1,FALSE,TRUE,2,24.85,1,0,0,FALSE,3,TRUE,1743,FALSE,0,0,0,67,1583.5
FALSE,2,5848-FHRFC,58975e39-5aa9-f111-b374-3833c5fb3aa8,0,0,FALSE,FALSE,2,20.05,0,0,0,FALSE,2,TRUE,1758,FALSE,0,0,0,68,1386.9
FALSE,1,6082-OQFBA,7616563f-5aa9-f111-b374-3833c5fb3aa8,0,1,TRUE,TRUE,2,19.65,0,0,0,FALSE,1,TRUE,2132,FALSE,0,0,0,23,436.9
FALSE,1,8231-BSWXX,7c17563f-5aa9-f111-b374-3833c5fb3aa8,0,1,FALSE,FALSE,1,79.05,1,0,0,TRUE,3,TRUE,2394,FALSE,0,0,0,71,5552.5
FALSE,0,2466-NEJOJ,cf18563f-5aa9-f111-b374-3833c5fb3aa8,0,1,TRUE,TRUE,2,19.65,0,0,0,FALSE,3,TRUE,2694,FALSE,0,0,0,8,169.75
FALSE,0,4760-THGOT,ff18563f-5aa9-f111-b374-3833c5fb3aa8,0,0,FALSE,TRUE,1,94.1,1,0,1,TRUE,0,TRUE,2783,FALSE,1,0,0,43,4107.3
FALSE,1,2056-EVGZL,c91a563f-5aa9-f111-b374-3833c5fb3aa8,3,1,TRUE,TRUE,1,105.75,2,3,2,FALSE,3,TRUE,239,FALSE,3,3,2,68,7322.5
FALSE,0,9701-CDXHR,5f1b563f-5aa9-f111-b374-3833c5fb3aa8,2,0,FALSE,TRUE,1,69.15,2,2,2,FALSE,1,TRUE,389,FALSE,2,2,3,51,3649.6
FALSE,1,8961-QDZZJ,7a1b563f-5aa9-f111-b374-3833c5fb3aa8,2,0,TRUE,TRUE,1,95,2,3,2,TRUE,0,TRUE,416,FALSE,3,3,3,57,5535.8
FALSE,1,7432-FFVAR,8d1b563f-5aa9-f111-b374-3833c5fb3aa8,3,0,TRUE,TRUE,1,90.95,2,2,2,FALSE,2,TRUE,435,FALSE,3,2,2,46,4236.6
TRUE,2,5271-YNWVR,1f1c563f-5aa9-f111-b374-3833c5fb3aa8,3,1,TRUE,TRUE,1,113.15,4,3,3,TRUE,0,TRUE,581,FALSE,3,3,2,68,7856
TRUE,0,6328-ZPBGN,751e563f-5aa9-f111-b374-3833c5fb3aa8,2,0,FALSE,FALSE,1,95.15,4,2,2,TRUE,2,TRUE,1179,TRUE,3,3,3,11,997.65
TRUE,0,9820-RMCQV,d420563f-5aa9-f111-b374-3833c5fb3aa8,2,0,FALSE,FALSE,0,48.55,2,2,3,FALSE,3,TRUE,1786,FALSE,2,2,3,11,501
TRUE,2,6323-AYBRX,828f5e39-5aa9-f111-b374-3833c5fb3aa8,0,1,FALSE,FALSE,2,19.35,0,0,0,FALSE,1,TRUE,268,FALSE,0,0,0,59,1099.6
FALSE,2,8823-RLPWL,7d915e39-5aa9-f111-b374-3833c5fb3aa8,1,0,FALSE,TRUE,1,110.65,1,0,1,TRUE,3,TRUE,775,FALSE,1,1,0,72,8065.65
FALSE,1,7876-AEHIG,0a935e39-5aa9-f111-b374-3833c5fb3aa8,1,0,TRUE,FALSE,0,60.15,0,1,1,FALSE,2,FALSE,877,FALSE,1,1,1,51,3077
FALSE,0,7030-NJVDP,7b935e39-5aa9-f111-b374-3833c5fb3aa8,0,1,FALSE,TRUE,1,89.25,0,1,1,TRUE,0,TRUE,1067,FALSE,1,0,1,24,2210.2
FALSE,1,7690-KPNCU,b9955e39-5aa9-f111-b374-3833c5fb3aa8,1,1,TRUE,TRUE,0,73.05,0,1,1,TRUE,3,TRUE,1343,FALSE,1,1,0,64,4688.65
TRUE,0,1571-SAVHK,14965e39-5aa9-f111-b374-3833c5fb3aa8,0,1,FALSE,FALSE,1,99.95,1,1,0,TRUE,1,TRUE,1434,FALSE,1,1,1,12,1132.75
FALSE,0,5136-RGMZO,39975e39-5aa9-f111-b374-3833c5fb3aa8,0,1,FALSE,FALSE,0,71.05,1,0,0,TRUE,0,TRUE,1727,FALSE,0,1,1,31,2168.15
FALSE,2,2307-FYNNL,69975e39-5aa9-f111-b374-3833c5fb3aa8,1,1,FALSE,FALSE,1,109.05,1,1,1,TRUE,0,TRUE,1775,TRUE,1,1,1,65,7108.2
FALSE,0,8819-IMISP,6d16563f-5aa9-f111-b374-3833c5fb3aa8,0,1,FALSE,FALSE,1,80.45,1,0,0,TRUE,0,TRUE,2123,FALSE,0,0,0,31,2429.1
FALSE,0,9603-OAIHC,9817563f-5aa9-f111-b374-3833c5fb3aa8,0,1,FALSE,FALSE,1,70.05,0,1,0,TRUE,0,TRUE,2422,TRUE,0,0,0,1,70.05
FALSE,0,1212-GLHMD,cf17563f-5aa9-f111-b374-3833c5fb3aa8,0,1,FALSE,FALSE,1,86.05,0,1,1,TRUE,1,TRUE,2477,FALSE,1,0,0,3,244.85
TRUE,0,3744-ZRRDZ,191a563f-5aa9-f111-b374-3833c5fb3aa8,2,1,FALSE,FALSE,1,82.35,4,3,2,TRUE,0,TRUE,63,FALSE,2,2,3,21,1852.85
TRUE,1,4628-WQCQQ,201a563f-5aa9-f111-b374-3833c5fb3aa8,3,1,TRUE,FALSE,1,85.15,2,2,2,TRUE,0,TRUE,70,FALSE,2,3,3,35,3030.6
TRUE,0,9381-NDKME,a91a563f-5aa9-f111-b374-3833c5fb3aa8,3,0,FALSE,TRUE,0,40.65,3,2,2,TRUE,3,FALSE,207,TRUE,3,2,3,24,933.3
FALSE,0,8992-OBVDG,3b1b563f-5aa9-f111-b374-3833c5fb3aa8,3,1,FALSE,FALSE,0,61.65,2,2,2,FALSE,1,TRUE,353,FALSE,3,2,3,21,1393.6
FALSE,1,7879-CGSFV,8b1b563f-5aa9-f111-b374-3833c5fb3aa8,2,1,FALSE,FALSE,1,100.9,2,3,3,TRUE,1,TRUE,433,FALSE,3,3,3,55,5552.05
TRUE,0,6923-EFPNL,de1b563f-5aa9-f111-b374-3833c5fb3aa8,2,1,FALSE,FALSE,0,51.75,4,2,2,FALSE,3,TRUE,516,FALSE,2,2,3,4,201.1
FALSE,0,1346-PJWTK,0a1c563f-5aa9-f111-b374-3833c5fb3aa8,3,1,FALSE,TRUE,1,94.15,2,3,2,FALSE,3,TRUE,560,FALSE,3,2,2,61,5731.85
FALSE,0,7072-MBHEV,9e1c563f-5aa9-f111-b374-3833c5fb3aa8,3,0,TRUE,TRUE,1,78.1,4,2,2,TRUE,3,TRUE,708,TRUE,2,2,3,11,864.85
FALSE,2,1089-XZWHH,a91c563f-5aa9-f111-b374-3833c5fb3aa8,4,0,TRUE,TRUE,2,19.7,2,4,4,TRUE,1,TRUE,719,FALSE,4,4,4,24,494.05
TRUE,0,6711-VTNRE,ed1c563f-5aa9-f111-b374-3833c5fb3aa8,3,0,FALSE,FALSE,1,87.55,2,2,2,TRUE,0,TRUE,787,FALSE,3,2,2,36,3078.1
FALSE,2,8577-QSOCG,af1d563f-5aa9-f111-b374-3833c5fb3aa8,4,0,TRUE,TRUE,2,20.2,2,4,4,TRUE,1,TRUE,981,FALSE,4,4,4,38,746.05
TRUE,0,9661-ACXBS,bc1d563f-5aa9-f111-b374-3833c5fb3aa8,3,0,FALSE,FALSE,1,105.2,4,2,3,TRUE,0,TRUE,994,FALSE,3,3,3,42,4400.75
FALSE,2,9795-NREXC,281e563f-5aa9-f111-b374-3833c5fb3aa8,3,0,FALSE,TRUE,0,85,4,2,3,TRUE,3,TRUE,1102,FALSE,3,3,2,64,5484.4
FALSE,0,3258-SANFR,481e563f-5aa9-f111-b374-3833c5fb3aa8,2,1,FALSE,FALSE,0,44.7,2,2,2,FALSE,3,TRUE,1134,TRUE,2,2,3,6,276.5
FALSE,0,7356-IWLFW,ec1e563f-5aa9-f111-b374-3833c5fb3aa8,2,1,TRUE,TRUE,1,80,4,3,2,TRUE,2,TRUE,1298,FALSE,2,2,3,46,3769.7
FALSE,1,5203-XEHAX,de1f563f-5aa9-f111-b374-3833c5fb3aa8,2,0,FALSE,FALSE,0,64.35,2,3,3,FALSE,0,TRUE,1540,FALSE,3,2,3,34,2053.05
FALSE,1,6500-JVEGC,aa20563f-5aa9-f111-b374-3833c5fb3aa8,3,1,FALSE,FALSE,1,101.35,4,3,3,FALSE,2,TRUE,1744,FALSE,2,3,3,68,7110.75
FALSE,0,6243-OZGFH,338e5e39-5aa9-f111-b374-3833c5fb3aa8,0,0,FALSE,FALSE,0,44.95,0,1,0,TRUE,0,FALSE,348,FALSE,1,1,0,23,996.85
FALSE,1,8597-CWYHH,0e905e39-5aa9-f111-b374-3833c5fb3aa8,0,1,FALSE,FALSE,1,94.35,1,1,0,FALSE,1,TRUE,108,FALSE,1,1,0,43,3921.3
FALSE,0,0030-FNXPP,6b915e39-5aa9-f111-b374-3833c5fb3aa8,0,0,FALSE,FALSE,2,19.85,0,0,0,FALSE,1,TRUE,757,FALSE,0,0,0,3,57.2
TRUE,1,3863-IUBJR,f4925e39-5aa9-f111-b374-3833c5fb3aa8,0,1,TRUE,TRUE,0,53.65,0,1,0,FALSE,3,TRUE,1015,FALSE,1,0,0,12,696.35
TRUE,0,0634-SZPQA,77935e39-5aa9-f111-b374-3833c5fb3aa8,0,0,FALSE,FALSE,1,90.05,1,1,1,TRUE,2,TRUE,1065,FALSE,0,1,0,23,2169.8
FALSE,1,8016-ZMGMO,4c965e39-5aa9-f111-b374-3833c5fb3aa8,1,0,FALSE,TRUE,0,70.85,1,0,0,TRUE,2,TRUE,1490,TRUE,0,1,0,66,4738.85
FALSE,2,6374-NTQLP,c0965e39-5aa9-f111-b374-3833c5fb3aa8,1,1,TRUE,TRUE,1,104.1,0,1,1,TRUE,3,TRUE,1606,TRUE,1,1,1,72,7447.7
TRUE,0,1262-OPMFY,d3965e39-5aa9-f111-b374-3833c5fb3aa8,1,0,FALSE,TRUE,1,75.75,0,1,0,TRUE,2,TRUE,1625,FALSE,0,0,0,9,655.9
FALSE,1,1060-ENTOF,08975e39-5aa9-f111-b374-3833c5fb3aa8,1,0,FALSE,TRUE,1,105.4,1,0,1,TRUE,3,TRUE,1678,TRUE,1,0,1,67,7035.6
FALSE,2,4703-MQYKT,d915563f-5aa9-f111-b374-3833c5fb3aa8,0,1,FALSE,FALSE,2,19.6,0,0,0,FALSE,1,TRUE,1975,FALSE,0,0,0,21,390.4
TRUE,0,8901-HJXTF,e315563f-5aa9-f111-b374-3833c5fb3aa8,0,0,TRUE,TRUE,0,29.2,0,0,0,FALSE,1,FALSE,1985,FALSE,0,0,0,12,309.1
FALSE,2,7519-JTWQH,1f16563f-5aa9-f111-b374-3833c5fb3aa8,1,0,FALSE,FALSE,1,110.5,1,0,0,TRUE,2,TRUE,2045,FALSE,1,1,1,69,7455.45
FALSE,1,7951-VRDVK,bb16563f-5aa9-f111-b374-3833c5fb3aa8,1,0,FALSE,FALSE,0,85.85,0,0,1,FALSE,2,TRUE,2201,FALSE,1,1,1,36,3003.55
FALSE,0,8878-RYUKI,441a563f-5aa9-f111-b374-3833c5fb3aa8,3,0,FALSE,FALSE,0,59.45,2,2,2,TRUE,0,TRUE,106,FALSE,3,2,3,52,3043.7
FALSE,2,9488-FVZCC,871b563f-5aa9-f111-b374-3833c5fb3aa8,3,0,TRUE,TRUE,0,79.5,4,3,3,TRUE,2,TRUE,429,FALSE,3,2,2,72,5661.7
TRUE,0,9572-MTILT,fa1b563f-5aa9-f111-b374-3833c5fb3aa8,3,1,FALSE,TRUE,1,106.75,4,3,3,TRUE,0,TRUE,544,FALSE,2,3,2,59,6252.9
FALSE,2,0281-CNTZX,2b1d563f-5aa9-f111-b374-3833c5fb3aa8,4,1,FALSE,TRUE,2,19.95,2,4,4,TRUE,2,TRUE,849,FALSE,4,4,4,63,1234.8
TRUE,0,7881-INRLC,581d563f-5aa9-f111-b374-3833c5fb3aa8,2,1,FALSE,FALSE,1,100.85,4,3,2,TRUE,3,TRUE,894,FALSE,3,3,3,45,4740
TRUE,2,1555-DJEQW,e81d563f-5aa9-f111-b374-3833c5fb3aa8,3,0,TRUE,TRUE,1,114.2,4,3,3,TRUE,2,TRUE,1038,FALSE,3,3,2,70,7723.9
FALSE,2,6368-TZZDT,361f563f-5aa9-f111-b374-3833c5fb3aa8,4,1,TRUE,TRUE,2,19.5,2,4,4,FALSE,3,TRUE,1372,FALSE,4,4,4,4,96.85
FALSE,2,6340-DACFT,0a20563f-5aa9-f111-b374-3833c5fb3aa8,4,0,TRUE,TRUE,2,20.55,2,4,4,FALSE,3,TRUE,1584,FALSE,4,4,4,50,1070.25
FALSE,0,8217-QYOHV,e710fb45-5aa9-f111-b374-3833c5fb3aa8,2,1,FALSE,FALSE,0,55.75,2,2,3,TRUE,1,TRUE,1841,FALSE,2,2,2,5,266.95
FALSE,2,5126-RCXYW,1d11fb45-5aa9-f111-b374-3833c5fb3aa8,3,1,TRUE,TRUE,0,46,3,2,2,FALSE,3,FALSE,1895,FALSE,3,2,2,54,2424.05
FALSE,1,6388-TABGU,2fa567ec-520c-4b79-91c0-12259c01e3bf,0,1,TRUE,FALSE,0,56.15,0,0,1,FALSE,2,TRUE,9,FALSE,0,0,0,62,3487.95
FALSE,0,5701-YVSVF,dc8d5e39-5aa9-f111-b374-3833c5fb3aa8,0,0,FALSE,TRUE,1,82.9,0,1,0,TRUE,0,TRUE,326,TRUE,0,1,1,11,880.05
TRUE,1,0691-JVSYA,908e5e39-5aa9-f111-b374-3833c5fb3aa8,1,0,FALSE,TRUE,1,94.85,0,1,0,TRUE,2,TRUE,173,FALSE,1,1,0,53,5000.2
FALSE,2,0123-CRBRT,7f8f5e39-5aa9-f111-b374-3833c5fb3aa8,1,0,TRUE,TRUE,0,88.1,1,0,1,FALSE,1,TRUE,265,FALSE,1,1,1,61,5526.75
TRUE,0,5698-BQJOH,e28f5e39-5aa9-f111-b374-3833c5fb3aa8,0,0,FALSE,FALSE,1,94.4,1,1,0,FALSE,0,TRUE,64,FALSE,1,1,0,9,857.25
FALSE,1,2673-CXQEU,ed8f5e39-5aa9-f111-b374-3833c5fb3aa8,1,0,FALSE,FALSE,1,110.5,1,0,1,FALSE,0,TRUE,75,TRUE,1,1,0,56,6139.5
FALSE,0,1135-LMECX,73905e39-5aa9-f111-b374-3833c5fb3aa8,0,0,FALSE,FALSE,2,19.85,0,0,0,FALSE,1,TRUE,509,FALSE,0,0,0,1,19.85
TRUE,0,7314-OXENN,7f915e39-5aa9-f111-b374-3833c5fb3aa8,0,1,FALSE,FALSE,1,82,1,0,0,TRUE,0,TRUE,777,FALSE,0,0,0,2,184.65
TRUE,0,7249-WBIYX,d0955e39-5aa9-f111-b374-3833c5fb3aa8,0,1,FALSE,TRUE,1,85.6,1,1,0,TRUE,0,TRUE,1366,FALSE,0,1,0,10,813.85
FALSE,2,8999-YPYBV,d8955e39-5aa9-f111-b374-3833c5fb3aa8,1,1,TRUE,TRUE,0,84.35,0,0,1,TRUE,1,TRUE,1374,FALSE,1,1,1,45,3858.05
TRUE,0,4143-HHPMK,bd975e39-5aa9-f111-b374-3833c5fb3aa8,0,1,FALSE,FALSE,1,85.35,0,0,0,TRUE,0,TRUE,1859,FALSE,1,0,0,52,4338.6
FALSE,2,5003-XZWWO,b016563f-5aa9-f111-b374-3833c5fb3aa8,1,1,FALSE,TRUE,0,84.2,1,0,0,FALSE,3,TRUE,2190,FALSE,1,1,1,71,5956.85
FALSE,1,1133-KXCGE,9917563f-5aa9-f111-b374-3833c5fb3aa8,0,0,FALSE,FALSE,2,20.1,0,0,0,FALSE,1,TRUE,2423,FALSE,0,0,0,18,407.05
FALSE,2,0962-CQPWQ,4318563f-5aa9-f111-b374-3833c5fb3aa8,0,0,TRUE,TRUE,2,20.3,0,0,0,FALSE,2,TRUE,2593,FALSE,0,0,0,62,1296.15
FALSE,0,8198-RKSZG,5618563f-5aa9-f111-b374-3833c5fb3aa8,0,0,TRUE,TRUE,0,80.45,1,0,0,FALSE,3,TRUE,2612,FALSE,1,1,1,14,1137.05
FALSE,1,8050-WYBND,231a563f-5aa9-f111-b374-3833c5fb3aa8,3,0,TRUE,FALSE,0,49.45,3,2,2,TRUE,3,FALSE,73,FALSE,3,3,3,22,1031.4
FALSE,2,0485-ZBSLN,441b563f-5aa9-f111-b374-3833c5fb3aa8,4,1,TRUE,TRUE,2,24.75,4,4,4,FALSE,3,TRUE,362,FALSE,4,4,4,65,1715.1
FALSE,0,5982-FPVQN,141c563f-5aa9-f111-b374-3833c5fb3aa8,3,0,TRUE,TRUE,1,95.15,4,3,2,TRUE,0,TRUE,570,FALSE,3,2,3,37,3532.85
FALSE,1,2896-TBNBE,7f1c563f-5aa9-f111-b374-3833c5fb3aa8,3,1,FALSE,TRUE,1,80.8,0,3,2,FALSE,0,TRUE,677,FALSE,2,2,3,40,3132.75
TRUE,0,9102-IAYHT,041d563f-5aa9-f111-b374-3833c5fb3aa8,2,0,TRUE,TRUE,1,85.45,4,2,2,TRUE,0,TRUE,810,FALSE,3,2,3,17,1451.6
FALSE,1,1534-OULXE,221d563f-5aa9-f111-b374-3833c5fb3aa8,2,0,TRUE,TRUE,0,49.7,2,2,3,TRUE,2,TRUE,840,FALSE,2,2,3,61,2961.4
FALSE,0,3413-CSSTH,7a1e563f-5aa9-f111-b374-3833c5fb3aa8,3,1,FALSE,FALSE,0,55.7,4,2,2,TRUE,2,TRUE,1184,FALSE,2,2,3,41,2237.55
FALSE,1,8597-CTXVJ,a61e563f-5aa9-f111-b374-3833c5fb3aa8,2,1,TRUE,FALSE,0,64.95,4,3,3,FALSE,2,TRUE,1228,FALSE,2,2,2,70,4551.5
FALSE,1,5003-OKNNK,d61e563f-5aa9-f111-b374-3833c5fb3aa8,4,0,TRUE,TRUE,2,20.35,2,4,4,FALSE,3,TRUE,1276,FALSE,4,4,4,15,335.95
TRUE,0,1577-HKTFG,031f563f-5aa9-f111-b374-3833c5fb3aa8,4,0,FALSE,TRUE,2,19.65,2,4,4,FALSE,2,TRUE,1321,FALSE,4,4,4,30,655.85
FALSE,2,3186-AJIEK,d110fb45-5aa9-f111-b374-3833c5fb3aa8,3,1,FALSE,FALSE,1,105.65,2,2,3,TRUE,2,TRUE,2042,FALSE,3,3,2,66,6844.5
FALSE,0,1684-FLBGS,7a11fb45-5aa9-f111-b374-3833c5fb3aa8,2,0,TRUE,TRUE,0,69.5,4,3,2,TRUE,3,TRUE,1988,FALSE,2,3,2,23,1652.1
FALSE,2,7301-ABVAD,668f5e39-5aa9-f111-b374-3833c5fb3aa8,1,0,FALSE,FALSE,0,86.6,1,0,0,FALSE,2,TRUE,240,FALSE,1,1,1,72,6350.5
TRUE,0,1066-JKSGK,b88f5e39-5aa9-f111-b374-3833c5fb3aa8,0,1,FALSE,FALSE,2,20.15,0,0,0,FALSE,1,TRUE,22,FALSE,0,0,0,1,20.15
FALSE,2,7233-PAHHL,fe8f5e39-5aa9-f111-b374-3833c5fb3aa8,1,1,TRUE,TRUE,0,84,1,1,1,TRUE,1,TRUE,92,FALSE,1,1,1,66,5714.25
FALSE,1,5386-THSLQ,09905e39-5aa9-f111-b374-3833c5fb3aa8,1,0,FALSE,TRUE,0,45.55,0,0,0,FALSE,2,FALSE,103,TRUE,0,1,0,66,3027.25
FALSE,0,9445-ZUEQE,19905e39-5aa9-f111-b374-3833c5fb3aa8,0,1,TRUE,TRUE,1,85.2,1,0,0,TRUE,3,TRUE,119,FALSE,0,0,1,27,2151.6
FALSE,2,8100-PNJMH,06915e39-5aa9-f111-b374-3833c5fb3aa8,1,1,TRUE,TRUE,0,88.85,1,0,1,TRUE,3,TRUE,656,FALSE,1,1,1,68,6132.7
FALSE,0,6786-OBWQR,4d915e39-5aa9-f111-b374-3833c5fb3aa8,0,0,TRUE,TRUE,1,80.85,0,1,0,TRUE,0,TRUE,727,FALSE,0,1,0,5,356.1
FALSE,1,0297-RBCSG,2a935e39-5aa9-f111-b374-3833c5fb3aa8,0,1,FALSE,FALSE,0,65.35,0,0,0,TRUE,2,TRUE,907,FALSE,1,0,1,19,1231.85
FALSE,2,9091-WTUUY,40955e39-5aa9-f111-b374-3833c5fb3aa8,1,1,TRUE,TRUE,0,69.25,0,1,1,FALSE,1,TRUE,1222,FALSE,0,1,1,64,4447.75
FALSE,2,4652-ODEVH,0f965e39-5aa9-f111-b374-3833c5fb3aa8,0,1,TRUE,TRUE,2,24.45,1,0,0,FALSE,1,TRUE,1429,FALSE,0,0,0,45,1088.25
FALSE,2,3766-EJLFL,ac965e39-5aa9-f111-b374-3833c5fb3aa8,1,0,TRUE,TRUE,1,109.05,1,1,1,TRUE,2,TRUE,1586,FALSE,1,1,1,68,7508.55
FALSE,2,3546-GHEAE,1b16563f-5aa9-f111-b374-3833c5fb3aa8,0,1,FALSE,FALSE,2,19.45,0,0,0,FALSE,1,TRUE,2041,FALSE,0,0,0,7,165.35
FALSE,2,6463-HHXJR,3017563f-5aa9-f111-b374-3833c5fb3aa8,1,0,TRUE,TRUE,1,100.5,1,0,1,FALSE,2,TRUE,2318,FALSE,0,1,0,71,7030.65
FALSE,0,0142-GVYSN,9b17563f-5aa9-f111-b374-3833c5fb3aa8,0,1,FALSE,FALSE,2,20.3,0,0,0,TRUE,0,TRUE,2425,FALSE,0,0,0,26,511.25
TRUE,0,7854-FOKSF,9d17563f-5aa9-f111-b374-3833c5fb3aa8,0,1,FALSE,FALSE,0,35.9,0,1,0,FALSE,0,FALSE,2427,FALSE,1,0,0,1,35.9
FALSE,0,9137-NOQKA,1b18563f-5aa9-f111-b374-3833c5fb3aa8,0,1,FALSE,FALSE,2,19.2,0,0,0,FALSE,0,TRUE,2553,TRUE,0,0,0,2,37.2
FALSE,0,9508-ILZDG,da18563f-5aa9-f111-b374-3833c5fb3aa8,0,0,FALSE,FALSE,1,96.35,1,0,0,TRUE,0,TRUE,2699,TRUE,0,1,1,34,3190.25
FALSE,0,9367-TCUYN,e619563f-5aa9-f111-b374-3833c5fb3aa8,4,0,FALSE,FALSE,2,20.1,2,4,4,FALSE,1,TRUE,12,FALSE,4,4,4,12,223.6
TRUE,1,8634-CILSZ,dc1a563f-5aa9-f111-b374-3833c5fb3aa8,2,1,FALSE,FALSE,1,104.7,4,3,2,TRUE,2,TRUE,258,FALSE,3,3,2,69,7220.35
FALSE,1,8124-NZVGJ,611b563f-5aa9-f111-b374-3833c5fb3aa8,2,0,FALSE,FALSE,0,49.25,3,2,2,TRUE,1,FALSE,391,FALSE,3,3,2,6,255.6
FALSE,1,9730-DRTMJ,c51c563f-5aa9-f111-b374-3833c5fb3aa8,2,1,FALSE,TRUE,0,72.8,4,2,3,TRUE,3,TRUE,747,FALSE,2,3,2,32,2333.05
TRUE,0,4903-UYAVB,5d1e563f-5aa9-f111-b374-3833c5fb3aa8,4,1,FALSE,TRUE,2,19.35,2,4,4,FALSE,1,TRUE,1155,FALSE,4,4,4,5,126.05
FALSE,0,7009-LGECI,d510fb45-5aa9-f111-b374-3833c5fb3aa8,2,0,FALSE,FALSE,0,50.55,2,2,3,TRUE,2,TRUE,1823,FALSE,2,2,3,4,235.65
TRUE,1,6664-FPDAC,6a11fb45-5aa9-f111-b374-3833c5fb3aa8,3,0,FALSE,FALSE,1,111.95,4,3,2,TRUE,0,TRUE,1972,TRUE,3,3,2,56,6418.9
FALSE,0,3351-NGXYI,548e5e39-5aa9-f111-b374-3833c5fb3aa8,0,0,FALSE,FALSE,0,54.1,1,1,1,TRUE,0,TRUE,356,TRUE,0,0,0,16,889
FALSE,0,1098-TDVUQ,ac8f5e39-5aa9-f111-b374-3833c5fb3aa8,0,0,FALSE,FALSE,2,19.25,0,0,0,TRUE,2,TRUE,310,FALSE,0,0,0,1,19.25
FALSE,2,9560-BBZXK,16905e39-5aa9-f111-b374-3833c5fb3aa8,0,0,FALSE,FALSE,0,31.05,0,1,1,FALSE,2,FALSE,116,FALSE,0,0,0,36,1126.35
FALSE,2,4178-EGMON,a9915e39-5aa9-f111-b374-3833c5fb3aa8,0,1,FALSE,TRUE,1,88,1,0,1,TRUE,3,TRUE,819,FALSE,0,0,1,70,5986.45
TRUE,0,9369-XFEHK,b5925e39-5aa9-f111-b374-3833c5fb3aa8,0,0,FALSE,TRUE,1,80.6,1,0,0,TRUE,2,TRUE,985,TRUE,0,0,0,33,2656.5
FALSE,1,8332-OSJDW,11975e39-5aa9-f111-b374-3833c5fb3aa8,0,1,TRUE,TRUE,2,26.4,1,0,0,FALSE,1,TRUE,1687,FALSE,0,0,0,12,314.95
FALSE,0,1636-NTNCO,de975e39-5aa9-f111-b374-3833c5fb3aa8,0,1,FALSE,FALSE,0,50.95,0,0,0,TRUE,3,FALSE,1892,TRUE,1,1,0,4,207.35
TRUE,0,6651-AZVTJ,a815563f-5aa9-f111-b374-3833c5fb3aa8,1,1,TRUE,TRUE,1,99.8,1,1,0,TRUE,0,TRUE,1926,FALSE,1,1,0,49,4872.45
TRUE,0,5834-ASPWA,c415563f-5aa9-f111-b374-3833c5fb3aa8,0,1,FALSE,FALSE,1,75.45,1,1,0,TRUE,0,TRUE,1954,FALSE,0,0,0,1,75.45
TRUE,0,3988-RQIXO,b116563f-5aa9-f111-b374-3833c5fb3aa8,0,0,FALSE,FALSE,1,91.3,0,1,0,TRUE,0,TRUE,2191,TRUE,1,1,0,1,91.3
FALSE,0,1074-AMIOH,3218563f-5aa9-f111-b374-3833c5fb3aa8,1,0,TRUE,TRUE,1,108.25,0,0,0,TRUE,2,TRUE,2576,FALSE,1,1,1,53,5935.1
TRUE,0,2397-BRLOM,c718563f-5aa9-f111-b374-3833c5fb3aa8,0,1,TRUE,TRUE,1,80.45,0,1,0,TRUE,3,TRUE,2690,TRUE,0,1,0,8,583.45
TRUE,0,2249-YPRNG,ab19563f-5aa9-f111-b374-3833c5fb3aa8,1,0,TRUE,TRUE,1,105.85,1,0,0,TRUE,2,TRUE,2953,FALSE,1,1,0,20,2239.65
FALSE,1,1561-BWHIN,041a563f-5aa9-f111-b374-3833c5fb3aa8,4,1,TRUE,TRUE,2,19.8,2,4,4,FALSE,1,TRUE,42,FALSE,4,4,4,19,344.5
TRUE,0,2606-RMDHZ,351a563f-5aa9-f111-b374-3833c5fb3aa8,2,1,FALSE,FALSE,0,30.5,3,3,2,TRUE,3,FALSE,91,FALSE,2,2,3,6,208.7
TRUE,0,4971-PUYQO,d11a563f-5aa9-f111-b374-3833c5fb3aa8,2,0,FALSE,FALSE,1,94.55,4,2,2,TRUE,1,TRUE,247,FALSE,3,3,3,27,2724.6
TRUE,0,4631-OACRM,cd1b563f-5aa9-f111-b374-3833c5fb3aa8,2,1,FALSE,FALSE,1,79.4,2,2,2,TRUE,0,TRUE,499,TRUE,3,2,3,15,1156.1
FALSE,1,4163-HFTUK,1b1c563f-5aa9-f111-b374-3833c5fb3aa8,4,1,FALSE,FALSE,2,19.1,2,4,4,FALSE,0,TRUE,577,FALSE,4,4,4,51,1007.8
FALSE,0,9103-CXVOK,7e1c563f-5aa9-f111-b374-3833c5fb3aa8,4,1,TRUE,TRUE,2,19.75,2,4,4,FALSE,0,TRUE,676,FALSE,4,4,4,1,19.75
FALSE,0,4686-UXDML,c61c563f-5aa9-f111-b374-3833c5fb3aa8,2,0,FALSE,FALSE,1,99.85,4,3,2,TRUE,3,TRUE,748,FALSE,3,3,3,21,1992.55
FALSE,2,5965-GGPRW,741d563f-5aa9-f111-b374-3833c5fb3aa8,3,1,TRUE,TRUE,1,105.25,4,2,3,FALSE,2,TRUE,922,FALSE,3,3,3,72,7609.75
TRUE,0,8878-HMWBV,b31e563f-5aa9-f111-b374-3833c5fb3aa8,3,1,FALSE,FALSE,0,49.15,2,2,2,TRUE,0,TRUE,1241,FALSE,2,2,3,3,169.05
FALSE,0,2974-GGUXS,4e1f563f-5aa9-f111-b374-3833c5fb3aa8,2,0,FALSE,TRUE,1,91.95,4,3,2,TRUE,3,TRUE,1396,TRUE,2,3,3,36,3301.05
FALSE,1,2188-SXWVT,fd1f563f-5aa9-f111-b374-3833c5fb3aa8,2,0,FALSE,FALSE,0,55,2,3,3,FALSE,1,TRUE,1571,FALSE,2,2,3,34,1885.15
FALSE,1,8292-FRFZQ,7520563f-5aa9-f111-b374-3833c5fb3aa8,2,0,FALSE,FALSE,0,41.15,3,3,3,FALSE,2,FALSE,1691,FALSE,2,2,2,39,1700.9
FALSE,0,7952-OBOYL,1711fb45-5aa9-f111-b374-3833c5fb3aa8,3,1,FALSE,FALSE,1,89.85,2,2,2,TRUE,1,TRUE,1889,FALSE,2,3,2,3,244.45
FALSE,2,2451-YMUXS,5a11fb45-5aa9-f111-b374-3833c5fb3aa8,2,1,FALSE,FALSE,0,64.55,4,3,3,TRUE,2,TRUE,1956,TRUE,2,2,2,67,4250.1
TRUE,0,3627-FHKBK,bb905e39-5aa9-f111-b374-3833c5fb3aa8,0,0,FALSE,FALSE,1,75.3,0,1,1,FALSE,1,TRUE,581,FALSE,0,0,0,1,75.3
TRUE,0,6941-PMGEP,66935e39-5aa9-f111-b374-3833c5fb3aa8,0,0,FALSE,FALSE,1,80,0,1,0,TRUE,0,TRUE,1056,FALSE,1,0,0,5,412.5
FALSE,0,3055-MJDSB,3f955e39-5aa9-f111-b374-3833c5fb3aa8,0,1,FALSE,FALSE,0,24.6,0,1,0,TRUE,1,FALSE,1221,FALSE,0,0,0,9,190.1
TRUE,0,7024-OHCCK,fc955e39-5aa9-f111-b374-3833c5fb3aa8,0,0,FALSE,FALSE,1,93.85,1,1,0,TRUE,0,TRUE,1410,TRUE,1,1,0,2,170.85
FALSE,0,9350-VLHMB,04965e39-5aa9-f111-b374-3833c5fb3aa8,0,1,TRUE,TRUE,1,89.55,1,0,0,TRUE,2,TRUE,1418,FALSE,1,0,0,67,6373.1
FALSE,1,6265-SXWBU,be965e39-5aa9-f111-b374-3833c5fb3aa8,1,1,TRUE,TRUE,1,95.75,1,0,0,FALSE,3,TRUE,1604,FALSE,0,1,0,69,6511.25
TRUE,0,1228-FZFRV,f4965e39-5aa9-f111-b374-3833c5fb3aa8,1,1,TRUE,TRUE,1,105.95,1,1,1,FALSE,3,TRUE,1658,FALSE,1,1,0,50,5341.8
FALSE,0,4813-HQMGZ,1f17563f-5aa9-f111-b374-3833c5fb3aa8,0,0,FALSE,TRUE,1,90.25,1,1,0,TRUE,0,TRUE,2301,FALSE,1,0,1,8,743.75
FALSE,1,2809-ILCYT,3d17563f-5aa9-f111-b374-3833c5fb3aa8,0,0,FALSE,TRUE,2,26.8,1,0,0,TRUE,1,TRUE,2331,FALSE,0,0,0,25,733.55
FALSE,2,1023-BQXZE,0919563f-5aa9-f111-b374-3833c5fb3aa8,1,1,FALSE,FALSE,0,74.35,0,1,1,TRUE,2,TRUE,2791,FALSE,1,1,0,57,4317.35
FALSE,1,6723-WSNTY,ec1a563f-5aa9-f111-b374-3833c5fb3aa8,3,0,FALSE,TRUE,1,108.1,4,3,2,TRUE,3,TRUE,274,TRUE,3,3,2,66,7181.95
TRUE,2,2225-ZRGSG,1d1c563f-5aa9-f111-b374-3833c5fb3aa8,3,0,TRUE,TRUE,1,93.9,4,3,3,FALSE,2,TRUE,579,FALSE,2,2,2,70,6579.05
FALSE,0,1222-LRYKO,531c563f-5aa9-f111-b374-3833c5fb3aa8,4,1,TRUE,FALSE,2,26.35,4,4,4,FALSE,1,TRUE,633,FALSE,4,4,4,6,184.05
FALSE,2,5327-XOKKY,8f1c563f-5aa9-f111-b374-3833c5fb3aa8,3,1,FALSE,TRUE,0,73.45,4,2,2,TRUE,3,TRUE,693,TRUE,3,3,3,72,5329
TRUE,0,4817-QRJSX,c41c563f-5aa9-f111-b374-3833c5fb3aa8,2,0,FALSE,FALSE,1,81,4,0,2,TRUE,3,TRUE,746,FALSE,2,2,3,10,818.05
FALSE,2,8901-UPRHR,5c1e563f-5aa9-f111-b374-3833c5fb3aa8,3,0,TRUE,TRUE,1,109.2,4,3,2,TRUE,2,TRUE,1154,FALSE,3,3,2,72,7711.45
FALSE,1,4377-VDHYI,711e563f-5aa9-f111-b374-3833c5fb3aa8,2,1,TRUE,TRUE,1,90.8,2,3,3,TRUE,0,TRUE,1175,FALSE,3,2,3,32,3023.85
FALSE,0,8873-GLDMH,fc1e563f-5aa9-f111-b374-3833c5fb3aa8,2,0,FALSE,FALSE,1,73.85,4,2,2,TRUE,1,TRUE,1314,FALSE,2,2,3,6,401.3
TRUE,1,7931-PXHFC,c620563f-5aa9-f111-b374-3833c5fb3aa8,3,1,FALSE,FALSE,0,62.3,2,2,2,TRUE,1,TRUE,1772,FALSE,3,2,2,38,2354.8
FALSE,0,2075-RMJIK,5411fb45-5aa9-f111-b374-3833c5fb3aa8,2,0,TRUE,TRUE,0,49.4,2,2,3,TRUE,1,TRUE,1950,FALSE,2,2,3,5,232.55
FALSE,2,8468-FZTOE,7411fb45-5aa9-f111-b374-3833c5fb3aa8,3,0,TRUE,TRUE,0,74.35,2,3,3,TRUE,0,TRUE,1982,FALSE,3,2,2,72,5237.4
FALSE,1,2805-EDJPQ,998e5e39-5aa9-f111-b374-3833c5fb3aa8,1,0,TRUE,TRUE,1,99.75,1,0,0,TRUE,3,TRUE,373,FALSE,1,0,1,56,5608.4
FALSE,0,0699-NDKJM,358f5e39-5aa9-f111-b374-3833c5fb3aa8,1,0,FALSE,TRUE,0,58.75,0,0,1,TRUE,2,FALSE,215,FALSE,1,1,0,57,3437.45
FALSE,2,8181-YHCMF,a58f5e39-5aa9-f111-b374-3833c5fb3aa8,1,0,TRUE,TRUE,0,60.3,0,0,0,FALSE,3,FALSE,303,FALSE,1,1,1,68,4109
FALSE,2,8590-YFFQO,ac935e39-5aa9-f111-b374-3833c5fb3aa8,1,1,FALSE,TRUE,0,64.95,0,0,1,FALSE,3,TRUE,1092,FALSE,0,0,1,70,4523.25
FALSE,0,7617-EYGLW,5e955e39-5aa9-f111-b374-3833c5fb3aa8,0,1,FALSE,FALSE,2,19.45,0,0,0,FALSE,0,TRUE,1252,FALSE,0,0,0,1,19.45
TRUE,0,7993-PYKOF,85955e39-5aa9-f111-b374-3833c5fb3aa8,0,1,FALSE,TRUE,1,75,0,1,1,FALSE,0,TRUE,1291,FALSE,0,0,0,8,632.95
TRUE,1,0516-VRYBW,6e975e39-5aa9-f111-b374-3833c5fb3aa8,0,0,TRUE,FALSE,2,20.15,0,0,0,FALSE,2,TRUE,1780,FALSE,0,0,0,18,390.85
FALSE,0,7459-IMVYU,e2975e39-5aa9-f111-b374-3833c5fb3aa8,1,1,FALSE,FALSE,0,69.95,1,0,1,FALSE,0,TRUE,1896,FALSE,0,0,1,38,2657.55
TRUE,0,7615-ESMYF,f015563f-5aa9-f111-b374-3833c5fb3aa8,0,0,FALSE,TRUE,0,44.6,0,1,0,FALSE,0,FALSE,1998,FALSE,1,1,0,2,97.1
FALSE,0,8775-ERLNB,1616563f-5aa9-f111-b374-3833c5fb3aa8,0,1,FALSE,TRUE,1,74.3,1,1,0,FALSE,0,TRUE,2036,TRUE,0,0,0,1,74.3
TRUE,1,4800-CZMPC,1e17563f-5aa9-f111-b374-3833c5fb3aa8,0,0,TRUE,TRUE,1,103.25,1,0,1,TRUE,3,TRUE,2300,FALSE,1,1,0,48,5037.55
FALSE,0,8562-GHPPI,7718563f-5aa9-f111-b374-3833c5fb3aa8,0,0,FALSE,FALSE,2,19.8,0,0,0,FALSE,3,TRUE,2645,FALSE,0,0,0,1,19.8
FALSE,0,0541-FITGH,4019563f-5aa9-f111-b374-3833c5fb3aa8,0,0,FALSE,TRUE,0,62.15,0,1,1,TRUE,1,TRUE,2846,FALSE,1,0,0,2,113.1
FALSE,1,6421-SZVEM,411a563f-5aa9-f111-b374-3833c5fb3aa8,2,0,TRUE,TRUE,1,82.85,2,2,3,TRUE,2,TRUE,103,FALSE,3,2,3,28,2320.8
FALSE,0,1078-TDCRN,6a1a563f-5aa9-f111-b374-3833c5fb3aa8,2,0,FALSE,TRUE,0,30.75,3,3,2,TRUE,0,FALSE,144,TRUE,2,2,3,3,82.85
TRUE,0,8382-SHQEH,ad1a563f-5aa9-f111-b374-3833c5fb3aa8,2,0,FALSE,TRUE,1,84.9,4,2,2,TRUE,0,TRUE,211,FALSE,3,2,3,8,764.95
FALSE,1,2725-IWWBA,ee1a563f-5aa9-f111-b374-3833c5fb3aa8,3,1,TRUE,TRUE,0,56.9,2,2,3,FALSE,1,TRUE,276,FALSE,2,2,2,46,2560.1
FALSE,0,0623-GDISB,dc1b563f-5aa9-f111-b374-3833c5fb3aa8,2,0,FALSE,FALSE,0,48.45,2,2,3,TRUE,2,TRUE,514,FALSE,2,2,3,1,48.45
TRUE,0,1794-HBQTJ,351c563f-5aa9-f111-b374-3833c5fb3aa8,2,0,FALSE,FALSE,0,48.6,2,2,3,TRUE,3,TRUE,603,FALSE,2,2,3,1,48.6
TRUE,0,5167-GBFRE,a11d563f-5aa9-f111-b374-3833c5fb3aa8,2,1,FALSE,FALSE,0,25.2,3,2,2,TRUE,2,FALSE,967,TRUE,2,2,3,4,102.5
FALSE,0,2279-AXJJK,901e563f-5aa9-f111-b374-3833c5fb3aa8,2,1,FALSE,TRUE,1,95.65,4,3,2,TRUE,3,TRUE,1206,FALSE,3,2,2,52,5088.4
FALSE,2,6725-TPKJO,981e563f-5aa9-f111-b374-3833c5fb3aa8,4,1,FALSE,FALSE,2,20.05,2,4,4,FALSE,1,TRUE,1214,FALSE,4,4,4,44,845.25
FALSE,2,6000-UKLWI,6d1f563f-5aa9-f111-b374-3833c5fb3aa8,4,1,FALSE,FALSE,2,20.15,2,4,4,FALSE,1,TRUE,1427,FALSE,4,4,4,41,802.35
TRUE,2,0617-AQNWT,ef20563f-5aa9-f111-b374-3833c5fb3aa8,3,0,FALSE,TRUE,0,47.85,3,2,3,FALSE,0,FALSE,1813,FALSE,3,2,2,64,3147.5
FALSE,2,9945-PSVIP,2811fb45-5aa9-f111-b374-3833c5fb3aa8,4,0,TRUE,TRUE,2,18.7,2,4,4,TRUE,1,TRUE,1906,FALSE,4,4,4,25,383.65
FALSE,1,1024-KPRBB,5d11fb45-5aa9-f111-b374-3833c5fb3aa8,2,0,FALSE,FALSE,1,89.1,2,2,2,TRUE,1,TRUE,1959,FALSE,3,3,3,38,3342
TRUE,0,3976-BWUCK,7811fb45-5aa9-f111-b374-3833c5fb3aa8,2,0,FALSE,TRUE,1,94.1,4,3,2,TRUE,3,TRUE,1986,FALSE,2,3,2,30,2804.45
FALSE,0,4482-EWFMI,658e5e39-5aa9-f111-b374-3833c5fb3aa8,0,0,FALSE,FALSE,1,69.7,0,1,0,TRUE,0,TRUE,162,FALSE,0,0,0,2,135.2
FALSE,0,2080-SRCDE,908f5e39-5aa9-f111-b374-3833c5fb3aa8,0,0,TRUE,FALSE,2,25.4,1,0,0,FALSE,1,TRUE,282,FALSE,0,0,0,1,25.4
FALSE,0,6851-WEFYX,9f8f5e39-5aa9-f111-b374-3833c5fb3aa8,1,1,FALSE,TRUE,1,100.8,1,1,0,TRUE,0,TRUE,297,TRUE,1,1,0,35,3437.5
FALSE,2,1090-ESELR,37905e39-5aa9-f111-b374-3833c5fb3aa8,0,1,TRUE,TRUE,1,105.5,0,0,1,FALSE,2,TRUE,449,FALSE,1,1,1,72,7611.55
FALSE,0,0215-BQKGS,c7905e39-5aa9-f111-b374-3833c5fb3aa8,1,1,FALSE,FALSE,1,84.3,0,0,1,TRUE,3,TRUE,593,FALSE,0,0,0,30,2438.6
FALSE,2,2001-MCUUW,d1905e39-5aa9-f111-b374-3833c5fb3aa8,1,1,FALSE,FALSE,1,108.65,1,0,0,FALSE,0,TRUE,603,FALSE,1,1,1,46,4903.2
FALSE,1,7251-LJBQN,21915e39-5aa9-f111-b374-3833c5fb3aa8,1,0,FALSE,FALSE,1,103.75,1,1,0,TRUE,3,TRUE,683,TRUE,1,1,1,40,4188.4
FALSE,0,8040-MNRTF,22915e39-5aa9-f111-b374-3833c5fb3aa8,0,0,FALSE,FALSE,1,71.1,0,1,0,FALSE,1,TRUE,684,FALSE,0,0,0,1,71.1
FALSE,0,6891-JPYFF,db935e39-5aa9-f111-b374-3833c5fb3aa8,0,0,TRUE,TRUE,1,105.25,1,0,1,TRUE,3,TRUE,1118,FALSE,1,1,0,48,4997.5
FALSE,0,7077-XJMET,0b965e39-5aa9-f111-b374-3833c5fb3aa8,1,1,FALSE,TRUE,0,74.15,0,1,0,TRUE,0,TRUE,1425,FALSE,1,1,1,12,741.4
FALSE,1,1371-OJCEK,de965e39-5aa9-f111-b374-3833c5fb3aa8,0,0,FALSE,FALSE,2,24.35,1,0,0,FALSE,2,TRUE,1636,FALSE,0,0,0,48,1133.7
FALSE,0,7967-HYCDE,cd15563f-5aa9-f111-b374-3833c5fb3aa8,0,1,FALSE,FALSE,1,70.7,0,1,0,FALSE,2,TRUE,1963,FALSE,0,0,0,8,553.4
FALSE,0,4138-NAXED,2a16563f-5aa9-f111-b374-3833c5fb3aa8,0,1,FALSE,FALSE,1,81,1,0,0,FALSE,2,TRUE,2056,FALSE,0,0,0,51,4085.75
FALSE,1,4547-FZJWE,5c16563f-5aa9-f111-b374-3833c5fb3aa8,0,1,TRUE,TRUE,0,59.45,0,1,1,FALSE,3,TRUE,2106,FALSE,1,0,0,55,3157
FALSE,2,4139-DETXS,6716563f-5aa9-f111-b374-3833c5fb3aa8,1,0,TRUE,TRUE,0,64.45,0,0,1,FALSE,2,FALSE,2117,FALSE,1,1,1,72,4528
FALSE,2,5067-WJEUN,5517563f-5aa9-f111-b374-3833c5fb3aa8,0,1,TRUE,TRUE,0,54.2,0,0,1,TRUE,2,TRUE,2355,FALSE,0,0,0,67,3838.2
FALSE,0,6360-SVNWV,a617563f-5aa9-f111-b374-3833c5fb3aa8,0,0,FALSE,FALSE,1,73.55,0,1,1,TRUE,3,TRUE,2436,TRUE,0,0,0,31,2094.65
FALSE,1,4531-AUZNK,a018563f-5aa9-f111-b374-3833c5fb3aa8,0,0,TRUE,TRUE,1,95.15,1,1,1,TRUE,1,TRUE,2670,FALSE,0,1,1,51,5000.05
TRUE,0,7508-MYBOG,5919563f-5aa9-f111-b374-3833c5fb3aa8,0,1,FALSE,TRUE,1,86.1,1,1,0,TRUE,0,TRUE,2871,FALSE,0,1,0,14,1235.55
FALSE,1,6765-MBQNU,ca19563f-5aa9-f111-b374-3833c5fb3aa8,0,0,FALSE,TRUE,2,26,1,0,0,FALSE,1,TRUE,2984,FALSE,0,0,0,26,684.05
FALSE,1,8966-OIQHG,2e1a563f-5aa9-f111-b374-3833c5fb3aa8,4,0,TRUE,TRUE,2,20.75,2,4,4,FALSE,2,TRUE,84,FALSE,4,4,4,22,452.35
FALSE,0,6078-VESFR,0a1b563f-5aa9-f111-b374-3833c5fb3aa8,2,1,FALSE,TRUE,1,70.45,2,2,2,FALSE,2,TRUE,304,TRUE,2,2,3,13,849.1
FALSE,1,7856-GANIL,c21b563f-5aa9-f111-b374-3833c5fb3aa8,3,1,FALSE,TRUE,1,98.7,4,3,2,TRUE,2,TRUE,488,TRUE,2,3,2,45,4525.8
FALSE,2,6297-NOOPG,a01c563f-5aa9-f111-b374-3833c5fb3aa8,3,0,FALSE,TRUE,1,110.5,4,3,2,TRUE,0,TRUE,710,FALSE,3,3,2,70,7752.05
FALSE,1,3069-SSVSN,571e563f-5aa9-f111-b374-3833c5fb3aa8,2,0,FALSE,FALSE,0,25.85,3,2,2,FALSE,1,FALSE,1149,FALSE,2,2,3,1,25.85
TRUE,0,0702-PGIBZ,431f563f-5aa9-f111-b374-3833c5fb3aa8,2,1,TRUE,FALSE,1,101.7,4,3,2,TRUE,0,TRUE,1385,FALSE,3,3,3,4,364.55
FALSE,0,7672-VFMXZ,c120563f-5aa9-f111-b374-3833c5fb3aa8,2,1,FALSE,TRUE,0,55.7,2,2,3,FALSE,0,TRUE,1767,FALSE,2,2,2,57,3171.6
FALSE,2,6048-NJXHX,28905e39-5aa9-f111-b374-3833c5fb3aa8,0,1,FALSE,TRUE,2,19.75,0,0,0,TRUE,0,TRUE,434,FALSE,0,0,0,41,899.45
FALSE,1,3957-HHLMR,6c905e39-5aa9-f111-b374-3833c5fb3aa8,0,0,TRUE,TRUE,0,65.2,1,1,1,FALSE,2,TRUE,502,FALSE,1,0,0,70,4543.15
FALSE,2,2075-PUEPR,9e905e39-5aa9-f111-b374-3833c5fb3aa8,0,1,TRUE,TRUE,2,19.35,0,0,0,FALSE,2,TRUE,552,FALSE,0,0,0,55,1153.25
FALSE,0,5543-QDCRY,29935e39-5aa9-f111-b374-3833c5fb3aa8,0,1,FALSE,FALSE,0,56.4,0,1,0,TRUE,0,TRUE,906,FALSE,0,1,0,4,234.85
FALSE,2,4836-WNFNO,0b975e39-5aa9-f111-b374-3833c5fb3aa8,0,0,FALSE,TRUE,2,25,1,0,0,FALSE,3,TRUE,1681,FALSE,0,0,0,72,1849.2
FALSE,2,8540-ZQGEA,4e975e39-5aa9-f111-b374-3833c5fb3aa8,0,0,FALSE,TRUE,2,20.05,0,0,0,FALSE,3,TRUE,1748,FALSE,0,0,0,54,1102.4
FALSE,2,7579-KKLOE,2017563f-5aa9-f111-b374-3833c5fb3aa8,1,1,TRUE,TRUE,0,91.25,1,0,1,TRUE,1,TRUE,2302,FALSE,1,1,1,71,6589.6
FALSE,0,9121-PHQSR,4017563f-5aa9-f111-b374-3833c5fb3aa8,0,1,FALSE,TRUE,1,85.05,1,1,0,TRUE,3,TRUE,2334,TRUE,0,1,0,16,1391.15
FALSE,2,6650-BWFRT,6217563f-5aa9-f111-b374-3833c5fb3aa8,1,0,FALSE,TRUE,1,117.15,1,0,1,TRUE,3,TRUE,2368,FALSE,1,1,1,72,8529.5
FALSE,2,4361-FEBGN,3518563f-5aa9-f111-b374-3833c5fb3aa8,0,1,FALSE,FALSE,2,20.15,0,0,0,FALSE,3,TRUE,2579,FALSE,0,0,0,48,982.95
FALSE,0,2262-SLNVK,4a18563f-5aa9-f111-b374-3833c5fb3aa8,0,0,FALSE,FALSE,1,70.1,0,1,0,FALSE,0,TRUE,2600,FALSE,0,0,0,1,70.1
TRUE,0,4323-SADQS,5218563f-5aa9-f111-b374-3833c5fb3aa8,0,1,TRUE,TRUE,0,34.5,0,1,1,TRUE,0,FALSE,2608,FALSE,0,0,1,7,279.25
TRUE,0,7409-KIUTL,6a19563f-5aa9-f111-b374-3833c5fb3aa8,0,0,TRUE,FALSE,1,71,0,1,0,TRUE,0,TRUE,2888,TRUE,0,0,0,1,71
TRUE,0,0611-DFXKO,7d19563f-5aa9-f111-b374-3833c5fb3aa8,0,1,FALSE,TRUE,1,89,0,1,0,TRUE,1,TRUE,2907,FALSE,1,1,0,20,1820.45
FALSE,0,5542-TBBWB,9119563f-5aa9-f111-b374-3833c5fb3aa8,0,1,FALSE,FALSE,1,69.9,0,1,0,TRUE,0,TRUE,2927,FALSE,0,0,0,1,69.9
FALSE,0,3987-KQDDU,a319563f-5aa9-f111-b374-3833c5fb3aa8,0,1,FALSE,FALSE,1,75.6,0,1,1,FALSE,0,TRUE,2945,FALSE,0,0,0,9,661.55
FALSE,2,7191-ADRGF,1c1a563f-5aa9-f111-b374-3833c5fb3aa8,3,1,FALSE,TRUE,0,54.3,3,3,2,FALSE,2,FALSE,66,FALSE,3,3,3,44,2390.45
TRUE,1,3034-ZBEQN,b21a563f-5aa9-f111-b374-3833c5fb3aa8,3,0,FALSE,TRUE,0,34.7,3,3,2,FALSE,1,FALSE,216,FALSE,2,2,3,48,1604.5
TRUE,0,3521-SYVOR,301b563f-5aa9-f111-b374-3833c5fb3aa8,2,0,FALSE,FALSE,0,64.75,2,2,2,TRUE,0,TRUE,342,FALSE,3,3,3,37,2345.2
FALSE,2,1221-GHZEP,a71b563f-5aa9-f111-b374-3833c5fb3aa8,2,0,FALSE,FALSE,0,65.1,2,2,3,TRUE,1,TRUE,461,FALSE,3,2,2,62,3846.75
FALSE,0,3002-WQZWT,b11b563f-5aa9-f111-b374-3833c5fb3aa8,2,0,FALSE,FALSE,1,74.2,4,2,2,TRUE,0,TRUE,471,FALSE,2,2,3,29,1993.25
TRUE,0,9090-SGQXL,e21d563f-5aa9-f111-b374-3833c5fb3aa8,3,1,FALSE,TRUE,1,105.3,4,3,2,TRUE,0,TRUE,1032,TRUE,3,3,3,68,7299.65
FALSE,0,6218-KNUBD,3a1e563f-5aa9-f111-b374-3833c5fb3aa8,2,1,FALSE,FALSE,0,59.45,2,3,2,FALSE,0,TRUE,1120,FALSE,2,3,3,6,357.6
TRUE,0,6207-WIOLX,e98d5e39-5aa9-f111-b374-3833c5fb3aa8,1,0,TRUE,TRUE,0,58.6,0,0,1,TRUE,3,FALSE,131,FALSE,1,1,0,25,1502.65
FALSE,2,7554-NEWDD,598e5e39-5aa9-f111-b374-3833c5fb3aa8,0,1,FALSE,FALSE,2,25.7,1,0,0,FALSE,2,TRUE,159,FALSE,0,0,0,10,251.6
TRUE,0,9057-MSWCO,5c8e5e39-5aa9-f111-b374-3833c5fb3aa8,0,1,FALSE,TRUE,0,30.75,0,1,1,FALSE,3,FALSE,358,TRUE,0,0,0,27,805.1
FALSE,2,9178-JHUVJ,e98e5e39-5aa9-f111-b374-3833c5fb3aa8,0,1,TRUE,TRUE,2,24.1,1,0,0,TRUE,2,TRUE,196,FALSE,0,0,0,24,587.4
TRUE,1,8205-OTCHB,65905e39-5aa9-f111-b374-3833c5fb3aa8,1,1,FALSE,FALSE,0,43.75,0,0,0,TRUE,2,FALSE,495,FALSE,1,0,0,22,903.6
FALSE,1,1297-VQDRP,8b905e39-5aa9-f111-b374-3833c5fb3aa8,1,1,TRUE,TRUE,1,107.15,1,1,0,TRUE,3,TRUE,533,TRUE,1,1,1,68,7379.8
FALSE,2,5158-RIVOP,9d955e39-5aa9-f111-b374-3833c5fb3aa8,0,0,TRUE,TRUE,2,20.9,0,0,0,FALSE,3,TRUE,1315,FALSE,0,0,0,11,202.3
FALSE,0,0114-RSRRW,a4955e39-5aa9-f111-b374-3833c5fb3aa8,0,0,FALSE,TRUE,2,19.95,0,0,0,TRUE,2,TRUE,1322,FALSE,0,0,0,10,187.75
FALSE,0,7130-YXBRO,c7955e39-5aa9-f111-b374-3833c5fb3aa8,1,1,FALSE,TRUE,1,111.45,1,0,1,TRUE,2,TRUE,1357,FALSE,1,1,0,48,5315.1
TRUE,0,0637-YLETY,90965e39-5aa9-f111-b374-3833c5fb3aa8,1,0,FALSE,FALSE,1,95.6,1,0,0,TRUE,3,TRUE,1558,FALSE,1,0,0,16,1555.65
FALSE,0,9504-DSHWM,d4965e39-5aa9-f111-b374-3833c5fb3aa8,0,1,FALSE,FALSE,0,59.2,1,1,1,FALSE,2,TRUE,1626,FALSE,0,0,1,20,1191.2
TRUE,0,9436-ZBZCT,51975e39-5aa9-f111-b374-3833c5fb3aa8,0,1,FALSE,FALSE,1,89.95,1,1,0,TRUE,0,TRUE,1751,FALSE,0,1,1,14,1178.4
FALSE,1,7228-PAQPD,3e16563f-5aa9-f111-b374-3833c5fb3aa8,0,0,FALSE,FALSE,0,59.1,0,1,0,FALSE,3,TRUE,2076,FALSE,1,0,1,14,772.85
FALSE,0,4706-DGAHW,1a17563f-5aa9-f111-b374-3833c5fb3aa8,0,1,FALSE,FALSE,0,45.2,0,1,0,FALSE,0,TRUE,2296,TRUE,0,0,0,1,45.2
FALSE,2,9802-CAQUT,ad17563f-5aa9-f111-b374-3833c5fb3aa8,1,0,TRUE,TRUE,1,109.55,1,0,1,FALSE,3,TRUE,2443,FALSE,1,1,0,72,7887.25
FALSE,2,0784-ZQJZX,fe17563f-5aa9-f111-b374-3833c5fb3aa8,0,1,TRUE,FALSE,2,19.9,0,0,0,FALSE,3,TRUE,2524,FALSE,0,0,0,72,1529.65
TRUE,0,3426-NIYYL,8118563f-5aa9-f111-b374-3833c5fb3aa8,0,1,FALSE,FALSE,0,51.55,1,1,0,FALSE,0,TRUE,2720,FALSE,0,0,0,15,765.5
FALSE,1,4636-TVXVG,8a18563f-5aa9-f111-b374-3833c5fb3aa8,0,1,TRUE,TRUE,2,19.95,0,0,0,FALSE,2,TRUE,2724,FALSE,0,0,0,62,1244.8
FALSE,0,5649-RXQTV,ae19563f-5aa9-f111-b374-3833c5fb3aa8,1,1,FALSE,FALSE,1,99,0,0,0,TRUE,0,TRUE,2956,FALSE,1,1,0,51,5038.15
TRUE,0,2309-OSFEU,d019563f-5aa9-f111-b374-3833c5fb3aa8,0,1,FALSE,FALSE,0,33.9,0,1,0,TRUE,1,FALSE,2990,FALSE,1,0,0,10,298.45
FALSE,2,3262-EIDHV,121a563f-5aa9-f111-b374-3833c5fb3aa8,3,0,TRUE,TRUE,0,84.7,4,2,3,FALSE,3,TRUE,56,FALSE,3,3,2,72,5893.9
FALSE,2,8314-HTWVE,271a563f-5aa9-f111-b374-3833c5fb3aa8,4,0,TRUE,TRUE,2,19.85,2,4,4,FALSE,1,TRUE,77,FALSE,4,4,4,7,144.15
FALSE,1,6266-QHOJZ,381a563f-5aa9-f111-b374-3833c5fb3aa8,2,0,FALSE,FALSE,1,89.85,4,3,3,TRUE,0,TRUE,94,FALSE,2,2,2,65,5844.65
FALSE,0,6490-FGZAT,591c563f-5aa9-f111-b374-3833c5fb3aa8,4,1,FALSE,FALSE,2,20.65,2,4,4,FALSE,1,TRUE,639,FALSE,4,4,4,6,109.3
FALSE,2,0402-OAMEN,161d563f-5aa9-f111-b374-3833c5fb3aa8,4,0,TRUE,TRUE,2,24.45,4,4,4,FALSE,2,TRUE,828,FALSE,4,4,4,72,1709.1
FALSE,0,6907-CQGPN,aa1d563f-5aa9-f111-b374-3833c5fb3aa8,2,1,FALSE,FALSE,0,34.3,3,3,2,FALSE,0,FALSE,976,FALSE,2,2,2,29,1004.75
TRUE,0,6646-VRFOL,cb1d563f-5aa9-f111-b374-3833c5fb3aa8,3,1,FALSE,TRUE,1,103.85,4,3,2,TRUE,0,TRUE,1009,TRUE,3,3,3,53,5485.5
FALSE,0,0356-ERHVT,fc1d563f-5aa9-f111-b374-3833c5fb3aa8,2,1,FALSE,TRUE,0,45.9,2,2,2,TRUE,2,TRUE,1058,FALSE,2,2,3,11,521.9
FALSE,0,6035-BXTTY,138e5e39-5aa9-f111-b374-3833c5fb3aa8,0,0,FALSE,FALSE,0,54.65,0,0,0,FALSE,2,TRUE,340,TRUE,0,0,1,32,1830.1
FALSE,2,2954-PIBKO,d38f5e39-5aa9-f111-b374-3833c5fb3aa8,1,0,TRUE,TRUE,0,64.15,1,1,1,TRUE,3,TRUE,49,FALSE,0,0,1,69,4254.1
TRUE,0,1009-IRMNA,e6905e39-5aa9-f111-b374-3833c5fb3aa8,0,0,FALSE,FALSE,2,20,0,0,0,FALSE,2,TRUE,624,FALSE,0,0,0,7,137.6
FALSE,0,7047-YXDMZ,de925e39-5aa9-f111-b374-3833c5fb3aa8,0,1,FALSE,FALSE,2,20,0,0,0,FALSE,1,TRUE,1004,FALSE,0,0,0,21,417.7
TRUE,0,0031-PVLZI,a6955e39-5aa9-f111-b374-3833c5fb3aa8,0,0,TRUE,TRUE,2,20.35,0,0,0,FALSE,1,TRUE,1324,FALSE,0,0,0,4,76.35
FALSE,0,5846-QFDFI,ca15563f-5aa9-f111-b374-3833c5fb3aa8,1,0,TRUE,TRUE,1,88.6,1,0,0,FALSE,3,TRUE,1960,FALSE,0,0,1,33,2888.7
FALSE,0,9776-OJUZI,3317563f-5aa9-f111-b374-3833c5fb3aa8,1,0,FALSE,FALSE,1,95.45,1,0,0,TRUE,2,TRUE,2321,TRUE,0,1,0,65,6223.3
TRUE,0,9221-OTIVJ,b217563f-5aa9-f111-b374-3833c5fb3aa8,1,0,FALSE,FALSE,1,104.85,1,0,0,TRUE,0,TRUE,2448,TRUE,1,1,0,14,1531.4
FALSE,0,6351-SCJKT,c618563f-5aa9-f111-b374-3833c5fb3aa8,1,1,FALSE,FALSE,0,41.35,0,1,1,FALSE,1,FALSE,2754,FALSE,0,0,1,3,107.25
FALSE,1,0197-PNKNK,cc18563f-5aa9-f111-b374-3833c5fb3aa8,1,0,TRUE,TRUE,1,84.45,1,1,1,FALSE,2,TRUE,2757,FALSE,0,0,0,69,5848.6
TRUE,0,2408-WITXK,d418563f-5aa9-f111-b374-3833c5fb3aa8,0,0,FALSE,FALSE,0,34.7,0,1,0,TRUE,0,FALSE,2761,TRUE,1,0,0,10,329.8
FALSE,0,2207-QPJED,d119563f-5aa9-f111-b374-3833c5fb3aa8,1,0,FALSE,TRUE,1,90,0,1,0,FALSE,0,TRUE,2991,TRUE,0,1,1,37,3371.75
FALSE,1,2073-QBVBI,eb19563f-5aa9-f111-b374-3833c5fb3aa8,2,0,FALSE,TRUE,0,35.45,3,3,2,FALSE,1,FALSE,17,FALSE,2,2,2,41,1391.65
TRUE,0,7845-URHJN,b11a563f-5aa9-f111-b374-3833c5fb3aa8,4,0,FALSE,TRUE,2,20.15,2,4,4,FALSE,2,TRUE,215,FALSE,4,4,4,8,156.25
FALSE,0,0292-WEGCH,6d1b563f-5aa9-f111-b374-3833c5fb3aa8,3,0,TRUE,TRUE,0,86.2,4,3,2,TRUE,0,TRUE,403,FALSE,3,3,2,54,4524.05
FALSE,2,7929-SKFGK,7e1b563f-5aa9-f111-b374-3833c5fb3aa8,3,1,FALSE,TRUE,1,114.3,4,3,3,FALSE,3,TRUE,420,FALSE,3,3,2,70,8244.3
FALSE,0,6847-KJLTS,3d1c563f-5aa9-f111-b374-3833c5fb3aa8,2,0,FALSE,TRUE,1,100.4,4,2,2,TRUE,2,TRUE,611,TRUE,3,3,2,58,5749.8
FALSE,1,3585-YNADK,b31d563f-5aa9-f111-b374-3833c5fb3aa8,3,0,FALSE,TRUE,0,74.6,4,3,2,FALSE,2,TRUE,985,FALSE,2,3,2,57,4368.95
FALSE,0,6286-SUUWT,2d1e563f-5aa9-f111-b374-3833c5fb3aa8,4,1,FALSE,FALSE,2,19.95,2,4,4,FALSE,1,TRUE,1107,FALSE,4,4,4,1,19.95
FALSE,2,0458-HEUZG,c61e563f-5aa9-f111-b374-3833c5fb3aa8,3,0,FALSE,FALSE,0,35.4,3,2,2,FALSE,1,FALSE,1260,FALSE,2,2,2,13,450.4
TRUE,0,6956-SMUCM,dd1e563f-5aa9-f111-b374-3833c5fb3aa8,3,0,FALSE,FALSE,1,99,2,2,3,TRUE,3,TRUE,1283,FALSE,3,3,3,3,287.4
FALSE,0,3256-EZDBI,8d1f563f-5aa9-f111-b374-3833c5fb3aa8,2,1,FALSE,TRUE,0,29.45,3,3,2,TRUE,3,FALSE,1459,TRUE,2,2,3,51,1459.35
TRUE,0,5564-NEMQO,4b8f5e39-5aa9-f111-b374-3833c5fb3aa8,1,0,FALSE,FALSE,1,75.3,0,1,0,TRUE,2,TRUE,419,TRUE,0,0,0,1,75.3
FALSE,0,3071-VBYPO,15905e39-5aa9-f111-b374-3833c5fb3aa8,0,1,TRUE,TRUE,1,89.85,0,0,1,FALSE,0,TRUE,115,FALSE,0,1,0,3,248.4
FALSE,2,8208-EUMTE,ca905e39-5aa9-f111-b374-3833c5fb3aa8,1,1,FALSE,FALSE,0,54.85,0,0,1,FALSE,1,FALSE,596,FALSE,0,1,1,16,916.15
FALSE,2,1937-OTUKY,03935e39-5aa9-f111-b374-3833c5fb3aa8,1,0,FALSE,TRUE,1,98.2,1,1,1,TRUE,2,TRUE,870,FALSE,0,1,1,72,7015.9
FALSE,1,3199-NPKCN,11935e39-5aa9-f111-b374-3833c5fb3aa8,1,0,FALSE,TRUE,1,111.25,1,1,1,TRUE,0,TRUE,883,FALSE,1,1,1,67,7511.65
FALSE,1,9330-DHBFL,6e935e39-5aa9-f111-b374-3833c5fb3aa8,1,0,TRUE,TRUE,0,66.25,0,0,1,TRUE,1,TRUE,1127,FALSE,0,0,1,23,1533.8
TRUE,0,1579-KLYDT,ec935e39-5aa9-f111-b374-3833c5fb3aa8,1,1,FALSE,FALSE,1,90.45,1,1,0,TRUE,0,TRUE,1192,FALSE,0,1,0,7,593.45
TRUE,0,3186-BAXNB,8e965e39-5aa9-f111-b374-3833c5fb3aa8,0,0,FALSE,FALSE,1,91.7,0,0,0,FALSE,0,TRUE,1556,FALSE,0,1,1,1,91.7
FALSE,2,3070-FNFZQ,9c965e39-5aa9-f111-b374-3833c5fb3aa8,0,0,TRUE,TRUE,2,20.4,0,0,0,FALSE,2,TRUE,1570,FALSE,0,0,0,23,478.75
FALSE,2,7552-KEYGT,b8965e39-5aa9-f111-b374-3833c5fb3aa8,0,1,FALSE,TRUE,2,19.55,0,0,0,FALSE,2,TRUE,1598,FALSE,0,0,0,27,520.55
FALSE,2,7010-BRBUU,c7975e39-5aa9-f111-b374-3833c5fb3aa8,0,1,TRUE,TRUE,2,24.1,1,0,0,FALSE,3,TRUE,1869,FALSE,0,0,0,72,1734.65
FALSE,0,1492-QGCLU,fd15563f-5aa9-f111-b374-3833c5fb3aa8,1,1,TRUE,TRUE,0,85.7,1,1,1,FALSE,0,TRUE,2011,FALSE,1,1,1,53,4616.1
TRUE,0,0761-AETCS,5216563f-5aa9-f111-b374-3833c5fb3aa8,0,0,FALSE,FALSE,2,19.3,0,0,0,FALSE,0,TRUE,2096,FALSE,0,0,0,1,19.3
FALSE,0,9554-DFKIC,ea16563f-5aa9-f111-b374-3833c5fb3aa8,0,1,TRUE,TRUE,0,54.45,1,1,1,TRUE,2,TRUE,2248,FALSE,0,0,0,30,1588.7
FALSE,1,8982-NHAVY,9217563f-5aa9-f111-b374-3833c5fb3aa8,1,1,FALSE,FALSE,1,100.5,1,1,0,TRUE,2,TRUE,2416,FALSE,1,1,0,27,2673.45
FALSE,0,4236-UJPWO,8c18563f-5aa9-f111-b374-3833c5fb3aa8,0,0,FALSE,FALSE,0,24.5,0,1,0,FALSE,0,FALSE,2725,FALSE,0,0,0,2,46.4
FALSE,0,4191-XOVOM,a218563f-5aa9-f111-b374-3833c5fb3aa8,0,1,FALSE,FALSE,1,105.4,1,0,0,FALSE,0,TRUE,2671,FALSE,1,1,1,63,6713.2
TRUE,0,2379-ENZGV,671b563f-5aa9-f111-b374-3833c5fb3aa8,2,1,FALSE,FALSE,1,84.85,2,3,2,TRUE,0,TRUE,397,FALSE,2,3,3,6,523.5
FALSE,1,3733-UOCWF,761b563f-5aa9-f111-b374-3833c5fb3aa8,2,1,FALSE,TRUE,1,85.55,4,3,2,TRUE,2,TRUE,412,TRUE,2,2,2,61,5251.75
FALSE,0,4998-IKFSE,831b563f-5aa9-f111-b374-3833c5fb3aa8,3,0,FALSE,FALSE,1,100.45,4,2,2,FALSE,0,TRUE,425,FALSE,3,3,3,30,3096.9
TRUE,0,5536-SLHPM,bd1b563f-5aa9-f111-b374-3833c5fb3aa8,3,0,FALSE,TRUE,1,77.75,4,2,2,TRUE,0,TRUE,483,FALSE,2,2,3,55,4458.15
TRUE,0,8066-POXGX,f91c563f-5aa9-f111-b374-3833c5fb3aa8,2,0,FALSE,FALSE,0,35.1,3,2,2,TRUE,0,FALSE,799,FALSE,3,2,3,13,446.1
FALSE,0,9584-EXCDZ,381d563f-5aa9-f111-b374-3833c5fb3aa8,2,0,FALSE,FALSE,1,70.5,2,2,2,FALSE,2,TRUE,862,FALSE,2,2,3,17,1165.6
FALSE,2,6080-LNESI,791d563f-5aa9-f111-b374-3833c5fb3aa8,4,1,FALSE,FALSE,2,24.75,4,4,4,FALSE,1,TRUE,927,FALSE,4,4,4,51,1234.6
FALSE,2,2925-VDZHY,781e563f-5aa9-f111-b374-3833c5fb3aa8,3,1,TRUE,TRUE,0,88.7,4,3,3,FALSE,3,TRUE,1182,FALSE,3,3,2,72,6501.35
FALSE,1,0042-JVWOJ,9f1e563f-5aa9-f111-b374-3833c5fb3aa8,4,1,FALSE,FALSE,2,19.6,2,4,4,TRUE,2,TRUE,1221,FALSE,4,4,4,26,471.85
FALSE,2,7921-BEPCI,521f563f-5aa9-f111-b374-3833c5fb3aa8,2,0,FALSE,FALSE,0,59.75,4,3,3,FALSE,2,TRUE,1400,FALSE,2,2,3,72,4265
TRUE,0,7739-LAXOG,5f1f563f-5aa9-f111-b374-3833c5fb3aa8,3,0,TRUE,TRUE,1,91.05,4,2,2,TRUE,2,TRUE,1413,FALSE,3,2,3,32,2954.5
FALSE,0,6103-QCKFX,b81f563f-5aa9-f111-b374-3833c5fb3aa8,2,0,TRUE,TRUE,0,56.25,2,2,3,FALSE,2,TRUE,1502,FALSE,2,2,2,44,2419.55
FALSE,2,3795-CAWEX,f81f563f-5aa9-f111-b374-3833c5fb3aa8,3,1,TRUE,TRUE,1,116.55,4,3,3,TRUE,3,TRUE,1566,FALSE,3,3,2,70,8152.3
FALSE,0,2740-JFBOK,a920563f-5aa9-f111-b374-3833c5fb3aa8,4,1,FALSE,FALSE,2,24,4,4,4,TRUE,0,TRUE,1743,FALSE,4,4,4,10,226.55
TRUE,0,8976-OQHGT,ac20563f-5aa9-f111-b374-3833c5fb3aa8,2,0,TRUE,TRUE,0,56.5,2,3,2,FALSE,1,TRUE,1746,FALSE,2,2,2,4,235.1
FALSE,0,6300-BWMJX,d210fb45-5aa9-f111-b374-3833c5fb3aa8,3,0,FALSE,TRUE,1,93.35,4,2,2,FALSE,0,TRUE,1820,FALSE,2,3,2,59,5386.5
FALSE,0,9700-ZCLOT,f410fb45-5aa9-f111-b374-3833c5fb3aa8,4,1,FALSE,FALSE,2,20,2,4,4,FALSE,1,TRUE,1854,FALSE,4,4,4,2,32.7
